ListPosition,DocMgmtId,URL,HTTP,Result,SavedFile,OriginalName,DocDate,Bytes,SHA256,Error
1,-6937581027589815058,https://mienviro.michigan.gov/ncore/downloadpdf/-6937581027589815058,200,VERIFIED_IDENTICAL,0001_2010-07-28_2010_0728_Cadillac WWTP_DMR QA-30.pdf,2010_0728_Cadillac WWTP_DMR QA-30.pdf,2010-07-28,1646356,e12b255837e5fe15b324b119531b533b5a4b070d98e6c995d96bdb6f92d0a704,
2,-2564720546653195197,https://mienviro.michigan.gov/ncore/downloadpdf/-2564720546653195197,200,VERIFIED_IDENTICAL,0002_2010-09-30_Sampling Field Sheet.pdf,Sampling Field Sheet.doc,2010-09-30,109850,e3f7d70c909b7ca332015d929a5117d78d6ce87436ee2d8a1ffa6fb58e83ae77,
3,5999969830429433107,https://mienviro.michigan.gov/ncore/downloadpdf/5999969830429433107,200,VERIFIED_IDENTICAL,0003_2011-02-04_Cadillac WWTP BOD (1).pdf,Cadillac WWTP BOD (1).xls,2011-02-04,15951,d9ecb425510f04de6ebf07223eeec592a668cdaf4b3e6df04c1e012c8d772c2a,
4,6336071071605205117,https://mienviro.michigan.gov/ncore/downloadpdf/6336071071605205117,200,VERIFIED_IDENTICAL,0004_2011-02-04_Cadillac WWTP BOD (2).pdf,Cadillac WWTP BOD (2).pdf,2011-02-04,1451722,4ada18560a14d6107b8a0882a2498eb91e135ae58a8b90b332e1c7689f108951,
5,4014902657079641517,https://mienviro.michigan.gov/ncore/downloadpdf/4014902657079641517,200,VERIFIED_IDENTICAL,0005_2011-02-04_Cadillac WWTP BOD.pdf,Cadillac WWTP BOD.pdf,2011-02-04,8441,23d3fb7e6af79a17ba6d4bd51bd5f0650b973e387f2ed1f845a813fdcf1d64b6,
6,-438405291240013169,https://mienviro.michigan.gov/ncore/downloadpdf/-438405291240013169,200,VERIFIED_IDENTICAL,0006_2011-02-15_CadillacWWTP lab.pdf,CadillacWWTP lab.PDF,2011-02-15,81211,8842b563d6b3b62cf5bbce8eebfe0f0248857a5ce02ac4c8a2d6f38b6f6381de,
7,-6709596324584446127,https://mienviro.michigan.gov/ncore/downloadpdf/-6709596324584446127,200,VERIFIED_IDENTICAL,0007_2011-02-15_DEQ-Laboratory Report-CDWWTP.pdf,DEQ-Laboratory Report-CDWWTP.txt,2011-02-15,14707,722e1d06bc13463abd8ab2294d302df8b64ad6d91c0269d5eccacefb6a907a86,
8,8226216266026071417,https://mienviro.michigan.gov/ncore/downloadpdf/8226216266026071417,200,VERIFIED_IDENTICAL,0008_2011-03-09_Cadillac WWTP 0111.pdf,Cadillac WWTP 0111.xls,2011-03-09,101025,ec89fa125ec115fc6c834eb87f47a05c423d39e367fba01d1f20afb49bc2e04e,
9,1255616733456315107,https://mienviro.michigan.gov/ncore/downloadpdf/1255616733456315107,200,VERIFIED_IDENTICAL,0009_2011-03-09_Follow-up Letter.pdf,Follow-up Letter.doc,2011-03-09,77915,f5d7b0e4f91422e8410eb399a462f950949c6be37a5527f5eea322c60c12f2f6,
10,6066649281144654349,https://mienviro.michigan.gov/ncore/downloadpdf/6066649281144654349,200,VERIFIED_IDENTICAL,0010_2011-04-29_CA Cadillac WWTP IPP Annual Report 2010.pdf,CA Cadillac WWTP IPP Annual Report 2010.pdf,2011-04-29,2711745,17b0693232f3a7a14cafbb4a97819d119143fc4ca58436c89824a1a01b6b04e1,
11,9070706673294423682,https://mienviro.michigan.gov/ncore/downloadpdf/9070706673294423682,200,VERIFIED_IDENTICAL,0011_2011-08-05_2011_0805_Cadillac WWTP_DMR QA-31.pdf,2011_0805_Cadillac WWTP_DMR QA-31.pdf,2011-08-05,1093260,a5901abb04e2a765f74e83ec7ea53c7a3b391a8bf1dc0556da3f9c3f40039a60,
12,-8849600511584876014,https://mienviro.michigan.gov/ncore/downloadpdf/-8849600511584876014,200,VERIFIED_IDENTICAL,0012_2012-01-18_Cadillac WWTP Must Apply Letter.pdf,Cadillac WWTP Must Apply Letter.pdf,2012-01-18,69853,7569ec8ae87d50dee24699d9db6e62e4d8d2d21a9a58a5fe4e492aeeb098ec30,
13,-7021570928602701902,https://mienviro.michigan.gov/ncore/downloadpdf/-7021570928602701902,200,VERIFIED_IDENTICAL,0013_2012-03-26_Cadillac WWTP Application.pdf,Cadillac WWTP Application.pdf,2012-03-26,1139694,28cb3d356292e14a94408479230900bab0e3cf46d529981b22f1b64a1f0b46d4,
14,-6207937354821693834,https://mienviro.michigan.gov/ncore/downloadpdf/-6207937354821693834,200,VERIFIED_IDENTICAL,0014_2012-03-26_Cadillac WWTP Fish Toxicity Tests.pdf,Cadillac WWTP Fish Toxicity Tests.pdf,2012-03-26,985996,2a5e3726b488037723dcddc41c4a97d7e706fef604053ede27f5d82c976868c0,
15,-2618602197135988934,https://mienviro.michigan.gov/ncore/downloadpdf/-2618602197135988934,200,VERIFIED_IDENTICAL,0015_2012-03-26_Cadillac WWTP Maps and Flow.pdf,Cadillac WWTP Maps and Flow.pdf,2012-03-26,846280,54ae24b7e6c0f7e5b4f317b358ef487df1801b2930dd300c85a09af28d904651,
16,-4772999631657362957,https://mienviro.michigan.gov/ncore/downloadpdf/-4772999631657362957,200,VERIFIED_IDENTICAL,0016_2012-03-26_Cadillac WWTP Mercury Tests.pdf,Cadillac WWTP Mercury Tests.pdf,2012-03-26,706291,4f2b2efb5ea09f54a548131d0415de1f6f208284ef9582708e480342b5011977,
17,2606761043345214758,https://mienviro.michigan.gov/ncore/downloadpdf/2606761043345214758,200,VERIFIED_IDENTICAL,0017_2012-03-26_Cadillac WWTP SIU Information.pdf,Cadillac WWTP SIU Information.pdf,2012-03-26,498131,4e9a0cdf01891e70d6ba197d3ed3a96d1949ca777ff58e7a0cd26818ff307846,
18,-605910068122278034,https://mienviro.michigan.gov/ncore/downloadpdf/-605910068122278034,200,VERIFIED_IDENTICAL,0018_2012-03-26_Cadillac WWTP Septage Information.pdf,Cadillac WWTP Septage Information.pdf,2012-03-26,948370,760656b79f1f4e150bc02ea7de18ba062ed4898461513cea98d059031b163b51,
19,4716295422139915510,https://mienviro.michigan.gov/ncore/downloadpdf/4716295422139915510,200,VERIFIED_IDENTICAL,0019_2012-03-26_Cadillac WWTP Test Results.pdf,Cadillac WWTP Test Results.pdf,2012-03-26,1908321,09e84279f368e33f840ccaa0aa476a90c42018fea996d0ce31054200c62ee9cb,
20,2907549657209812738,https://mienviro.michigan.gov/ncore/downloadpdf/2907549657209812738,200,VERIFIED_IDENTICAL,0020_2012-04-11_Cadillac WWTP NEC.pdf,Cadillac WWTP NEC.pdf,2012-04-11,144025,f91bc1d16ef317f63e4cc5171be940e63db4995da8ea56d1e7fd4c401a5a76a2,
21,-2140745704635662606,https://mienviro.michigan.gov/ncore/downloadpdf/-2140745704635662606,200,VERIFIED_IDENTICAL,0021_2012-08-17_2012_0817_Cadillac WWTP_DMR QA-32.pdf,2012_0817_Cadillac WWTP_DMR QA-32.pdf,2012-08-17,486036,080148d335509f04f7c17d3b300bde65d3337e936b63b3783ca47a2d3c4e5b16,
22,-2587941060086653778,https://mienviro.michigan.gov/ncore/downloadpdf/-2587941060086653778,200,VERIFIED_IDENTICAL,0022_2012-11-09_WQBEL Memo - Conventionals.pdf,WQBEL Memo - Conventionals.doc,2012-11-09,57464,010e59bfec55326f2ba3a17123f954670730ab3332af3d09eee153951c6e5aa3,
23,-750857842152552655,https://mienviro.michigan.gov/ncore/downloadpdf/-750857842152552655,200,VERIFIED_IDENTICAL,0023_2013-03-09_Application Complete Checklist.pdf,Application Complete Checklist.doc,2013-03-09,94422,a8467842a68c4956397f1ee6a88e663a9cc0b83b25ccea27fe7d9dc3afb98153,
24,-8853155827505618463,https://mienviro.michigan.gov/ncore/downloadpdf/-8853155827505618463,200,VERIFIED_IDENTICAL,0024_2013-04-18_WQBEL Memo - Toxics.pdf,WQBEL Memo - Toxics.doc,2013-04-18,65700,2b0126ecff7a2c1c97c609baa1d7344905ae4ea6dd4b298a9b6c6f7d1e891ebd,
25,8407029926974047625,https://mienviro.michigan.gov/ncore/downloadpdf/8407029926974047625,200,VERIFIED_IDENTICAL,0025_2013-05-02_CadillacWWTP_FS.pdf,CadillacWWTP_FS.pdf,2013-05-02,150653,7621bc53d1a129b74d1df6e7fddcc25b56a11e9bf9c0f5683dd08aca00b5a4d3,
26,-4758370497540417923,https://mienviro.michigan.gov/ncore/downloadpdf/-4758370497540417923,200,VERIFIED_IDENTICAL,0026_2013-05-17_Application Compliance Comments.pdf,Application Compliance Comments.doc,2013-05-17,77701,3357401135d7a3f3fab54349edb6eef19edb0d36bd79a82d4d7fe344104f99d4,
27,8273775742265584790,https://mienviro.michigan.gov/ncore/downloadpdf/8273775742265584790,200,VERIFIED_IDENTICAL,0027_2013-05-20_Permit Template - Municipal.pdf,Permit Template - Municipal.doc,2013-05-20,312646,138b35bfde0e9834bb8bc720af2a53b3746ef4b7ec8a39e599c378b7589388ec,
28,103605179192073784,https://mienviro.michigan.gov/ncore/downloadpdf/103605179192073784,200,VERIFIED_IDENTICAL,0028_2013-05-21_Fact Sheet.pdf,Fact Sheet.doc,2013-05-21,148677,8c90a77c94c4c47d904a0a76068fce14f071a6f27aaf4abb38476e6742711607,
29,6383819432886238526,https://mienviro.michigan.gov/ncore/downloadpdf/6383819432886238526,200,VERIFIED_IDENTICAL,0029_2013-05-22_Basis for Decision Memo.pdf,Basis for Decision Memo.doc,2013-05-22,93942,7c5d554fdfd836f1292052c6fbabeb370fbc4a1df7dcba6230e680eb56f949eb,
30,4068333476844843234,https://mienviro.michigan.gov/ncore/downloadpdf/4068333476844843234,200,VERIFIED_IDENTICAL,0030_2013-05-23_Issued Letter - Individual Permit.pdf,Issued Letter - Individual Permit.doc,2013-05-23,78229,dcdd5cb57f01a3bfb522851fe07ad9b023d671ba4e56319a2b6af6b6c272156d,
31,-3570540961383078534,https://mienviro.michigan.gov/ncore/downloadpdf/-3570540961383078534,200,VERIFIED_IDENTICAL,0031_2013-05-23_Pre-Public Notice Letter.pdf,Pre-Public Notice Letter.doc,2013-05-23,44515,fb21b621420c347113c279bd2b783f080187ab43c4a97d3c4c91d3c139a1e0e2,
32,2042187794808505003,https://mienviro.michigan.gov/ncore/downloadpdf/2042187794808505003,200,VERIFIED_IDENTICAL,0032_2013-05-23_Public Notice Document.pdf,Public Notice Document.doc,2013-05-23,47965,9c5eca55f50298a7b279e45f5a62f69511ee247c2c6e18b3cf83b6fae08a2011,
33,7597357992452969174,https://mienviro.michigan.gov/ncore/downloadpdf/7597357992452969174,200,VERIFIED_IDENTICAL,0033_2013-06-07_Cadillac WWTP IPP 2011.pdf,Cadillac WWTP IPP 2011.pdf,2013-06-07,2936846,8191c7e18aac4f155de74b11e2233529db07192506e5b38ba238ae3e5a3a44fa,
34,691496640525586540,https://mienviro.michigan.gov/ncore/downloadpdf/691496640525586540,200,VERIFIED_IDENTICAL,0034_2013-07-17_Cadillac PPN Email.pdf,Cadillac PPN Email.pdf,2013-07-17,24670,fc4cdee2334ed73e36faf276f8e77870c2bda256e084183cfd41565d87f66524,
35,6433966495781532147,https://mienviro.michigan.gov/ncore/downloadpdf/6433966495781532147,200,VERIFIED_IDENTICAL,0035_2013-07-17_Cadillac WWTP Draft Permit.pdf,Cadillac WWTP Draft Permit.pdf,2013-07-17,146258,eab262c18ad36bc98ad62f04e72d8b6a8e03a071e1e389a0bd685616a406316b,
36,-7691202997137362379,https://mienviro.michigan.gov/ncore/downloadpdf/-7691202997137362379,200,VERIFIED_IDENTICAL,0036_2013-08-08_CadillacWWTP_ToxicsFactSheet.pdf,CadillacWWTP_ToxicsFactSheet.pdf,2013-08-08,155911,3be60aade3cc97cc96fd776c0ac50dda97783f9c6d4854e730af67e41f49a3af,
37,-5476792548719461782,https://mienviro.michigan.gov/ncore/downloadpdf/-5476792548719461782,200,VERIFIED_IDENTICAL,0037_2013-08-08_General Purpose Memo.pdf,General Purpose Memo.doc,2013-08-08,72345,1c00611c5984fbfb5b78f07a7d3ab543ddb9578503ea224b693a9e2c540501e1,
38,4611196213415728235,https://mienviro.michigan.gov/ncore/downloadpdf/4611196213415728235,200,VERIFIED_IDENTICAL,0038_2013-08-14_2013_0814_Cadillac WWTP_DMR QA-33.pdf,2013_0814_Cadillac WWTP_DMR QA-33.pdf,2013-08-14,1370064,0020874aad97bf0707f845b3fcbfff7ccdc5aa55971ad8bb5eeb3d624359666d,
39,-7391325481454595778,https://mienviro.michigan.gov/ncore/downloadpdf/-7391325481454595778,200,VERIFIED_IDENTICAL,0039_2013-08-16_Cadillac WWTP Basis for Decision Memo.pdf,Cadillac WWTP Basis for Decision Memo.pdf,2013-08-16,15001,945d8de957d5c696cec21537b88d9d4c2269e11dd4eee6484231f8ed073b68c0,
40,4017018463330352813,https://mienviro.michigan.gov/ncore/downloadpdf/4017018463330352813,200,VERIFIED_IDENTICAL,0040_2013-08-16_Cadillac WWTP PPN Comments.pdf,Cadillac WWTP PPN Comments.pdf,2013-08-16,48758,ce6a56a753b1a7f03d2fc5914a24e376780ab62b9c60315e096f3e348dc67a8d,
41,-8309188111481449431,https://mienviro.michigan.gov/ncore/downloadpdf/-8309188111481449431,200,VERIFIED_IDENTICAL,0041_2013-08-16_Cadillac WWTP PPN Email Exchange 2.pdf,Cadillac WWTP PPN Email Exchange 2.pdf,2013-08-16,54341,5a65001ec1b9f460e1faaeab5e28df4961b36b846d5a3336e33afe7cf9eae4c5,
42,-2888412398541189349,https://mienviro.michigan.gov/ncore/downloadpdf/-2888412398541189349,200,VERIFIED_IDENTICAL,0042_2013-08-16_Cadillac WWTP PPN Email Exchange.pdf,Cadillac WWTP PPN Email Exchange.pdf,2013-08-16,57477,4d33f697af5efbc94546c6d885deed1f76d072bcb733e19e6e6da547f7ae793b,
43,-3380254261609336174,https://mienviro.michigan.gov/ncore/downloadpdf/-3380254261609336174,200,VERIFIED_IDENTICAL,0043_2013-08-16_Cadillac WWTP Public Notice Draft Permit.pdf,Cadillac WWTP Public Notice Draft Permit.pdf,2013-08-16,146412,4fd7f7e6bc24156dcaac01539942d49b2b1743342f3eb417cfc48e34c619f81d,
44,7362722464259672092,https://mienviro.michigan.gov/ncore/downloadpdf/7362722464259672092,200,VERIFIED_IDENTICAL,0044_2013-08-16_Cadillac WWTP Public Notice Email.pdf,Cadillac WWTP Public Notice Email.pdf,2013-08-16,25090,24e90c7c60780a785afa4f10b17521e00f735a7c18c5a296ee05752424ab8b97,
45,-4130029830579911351,https://mienviro.michigan.gov/ncore/downloadpdf/-4130029830579911351,200,VERIFIED_IDENTICAL,0045_2013-08-16_Cadillac WWTP Response to Comments Email.pdf,Cadillac WWTP Response to Comments Email.pdf,2013-08-16,55354,0c57d1accdb1e78f9070fd5669877a56b80c467ebf8bc63c1d29c4ec6040e731,
46,3731373716033583448,https://mienviro.michigan.gov/ncore/downloadpdf/3731373716033583448,200,VERIFIED_IDENTICAL,0046_2013-08-16_Cadillac WWTP Response to Comments.pdf,Cadillac WWTP Response to Comments.pdf,2013-08-16,10485,794fa716ff9bc4e1e606417df33b733ae4410b42af19a2a79ca9fa90295abcd2,
47,7119989374435100322,https://mienviro.michigan.gov/ncore/downloadpdf/7119989374435100322,200,VERIFIED_IDENTICAL,0047_2013-08-16_MDEQ Draft NPDES Response from Cadillac.pdf,MDEQ Draft NPDES Response from Cadillac.pdf,2013-08-16,451397,9ae7e9ec146a7f9f79c585691b9b067f34a9eceb845c40f6696b6c51e0b4ceed,
48,1627519268423672263,https://mienviro.michigan.gov/ncore/downloadpdf/1627519268423672263,200,VERIFIED_IDENTICAL,0048_2013-08-16_Public Notice Letter.pdf,Public Notice Letter.doc,2013-08-16,49377,b5d3b14f1181aaa01203e90aeadc419676bbc33cb252fea7a8a52776ab83338a,
49,-6015990787720855289,https://mienviro.michigan.gov/ncore/downloadpdf/-6015990787720855289,200,VERIFIED_IDENTICAL,0049_2013-08-16_Public Notice Notification.pdf,Public Notice Notification.doc,2013-08-16,31009,aa589858856b1c543f0f84a48fa04789ff628f57bb165374d67efe4d28ee5294,
50,6362211730533153224,https://mienviro.michigan.gov/ncore/downloadpdf/6362211730533153224,200,VERIFIED_IDENTICAL,0050_2013-08-20_Cadillac WWTP PN Notification Email.pdf,Cadillac WWTP PN Notification Email.pdf,2013-08-20,24550,7d55a659a8dbf1e79f1785981971aeabcd2a3c02b15df4d77fdb1247cfb7db13,
51,357104448692010328,https://mienviro.michigan.gov/ncore/downloadpdf/357104448692010328,200,VERIFIED_IDENTICAL,0051_2013-09-04_AvailCyanide Recs.pdf,AvailCyanide Recs.pdf,2013-09-04,608053,a81a3da922f6efc523ebc8a372ef5ff71693ba49b0d08feef612c8bab4715b69,
52,3428788513576669470,https://mienviro.michigan.gov/ncore/downloadpdf/3428788513576669470,200,VERIFIED_IDENTICAL,0052_2013-09-13_Pre-Inspection ReportLS.pdf,Pre-Inspection ReportLS.doc,2013-09-13,115896,72e0d17a78aecc8973b70cded4666fbb4c7ba1a4df1d7f56a72f1b9ece7b5b67,
53,8003362588879650113,https://mienviro.michigan.gov/ncore/downloadpdf/8003362588879650113,200,VERIFIED_IDENTICAL,0053_2013-09-25_QA QC Report - Individual Permit.pdf,QA QC Report - Individual Permit.doc,2013-09-25,106218,11a983d1f2ae7e7e8a4ae6955c466189010e2568ec762b14c5d226da57a20d7a,
54,-4137983880946955700,https://mienviro.michigan.gov/ncore/downloadpdf/-4137983880946955700,200,VERIFIED_IDENTICAL,0054_2013-11-13_Cadillac 9-19-13 Letter to Mike Bitondo.pdf,Cadillac 9-19-13 Letter to Mike Bitondo.pdf,2013-11-13,2328516,a3abad8f3e5e3c885b13706aef9dcff1df51130859f8531e9f0b068dbcd4d8ed,
55,330676165036433120,https://mienviro.michigan.gov/ncore/downloadpdf/330676165036433120,200,VERIFIED_IDENTICAL,0055_2013-11-13_Cadillac WWTP Cover Email 9-19-13.pdf,Cadillac WWTP Cover Email 9-19-13.pdf,2013-11-13,87011,dbdee820c38815948b61f0bb7cac413004fd3e697fe5df4773ffe06507d51d7f,
56,-6131834195465596614,https://mienviro.michigan.gov/ncore/downloadpdf/-6131834195465596614,200,VERIFIED_IDENTICAL,0056_2013-11-13_Cadillac WWTP Draft Permit 9-25-13.pdf,Cadillac WWTP Draft Permit 9-25-13.pdf,2013-11-13,147335,6a04b26f793ac6808f102d527f8635293fb5efbb108410adaa936ae8d20a4b2f,
57,-8365213610442199787,https://mienviro.michigan.gov/ncore/downloadpdf/-8365213610442199787,200,VERIFIED_IDENTICAL,0057_2013-11-13_Cadillac WWTP Email Exchange 9-3-13.pdf,Cadillac WWTP Email Exchange 9-3-13.pdf,2013-11-13,25019,80c6d43d0c24bc36d4803d280d938baeb8af71bcd3374b76dfe058fdbc23ff74,
58,423116088479995591,https://mienviro.michigan.gov/ncore/downloadpdf/423116088479995591,200,VERIFIED_IDENTICAL,0058_2013-11-13_Cadillac WWTP Email Response 9-25-13.pdf,Cadillac WWTP Email Response 9-25-13.pdf,2013-11-13,91446,88b2bdcfdf70ffcb6e17aefde364c9527c370b2ba3c309ddedf0fa51f18c17db,
59,-1880339282009717938,https://mienviro.michigan.gov/ncore/downloadpdf/-1880339282009717938,200,VERIFIED_IDENTICAL,0059_2013-11-13_Cadillac WWTP Emails about meeting 8-29-13.pdf,Cadillac WWTP Emails about meeting 8-29-13.pdf,2013-11-13,99949,09686947fac2b0f03c79d6da9e39617e631f32fff06cd6e091a381a6124999de,
60,8202189061190805836,https://mienviro.michigan.gov/ncore/downloadpdf/8202189061190805836,200,VERIFIED_IDENTICAL,0060_2013-11-19_Compliance Communication.pdf,Compliance Communication.doc,2013-11-19,90610,4d19cb29640edf81170d88d97038c0647a69711c39641c4947a3083f956c9357,
61,8183547368058181207,https://mienviro.michigan.gov/ncore/downloadpdf/8183547368058181207,200,VERIFIED_IDENTICAL,0061_2014-03-31_Cadillac PMP.pdf,Cadillac PMP.pdf,2014-03-31,1236286,6435087244ffdea17f2d47d1f75752c7d37f4e20d01b9d232ce7208e7aca3f15,
62,1301191744469019931,https://mienviro.michigan.gov/ncore/downloadpdf/1301191744469019931,200,VERIFIED_IDENTICAL,0062_2014-07-07_RMP Modification Request-July 2014.pdf,RMP Modification Request-July 2014.pdf,2014-07-07,4892693,6122ca0b2070135cea0f075ef0297ef9c01433c357c277654ede57e099fbcad0,
63,396256187984330582,https://mienviro.michigan.gov/ncore/downloadpdf/396256187984330582,200,VERIFIED_IDENTICAL,0063_2014-07-10_RMP Modification Approval Letter-2014.pdf,RMP Modification Approval Letter-2014.pdf,2014-07-10,1016936,58726d5ded983e4c121620db2bebe9dcd5e155f67f0c6ba44043052bce693bee,
64,8152724494912613868,https://mienviro.michigan.gov/ncore/downloadpdf/8152724494912613868,200,VERIFIED_IDENTICAL,0064_2014-08-04_Sampling Field Sheet.pdf,Sampling Field Sheet.doc,2014-08-04,110954,d305e2d7e23c928806b2d153e240f5f61c08c57552af22c918e4000468e4949b,
65,2417529640713035099,https://mienviro.michigan.gov/ncore/downloadpdf/2417529640713035099,200,VERIFIED_IDENTICAL,0065_2014-08-18_2014_0818_Cadillac WWTP_DMR QA-34.pdf,2014_0818_Cadillac WWTP_DMR QA-34.pdf,2014-08-18,1059234,32bc7f72220a9676e1cc2883346c6d97df624082d33fb1c61aae28f10feea949,
66,6169276037386673226,https://mienviro.michigan.gov/ncore/downloadpdf/6169276037386673226,200,VERIFIED_IDENTICAL,0066_2014-09-03_Cadillac surface application 2014-2.pdf,Cadillac surface application 2014-2.jpg,2014-09-03,122806,9b7cfa8b133477dab610c76374f6e2974d412d84e4b7178563e07cf223038a5f,
67,-5654449704836290694,https://mienviro.michigan.gov/ncore/downloadpdf/-5654449704836290694,200,VERIFIED_IDENTICAL,0067_2014-09-03_Cadillac surface application 2014.pdf,Cadillac surface application 2014.jpg,2014-09-03,157820,145ac35a8229515a373424b6c7c2e16ffdf4fa3c54a96a0ef6f143ad6daf0088,
68,6466431524347949415,https://mienviro.michigan.gov/ncore/downloadpdf/6466431524347949415,200,VERIFIED_IDENTICAL,0068_2014-10-09_DEQ Test Data Evaluation Form.pdf,DEQ Test Data Evaluation Form.doc,2014-10-09,63511,06d21f43811f1ad06a9c035d624d11241df66b1f0860683a638e0cbe77003290,
69,6087030119021648324,https://mienviro.michigan.gov/ncore/downloadpdf/6087030119021648324,200,VERIFIED_IDENTICAL,0069_2014-10-09_Pre-Inspection Report.pdf,Pre-Inspection Report.doc,2014-10-09,118617,dd5fb72d29bdd405b91cc9d69f4ecdbaedcb454afebd0968618bda7ba0078691,
70,3031965344754622253,https://mienviro.michigan.gov/ncore/downloadpdf/3031965344754622253,200,VERIFIED_IDENTICAL,0070_2014-10-17_Basis for Decision Memo-Classification.pdf,Basis for Decision Memo-Classification.doc,2014-10-17,50582,05fa7600f100f1ebc8ba8d8742f59e5886e73277e0ec05019d76460fb0b953c2,
71,-1554170949448187422,https://mienviro.michigan.gov/ncore/downloadpdf/-1554170949448187422,200,VERIFIED_IDENTICAL,0071_2014-10-20_Certified Operator Response Form.pdf,Certified Operator Response Form.doc,2014-10-20,29432,7bd6c500a9f12e34ba429591b8ee7bc9f9f2b00b8fe98170dffb8e6ec4543572,
72,-3847456507453624983,https://mienviro.michigan.gov/ncore/downloadpdf/-3847456507453624983,200,VERIFIED_IDENTICAL,0072_2014-10-21_56545 Analytical Methodology.pdf,56545 Analytical Methodology.pdf,2014-10-21,190712,b0ff04bc14fb4c620064177f7f0871943d40ff448a511d104bde18e3042dfa77,
73,-4977324678545524248,https://mienviro.michigan.gov/ncore/downloadpdf/-4977324678545524248,200,VERIFIED_IDENTICAL,0073_2014-10-21_56545 Facility Site Review.pdf,56545 Facility Site Review.pdf,2014-10-21,185816,2672bbee4cbfb8a2d963b9b3eae46c091d5401c6cd11dfe2d54cfb684b980f0f,
74,4833597761643264099,https://mienviro.michigan.gov/ncore/downloadpdf/4833597761643264099,200,VERIFIED_IDENTICAL,0074_2014-10-21_56545 Pre-Inspection Report.pdf,56545 Pre-Inspection Report.pdf,2014-10-21,406885,2afbbbc3680f99b401c8c6fba64379621dd73ac239d5fa6e97e8f2ff968a8040,
75,6099492185350595096,https://mienviro.michigan.gov/ncore/downloadpdf/6099492185350595096,200,VERIFIED_IDENTICAL,0075_2014-10-21_56545 Sampling Procedures.pdf,56545 Sampling Procedures.pdf,2014-10-21,234407,34b98dc0b45893e70b906d8f9a4e92a2a62986e832a2f5e78ce023044a441e1e,
76,5192314478678825187,https://mienviro.michigan.gov/ncore/downloadpdf/5192314478678825187,200,VERIFIED_IDENTICAL,0076_2014-10-21_56545 Self Monitoring Records.pdf,56545 Self Monitoring Records.pdf,2014-10-21,103887,1c869397a807b6b8c4eab97e5fb60c7b224d3d93c98741f93d43b988093ef04b,
77,-4079459079770278084,https://mienviro.michigan.gov/ncore/downloadpdf/-4079459079770278084,200,VERIFIED_IDENTICAL,0077_2014-10-21_Compliance Communication.pdf,Compliance Communication.doc,2014-10-21,98766,44b3fa661ed2f8d6ed09cea0c311229e4e0f44246cfa5b4c0cdffbc89225f9c7,
78,5870795035956810268,https://mienviro.michigan.gov/ncore/downloadpdf/5870795035956810268,200,VERIFIED_IDENTICAL,0078_2014-10-22_2014_1022_Cadillac WWTP_Classification Letter.pdf,2014_1022_Cadillac WWTP_Classification Letter.pdf,2014-10-22,71614,3bc83a28c95da419bee3f8e17ce2ed728b5d45c2668fd0bbc0ea713183e1efdf,
79,-4058762933703698175,https://mienviro.michigan.gov/ncore/downloadpdf/-4058762933703698175,200,VERIFIED_IDENTICAL,0079_2014-11-25_Cadillac WWTP1014.pdf,Cadillac WWTP1014.xls,2014-11-25,101160,a0308d8f248ba7986d4938166dcd211f024ab8a152333037b738b4c9b870fdac,
80,-1099212723337640688,https://mienviro.michigan.gov/ncore/downloadpdf/-1099212723337640688,200,VERIFIED_IDENTICAL,0080_2014-11-26_1410104_1 ENVReport 10 30 2014 1323.pdf,1410104_1 ENVReport 10 30 2014 1323.pdf,2014-11-26,189242,508ddabbce6b892e879112fe0dbf3a605af61e350a34558fee22015611c3a2b0,
81,-668421988306006771,https://mienviro.michigan.gov/ncore/downloadpdf/-668421988306006771,200,VERIFIED_IDENTICAL,0081_2014-11-26_201411251653.pdf,201411251653.pdf,2014-11-26,37781,0c0fab880fe894ddc809268bc089d771d3067a25aa5adf99bffc25611d773a38,
82,-56918685861159494,https://mienviro.michigan.gov/ncore/downloadpdf/-56918685861159494,200,VERIFIED_IDENTICAL,0082_2014-11-26_201411261120.pdf,201411261120.pdf,2014-11-26,128640,217108fe818abbcf5e2009eb0b685f502d6ac86f1d732eabec71a599b700bb13,
83,274553011904573053,https://mienviro.michigan.gov/ncore/downloadpdf/274553011904573053,200,VERIFIED_IDENTICAL,0083_2014-11-26_CBOD5 Results.pdf,CBOD5 Results.pdf,2014-11-26,574818,c392515e94d5358613f503d6269485417b2ef70e41347a11050af47c46143bc7,
84,44608516278427039,https://mienviro.michigan.gov/ncore/downloadpdf/44608516278427039,200,VERIFIED_IDENTICAL,0084_2014-11-26_Fecal Coliform Results.pdf,Fecal Coliform Results.pdf,2014-11-26,179485,9e936250b3a3ac31179f3b2e968046f20b977a60896f7b60e4a51c2559c372d1,
85,-3695442185476720674,https://mienviro.michigan.gov/ncore/downloadpdf/-3695442185476720674,200,VERIFIED_IDENTICAL,0085_2014-11-26_available cyanide.pdf,available cyanide.pdf,2014-11-26,444306,5452d69c73337492b1c1c27b32eb802767862b60323d56015be35aacaacf7b0c,
86,1797615431681061467,https://mienviro.michigan.gov/ncore/downloadpdf/1797615431681061467,200,VERIFIED_IDENTICAL,0086_2015-03-31_2015_0331_Cadillac WWTP_2014 MMP Yearly Status Report.pdf,2015_0331_Cadillac WWTP_2014 MMP Yearly Status Report.pdf,2015-03-31,866014,26e7c52a1e2103ff46f9ab49f013494123961fd27aaa5953eec30f844993573b,
87,-3430155575482837490,https://mienviro.michigan.gov/ncore/downloadpdf/-3430155575482837490,200,VERIFIED_IDENTICAL,0087_2015-05-13_Pre-Inspection Report.pdf,Pre-Inspection Report.doc,2015-05-13,119143,3da57e8018fbdeb2474b90c359352df532d2b0d46fbb00e591841182ae0b49e2,
88,-7233250038345395334,https://mienviro.michigan.gov/ncore/downloadpdf/-7233250038345395334,200,VERIFIED_IDENTICAL,0088_2015-06-15_IPP Profile.pdf,IPP Profile.pdf,2015-06-15,893152,3d6cd5e0a57bed064fbc15d56f0f82fe356b49671b70358a5222484ac0803013,
89,2395269267701377445,https://mienviro.michigan.gov/ncore/downloadpdf/2395269267701377445,200,VERIFIED_IDENTICAL,0089_2015-06-15_IU Form 1.pdf,IU Form 1.pdf,2015-06-15,454914,4ef1028850304c56dccfc0621482b4c0c62372f1e7dec26bdcd555fc21a7e027,
90,2151347118259606317,https://mienviro.michigan.gov/ncore/downloadpdf/2151347118259606317,200,VERIFIED_IDENTICAL,0090_2015-06-15_IU Form 2.pdf,IU Form 2.pdf,2015-06-15,1233526,9f84067f8dd2aa93d43e6e0c0777c3008e0d7df1cf37e8e0798c83c0d72e8612,
91,-3501506775905898877,https://mienviro.michigan.gov/ncore/downloadpdf/-3501506775905898877,200,VERIFIED_IDENTICAL,0091_2015-06-15_Interview Jill Notes.pdf,Interview Jill Notes.pdf,2015-06-15,1117808,05788837212e56136be5c723b97e92f59ee2494f034b363061655996c6260f5f,
92,-2886740339491395619,https://mienviro.michigan.gov/ncore/downloadpdf/-2886740339491395619,200,VERIFIED_IDENTICAL,0092_2015-06-15_Interview Julie Notes.pdf,Interview Julie Notes.pdf,2015-06-15,1123127,4158539aa92412ec1ebb75366253f80237c97c4dc63909aff32617f9ef0a242c,
93,-4772097310601120319,https://mienviro.michigan.gov/ncore/downloadpdf/-4772097310601120319,200,VERIFIED_IDENTICAL,0093_2015-06-25_Gen'l Inspection Transmittal.pdf,Gen'l Inspection Transmittal.doc,2015-06-25,111485,6d0dbb1031e5d274a235d843a934959702e3b844552a5338de7e6a1e5ab1a058,
94,-8459938767715139506,https://mienviro.michigan.gov/ncore/downloadpdf/-8459938767715139506,200,VERIFIED_IDENTICAL,0094_2015-07-08_Fact Sheet.pdf,Fact Sheet.doc,2015-07-08,149154,4208a010fbb2ba933452c3c5fbc3a3ca11777d2ce6c45c37bbc398bf81eaa93c,
95,1276091315669172082,https://mienviro.michigan.gov/ncore/downloadpdf/1276091315669172082,200,VERIFIED_IDENTICAL,0095_2015-08-05_2015_0805_Cadillac WWTP_DMR QA-35.pdf,2015_0805_Cadillac WWTP_DMR QA-35.pdf,2015-08-05,720193,8593a5392d3c9f2a635cd3afcd985fdc92e636ab718757f46e6cfa487921abed,
96,2280799879135776031,https://mienviro.michigan.gov/ncore/downloadpdf/2280799879135776031,200,VERIFIED_IDENTICAL,0096_2015-08-28_DMR Daily - MI0020257 _07_01_2015_to_07_31_2015_V1.pdf,DMR Daily - MI0020257 _07_01_2015_to_07_31_2015_V1.docx,2015-08-28,121874,b5b470e06797e906d3556fb5ebd5b0a18477d36d5307f840f05bf28a70d6034d,
97,-1721928645533378386,https://mienviro.michigan.gov/ncore/downloadpdf/-1721928645533378386,200,VERIFIED_IDENTICAL,0097_2015-08-28_DMR Summary - MI0020257 _07_01_2015_to_07_31_2015_V1.pdf,DMR Summary - MI0020257 _07_01_2015_to_07_31_2015_V1.docx,2015-08-28,102980,947a21a4eb7c254d5a32b660e647f43f7f75006ab04eede030efcea056144faf,
98,5114320877368267073,https://mienviro.michigan.gov/ncore/downloadpdf/5114320877368267073,200,VERIFIED_IDENTICAL,0098_2015-09-18_DMR Daily - MI0020257 _08_01_2015_to_08_31_2015_V1.pdf,DMR Daily - MI0020257 _08_01_2015_to_08_31_2015_V1.docx,2015-09-18,121743,fb4cd4a3e56438fc39f3fd3d4582d8d6a6be1947918cadcefc1f3eb18ac21620,
99,1158228285416033370,https://mienviro.michigan.gov/ncore/downloadpdf/1158228285416033370,200,VERIFIED_IDENTICAL,0099_2015-09-18_DMR Summary - MI0020257 _08_01_2015_to_08_31_2015_V1.pdf,DMR Summary - MI0020257 _08_01_2015_to_08_31_2015_V1.docx,2015-09-18,103176,22c00fcd8d59688b4f4c91d754e7c02c373859ec4d826e97b4618aee3f95d525,
100,2634479280526975746,https://mienviro.michigan.gov/ncore/downloadpdf/2634479280526975746,200,VERIFIED_IDENTICAL,0100_2015-09-29_Cadillac Mod Public Notice Document.pdf,Cadillac Mod Public Notice Document.doc,2015-09-29,47071,daf374ea55eea648d78002f4da12326a5ecc439655c2600bd3fd0eacaaa988a6,
101,-264868687133678095,https://mienviro.michigan.gov/ncore/downloadpdf/-264868687133678095,200,VERIFIED_IDENTICAL,0101_2015-09-29_Cadillac WWTP CCH Petition.pdf,Cadillac WWTP CCH Petition.pdf,2015-09-29,2453804,f68f7933cc108a5ada3aea8dd9d4950c07a964839e684dc7556d220f6dd4f7fc,
102,7718544574668863958,https://mienviro.michigan.gov/ncore/downloadpdf/7718544574668863958,200,VERIFIED_IDENTICAL,0102_2015-09-30_Cadillac Mod Basis for Decision Memo.pdf,Cadillac Mod Basis for Decision Memo.doc,2015-09-30,74115,ca7b070f65a3649e3b837f73c084565beb8b0d30da5477f9df21f50747321046,
103,1246990738065777350,https://mienviro.michigan.gov/ncore/downloadpdf/1246990738065777350,200,VERIFIED_IDENTICAL,0103_2015-10-20_DMR Daily - MI0020257 _09_01_2015_to_09_30_2015_V1.pdf,DMR Daily - MI0020257 _09_01_2015_to_09_30_2015_V1.docx,2015-10-20,122193,f546130ef47035519cdb1f28f3838046427e8cacf0f2f9cdec6f84e376f8ca1b,
104,5720021817529393512,https://mienviro.michigan.gov/ncore/downloadpdf/5720021817529393512,200,VERIFIED_IDENTICAL,0104_2015-10-20_DMR Summary - MI0020257 _09_01_2015_to_09_30_2015_V1.pdf,DMR Summary - MI0020257 _09_01_2015_to_09_30_2015_V1.docx,2015-10-20,102922,2c0d57442e9a99dbba62e9073ae499f84e43089fd65253426ad9dbb92897033e,
105,3772272341703184968,https://mienviro.michigan.gov/ncore/downloadpdf/3772272341703184968,200,VERIFIED_IDENTICAL,0105_2015-10-30_2A6-E7TC-JQKM1.pdf,2A6-E7TC-JQKM1.pdf v1,2015-10-30,1045393,6570708222300e4f7b4fbc26e51dc09769b1f79ba6de40ecf07c2dcb36bec26c,
106,3033334029711207746,https://mienviro.michigan.gov/ncore/downloadpdf/3033334029711207746,200,VERIFIED_IDENTICAL,0106_2015-10-30_DMR Summary - MI0020257 _10_01_2014_to_09_30_2015_V1.pdf,DMR Summary - MI0020257 _10_01_2014_to_09_30_2015_V1.docx,2015-10-30,103199,beeb79d6ff4986620fdecd7a55ba7956c34b0de19109cea4116021afd52ca49b,
107,-751241790278250853,https://mienviro.michigan.gov/ncore/downloadpdf/-751241790278250853,200,VERIFIED_IDENTICAL,0107_2015-11-19_DMR Daily - MI0020257 _10_01_2015_to_10_31_2015_V1.pdf,DMR Daily - MI0020257 _10_01_2015_to_10_31_2015_V1.docx,2015-11-19,122768,5d15a3aac0427ded0bab49817fab70f00e2c5ab49be6dd3fd3a76f8ca92913a5,
108,-4008341624842458816,https://mienviro.michigan.gov/ncore/downloadpdf/-4008341624842458816,200,VERIFIED_IDENTICAL,0108_2015-11-19_DMR Summary - MI0020257 _10_01_2015_to_10_31_2015_V1.pdf,DMR Summary - MI0020257 _10_01_2015_to_10_31_2015_V1.docx,2015-11-19,102936,4af32883ededdf7f5c25e19c25897d2f67ef205f265956ee38ac869dc7c63139,
109,344392362451469223,https://mienviro.michigan.gov/ncore/downloadpdf/344392362451469223,200,VERIFIED_IDENTICAL,0109_2015-12-10_Cadillac Draft Permit for Issue.pdf,Cadillac Draft Permit for Issue.doc,2015-12-10,311501,a6e09a96382ec027c54a8c14a1141c1699296e0b53d381e1db8f0324cbaf6f0a,
110,-2076524723866920213,https://mienviro.michigan.gov/ncore/downloadpdf/-2076524723866920213,200,VERIFIED_IDENTICAL,0110_2015-12-19_DMR Daily - MI0020257 _11_01_2015_to_11_30_2015_V1.pdf,DMR Daily - MI0020257 _11_01_2015_to_11_30_2015_V1.docx,2015-12-19,121734,3d0895136655025f050f79a91dfaa51cf5cc62d4d779ad4dc830807a4485c520,
111,6280680775372517980,https://mienviro.michigan.gov/ncore/downloadpdf/6280680775372517980,200,VERIFIED_IDENTICAL,0111_2015-12-19_DMR Summary - MI0020257 _11_01_2015_to_11_30_2015_V1.pdf,DMR Summary - MI0020257 _11_01_2015_to_11_30_2015_V1.docx,2015-12-19,103165,f576a237fca57e6e35d1c6676616ce697a1413254ff654016b2f566c6e0712da,
112,-6731013379800742486,https://mienviro.michigan.gov/ncore/downloadpdf/-6731013379800742486,200,VERIFIED_IDENTICAL,0112_2016-01-11_Cadillac WWTP DMRQA 35.pdf,Cadillac WWTP DMRQA 35.pdf,2016-01-11,1284984,ae2f198299bb86cfbb0bf1e08756b3aab575a0d825e71677d8f70493ea8fc17b,
113,-8836688320995793733,https://mienviro.michigan.gov/ncore/downloadpdf/-8836688320995793733,200,VERIFIED_IDENTICAL,0113_2016-01-12_2010-2016_Cadillac WWTP_District Compliance File.pdf,2010-2016_Cadillac WWTP_District Compliance File.pdf,2016-01-12,29461464,9d6ad860baaf91d1aa61b170fe76d1e0571bb7726cbe8cc68da5a8c80ebdc24d,
114,-5447789093327103036,https://mienviro.michigan.gov/ncore/downloadpdf/-5447789093327103036,200,VERIFIED_IDENTICAL,0114_2016-01-19_DMR Daily - MI0020257 _12_01_2015_to_12_31_2015_V1.pdf,DMR Daily - MI0020257 _12_01_2015_to_12_31_2015_V1.docx,2016-01-19,124126,a899ea16e32a1964f36f21e544271676a5b3f162fdbcdd32460837aea9ad2703,
115,-4193025276374184094,https://mienviro.michigan.gov/ncore/downloadpdf/-4193025276374184094,200,VERIFIED_IDENTICAL,0115_2016-01-19_DMR Summary - MI0020257 _12_01_2015_to_12_31_2015_V1.pdf,DMR Summary - MI0020257 _12_01_2015_to_12_31_2015_V1.docx,2016-01-19,105393,e10e94fae0dfecffd74c6b88e82a6943bc68909b1a948ab0090b45ede79b601d,
116,-5568021370246960521,https://mienviro.michigan.gov/ncore/downloadpdf/-5568021370246960521,200,VERIFIED_IDENTICAL,0116_2016-01-25_ByPass notification 12-21-15.pdf,ByPass notification 12-21-15.pdf,2016-01-25,66723,8e59702f1f7fa263fd95720f27aff50fb9474c29b5d43e1e9c3fee779a6bc2bb,
117,-4582177045037647324,https://mienviro.michigan.gov/ncore/downloadpdf/-4582177045037647324,200,VERIFIED_IDENTICAL,0117_2016-01-25_Spill notification 1-12-16.pdf,Spill notification 1-12-16.pdf,2016-01-25,74053,c677de7c10e6deadf6820c52b05e3ac45ff9dffd54d0296af2d99ad80dc0725d,
118,449058570274793532,https://mienviro.michigan.gov/ncore/downloadpdf/449058570274793532,200,VERIFIED_IDENTICAL,0118_2016-02-04_2D2-X9KF-HB6N V2.pdf,2D2-X9KF-HB6N V2.pdf v1,2016-02-04,286634,65539533a19b593fc63557f10aefd3effe9d8bf4fd0be90917f141c0c0ab3300,
119,-7115642780883598587,https://mienviro.michigan.gov/ncore/downloadpdf/-7115642780883598587,200,VERIFIED_IDENTICAL,0119_2016-02-04_Mercury minimization plan letter revised V2.pdf,Mercury minimization plan letter revised V2.DOC v1,2016-02-04,233636,cedaf0754e943f240219819589f5a5c090f543c7f6a973253585b68c0d042377,
120,-5228663365988565838,https://mienviro.michigan.gov/ncore/downloadpdf/-5228663365988565838,200,VERIFIED_IDENTICAL,0120_2016-02-04_Violation Letter.Cadillac WWTP-Dietlin.pdf,Violation Letter.Cadillac WWTP-Dietlin.pdf,2016-02-04,737118,37ac85d03cbbe59e1302a27d68055f905cdb0053f7b18f1fdc9ebaa61a575483,
121,6525466383076021292,https://mienviro.michigan.gov/ncore/downloadpdf/6525466383076021292,200,VERIFIED_IDENTICAL,0121_2016-02-20_DMR Daily - MI0020257 _01_01_2016_to_01_31_2016_V1.pdf,DMR Daily - MI0020257 _01_01_2016_to_01_31_2016_V1.docx,2016-02-20,124190,583b88829be7849b306e263e11dcb1ff531863978d9af634a12f3f9e37314fbd,
122,-3488789892444246103,https://mienviro.michigan.gov/ncore/downloadpdf/-3488789892444246103,200,VERIFIED_IDENTICAL,0122_2016-02-20_DMR Summary - MI0020257 _01_01_2016_to_01_31_2016_V1.pdf,DMR Summary - MI0020257 _01_01_2016_to_01_31_2016_V1.docx,2016-02-20,105532,9d58801b45c8dd649e5daf9367318381489ddca8c8073227f156bcaaadcd21d8,
123,-6168521012883685018,https://mienviro.michigan.gov/ncore/downloadpdf/-6168521012883685018,200,VERIFIED_IDENTICAL,0123_2016-02-29_VN response from City.Feb 29 2016.pdf,VN response from City.Feb 29 2016.pdf,2016-02-29,1286177,e1b7446e4226eca442de365224878a4232a6798f99a9887f488387322a23b3e4,
124,-6884866009572813818,https://mienviro.michigan.gov/ncore/downloadpdf/-6884866009572813818,200,VERIFIED_IDENTICAL,0124_2016-03-16_DMR Daily - MI0020257 _02_01_2016_to_02_29_2016_V1.pdf,DMR Daily - MI0020257 _02_01_2016_to_02_29_2016_V1.docx,2016-03-16,122785,713e2ae49158a0f8ec123508559b4c72869a1ea98f55840d9c592cfb59fa9ac8,
125,-3461689102167870562,https://mienviro.michigan.gov/ncore/downloadpdf/-3461689102167870562,200,VERIFIED_IDENTICAL,0125_2016-03-16_DMR Summary - MI0020257 _02_01_2016_to_02_29_2016_V1.pdf,DMR Summary - MI0020257 _02_01_2016_to_02_29_2016_V1.docx,2016-03-16,105880,23753e39b1e3bbd77544b2e5052ab6f3b001e9321c03e49ece0f51277168db53,
126,-2502838247090599202,https://mienviro.michigan.gov/ncore/downloadpdf/-2502838247090599202,200,VERIFIED_IDENTICAL,0126_2016-04-18_DMR Daily - MI0020257 _03_01_2016_to_03_31_2016_V1.pdf,DMR Daily - MI0020257 _03_01_2016_to_03_31_2016_V1.docx,2016-04-18,124372,52861ed97ab03ce1cabf7f12018d30c64997ebcf15d066de1a86a5df1b9bd2de,
127,1049897993402206269,https://mienviro.michigan.gov/ncore/downloadpdf/1049897993402206269,200,VERIFIED_IDENTICAL,0127_2016-04-18_DMR Summary - MI0020257 _03_01_2016_to_03_31_2016_V1.pdf,DMR Summary - MI0020257 _03_01_2016_to_03_31_2016_V1.docx,2016-04-18,105558,99c7c1ad795d36e413c12c8003e5b25e3c24ae930130d59874a7e1be40aa319b,
128,-6425285818055725556,https://mienviro.michigan.gov/ncore/downloadpdf/-6425285818055725556,200,VERIFIED_IDENTICAL,0128_2016-05-16_DMR Daily - MI0020257 _04_01_2016_to_04_30_2016_V1.pdf,DMR Daily - MI0020257 _04_01_2016_to_04_30_2016_V1.docx,2016-05-16,124112,e3784867b57af6318612531be20bbf9768bdaa007a66e281635a27c68353a8df,
129,-4336303018773149137,https://mienviro.michigan.gov/ncore/downloadpdf/-4336303018773149137,200,VERIFIED_IDENTICAL,0129_2016-05-16_DMR Summary - MI0020257 _04_01_2016_to_04_30_2016_V1.pdf,DMR Summary - MI0020257 _04_01_2016_to_04_30_2016_V1.docx,2016-05-16,112438,4274d70b33b1f283d1b6089c4b38f115fa383a4fa9cb66c7e38d1f835ab8a7df,
130,-4750733240863552693,https://mienviro.michigan.gov/ncore/downloadpdf/-4750733240863552693,200,VERIFIED_IDENTICAL,0130_2016-05-16_Low Ph notice by City May 16 2016.pdf,Low Ph notice by City May 16 2016.pdf,2016-05-16,47161,79f44c921f974e46edbe3d32a876051cd9b9e8702431aef7537df689affc4525,
131,6177350560736608063,https://mienviro.michigan.gov/ncore/downloadpdf/6177350560736608063,200,VERIFIED_IDENTICAL,0131_2016-06-15_DMR Daily - MI0020257 _05_01_2016_to_05_31_2016_V1.pdf,DMR Daily - MI0020257 _05_01_2016_to_05_31_2016_V1.docx,2016-06-15,122472,81b4755c8254f15069198deb7df9e956337fc3935d4041d1cd7c38e48ca775ef,
132,-9054802322981204104,https://mienviro.michigan.gov/ncore/downloadpdf/-9054802322981204104,200,VERIFIED_IDENTICAL,0132_2016-06-15_DMR Summary - MI0020257 _05_01_2016_to_05_31_2016_V1.pdf,DMR Summary - MI0020257 _05_01_2016_to_05_31_2016_V1.docx,2016-06-15,103193,e5f901dcf686a7a9f12cb3ad7591fe4ad1282d9015f7aee32d291c1dcd1dc46d,
133,-2645731656519523748,https://mienviro.michigan.gov/ncore/downloadpdf/-2645731656519523748,200,VERIFIED_IDENTICAL,0133_2016-07-15_DMR Daily - MI0020257 _06_01_2016_to_06_30_2016_V1.pdf,DMR Daily - MI0020257 _06_01_2016_to_06_30_2016_V1.docx,2016-07-15,122336,08edaee8590c5fa5578ccb41e26ee53037eb210266efa0ba068d00fb77fd9fe8,
134,-6126364658004482120,https://mienviro.michigan.gov/ncore/downloadpdf/-6126364658004482120,200,VERIFIED_IDENTICAL,0134_2016-07-15_DMR Summary - MI0020257 _06_01_2016_to_06_30_2016_V1.pdf,DMR Summary - MI0020257 _06_01_2016_to_06_30_2016_V1.docx,2016-07-15,102942,21800141cc1057d10f67f263c85c0d1734524c78946b4616c908491687b399eb,
135,3518176617040371250,https://mienviro.michigan.gov/ncore/downloadpdf/3518176617040371250,200,VERIFIED_IDENTICAL,0135_2016-08-02_2016_0802_Cadillac WWTP_DMR QA-36.pdf,2016_0802_Cadillac WWTP_DMR QA-36.pdf,2016-08-02,1290302,a8bb9467f51dde7678fc1010fa2f79f3dee23ec414d965901ddd8bf80c5a799c,
136,1005010368843969925,https://mienviro.michigan.gov/ncore/downloadpdf/1005010368843969925,200,VERIFIED_IDENTICAL,0136_2016-08-12_DMR Daily - MI0020257 _07_01_2016_to_07_31_2016_V1.pdf,DMR Daily - MI0020257 _07_01_2016_to_07_31_2016_V1.docx,2016-08-12,123035,ca3cea0d6bb9d4a3613c4fb2c577754d0dd70faffca522671c47111ad0074a70,
137,-41646711706265012,https://mienviro.michigan.gov/ncore/downloadpdf/-41646711706265012,200,VERIFIED_IDENTICAL,0137_2016-08-12_DMR Summary - MI0020257 _07_01_2016_to_07_31_2016_V1.pdf,DMR Summary - MI0020257 _07_01_2016_to_07_31_2016_V1.docx,2016-08-12,109882,11f5f6e5de0167f9c1afac6b25871b22d70d507ca230341b537d0845cbaca684,
138,2071454628388704794,https://mienviro.michigan.gov/ncore/downloadpdf/2071454628388704794,200,VERIFIED_IDENTICAL,0138_2016-09-16_DMR Daily - MI0020257 _08_01_2016_to_08_31_2016_V1.pdf,DMR Daily - MI0020257 _08_01_2016_to_08_31_2016_V1.docx,2016-09-16,122533,0db5d511b9a4119a63b7af7290f2356daff13620bc88e3ceeef77b42d9fb6562,
139,-8864258566189946951,https://mienviro.michigan.gov/ncore/downloadpdf/-8864258566189946951,200,VERIFIED_IDENTICAL,0139_2016-09-16_DMR Summary - MI0020257 _08_01_2016_to_08_31_2016_V1.pdf,DMR Summary - MI0020257 _08_01_2016_to_08_31_2016_V1.docx,2016-09-16,103176,e7f9764dc9bfc77c561c3fad5eb7526e4ea19a5441b2176a88ff12f7f18fbe11,
140,-7163848156117307736,https://mienviro.michigan.gov/ncore/downloadpdf/-7163848156117307736,200,VERIFIED_IDENTICAL,0140_2016-10-18_DMR Daily - MI0020257 _09_01_2016_to_09_30_2016_V1.pdf,DMR Daily - MI0020257 _09_01_2016_to_09_30_2016_V1.docx,2016-10-18,122282,6f979a1fd6cd9e597f977f17a30e29a8811b10439a69cd9406faae9f3962ada7,
141,-5500870070273347359,https://mienviro.michigan.gov/ncore/downloadpdf/-5500870070273347359,200,VERIFIED_IDENTICAL,0141_2016-10-18_DMR Summary - MI0020257 _09_01_2016_to_09_30_2016_V1.pdf,DMR Summary - MI0020257 _09_01_2016_to_09_30_2016_V1.docx,2016-10-18,102928,466137bd194e2ed91e37e781ff20eaba7de16c84e29f3cb988bfd8747e1e2c83,
142,-3521121797145537515,https://mienviro.michigan.gov/ncore/downloadpdf/-3521121797145537515,200,VERIFIED_IDENTICAL,0142_2016-10-25_2KJ-C2SF-H1BF V1.pdf,2KJ-C2SF-H1BF V1.pdf v1,2016-10-25,51577,34515de74ab207493994bcafd5e2dbb643a658e1940632483f50d8dbadfa41ec,
143,-8068360832484337569,https://mienviro.michigan.gov/ncore/downloadpdf/-8068360832484337569,200,VERIFIED_IDENTICAL,0143_2016-10-25_DMR Summary - MI0020257 _10_01_2015_to_09_30_2016_V1.pdf,DMR Summary - MI0020257 _10_01_2015_to_09_30_2016_V1.docx,2016-10-25,103056,61ed848f21560b247e951ff0a5f5e312e13ab82fc540e3bddc717b1435537091,
144,1524244019210258858,https://mienviro.michigan.gov/ncore/downloadpdf/1524244019210258858,200,VERIFIED_IDENTICAL,0144_2016-11-17_DMR Daily - MI0020257 _10_01_2016_to_10_31_2016_V1.pdf,DMR Daily - MI0020257 _10_01_2016_to_10_31_2016_V1.docx,2016-11-17,122755,cfa2d139f7d1d098463c949eec7ccf63e9037b5b90e351df5fa76c14a943106f,
145,5880887913847657693,https://mienviro.michigan.gov/ncore/downloadpdf/5880887913847657693,200,VERIFIED_IDENTICAL,0145_2016-11-17_DMR Summary - MI0020257 _10_01_2016_to_10_31_2016_V1.pdf,DMR Summary - MI0020257 _10_01_2016_to_10_31_2016_V1.docx,2016-11-17,102971,ef8a18325f3126bdf098fb3f20d7add58323b7b1194f522d0e2d8fdbd3151026,
146,4594408055865795856,https://mienviro.michigan.gov/ncore/downloadpdf/4594408055865795856,200,VERIFIED_IDENTICAL,0146_2016-12-06_DMRQA 36.Cadillac WWTP.pdf,DMRQA 36.Cadillac WWTP.pdf,2016-12-06,1449684,80f09f03f46a92a716a45d644639b65aecb6ce5f6a0ec9cfc3449290ece26537,
147,-570299436410721715,https://mienviro.michigan.gov/ncore/downloadpdf/-570299436410721715,200,VERIFIED_IDENTICAL,0147_2016-12-16_DMR Daily - MI0020257 _11_01_2016_to_11_30_2016_V1.pdf,DMR Daily - MI0020257 _11_01_2016_to_11_30_2016_V1.docx,2016-12-16,121867,d42bf2c847d4300e1e1ce8a66ba1d2392dc8bd027a3d7868279317865a0c2f20,
148,8936787219842147076,https://mienviro.michigan.gov/ncore/downloadpdf/8936787219842147076,200,VERIFIED_IDENTICAL,0148_2016-12-16_DMR Summary - MI0020257 _11_01_2016_to_11_30_2016_V1.pdf,DMR Summary - MI0020257 _11_01_2016_to_11_30_2016_V1.docx,2016-12-16,103233,3ec40507a276fd3d08fecacffce92ea59382687fb2378a713ece67c53a84c134,
149,4872492887140551247,https://mienviro.michigan.gov/ncore/downloadpdf/4872492887140551247,200,VERIFIED_IDENTICAL,0149_2017-01-19_DMR Daily - MI0020257 _12_01_2016_to_12_31_2016_V1.pdf,DMR Daily - MI0020257 _12_01_2016_to_12_31_2016_V1.docx,2017-01-19,124593,c2e3b3bf9305acc491d6ac873ed4732d1c520266914d91e3b42c78e7e0f6d139,
150,-7309370182573156453,https://mienviro.michigan.gov/ncore/downloadpdf/-7309370182573156453,200,VERIFIED_IDENTICAL,0150_2017-01-19_DMR Summary - MI0020257 _12_01_2016_to_12_31_2016_V1.pdf,DMR Summary - MI0020257 _12_01_2016_to_12_31_2016_V1.docx,2017-01-19,112282,47acbe82eb06dd2fef4f63adeffc2123953723710b2cbcae1559aa29a9962f4e,
151,-563435129997574625,https://mienviro.michigan.gov/ncore/downloadpdf/-563435129997574625,200,VERIFIED_IDENTICAL,0151_2017-02-14_DMR Daily - MI0020257 _01_01_2017_to_01_31_2017_V1.pdf,DMR Daily - MI0020257 _01_01_2017_to_01_31_2017_V1.docx,2017-02-14,124485,6fd37596745ef7831454820ab08f3c5711c6889c27f5746576e83185bf025497,
152,-241954493317709276,https://mienviro.michigan.gov/ncore/downloadpdf/-241954493317709276,200,VERIFIED_IDENTICAL,0152_2017-02-14_DMR Summary - MI0020257 _01_01_2017_to_01_31_2017_V1.pdf,DMR Summary - MI0020257 _01_01_2017_to_01_31_2017_V1.docx,2017-02-14,105488,6526ca7d21a1c90592c394dbd44157c18eca3da9090c3b08bca13b9c56f4cf64,
153,-5281439668552468208,https://mienviro.michigan.gov/ncore/downloadpdf/-5281439668552468208,200,VERIFIED_IDENTICAL,0153_2017-03-16_DMR Daily - MI0020257 _02_01_2017_to_02_28_2017_V1.pdf,DMR Daily - MI0020257 _02_01_2017_to_02_28_2017_V1.docx,2017-03-16,119862,38cf7ae1289c5a4d612963edef73b1cac404e67500c4455f3851ec0751b7d8d9,
154,6361322379720926853,https://mienviro.michigan.gov/ncore/downloadpdf/6361322379720926853,200,VERIFIED_IDENTICAL,0154_2017-03-16_DMR Summary - MI0020257 _02_01_2017_to_02_28_2017_V1.pdf,DMR Summary - MI0020257 _02_01_2017_to_02_28_2017_V1.docx,2017-03-16,105749,cd1ca591096f5bd40889806ae606e8c1250debbbe6d026d442375f541a475238,
155,-4571421296266695594,https://mienviro.michigan.gov/ncore/downloadpdf/-4571421296266695594,200,VERIFIED_IDENTICAL,0155_2017-04-03_0P1-01 Process Flow.pdf,0P1-01 Process Flow.pdf v1,2017-04-03,352858,d5e68ea065b63b3fb073c3878a98e5b46c4784737f7fe533e9437a92884f7c4c,
156,-9090737734205945229,https://mienviro.michigan.gov/ncore/downloadpdf/-9090737734205945229,200,VERIFIED_IDENTICAL,0156_2017-04-03_0P1-02 Process Flow.pdf,0P1-02 Process Flow.pdf v1,2017-04-03,364177,be54bb8561dd68cf47006de2a66328221b9b336175346937239970f778792ef1,
157,8306099835625514154,https://mienviro.michigan.gov/ncore/downloadpdf/8306099835625514154,200,VERIFIED_IDENTICAL,0157_2017-04-03_0P1-03 Process Flow.pdf,0P1-03 Process Flow.pdf v1,2017-04-03,399431,39a4c7e03888aafe0d9d887a066e5996f155e30280d13737cd17776a1366c70a,
158,-5693104588523843213,https://mienviro.michigan.gov/ncore/downloadpdf/-5693104588523843213,200,VERIFIED_IDENTICAL,0158_2017-04-03_AAR 6th.pdf,AAR 6th.docx v1,2017-04-03,56212,c0283e233bd31457ab5379cbad13fda56fbc9181b6784ee88715dcef57fb85dd,
159,-910355065678437940,https://mienviro.michigan.gov/ncore/downloadpdf/-910355065678437940,200,VERIFIED_IDENTICAL,0159_2017-04-03_AAR Facility.pdf,AAR Facility.docx v1,2017-04-03,56647,f499bfd3d0fa5e383814f95c8493cc49156414ac8cc95e4793c68bb6eb7e5707,
160,4079635351094952055,https://mienviro.michigan.gov/ncore/downloadpdf/4079635351094952055,200,VERIFIED_IDENTICAL,0160_2017-04-03_AAR Rinse Tank.pdf,AAR Rinse Tank.docx v1,2017-04-03,56660,2eb315e776cb91f0742581ebfe873b1b8b617c09789692da884d01efbf6af06c,
161,-5800382166597688800,https://mienviro.michigan.gov/ncore/downloadpdf/-5800382166597688800,200,VERIFIED_IDENTICAL,0161_2017-04-03_ARVCO.pdf,ARVCO.docx v1,2017-04-03,56592,dc6e12adf24b444a52704f199f577fa91f38d5a9b247fe310cde84110ea7aee6,
162,3858403373487489303,https://mienviro.michigan.gov/ncore/downloadpdf/3858403373487489303,200,VERIFIED_IDENTICAL,0162_2017-04-03_AVON 2 5th St Manhole.pdf,AVON 2 5th St Manhole.docx v1,2017-04-03,56100,d6c8d12f1adee040bfd4cc017094269f82bac17a6d8bb7c58ff0fabd45841cf5,
163,-5563635413840106744,https://mienviro.michigan.gov/ncore/downloadpdf/-5563635413840106744,200,VERIFIED_IDENTICAL,0163_2017-04-03_AVON Protection.pdf,AVON Protection.docx v1,2017-04-03,56125,9ea68b36c811ecd350be0ba503bdd9e0ff87292d307762755c1728baa832ab62,
164,-9118125169549468879,https://mienviro.michigan.gov/ncore/downloadpdf/-9118125169549468879,200,VERIFIED_IDENTICAL,0164_2017-04-03_AVON.pdf,AVON.docx v1,2017-04-03,56095,c826ffe9ffe520524cac44159c40b0e6548c7632ac8fa70aa9f6c94a41ac5a27,
165,-8499150955445776749,https://mienviro.michigan.gov/ncore/downloadpdf/-8499150955445776749,200,VERIFIED_IDENTICAL,0165_2017-04-03_Borg Warner.pdf,Borg Warner.docx v1,2017-04-03,56129,1f0d8ccc764e8423cbb18bf673cb27bb573641b712272aba80aaacb11e30cc4c,
166,6710410934790894908,https://mienviro.michigan.gov/ncore/downloadpdf/6710410934790894908,200,VERIFIED_IDENTICAL,0166_2017-04-03_CCI.pdf,CCI.docx v1,2017-04-03,56808,3b1a0ae30462445a87858da62e9dd311c239d9b6323491a7c0bc4051fb6bbcba,
167,-5332488901169956875,https://mienviro.michigan.gov/ncore/downloadpdf/-5332488901169956875,200,VERIFIED_IDENTICAL,0167_2017-04-03_CRE.pdf,CRE.docx v1,2017-04-03,56267,ce8f5e5b074fe3836e617d40869de0e61a243257604757e348fe7e9d2d41b83d,
168,5769919426026990647,https://mienviro.michigan.gov/ncore/downloadpdf/5769919426026990647,200,VERIFIED_IDENTICAL,0168_2017-04-03_FIAMM.pdf,FIAMM.docx v1,2017-04-03,56239,eca400f5276e1a697f0adc3dc418a3a6adf58e5b7e959b0350e532fd64310814,
169,-1348128324309124463,https://mienviro.michigan.gov/ncore/downloadpdf/-1348128324309124463,200,VERIFIED_IDENTICAL,0169_2017-04-03_Hutchinson.pdf,Hutchinson.docx v1,2017-04-03,56331,300b12f5bac01c598f28d06e74735e5d6526e79c4bff87ab9673f96ea464b7bb,
170,-308826788854237261,https://mienviro.michigan.gov/ncore/downloadpdf/-308826788854237261,200,VERIFIED_IDENTICAL,0170_2017-04-03_Kar Lab Biosolids 3-14-2016.pdf,Kar Lab Biosolids 3-14-2016.pdf v1,2017-04-03,205482,bd137883a668c306604973b5ed859ccbb37849737d9521c00566180dd10a5a7b,
171,-3238540496460905709,https://mienviro.michigan.gov/ncore/downloadpdf/-3238540496460905709,200,VERIFIED_IDENTICAL,0171_2017-04-03_Kar Lab Biosolids 9-12-2016.pdf,Kar Lab Biosolids 9-12-2016.pdf v1,2017-04-03,174285,8fc0c2a99849158b52044fb4f3eb4db0a4b69c5e36af00571c51e8c4760c94dd,
172,832209690549104746,https://mienviro.michigan.gov/ncore/downloadpdf/832209690549104746,200,VERIFIED_IDENTICAL,0172_2017-04-03_Michigan Rubber.pdf,Michigan Rubber.docx v1,2017-04-03,56254,84dea7e2aaf875960691455b97a26b1a187d6fcab0d17d170e3edd860d76b19e,
173,-4576801597538136401,https://mienviro.michigan.gov/ncore/downloadpdf/-4576801597538136401,200,VERIFIED_IDENTICAL,0173_2017-04-03_Munson.pdf,Munson.docx v1,2017-04-03,55566,a69594bc30d33cd3b0d42389c14f529b358844b3bd7333966757542e48c60275,
174,4641308164668318184,https://mienviro.michigan.gov/ncore/downloadpdf/4641308164668318184,200,VERIFIED_IDENTICAL,0174_2017-04-03_NPDES.pdf,NPDES.pdf v1,2017-04-03,60529,f809ae7f23d8bb9fcb21aed5b0c1c9fdadf217b707960b09bfe12c7d1a67f689,
175,-4580690770354640221,https://mienviro.michigan.gov/ncore/downloadpdf/-4580690770354640221,200,VERIFIED_IDENTICAL,0175_2017-04-03_PIRANHA.pdf,PIRANHA.docx v1,2017-04-03,55931,af29116f6a0e0a14483b11ae3b2848a345e95d81e3719de9ad7925413caa88aa,
176,1852969813164958154,https://mienviro.michigan.gov/ncore/downloadpdf/1852969813164958154,200,VERIFIED_IDENTICAL,0176_2017-04-03_Paragon Wet Test (1).pdf,Paragon Wet Test (1).pdf v1,2017-04-03,624166,ddc483599a44082438fc6686f61cd58045f0ba27210e66a3f3a192d2905c5a9f,
177,-8713293357649151288,https://mienviro.michigan.gov/ncore/downloadpdf/-8713293357649151288,200,VERIFIED_IDENTICAL,0177_2017-04-03_Paragon Wet Test (3).pdf,Paragon Wet Test (3).pdf v1,2017-04-03,558030,a95bca5ca4237f685a4aedaef5af1854c5d52514d1135b602fa9589ea32989c4,
178,6932780206728288696,https://mienviro.michigan.gov/ncore/downloadpdf/6932780206728288696,200,VERIFIED_IDENTICAL,0178_2017-04-03_Paragon Wet Test.pdf,Paragon Wet Test.pdf v1,2017-04-03,557471,b0d1331c677838ec9c7b73fb0176fc7f38c1bd1a5a1e0a86dee88f7a435258bb,
179,3937714205518051674,https://mienviro.michigan.gov/ncore/downloadpdf/3937714205518051674,200,VERIFIED_IDENTICAL,0179_2017-04-03_Plant Brochure.pdf,Plant Brochure.pdf v1,2017-04-03,4285743,12b51b03de98c50698094c994f87140091cd5ee88d7c660891dd3d41de8957dc,
180,-6842767691186545255,https://mienviro.michigan.gov/ncore/downloadpdf/-6842767691186545255,200,VERIFIED_IDENTICAL,0180_2017-04-03_REC BOAT CABINETRY.pdf,REC BOAT CABINETRY.docx v1,2017-04-03,56382,dbd6f387a2492f2d26851be32d6752b745c5410d5fed308532cf44d8bcb90a4e,
181,-123817907349178312,https://mienviro.michigan.gov/ncore/downloadpdf/-123817907349178312,200,VERIFIED_IDENTICAL,0181_2017-04-03_REC BOAT CRUISER.pdf,REC BOAT CRUISER.docx v1,2017-04-03,56344,1de718fb7790041e64532455218cbcdd2dc57dcf24e4c70abd17ebdc2b242029,
182,-6756834478233780033,https://mienviro.michigan.gov/ncore/downloadpdf/-6756834478233780033,200,VERIFIED_IDENTICAL,0182_2017-04-03_REC BOAT SPORT.pdf,REC BOAT SPORT.docx v1,2017-04-03,56418,426d0c961400f15814aada8ff35f5611c1017286d3be629e1b742c231c8080a1,
183,-505155985048363429,https://mienviro.michigan.gov/ncore/downloadpdf/-505155985048363429,200,VERIFIED_IDENTICAL,0183_2017-04-03_REC BOAT TRAILER.pdf,REC BOAT TRAILER.docx v1,2017-04-03,55964,d38d39d27156be978c70b5738bd4f93bf1ef2a778c873da46612211f6fb84569,
184,1829985439158043192,https://mienviro.michigan.gov/ncore/downloadpdf/1829985439158043192,200,VERIFIED_IDENTICAL,0184_2017-04-03_SPENCER.pdf,SPENCER.docx v1,2017-04-03,56128,81a80256489dafa080b2dbedd600ed388bf646600d1e6431ba511acb04fafc08,
185,2929107239418671816,https://mienviro.michigan.gov/ncore/downloadpdf/2929107239418671816,200,VERIFIED_IDENTICAL,0185_2017-04-03_WEXFORD LANDFILL.pdf,WEXFORD LANDFILL.docx v1,2017-04-03,56579,1f7e70d66b3012a9b251015562ea99bed32584e098c413c7cc1916a266dbf3f3,
186,-4072267205926815735,https://mienviro.michigan.gov/ncore/downloadpdf/-4072267205926815735,200,VERIFIED_IDENTICAL,0186_2017-04-03_Wet Test ERM 2-2-2017.pdf,Wet Test ERM 2-2-2017.pdf v1,2017-04-03,2553342,e0740917193bb863a4148df6bff8f19390b369e889fa34879642f0b8ef24654e,
187,-4194105337445403259,https://mienviro.michigan.gov/ncore/downloadpdf/-4194105337445403259,200,VERIFIED_IDENTICAL,0187_2017-04-05_Application_2Q7-HQ21-P66B V1.pdf,Application_2Q7-HQ21-P66B V1.pdf v1,2017-04-05,134638,6a540cadcdc6fb9200560fcfd59897410932872fa6e48ca880ee5a8266642960,
188,5374658919181652521,https://mienviro.michigan.gov/ncore/downloadpdf/5374658919181652521,200,VERIFIED_IDENTICAL,0188_2017-04-19_DMR Daily - MI0020257 _03_01_2017_to_03_31_2017_V1.pdf,DMR Daily - MI0020257 _03_01_2017_to_03_31_2017_V1.docx,2017-04-19,124640,d15463e5d6dfb382684474a941a7f06be20025a90f32fde0ed4e7d9fba2946fd,
189,-2462697300358445557,https://mienviro.michigan.gov/ncore/downloadpdf/-2462697300358445557,200,VERIFIED_IDENTICAL,0189_2017-04-19_DMR Summary - MI0020257 _03_01_2017_to_03_31_2017_V1.pdf,DMR Summary - MI0020257 _03_01_2017_to_03_31_2017_V1.docx,2017-04-19,105497,144e5303ac05e0e0c6bcf22d4f9bbe128d1315d4d945b346f256d9cba7b8715e,
190,7735398460674456608,https://mienviro.michigan.gov/ncore/downloadpdf/7735398460674456608,200,VERIFIED_IDENTICAL,0190_2017-05-09_emails regd verbal notify BOD exceed 050917 ul MiW.pdf,emails regd verbal notify BOD exceed 050917 ul MiW.msg,2017-05-09,90084,1a52ced083ed5e452295616964c7022743f07951dd8842e15efc25a2b07527d0,
191,3141508032254302466,https://mienviro.michigan.gov/ncore/downloadpdf/3141508032254302466,200,VERIFIED_IDENTICAL,0191_2017-05-12_written rpt BOD exceed 051217 ul MiW.pdf,written rpt BOD exceed 051217 ul MiW.msg,2017-05-12,57040,262a9fb8460c6f373ddb201f771d2c1c1560d87552484789c6d1c674ff08c14f,
192,-6506352065203311462,https://mienviro.michigan.gov/ncore/downloadpdf/-6506352065203311462,200,VERIFIED_IDENTICAL,0192_2017-05-17_DMR Daily - MI0020257 _04_01_2017_to_04_30_2017_V1.pdf,DMR Daily - MI0020257 _04_01_2017_to_04_30_2017_V1.docx,2017-05-17,123923,266c82415f74eb345aae3f3fd83e18010723aa144a3bc6471bfaedad7cb40aae,
193,7441804851118153573,https://mienviro.michigan.gov/ncore/downloadpdf/7441804851118153573,200,VERIFIED_IDENTICAL,0193_2017-05-17_DMR Summary - MI0020257 _04_01_2017_to_04_30_2017_V1.pdf,DMR Summary - MI0020257 _04_01_2017_to_04_30_2017_V1.docx,2017-05-17,105455,50af8ed40f4c23d1c957ff675ba9a63244f3040eee33f7707b91e8235aae9bae,
194,-389607197290388061,https://mienviro.michigan.gov/ncore/downloadpdf/-389607197290388061,200,VERIFIED_IDENTICAL,0194_2017-05-17_email addn reporting BOD exceed 051717 ul MiW.pdf,email addn reporting BOD exceed 051717 ul MiW.msg,2017-05-17,89913,276caee31d1a740d13016aa7bd10be84023f8cd88d0ce55f716eb19fd28403b7,
195,-7534533116651044102,https://mienviro.michigan.gov/ncore/downloadpdf/-7534533116651044102,200,VERIFIED_IDENTICAL,0195_2017-05-19_written rpt ammonia NPDES exceedance 051917.pdf,written rpt ammonia NPDES exceedance 051917.msg,2017-05-19,56529,8fa379846f886256c218d005eb035cb8ce2bbbc2f2949ecfac85503b9da24d2c,
196,-1358521760501568481,https://mienviro.michigan.gov/ncore/downloadpdf/-1358521760501568481,200,VERIFIED_IDENTICAL,0196_2017-05-24_written report BOD exceedance #2 052417.pdf,written report BOD exceedance #2 052417.msg,2017-05-24,56619,2b2ae333b9f697f91281a9b2136c732fdcf34e236949671c8ead0bd23d37f3d0,
197,-3514350148586469102,https://mienviro.michigan.gov/ncore/downloadpdf/-3514350148586469102,200,VERIFIED_IDENTICAL,0197_2017-06-13_DMR Daily - MI0020257 _05_01_2017_to_05_31_2017_V1.pdf,DMR Daily - MI0020257 _05_01_2017_to_05_31_2017_V1.docx,2017-06-13,123241,0843035da90c30119102e345d190e38265a0c2187a250bd7c2d796e6cacdc1ef,
198,-1817143456933767821,https://mienviro.michigan.gov/ncore/downloadpdf/-1817143456933767821,200,VERIFIED_IDENTICAL,0198_2017-06-13_DMR Summary - MI0020257 _05_01_2017_to_05_31_2017_V1.pdf,DMR Summary - MI0020257 _05_01_2017_to_05_31_2017_V1.docx,2017-06-13,109964,d3adfc78accc506db2bc4ba25b45b2b73b1c722ddb2e1f75c8364006a4080d2a,
199,5876564337621442480,https://mienviro.michigan.gov/ncore/downloadpdf/5876564337621442480,200,VERIFIED_IDENTICAL,0199_2017-06-15_written report BOD exceedance 061517.pdf,written report BOD exceedance 061517.msg,2017-06-15,55985,629b356c353b8e6c09133c53edc52df8fb9fe2c054e35e6279c46835b9f29c3d,
200,-5622633242256800541,https://mienviro.michigan.gov/ncore/downloadpdf/-5622633242256800541,200,VERIFIED_IDENTICAL,0200_2017-07-12_written report BOD exceedance 071217.pdf,written report BOD exceedance 071217.msg,2017-07-12,55662,44c31611dbbda8f4d9acff799b62ec3218b53d44dd616f52a3abdb8ceae26a50,
201,2596891981566435001,https://mienviro.michigan.gov/ncore/downloadpdf/2596891981566435001,200,VERIFIED_IDENTICAL,0201_2017-07-18_DMR Daily - MI0020257 _06_01_2017_to_06_30_2017_V1.pdf,DMR Daily - MI0020257 _06_01_2017_to_06_30_2017_V1.docx,2017-07-18,122673,f77f38fafe49f1f045cbce6d11c83027b82752716874573efa88d05ea1d62268,
202,-8542276497179018047,https://mienviro.michigan.gov/ncore/downloadpdf/-8542276497179018047,200,VERIFIED_IDENTICAL,0202_2017-07-18_DMR Summary - MI0020257 _06_01_2017_to_06_30_2017_V1.pdf,DMR Summary - MI0020257 _06_01_2017_to_06_30_2017_V1.docx,2017-07-18,109710,772dd317bdcdcde6d0f30b2fb26802127733e1aac4e14c27664fb1472b55b81a,
203,-486435104065967818,https://mienviro.michigan.gov/ncore/downloadpdf/-486435104065967818,200,VERIFIED_IDENTICAL,0203_2017-08-17_DMR Daily - MI0020257 _05_01_2017_to_05_31_2017_V2.pdf,DMR Daily - MI0020257 _05_01_2017_to_05_31_2017_V2.docx,2017-08-17,123245,fbd73501235b712b30656bb9cfad2222ea4c67e20f99f42163bf2dc735d46b49,
204,-111396327202170199,https://mienviro.michigan.gov/ncore/downloadpdf/-111396327202170199,200,VERIFIED_IDENTICAL,0204_2017-08-17_DMR Daily - MI0020257 _07_01_2017_to_07_31_2017_V1.pdf,DMR Daily - MI0020257 _07_01_2017_to_07_31_2017_V1.docx,2017-08-17,123125,2e7ed7684dd262d4a689f09af6e5020b8324f74b8d32dba3a4ce4a9f098672d8,
205,-3743271668249773176,https://mienviro.michigan.gov/ncore/downloadpdf/-3743271668249773176,200,VERIFIED_IDENTICAL,0205_2017-08-17_DMR Summary - MI0020257 _05_01_2017_to_05_31_2017_V2.pdf,DMR Summary - MI0020257 _05_01_2017_to_05_31_2017_V2.docx,2017-08-17,109871,4cc44f1c4954913ee46a4a6bf92b7c359d93a745f423ebf5bd231a9124c5679b,
206,1920013186052737041,https://mienviro.michigan.gov/ncore/downloadpdf/1920013186052737041,200,VERIFIED_IDENTICAL,0206_2017-08-17_DMR Summary - MI0020257 _07_01_2017_to_07_31_2017_V1.pdf,DMR Summary - MI0020257 _07_01_2017_to_07_31_2017_V1.docx,2017-08-17,109772,250dca9c90c705897fe5fd21ac664bc4c609b655904e6924a2830e44e59abe4f,
207,-4403402754038879326,https://mienviro.michigan.gov/ncore/downloadpdf/-4403402754038879326,200,VERIFIED_IDENTICAL,0207_2017-08-31_Cadillac WWTP DMRQA 37 083117.pdf,Cadillac WWTP DMRQA 37 083117.pdf,2017-08-31,861285,e6b4e59a36d50114cc4f6850f9e825e6d161ad9cd94aa3e0eaa857ed26f02e9d,
208,7005832042046937184,https://mienviro.michigan.gov/ncore/downloadpdf/7005832042046937184,200,VERIFIED_IDENTICAL,0208_2017-09-15_DMR Daily - MI0020257 _08_01_2017_to_08_31_2017_V1.pdf,DMR Daily - MI0020257 _08_01_2017_to_08_31_2017_V1.docx,2017-09-15,122627,e4a57bdac3fb59a14e4368be223ba18d38e39c9f52b5f9fa38e407dc804c29f0,
209,8461445828922893016,https://mienviro.michigan.gov/ncore/downloadpdf/8461445828922893016,200,VERIFIED_IDENTICAL,0209_2017-09-15_DMR Summary - MI0020257 _08_01_2017_to_08_31_2017_V1.pdf,DMR Summary - MI0020257 _08_01_2017_to_08_31_2017_V1.docx,2017-09-15,103075,fe1734387374e67b0a7f710649b8db63f178ff41ee497d0ed83f55d1d631a89f,
210,7951970310208812203,https://mienviro.michigan.gov/ncore/downloadpdf/7951970310208812203,200,VERIFIED_IDENTICAL,0210_2017-10-13_2017 As Applied - 17EK01.pdf,2017 As Applied - 17EK01.xlsx v1,2017-10-13,197404,a42a24d257743a58b89f1593d7f2bb4b82cef699814d2ecce085c61684b4ae06,
211,-1675409833587234275,https://mienviro.michigan.gov/ncore/downloadpdf/-1675409833587234275,200,VERIFIED_IDENTICAL,0211_2017-10-13_2017 As Applied - 17RW01.pdf,2017 As Applied - 17RW01.xlsx v1,2017-10-13,198111,d4cf0e434515ee4e64fb38b8e0e159dd2bebffa269244fe8a7ab31db84bde801,
212,-5897892034958233867,https://mienviro.michigan.gov/ncore/downloadpdf/-5897892034958233867,200,VERIFIED_IDENTICAL,0212_2017-10-13_2017 As Applied - 30GR01.pdf,2017 As Applied - 30GR01.xlsx v1,2017-10-13,197486,6896bbf76e04d37bfe246f0fac39985ab4bc17aed4d9371470c8d369739568be,
213,-4564688140221150418,https://mienviro.michigan.gov/ncore/downloadpdf/-4564688140221150418,200,VERIFIED_IDENTICAL,0213_2017-10-13_2017 As Applied - 31DG01.pdf,2017 As Applied - 31DG01.xlsx v1,2017-10-13,195786,ba848b4313a8abeb26118c0adb0b1fbbbc17b773b373669b2cf8627353ecfdc0,
214,1336509163278193309,https://mienviro.michigan.gov/ncore/downloadpdf/1336509163278193309,200,VERIFIED_IDENTICAL,"0214_2017-10-13_31DG01, 17EK01, 17RW01 - Analytical.pdf","31DG01, 17EK01, 17RW01 - Analytical.pdf v1",2017-10-13,214262,d9b053606024b62f7a406e6d4386bee30b483a2d6179ba183eb950c05f6aa882,
215,-2488798986427058681,https://mienviro.michigan.gov/ncore/downloadpdf/-2488798986427058681,200,VERIFIED_IDENTICAL,0215_2017-10-13_31GR01 - Analytical.pdf,31GR01 - Analytical.pdf v1,2017-10-13,177078,3fe19dd5c08bdf222ec9867e7db2725b4d1a45be3332fd0bda6e4090445ee68d,
216,-1688568603305138344,https://mienviro.michigan.gov/ncore/downloadpdf/-1688568603305138344,200,VERIFIED_IDENTICAL,0216_2017-10-13_Applier Cert. of Pathogens and Vector Attraction Reduction.pdf,Applier Cert. of Pathogens and Vector Attraction Reduction.doc v1,2017-10-13,60024,95d3ccd43e4ccf4b53d8cd7d4ffabb82014be6ffe70ecf518bf9a9f0ea4d8ec1,
217,1498609859186270953,https://mienviro.michigan.gov/ncore/downloadpdf/1498609859186270953,200,VERIFIED_IDENTICAL,0217_2017-10-13_Class B Site Restrictions Certification.pdf,Class B Site Restrictions Certification.doc v1,2017-10-13,58395,128cb948f9f7113876fea7cd753a516216e08e93524d4cd12243c6be5d88a74d,
218,865533459970142181,https://mienviro.michigan.gov/ncore/downloadpdf/865533459970142181,200,VERIFIED_IDENTICAL,0218_2017-10-13_DMR Daily - MI0020257 _09_01_2017_to_09_30_2017_V1.pdf,DMR Daily - MI0020257 _09_01_2017_to_09_30_2017_V1.docx,2017-10-13,122348,b57d489db2c6053569f09d214fd2928946b44ea5d16847ef35f494b611cc98af,
219,1351029181868169986,https://mienviro.michigan.gov/ncore/downloadpdf/1351029181868169986,200,VERIFIED_IDENTICAL,0219_2017-10-13_DMR Summary - MI0020257 _09_01_2017_to_09_30_2017_V1.pdf,DMR Summary - MI0020257 _09_01_2017_to_09_30_2017_V1.docx,2017-10-13,102853,76ae45c57f6a4e1dc6c39e88d2fd9b74b69883d37e09917ea414709af1fe76aa,
220,6182107663604652349,https://mienviro.michigan.gov/ncore/downloadpdf/6182107663604652349,200,VERIFIED_IDENTICAL,0220_2017-10-13_DMR Summary - MI0020257 _10_01_2016_to_09_30_2017_V1.pdf,DMR Summary - MI0020257 _10_01_2016_to_09_30_2017_V1.docx,2017-10-13,103216,2910ad9731cce7305a08354dbe6d41756e24b3e34574b9b93a8ecf2edf11d368,
221,-4030890897963029912,https://mienviro.michigan.gov/ncore/downloadpdf/-4030890897963029912,200,VERIFIED_IDENTICAL,0221_2017-10-13_HML Fall 2016.pdf,HML Fall 2016.pdf v1,2017-10-13,41435,21385b8326f380a234e837cb4d954436f582f451eb6307bb7fd9b3f0d90bf485,
222,8416368693200764668,https://mienviro.michigan.gov/ncore/downloadpdf/8416368693200764668,200,VERIFIED_IDENTICAL,0222_2017-10-13_HN8-AEB3-S8NKF V1.pdf,HN8-AEB3-S8NKF V1.pdf v1,2017-10-13,99971,88e9da848f84f73f1713acf3f42e4962043dda095c12404fbcedde86e32e984f,
223,8684882921218429674,https://mienviro.michigan.gov/ncore/downloadpdf/8684882921218429674,200,VERIFIED_IDENTICAL,0223_2017-10-13_Mgt Practices Certification.pdf,Mgt Practices Certification.doc v1,2017-10-13,63324,90d73e42aeff5649bb98fa923b55b0f4a3f04b64ed0973042f072b6872bd07b4,
224,-7940855265872368210,https://mienviro.michigan.gov/ncore/downloadpdf/-7940855265872368210,200,VERIFIED_IDENTICAL,0224_2017-10-13_Spring Biosolids HML 2017.pdf,Spring Biosolids HML 2017.pdf v1,2017-10-13,407689,8998590ccc857dfb1c91e343e22a1028dcc71773115557a47d9a1e8b44814ab7,
225,-919100790848612757,https://mienviro.michigan.gov/ncore/downloadpdf/-919100790848612757,200,VERIFIED_IDENTICAL,0225_2017-10-25_Cadillac WWTP Oct 2017 BOD email 102517.pdf,Cadillac WWTP Oct 2017 BOD email 102517.msg,2017-10-25,90360,68683ca905115c10cc259d8d99773e7ade8522a7fd7c7a352aa414e2759d2812,
226,850609280377440890,https://mienviro.michigan.gov/ncore/downloadpdf/850609280377440890,200,VERIFIED_IDENTICAL,0226_2017-10-25_Cadillac WWTP Oct 2017 BOD notice 102517.pdf,Cadillac WWTP Oct 2017 BOD notice 102517.msg,2017-10-25,56258,725eed40feaa2e5d118385e11dfba598baf8c0c5f015f8fba4ce72094c5758a2,
227,-6671969809514163421,https://mienviro.michigan.gov/ncore/downloadpdf/-6671969809514163421,200,VERIFIED_IDENTICAL,0227_2017-10-30_Cadillac WWTP Oct 2017 BOD email 103017.pdf,Cadillac WWTP Oct 2017 BOD email 103017.msg,2017-10-30,89392,411bc19004827512cf8ebfbbbc60a0a8de2d89e09fa2c1c7d2840e0ee41c970a,
228,-739207244620603055,https://mienviro.michigan.gov/ncore/downloadpdf/-739207244620603055,200,VERIFIED_IDENTICAL,0228_2017-11-16_DMR Daily - MI0020257 _10_01_2017_to_10_31_2017_V1.pdf,DMR Daily - MI0020257 _10_01_2017_to_10_31_2017_V1.docx,2017-11-16,123466,69e031bdedc2d8d11ed97e3ef3bfa9cb747a90b28ebe7fbadebd0d1f53de84ec,
229,-5037797726850269844,https://mienviro.michigan.gov/ncore/downloadpdf/-5037797726850269844,200,VERIFIED_IDENTICAL,0229_2017-11-16_DMR Summary - MI0020257 _10_01_2017_to_10_31_2017_V1.pdf,DMR Summary - MI0020257 _10_01_2017_to_10_31_2017_V1.docx,2017-11-16,110139,18459714c38b961c41c964709b49b8b851984de3fd864842002ba0cdd6887925,
230,-6334666196725602947,https://mienviro.michigan.gov/ncore/downloadpdf/-6334666196725602947,200,VERIFIED_IDENTICAL,0230_2017-12-04_Cadillac WWTP Nov 2017 BOD Notice 120417.pdf,Cadillac WWTP Nov 2017 BOD Notice 120417.msg,2017-12-04,55946,27f9d7f8289da7c591b38ede00949164edc35fccdc5a1626050df7aa84a5ead9,
231,2472286616657780651,https://mienviro.michigan.gov/ncore/downloadpdf/2472286616657780651,200,VERIFIED_IDENTICAL,0231_2017-12-15_DMR Daily - MI0020257 _11_01_2017_to_11_30_2017_V1.pdf,DMR Daily - MI0020257 _11_01_2017_to_11_30_2017_V1.docx,2017-12-15,122273,ce3774ff9a4aeb0878d25fdaca6a2f9cb47d9c4863ae8bae65c11cb3a29d3852,
232,-8814440160125396713,https://mienviro.michigan.gov/ncore/downloadpdf/-8814440160125396713,200,VERIFIED_IDENTICAL,0232_2017-12-15_DMR Summary - MI0020257 _11_01_2017_to_11_30_2017_V1.pdf,DMR Summary - MI0020257 _11_01_2017_to_11_30_2017_V1.docx,2017-12-15,109897,92520bc99aee87b514bd59c21968ad6a43a034fa049dcf4bef4a2d32fec7f643,
233,6383006232820553511,https://mienviro.michigan.gov/ncore/downloadpdf/6383006232820553511,200,VERIFIED_IDENTICAL,0233_2018-01-18_DMR Daily - MI0020257 _12_01_2017_to_12_31_2017_V1.pdf,DMR Daily - MI0020257 _12_01_2017_to_12_31_2017_V1.docx,2018-01-18,124341,c7a65c3b3260ccbb43e44e98a6431b4cb38d5580215855d04731ceae8fc59de6,
234,5351587946243598793,https://mienviro.michigan.gov/ncore/downloadpdf/5351587946243598793,200,VERIFIED_IDENTICAL,0234_2018-01-18_DMR Summary - MI0020257 _12_01_2017_to_12_31_2017_V1.pdf,DMR Summary - MI0020257 _12_01_2017_to_12_31_2017_V1.docx,2018-01-18,105456,2d5e33a648eb27ccac00095bd4f1975f6ddaa75c2f64ebc31040d184413404d0,
235,4396568221413786777,https://mienviro.michigan.gov/ncore/downloadpdf/4396568221413786777,200,VERIFIED_IDENTICAL,0235_2018-01-30_WQBELBiologistFactSheet_MI0020257_1-30-2018.pdf,WQBELBiologistFactSheet_MI0020257_1-30-2018.pdf,2018-01-30,281388,49e091247101fd2685e47cf3f31e45318d68939df2a399f9d57dc9264cfc1538,
236,9173363052273315993,https://mienviro.michigan.gov/ncore/downloadpdf/9173363052273315993,200,VERIFIED_IDENTICAL,0236_2018-01-30_WQBELBiologistReview_MI0020257_1-30-2018.pdf,WQBELBiologistReview_MI0020257_1-30-2018.doc,2018-01-30,74667,c041f2300a6d1b1509a8a4ed2de55c387c5bf561e4703844dd0232429d5adbc0,
237,-7195529521434838094,https://mienviro.michigan.gov/ncore/downloadpdf/-7195529521434838094,200,VERIFIED_IDENTICAL,0237_2018-02-14_Cadillac WWTP Ammonia Method 021418 email.pdf,Cadillac WWTP Ammonia Method 021418 email.msg,2018-02-14,111074,2c0739b418781463b88472301c78cfdc32ac3cb6b8e980caa05511b475a7dd87,
238,-1122778753452821851,https://mienviro.michigan.gov/ncore/downloadpdf/-1122778753452821851,200,VERIFIED_IDENTICAL,0238_2018-02-19_DMR Daily - MI0020257 _01_01_2018_to_01_31_2018_V1.pdf,DMR Daily - MI0020257 _01_01_2018_to_01_31_2018_V1.docx,2018-02-19,124617,74bfdac75f6fd1d93e9cc4464ecb2d2d148ec43c17900e14fb9b9ebda8c7fd22,
239,9121072629286172709,https://mienviro.michigan.gov/ncore/downloadpdf/9121072629286172709,200,VERIFIED_IDENTICAL,0239_2018-02-19_DMR Summary - MI0020257 _01_01_2018_to_01_31_2018_V1.pdf,DMR Summary - MI0020257 _01_01_2018_to_01_31_2018_V1.docx,2018-02-19,105496,67a28d0beffb188d5c25dd041766d3c10e088c704582a0eef3646fafacf2c898,
240,1950215384933042828,https://mienviro.michigan.gov/ncore/downloadpdf/1950215384933042828,200,VERIFIED_IDENTICAL,0240_2018-03-01_MI0020257 PFAS-IPP Letter 2-20-2018.pdf,MI0020257 PFAS-IPP Letter 2-20-2018.pdf,2018-03-01,359934,7a058f9c19d3ee00ec85257408e6fc1360fdffa9ef8d29828bca2394526e66a1,
241,-2361783230760937000,https://mienviro.michigan.gov/ncore/downloadpdf/-2361783230760937000,200,VERIFIED_IDENTICAL,0241_2018-03-15_Cadillac WWTP Ammonia Method 031518 email.pdf,Cadillac WWTP Ammonia Method 031518 email.msg,2018-03-15,105588,f443f7d3ef660cf929fb4f06c7783c717528b9a4beead1ae0f41f420cba2eacd,
242,-6162908203363123759,https://mienviro.michigan.gov/ncore/downloadpdf/-6162908203363123759,200,VERIFIED_IDENTICAL,0242_2018-03-16_AlternateTestMethod-Ammonia_MI0020257_3-2-2018.pdf,AlternateTestMethod-Ammonia_MI0020257_3-2-2018.msg,2018-03-16,89632,db1371f3e1f401f6dd20bfeadb7cbb70c825b842082df0bf29f28c32f7ff6bf2,
243,8672164108555213315,https://mienviro.michigan.gov/ncore/downloadpdf/8672164108555213315,200,VERIFIED_IDENTICAL,0243_2018-03-19_DMR Daily - MI0020257 _02_01_2018_to_02_28_2018_V1.pdf,DMR Daily - MI0020257 _02_01_2018_to_02_28_2018_V1.docx,2018-03-19,119743,117946b26a438fdc96dc6cdb1ab7f66a1aa142d9708fd72d0abbcb7ca0a1f3d2,
244,-6076810724525433677,https://mienviro.michigan.gov/ncore/downloadpdf/-6076810724525433677,200,VERIFIED_IDENTICAL,0244_2018-03-19_DMR Summary - MI0020257 _02_01_2018_to_02_28_2018_V1.pdf,DMR Summary - MI0020257 _02_01_2018_to_02_28_2018_V1.docx,2018-03-19,105779,0149c9028894bbcf2b870b7e09ed91a63e98cff94cc9a47f1cca2975767345c2,
245,-6666933816233107755,https://mienviro.michigan.gov/ncore/downloadpdf/-6666933816233107755,200,VERIFIED_IDENTICAL,0245_2018-03-28_HNB-J69X-W1FHA V1.pdf,HNB-J69X-W1FHA V1.pdf v1,2018-03-28,288966,120dbeb59d521dfe4b204dc7473c6d58b6c250fe77a1c0925ce1475cdc2ebbee,
246,-3545021326186909476,https://mienviro.michigan.gov/ncore/downloadpdf/-3545021326186909476,200,VERIFIED_IDENTICAL,0246_2018-03-28_Notice of SNC.pdf,Notice of SNC.jpg v1,2018-03-28,90896,99a3b1774a761b68a37c5536c0f304f3711c8fdc2792d22d6a50fd845becfefb,
247,-6012504194437617428,https://mienviro.michigan.gov/ncore/downloadpdf/-6012504194437617428,200,VERIFIED_IDENTICAL,0247_2018-03-28_POTW_Monitoring_Data_Summary.pdf,POTW_Monitoring_Data_Summary.xlsx v1,2018-03-28,73449,f19a204ea65ec5f6be8b3535729f369ea7d6ebc115224680615a89667b78c923,
248,-2139264245510326741,https://mienviro.michigan.gov/ncore/downloadpdf/-2139264245510326741,200,VERIFIED_IDENTICAL,0248_2018-03-28_POTW_Oversight_Table.pdf,POTW_Oversight_Table.xlsx v1,2018-03-28,48518,4d20ff2cea097b75992e4e5cb2a8ed159e482c0867ad1d5b93ba7d7749a34002,
249,4593201925321274393,https://mienviro.michigan.gov/ncore/downloadpdf/4593201925321274393,200,VERIFIED_IDENTICAL,0249_2018-03-28_SIU-CIU_List.pdf,SIU-CIU_List.xlsx v1,2018-03-28,48997,95a00ade695b98a74eb499dcb17d4e44dba27f6634d6099f145a18eb314c639c,
250,-8199773167501560754,https://mienviro.michigan.gov/ncore/downloadpdf/-8199773167501560754,200,VERIFIED_IDENTICAL,0250_2018-04-13_DMR Daily - MI0020257 _03_01_2018_to_03_31_2018_V1.pdf,DMR Daily - MI0020257 _03_01_2018_to_03_31_2018_V1.docx,2018-04-13,124335,71e5111230fbadd68edcebd8af587bb42f0a9739d14031d215c2ac462aa0775f,
251,-6721065085631102069,https://mienviro.michigan.gov/ncore/downloadpdf/-6721065085631102069,200,VERIFIED_IDENTICAL,0251_2018-04-13_DMR Summary - MI0020257 _03_01_2018_to_03_31_2018_V1.pdf,DMR Summary - MI0020257 _03_01_2018_to_03_31_2018_V1.docx,2018-04-13,105476,42645afc46de5c5aa00ddc428763e1897d4c743c03227e6287e24155746e615c,
252,4841671392581047597,https://mienviro.michigan.gov/ncore/downloadpdf/4841671392581047597,200,VERIFIED_IDENTICAL,0252_2018-04-17_Cadillac WWTP Fecal Method email 041718.pdf,Cadillac WWTP Fecal Method email 041718.msg,2018-04-17,66085,76139a11277a608d2c2e959f07e324d9666ee78f21ca19f661125af9fa8d4973,
253,1922698188754231116,https://mienviro.michigan.gov/ncore/downloadpdf/1922698188754231116,200,VERIFIED_IDENTICAL,0253_2018-04-18_PFAS.pdf,PFAS.msg,2018-04-18,421851,f701e912ca3debda125082bdb71fef5b06533477c48ce17056cd18c55d6faacc,
254,3538327832857428719,https://mienviro.michigan.gov/ncore/downloadpdf/3538327832857428719,200,VERIFIED_IDENTICAL,0254_2018-04-19_RE_ PFAS.pdf,RE_ PFAS.msg,2018-04-19,407089,ae0709a82af7ca67f21653258b859828b03c71fc4d06c207a2d91a24639bcf8e,
255,-4662633947220908881,https://mienviro.michigan.gov/ncore/downloadpdf/-4662633947220908881,200,VERIFIED_IDENTICAL,0255_2018-05-07_Cadillac WWTP May CBOD Exceed 050718.pdf,Cadillac WWTP May CBOD Exceed 050718.msg,2018-05-07,40711,6126a13afdd6f3ad0f94e2e3e229e9cdcdeab5f248fb7d3dc2738f518898f58a,
256,9085707484366763135,https://mienviro.michigan.gov/ncore/downloadpdf/9085707484366763135,200,VERIFIED_IDENTICAL,0256_2018-05-08_Cadillac WWTP May CBOD Exceed 050818.pdf,Cadillac WWTP May CBOD Exceed 050818.msg,2018-05-08,41212,b321f38848869335b89119bbb776fa38380d9db8463142723717fc5f09cb9169,
257,-6061985621999773483,https://mienviro.michigan.gov/ncore/downloadpdf/-6061985621999773483,200,VERIFIED_IDENTICAL,0257_2018-05-08_EM-Hauling Info.pdf,EM-Hauling Info.msg,2018-05-08,1628096,f78183d826bf8b56009928a072b365e44c25c6d6ff3145d39a580bd95897a084,
258,4140922109563058919,https://mienviro.michigan.gov/ncore/downloadpdf/4140922109563058919,200,VERIFIED_IDENTICAL,0258_2018-05-08_IMG951506.pdf,IMG951506.jpg,2018-05-08,220940,c3457e14d4d07d72e08815f6e150e4c1619b826180c16079e794bd10696e334a,
259,-5157977368029054289,https://mienviro.michigan.gov/ncore/downloadpdf/-5157977368029054289,200,VERIFIED_IDENTICAL,0259_2018-05-08_IMG951507.pdf,IMG951507.jpg,2018-05-08,264703,8e589fa7b2086f1d4bab6afff8b48ab10a39d9b18878c64706e67fc4e5716f14,
260,-4934672298598036191,https://mienviro.michigan.gov/ncore/downloadpdf/-4934672298598036191,200,VERIFIED_IDENTICAL,0260_2018-05-08_IMG_0011-cas.pdf,IMG_0011-cas.JPG,2018-05-08,159037,5d11e689db073d014905014ec7585a89882e02f17987d8a40c260a02fe6c5934,
261,-4387202925376745449,https://mienviro.michigan.gov/ncore/downloadpdf/-4387202925376745449,200,VERIFIED_IDENTICAL,0261_2018-05-08_IMG_0012-cas.pdf,IMG_0012-cas.JPG,2018-05-08,155865,32a9d5883452c199cf7a155c15ded92a958fd207953b131d51e4a867e7ab5697,
262,-2399458598275382685,https://mienviro.michigan.gov/ncore/downloadpdf/-2399458598275382685,200,VERIFIED_IDENTICAL,0262_2018-05-08_IMG_0013-cas.pdf,IMG_0013-cas.JPG,2018-05-08,150044,97fa59a9f50fce93a1c62d3ba581970d7b0d0d200137edce7de723db484fc99b,
263,3366351575304018828,https://mienviro.michigan.gov/ncore/downloadpdf/3366351575304018828,200,VERIFIED_IDENTICAL,0263_2018-05-08_IMG_0014-cas.pdf,IMG_0014-cas.JPG,2018-05-08,130640,7039373977982011fceabc69090f4db9fc260760b6cf564afe303de2131eb3e4,
264,4102871430425855324,https://mienviro.michigan.gov/ncore/downloadpdf/4102871430425855324,200,VERIFIED_IDENTICAL,0264_2018-05-08_IMG_0015-cas.pdf,IMG_0015-cas.JPG,2018-05-08,141166,c4a32eb138676ca87d428dad49b64c212467ecf338034770f695da62ab10cb14,
265,1705061446773818631,https://mienviro.michigan.gov/ncore/downloadpdf/1705061446773818631,200,VERIFIED_IDENTICAL,0265_2018-05-08_IMG_0016-cas.pdf,IMG_0016-cas.JPG,2018-05-08,151263,e0e5e6de55a61365e5674437e947d79ebed418b5adc88b3e770b037c1935053b,
266,8003210494888166808,https://mienviro.michigan.gov/ncore/downloadpdf/8003210494888166808,200,VERIFIED_IDENTICAL,0266_2018-05-08_IMG_0017-cas.pdf,IMG_0017-cas.JPG,2018-05-08,162928,7ff390a44b10263f6bb43fbd6b465059562f0f13a2dd09ef94452085a30e25ce,
267,-5904639892816440015,https://mienviro.michigan.gov/ncore/downloadpdf/-5904639892816440015,200,VERIFIED_IDENTICAL,0267_2018-05-08_IMG_0018-cas.pdf,IMG_0018-cas.JPG,2018-05-08,168866,3d5c442b4d351fb2a75f5fce80517f4349dd7dbcc8a36e0aac85087b3b53401c,
268,8660571482855999230,https://mienviro.michigan.gov/ncore/downloadpdf/8660571482855999230,200,VERIFIED_IDENTICAL,0268_2018-05-08_IMG_0019-cas.pdf,IMG_0019-cas.JPG,2018-05-08,167561,88b562bd4225b9a5ebcaee890b6d2c248cca77759cc940e27f391d821f0bda0a,
269,1584946013011353055,https://mienviro.michigan.gov/ncore/downloadpdf/1584946013011353055,200,VERIFIED_IDENTICAL,0269_2018-05-08_IMG_0020-cas.pdf,IMG_0020-cas.JPG,2018-05-08,149428,53bcdf4f7cc59b5e782ef4996d7cbcacfa07639ebd3070db044b5a78bfcff542,
270,-4086204810433318992,https://mienviro.michigan.gov/ncore/downloadpdf/-4086204810433318992,200,VERIFIED_IDENTICAL,0270_2018-05-08_IMG_0021-cas.pdf,IMG_0021-cas.JPG,2018-05-08,150805,0effa35abae80417b7c0e35550460686d184f0b0e193902bc7993579e19905ca,
271,842608613722601915,https://mienviro.michigan.gov/ncore/downloadpdf/842608613722601915,200,VERIFIED_IDENTICAL,0271_2018-05-08_IMG_0022-cas.pdf,IMG_0022-cas.JPG,2018-05-08,163357,602c5ea5d79989262961e35a584f1e363498c8396312254ab81767ca86dc97b8,
272,6450893892153400972,https://mienviro.michigan.gov/ncore/downloadpdf/6450893892153400972,200,VERIFIED_IDENTICAL,0272_2018-05-08_IMG_0023-cas.pdf,IMG_0023-cas.JPG,2018-05-08,168700,58ea9a7d065a816dc9d2127c4945e74c1e24ca854930019b3abe290c7d08bf62,
273,-2399497788243427344,https://mienviro.michigan.gov/ncore/downloadpdf/-2399497788243427344,200,VERIFIED_IDENTICAL,0273_2018-05-08_IMG_0024-cas.pdf,IMG_0024-cas.JPG,2018-05-08,143913,6c4973121529ec08bfc32f4a3e52ef4d232928d26b91744e0436088f3dbbc249,
274,-5444929977877672875,https://mienviro.michigan.gov/ncore/downloadpdf/-5444929977877672875,200,VERIFIED_IDENTICAL,0274_2018-05-08_IMG_0025-cas.pdf,IMG_0025-cas.JPG,2018-05-08,101118,81f649f9dce143aad36896b7c657f458e276ee37251ea47f9aa2a230629237c4,
275,7088981037234495432,https://mienviro.michigan.gov/ncore/downloadpdf/7088981037234495432,200,VERIFIED_IDENTICAL,0275_2018-05-08_IMG_0026-cas.pdf,IMG_0026-cas.JPG,2018-05-08,101265,2905eba4031b43853a26bbfc354c83759cf9281988e20908194086640e9be921,
276,-28324926175105492,https://mienviro.michigan.gov/ncore/downloadpdf/-28324926175105492,200,VERIFIED_IDENTICAL,0276_2018-05-08_IMG_0027-cas.pdf,IMG_0027-cas.JPG,2018-05-08,139056,8184921bbfa0cff3549fa3e8fdbfcbbfe3aaffeb59d23e6cbe926265fad2e6de,
277,6747494849719470224,https://mienviro.michigan.gov/ncore/downloadpdf/6747494849719470224,200,VERIFIED_IDENTICAL,0277_2018-05-08_IMG_0028-cas.pdf,IMG_0028-cas.JPG,2018-05-08,129848,24afeab00ed248837d21e7c50f0456fde64bd69933f9ffccdfd0992573f241b2,
278,-3373831412953128423,https://mienviro.michigan.gov/ncore/downloadpdf/-3373831412953128423,200,VERIFIED_IDENTICAL,0278_2018-05-08_IMG_0029-cas.pdf,IMG_0029-cas.JPG,2018-05-08,129652,6112fd434938986f5bd2b57430ac4a726ebba9697173c7b6241c12d7949412b8,
279,3535436455339375991,https://mienviro.michigan.gov/ncore/downloadpdf/3535436455339375991,200,VERIFIED_IDENTICAL,0279_2018-05-08_IMG_0030-cas.pdf,IMG_0030-cas.JPG,2018-05-08,147489,2f87110fbb10899191d333f936dfc79d7e40ab7247e648a6e11c787ddd482269,
280,-8093064571610602919,https://mienviro.michigan.gov/ncore/downloadpdf/-8093064571610602919,200,VERIFIED_IDENTICAL,0280_2018-05-08_IMG_0031-cas.pdf,IMG_0031-cas.JPG,2018-05-08,145758,10014d860a59c0b1b9858619879da271dd4c72db4589cacf03d951e4ffd98107,
281,4273878836246250660,https://mienviro.michigan.gov/ncore/downloadpdf/4273878836246250660,200,VERIFIED_IDENTICAL,0281_2018-05-08_Pace Biosolids 3-28-2018 Sampling results.pdf,Pace Biosolids 3-28-2018 Sampling results.pdf,2018-05-08,986609,bb9d5bc3d13f0fb497e06dcb9eea1522ff918be4a955f81dd3847066e4661415,
282,-3670737727367029737,https://mienviro.michigan.gov/ncore/downloadpdf/-3670737727367029737,200,VERIFIED_IDENTICAL,0282_2018-05-09_Cadillac WWTP May CBOD Exceed 050918.pdf,Cadillac WWTP May CBOD Exceed 050918.msg,2018-05-09,41365,bc9387288799aab6b8394c5add8fe27e089842b571d6cca1e7781f1dff0cffbd,
283,8194633805971928943,https://mienviro.michigan.gov/ncore/downloadpdf/8194633805971928943,200,VERIFIED_IDENTICAL,0283_2018-05-15_Docs from WWTP.pdf,Docs from WWTP.pdf,2018-05-15,1140282,baec26cc87331a0de5493b2b214b89dde07a912d5d88e97f1589adbf670d4c64,
284,7845561818448436059,https://mienviro.michigan.gov/ncore/downloadpdf/7845561818448436059,200,VERIFIED_IDENTICAL,0284_2018-05-15_IMG_0032-cas.pdf,IMG_0032-cas.JPG,2018-05-15,56529,0e02d3e672f2b7639ae9db2d9e27fadc8c5c2b202a4ed0e1b10bcb65cff03eb5,
285,1278932597267227932,https://mienviro.michigan.gov/ncore/downloadpdf/1278932597267227932,200,VERIFIED_IDENTICAL,0285_2018-05-15_IMG_0033-cas.pdf,IMG_0033-cas.JPG,2018-05-15,74690,22990cf8a6705a4d081d8b134a4f52a69b2ae5ea7938f5fb914783a129769e64,
286,-8678962175045195900,https://mienviro.michigan.gov/ncore/downloadpdf/-8678962175045195900,200,VERIFIED_IDENTICAL,0286_2018-05-16_DMR Daily - MI0020257 _04_01_2018_to_04_30_2018_V1.pdf,DMR Daily - MI0020257 _04_01_2018_to_04_30_2018_V1.docx,2018-05-16,123817,8099902b52a96e5c7cef060c939baef6dd273250a6360e91c60a11ab6aaca078,
287,939677057579643182,https://mienviro.michigan.gov/ncore/downloadpdf/939677057579643182,200,VERIFIED_IDENTICAL,0287_2018-05-16_DMR Summary - MI0020257 _04_01_2018_to_04_30_2018_V1.pdf,DMR Summary - MI0020257 _04_01_2018_to_04_30_2018_V1.docx,2018-05-16,105467,dc425881421bb1383e7eee8d5835463708efef0a0c9a01e8cdd38086eb6c6002,
288,317370923758052594,https://mienviro.michigan.gov/ncore/downloadpdf/317370923758052594,200,VERIFIED_IDENTICAL,0288_2018-05-17_EM-Pathogen results.pdf,EM-Pathogen results.msg,2018-05-17,304739,68a866482177c2fddc838893bb36601828a7712f6ed5563352b2446632053844,
289,-2173118411864624684,https://mienviro.michigan.gov/ncore/downloadpdf/-2173118411864624684,200,VERIFIED_IDENTICAL,0289_2018-05-17_Spring 2018-Pathogen results.pdf,Spring 2018-Pathogen results.pdf,2018-05-17,179840,cb4bdb5ff6aa40744ac7c08197e2d8d8aa08b4d4bbbae82482bdba5a4645a23f,
290,-739906742778535660,https://mienviro.michigan.gov/ncore/downloadpdf/-739906742778535660,200,VERIFIED_IDENTICAL,0290_2018-05-18_Cadillac WWTP 2nd PFAS-IPP Mailing.pdf,Cadillac WWTP 2nd PFAS-IPP Mailing.pdf,2018-05-18,143259,e13fc785334ff3ae00fd36ed88c23332dbd56238910a92ffa498814c00c15acc,
291,-8954288284284844625,https://mienviro.michigan.gov/ncore/downloadpdf/-8954288284284844625,200,VERIFIED_IDENTICAL,0291_2018-05-21_April 2018-RJ02 Soils Test.pdf,April 2018-RJ02 Soils Test.pdf,2018-05-21,121896,560ee45564c8b47022695fb31bcb80f68d082cc52850528fce9b9134844fb5b7,
292,-766849109262881587,https://mienviro.michigan.gov/ncore/downloadpdf/-766849109262881587,200,VERIFIED_IDENTICAL,0292_2018-05-21_EM Tr-Land app rates and info.pdf,EM Tr-Land app rates and info.msg,2018-05-21,249750,93bbc2fe9472151a2f95af66c9ef99dfcc3f9d40616477da330adee977391c7f,
293,2280393261818424283,https://mienviro.michigan.gov/ncore/downloadpdf/2280393261818424283,200,VERIFIED_IDENTICAL,0293_2018-05-23_Cadillac WWTP_PFAS Extension Approval FINAL.pdf,Cadillac WWTP_PFAS Extension Approval FINAL.docx,2018-05-23,103851,57e36bcc9486ed5a74f6a72d1bd86d96d58efff263bf14e8d986d11cfcf6f9c6,
294,7087999755524318816,https://mienviro.michigan.gov/ncore/downloadpdf/7087999755524318816,200,VERIFIED_IDENTICAL,0294_2018-06-12_DMR Daily - MI0020257 _05_01_2018_to_05_31_2018_V1.pdf,DMR Daily - MI0020257 _05_01_2018_to_05_31_2018_V1.docx,2018-06-12,122888,c3f869604c6284399f2d39eb037eaceb0f48e0d2ccbb99f883d769f033e15df4,
295,-7282561946599079844,https://mienviro.michigan.gov/ncore/downloadpdf/-7282561946599079844,200,VERIFIED_IDENTICAL,0295_2018-06-12_DMR Summary - MI0020257 _05_01_2018_to_05_31_2018_V1.pdf,DMR Summary - MI0020257 _05_01_2018_to_05_31_2018_V1.docx,2018-06-12,109899,aedf7a3b2f4cef326dd4dafd902d38aa3e556bfcd78a66dcc091c55cadb0a1ff,
296,-8619958092011217786,https://mienviro.michigan.gov/ncore/downloadpdf/-8619958092011217786,200,VERIFIED_IDENTICAL,0296_2018-06-13_FW_ City of Cadillac Letter.pdf,FW_ City of Cadillac Letter.msg,2018-06-13,470342,fb95496408dbbe7267069734dbd403177aee900d13496721b4e9b0c4c9510504,
297,3628686366959490149,https://mienviro.michigan.gov/ncore/downloadpdf/3628686366959490149,200,VERIFIED_IDENTICAL,0297_2018-06-13_WQBEL Memo - Conventionals (WORD).pdf,WQBEL Memo - Conventionals (WORD).docx,2018-06-13,64604,cf9fd2af33d7efd9edd3870ce8bad4b7a239aec59f4768eb5370f5a9e6cd4ed5,
298,5107184373189296510,https://mienviro.michigan.gov/ncore/downloadpdf/5107184373189296510,200,VERIFIED_IDENTICAL,0298_2018-06-14_NPDES Permit-FINAL_Cadillac WWTP.pdf,NPDES Permit-FINAL_Cadillac WWTP.docx,2018-06-14,242034,9f01fe21418ab3c840b003f2834560b3fbc45edff80eb7baaf73b4fd7a921401,
299,-4108818268125140750,https://mienviro.michigan.gov/ncore/downloadpdf/-4108818268125140750,200,VERIFIED_IDENTICAL,0299_2018-06-15_Cadillac WWTP 2018 CSI Final Sampling Report 061518.pdf,Cadillac WWTP 2018 CSI Final Sampling Report 061518.msg,2018-06-15,131736,8ccde0a7d5d7ba5f773534ebeaa7dfed890e91f1744adb61d70350dd0f821318,
300,6364498015414189768,https://mienviro.michigan.gov/ncore/downloadpdf/6364498015414189768,200,VERIFIED_IDENTICAL,0300_2018-06-27_AAR Mobility Maps and Flow.pdf,AAR Mobility Maps and Flow.pdf,2018-06-27,340031,0fdcd80358546c03ff43eecf8de4afff01a7862b9728948d01f4f32049eb5b73,
301,8924536267863581754,https://mienviro.michigan.gov/ncore/downloadpdf/8924536267863581754,200,VERIFIED_IDENTICAL,0301_2018-07-20_DMR Daily - MI0020257 _06_01_2018_to_06_30_2018_V1.pdf,DMR Daily - MI0020257 _06_01_2018_to_06_30_2018_V1.docx,2018-07-20,122343,df01c847f819c57c013456db0d69d25af5974cbd6dd88310fd52d0f3b3c3d4e2,
302,937337554834513897,https://mienviro.michigan.gov/ncore/downloadpdf/937337554834513897,200,VERIFIED_IDENTICAL,0302_2018-07-20_DMR Summary - MI0020257 _06_01_2018_to_06_30_2018_V1.pdf,DMR Summary - MI0020257 _06_01_2018_to_06_30_2018_V1.docx,2018-07-20,102879,bd36ecb9b5bfa57037da44ead1a8bb2d95d5dc24e19cdd53202efd06887d6147,
303,7890631484964037993,https://mienviro.michigan.gov/ncore/downloadpdf/7890631484964037993,200,VERIFIED_IDENTICAL,0303_2018-07-26_Compliance Correspondence_Cadillac WWTP - Updated Narrative and Flow Diagram.pdf,Compliance Correspondence_Cadillac WWTP - Updated Narrative and Flow Diagram.msg,2018-07-26,260947,7374bc78179a45892a0478b69ca83763916bf0b704888b7d188d48cfc13500cd,
304,3843258762491556904,https://mienviro.michigan.gov/ncore/downloadpdf/3843258762491556904,200,VERIFIED_IDENTICAL,0304_2018-07-30_2018 IPP Screening - Monitoring Plan.180627modif.pdf,2018 IPP Screening - Monitoring Plan.180627modif.pdf v1,2018-07-30,76074,59ebe7478b18ff4565630a2c6ac2c37123fbe212ee88309a7c07f26b5e6bed60,
305,4911742624297732370,https://mienviro.michigan.gov/ncore/downloadpdf/4911742624297732370,200,VERIFIED_IDENTICAL,0305_2018-07-30_AAR PFAS Survey.pdf,AAR PFAS Survey.pdf v1,2018-07-30,390218,6006a1f4cb314cdbacdee13eb67403ce2e7a0b9f01c07a755edb05c501361582,
306,-7526274208066539815,https://mienviro.michigan.gov/ncore/downloadpdf/-7526274208066539815,200,VERIFIED_IDENTICAL,0306_2018-07-30_APS PFAS Screening.pdf,APS PFAS Screening.pdf v1,2018-07-30,1073011,6150935a50195c0b7cd51a4e7cfd3caccd1dec302ff978a9c71bdd86e0db5234,
307,5907977853460013045,https://mienviro.michigan.gov/ncore/downloadpdf/5907977853460013045,200,VERIFIED_IDENTICAL,0307_2018-07-30_American Waste PFAS Survey.pdf,American Waste PFAS Survey.pdf v1,2018-07-30,272313,aca419b24a35ce99ee82caae61906d54f44457c13274a7d4c63ae0dc8225eea8,
308,9098738459686432357,https://mienviro.michigan.gov/ncore/downloadpdf/9098738459686432357,200,VERIFIED_IDENTICAL,0308_2018-07-30_Arvco PFAS Survey.pdf,Arvco PFAS Survey.pdf v1,2018-07-30,162483,8b1eb1233c097f0a53685d12cf3d1eec18754349ff802c0487998985328a39b9,
309,63610395187544635,https://mienviro.michigan.gov/ncore/downloadpdf/63610395187544635,200,VERIFIED_IDENTICAL,0309_2018-07-30_Avon PFAS Survey.pdf,Avon PFAS Survey.pdf v1,2018-07-30,374437,657285696a073f18840c82b90edfdb1508c2db83430d067dede0dc7952160e80,
310,-2532227711322477530,https://mienviro.michigan.gov/ncore/downloadpdf/-2532227711322477530,200,VERIFIED_IDENTICAL,0310_2018-07-30_CCI PFAS Survey.pdf,CCI PFAS Survey.pdf v1,2018-07-30,1474729,8df2dd3809eb4434f103a11ba169f967dc876408c55f3c8ce017104a63885d28,
311,-5118843658505132177,https://mienviro.michigan.gov/ncore/downloadpdf/-5118843658505132177,200,VERIFIED_IDENTICAL,0311_2018-07-30_FIAMM PFAS Survey.pdf,FIAMM PFAS Survey.pdf v1,2018-07-30,337960,da3654230044de0209d67de08425735a2f33cd3f5651663824abe82c9ed2e58e,
312,-4128789177103566747,https://mienviro.michigan.gov/ncore/downloadpdf/-4128789177103566747,200,VERIFIED_IDENTICAL,0312_2018-07-30_HAVS PFAS Survey.pdf,HAVS PFAS Survey.docx v1,2018-07-30,88296,ad6871ee05f1b9f5d8579995eea1a1062f70cd60e2665a402b778ca33af1da65,
313,-2838228056125865720,https://mienviro.michigan.gov/ncore/downloadpdf/-2838228056125865720,200,VERIFIED_IDENTICAL,0313_2018-07-30_HNF-P7H3-DCN87 V1.pdf,HNF-P7H3-DCN87 V1.pdf v1,2018-07-30,53376,c84ac8484363839feb2f3923c72983c8b022805a633bbee6f91bbd2b80969a77,
314,-1446023942601055554,https://mienviro.michigan.gov/ncore/downloadpdf/-1446023942601055554,200,VERIFIED_IDENTICAL,0314_2018-07-30_Mich Rubber PFAS Survey.pdf,Mich Rubber PFAS Survey.pdf v1,2018-07-30,1290292,d49346f88b05ce7a5f0e5d759c7de3f750bc79d2827f05c6b97542453ce66bfe,
315,-6363618274501369148,https://mienviro.michigan.gov/ncore/downloadpdf/-6363618274501369148,200,VERIFIED_IDENTICAL,0315_2018-07-30_Mich Rubber Response.pdf,Mich Rubber Response.pdf v1,2018-07-30,125367,ee731288aff7fba873f92e8a74f48ee90c2468ccbc9d0dfbe6f0a4c9355cd6ae,
316,-7794513103865681017,https://mienviro.michigan.gov/ncore/downloadpdf/-7794513103865681017,200,VERIFIED_IDENTICAL,0316_2018-07-30_Piranha PFAS Survey.pdf,Piranha PFAS Survey.pdf v1,2018-07-30,1331973,4557eb333865200c9aee1eddeb639d8ab62f2033700e563a118ac90cbad1f2d2,
317,3440402819179881000,https://mienviro.michigan.gov/ncore/downloadpdf/3440402819179881000,200,VERIFIED_IDENTICAL,0317_2018-07-30_Rec Boat PFAS Survey.pdf,Rec Boat PFAS Survey.pdf v1,2018-07-30,2930439,d5fd7e629de76b9aaa8cfa904b5cfde9e9c223e2d568294e08a09bf0e97f5ade,
318,4128855838564109461,https://mienviro.michigan.gov/ncore/downloadpdf/4128855838564109461,200,VERIFIED_IDENTICAL,0318_2018-07-30_Spencer Plastic PFAS Survey.pdf,Spencer Plastic PFAS Survey.pdf v1,2018-07-30,24694,d658c9a8fe835a36239ce9d174748a9539d5162aa38e522b39428370ee57d972,
319,8260746469098060718,https://mienviro.michigan.gov/ncore/downloadpdf/8260746469098060718,200,VERIFIED_IDENTICAL,0319_2018-07-31_Application Incomplete Ltr-Compliance_Cadillac WWTP_Final Narrative and Flow Diagram.pdf,Application Incomplete Ltr-Compliance_Cadillac WWTP_Final Narrative and Flow Diagram.msg,2018-07-31,322291,d39c22bf47ab8eb869c1a94552143035b991e0759206c16c33233b2b9a30cf73,
320,-6957847096866406337,https://mienviro.michigan.gov/ncore/downloadpdf/-6957847096866406337,200,VERIFIED_IDENTICAL,0320_2018-08-02_Basis for Decision Memo-FINAL_Cadillac WWTP.pdf,Basis for Decision Memo-FINAL_Cadillac WWTP.docx,2018-08-02,92428,ce395833a637f5b5b89d9f16dc046283691ed653046c4734bd419df6c62c34e8,
321,-5308550134164369318,https://mienviro.michigan.gov/ncore/downloadpdf/-5308550134164369318,200,VERIFIED_IDENTICAL,0321_2018-08-02_Fact Sheet_Cadillac WWTP.pdf,Fact Sheet_Cadillac WWTP.docx,2018-08-02,940617,0b7e9c09363ef4b4e033aea714a6f28f067450885db25a15cb25fafbaaa3ac57,
322,-4635650844082025800,https://mienviro.michigan.gov/ncore/downloadpdf/-4635650844082025800,200,VERIFIED_IDENTICAL,0322_2018-08-02_Public Notice Document_Cadillac WWTP.pdf,Public Notice Document_Cadillac WWTP.docx,2018-08-02,53213,987cffc548fab237bce8fdc70ffeb501a206e9025503c6e3be05e6c599fcd007,
323,-3619680789938111605,https://mienviro.michigan.gov/ncore/downloadpdf/-3619680789938111605,200,VERIFIED_IDENTICAL,0323_2018-08-14_DMR Daily - MI0020257 _07_01_2018_to_07_31_2018_V1.pdf,DMR Daily - MI0020257 _07_01_2018_to_07_31_2018_V1.docx,2018-08-14,122935,9b8490fc70ca42c920ad279ebd725691d650033eed5f7c45a1756b1be58e418a,
324,3024585747262726508,https://mienviro.michigan.gov/ncore/downloadpdf/3024585747262726508,200,VERIFIED_IDENTICAL,0324_2018-08-14_DMR Summary - MI0020257 _07_01_2018_to_07_31_2018_V1.pdf,DMR Summary - MI0020257 _07_01_2018_to_07_31_2018_V1.docx,2018-08-14,102873,9aea7b5c5fedd297bd39e06b105fc7031a27d81cc12e7762a0a8f954b02d0f7a,
325,-295355443072597213,https://mienviro.michigan.gov/ncore/downloadpdf/-295355443072597213,200,VERIFIED_IDENTICAL,0325_2018-08-31_Cadillac WWTP DMRQA 38 083118.pdf,Cadillac WWTP DMRQA 38 083118.pdf,2018-08-31,723932,98fd1431acc18dbf9bb45bd7e7efc84f13fb4e51ef00ca3d56faee9a49154200,
326,9171882716938331285,https://mienviro.michigan.gov/ncore/downloadpdf/9171882716938331285,200,VERIFIED_IDENTICAL,0326_2018-09-12_Additional Email Correspondence_Asset Management Conversation.pdf,Additional Email Correspondence_Asset Management Conversation.msg,2018-09-12,70741,ef6102a6d438556826a312a1eb87af4c9d74f4377d8fd63a3739e0d71aeb74d4,
327,7058332325169357574,https://mienviro.michigan.gov/ncore/downloadpdf/7058332325169357574,200,VERIFIED_IDENTICAL,0327_2018-09-19_DMR Daily - MI0020257 _08_01_2018_to_08_31_2018_V1.pdf,DMR Daily - MI0020257 _08_01_2018_to_08_31_2018_V1.docx,2018-09-19,123003,43ca95b8b2d5a19ce60fdfc1b6ebbc43d49e0fee7b321025ca02068b1f050a1a,
328,3274353425299284275,https://mienviro.michigan.gov/ncore/downloadpdf/3274353425299284275,200,VERIFIED_IDENTICAL,0328_2018-09-19_DMR Summary - MI0020257 _08_01_2018_to_08_31_2018_V1.pdf,DMR Summary - MI0020257 _08_01_2018_to_08_31_2018_V1.docx,2018-09-19,103093,91739aa239087838f4c241baa3bad95d01aaf77fa65080fb68b957e014da20af,
329,-343730904032096154,https://mienviro.michigan.gov/ncore/downloadfile/-343730904032096154,200,VERIFIED_IDENTICAL,0329_2018-09-19_RE_ Cadillac WWTP - IPP PFAS Interim Report Review (1).msg,RE_ Cadillac WWTP - IPP PFAS Interim Report Review (1).msg,2018-09-19,13008384,8a3bd87430323401c83641a932f6fa570f200ca59e74bd6230effc85e58ed711,
330,6449269443969004594,https://mienviro.michigan.gov/ncore/downloadfile/6449269443969004594,200,VERIFIED_IDENTICAL,0330_2018-09-19_RE_ Cadillac WWTP - IPP PFAS Interim Report Review.msg,RE_ Cadillac WWTP - IPP PFAS Interim Report Review.msg,2018-09-19,12988416,391d2cff96ef63efa02cb2ff6dff500c3fbe9a7f0a40340e4edb55e97b300ffe,
331,4781418742612633433,https://mienviro.michigan.gov/ncore/downloadpdf/4781418742612633433,200,VERIFIED_IDENTICAL,0331_2018-09-20_Additional Email Correspondence_Chlorine and UV Inquiry.pdf,Additional Email Correspondence_Chlorine and UV Inquiry.msg,2018-09-20,101035,b0440ae9e001fac873727208551d12fb6ab0c8fb4d5d8f5d44b48d3e7058e2b8,
332,4951764546287509111,https://mienviro.michigan.gov/ncore/downloadpdf/4951764546287509111,200,VERIFIED_IDENTICAL,0332_2018-09-20_RE_ Cadillac WWTP - IPP PFAS Interim Report Review.pdf,RE_ Cadillac WWTP - IPP PFAS Interim Report Review.msg,2018-09-20,95451,7797237d5b67735ffd7e012ec867baa489e1e2c0fe581b03779be7cea17b9e71,
333,-4405780203920524018,https://mienviro.michigan.gov/ncore/downloadpdf/-4405780203920524018,200,VERIFIED_IDENTICAL,0333_2018-09-21_FY18 Biosolids Audit Report.pdf,FY18 Biosolids Audit Report.docx,2018-09-21,89345,b4415d494c06264e6369f86cdc6261e15f5bb7f020c3c45553c124031f082be6,
334,4078388779723838203,https://mienviro.michigan.gov/ncore/downloadpdf/4078388779723838203,200,VERIFIED_IDENTICAL,0334_2018-09-24_Cadillac WWTP Letter to DEQ - Biosolids Incorporation.pdf,Cadillac WWTP Letter to DEQ - Biosolids Incorporation.pdf,2018-09-24,163660,e781964c5fa7df4788e2f4435f6231fcd362584a95ffcd4a449fe73ea3840a8e,
335,-7264173746534175124,https://mienviro.michigan.gov/ncore/downloadpdf/-7264173746534175124,200,VERIFIED_IDENTICAL,0335_2018-09-24_EM Tr-Biosolids Incorp Letters.pdf,EM Tr-Biosolids Incorp Letters.msg,2018-09-24,110046,c25124a8fa0beccadfbe5bdb51caf1aa5b3f8dfe768ea8bcf15422cf33107c23,
336,-7043507367343532193,https://mienviro.michigan.gov/ncore/downloadpdf/-7043507367343532193,200,VERIFIED_IDENTICAL,0336_2018-09-24_EM-Biosolids Incorp Letters.pdf,EM-Biosolids Incorp Letters.msg,2018-09-24,707691,ce0611e83642661039e9f56698c25cd5807960e0f7525edc3057efd7cb648137,
337,-6232070511699409849,https://mienviro.michigan.gov/ncore/downloadpdf/-6232070511699409849,200,VERIFIED_IDENTICAL,0337_2018-09-24_MII Letter to Cadillac WWTP - Biosolids Incorporation.pdf,MII Letter to Cadillac WWTP - Biosolids Incorporation.pdf,2018-09-24,483153,05b220622b31649b19c85e2486d1ebd78e62b3d351ec43b78550181492689bce,
338,5826779191242185880,https://mienviro.michigan.gov/ncore/downloadpdf/5826779191242185880,200,VERIFIED_IDENTICAL,0338_2018-10-01_Additional Email Correspondence_Asset Management Conversation.pdf,Additional Email Correspondence_Asset Management Conversation.msg,2018-10-01,70741,afcd71d2de4c88414ea73be67f47462e02d580d4c037faebfc3c7463db761da0,
339,8887558777852619651,https://mienviro.michigan.gov/ncore/downloadpdf/8887558777852619651,200,VERIFIED_IDENTICAL,0339_2018-10-10_FY18 Biosolids Audit Transmittal.pdf,FY18 Biosolids Audit Transmittal.docx,2018-10-10,96928,18153c926f678f1e3fb3011099d4ea16e80d997dde755e4decc49678e564bf9a,
340,5868232613343772688,https://mienviro.michigan.gov/ncore/downloadpdf/5868232613343772688,200,VERIFIED_IDENTICAL,0340_2018-10-11_Cadillac Asset Mngmnt Email 101118.pdf,Cadillac Asset Mngmnt Email 101118.msg,2018-10-11,139036,6cadb6a96e6b262511e4da41d02eca4ce80680ad0cd924e7c68857a881062121,
341,1259500000165986272,https://mienviro.michigan.gov/ncore/downloadpdf/1259500000165986272,200,VERIFIED_IDENTICAL,0341_2018-10-15_Arvco email.pdf,Arvco email.pdf,2018-10-15,114035,4ba3a6860e30f0b39318fbf746a98d1dd46f43c13f7407b43e92c41e60accf55,
342,4248551297065010540,https://mienviro.michigan.gov/ncore/downloadfile/4248551297065010540,200,VERIFIED_IDENTICAL,0342_2018-10-15_RE_ Cadillac WWTP - IPP PFAS Interim Report Review1.msg,RE_ Cadillac WWTP - IPP PFAS Interim Report Review1.msg,2018-10-15,12987392,093e0c3a6ec733cfa76d58e3724a44eb3127fba949f7bd633782645c54bcc13e,
343,-5369706285084473786,https://mienviro.michigan.gov/ncore/downloadpdf/-5369706285084473786,200,VERIFIED_IDENTICAL,0343_2018-10-18_DMR Daily - MI0020257 _09_01_2018_to_09_30_2018_V1.pdf,DMR Daily - MI0020257 _09_01_2018_to_09_30_2018_V1.docx,2018-10-18,122147,1de9031268c995504f323f0465091b870bd51087ef8d1a4b72a73c580209c55a,
344,-1700270472071699743,https://mienviro.michigan.gov/ncore/downloadpdf/-1700270472071699743,200,VERIFIED_IDENTICAL,0344_2018-10-18_DMR Summary - MI0020257 _09_01_2018_to_09_30_2018_V1.pdf,DMR Summary - MI0020257 _09_01_2018_to_09_30_2018_V1.docx,2018-10-18,102864,90beef2be8655e194eae5235dc895d630d8da027544e9257ee64c1e2854d5c72,
345,2463402374930903482,https://mienviro.michigan.gov/ncore/downloadpdf/2463402374930903482,200,VERIFIED_IDENTICAL,0345_2018-10-23_EM-CCd Correspondence Biosolids Audit Letter FY18.pdf,EM-CCd Correspondence Biosolids Audit Letter FY18.msg,2018-10-23,181973,33c798118a54468a48cb6c2f6ec8e290f20b0e73211d5241e9464a845a9ca1ac,
346,7290824506602760518,https://mienviro.michigan.gov/ncore/downloadpdf/7290824506602760518,200,VERIFIED_IDENTICAL,0346_2018-10-29_Additional Email Correspondence_Storm Water Coverage.pdf,Additional Email Correspondence_Storm Water Coverage.msg,2018-10-29,50958,a28b62aee66a221712afcdc57eb1042e7b89be7f6a205b94e6882cf5bea32320,
347,-6472403507316648453,https://mienviro.michigan.gov/ncore/downloadpdf/-6472403507316648453,200,VERIFIED_IDENTICAL,0347_2018-10-29_DMR Summary - MI0020257 _10_01_2017_to_09_30_2018_V1.pdf,DMR Summary - MI0020257 _10_01_2017_to_09_30_2018_V1.docx,2018-10-29,103193,33aa7169055854696bd202b4250aac65ffd5be455759186399e03f595a70e9cf,
348,-3935179264562711398,https://mienviro.michigan.gov/ncore/downloadpdf/-3935179264562711398,200,VERIFIED_IDENTICAL,0348_2018-10-29_Dyneon discussion Cadillac.pdf,Dyneon discussion Cadillac.docx,2018-10-29,20081,adc77e29ceea4fc83e4c66e6e2f6db1eafd556032b10dd4d4e682e2d1b7bc1e6,
349,7777500079687113609,https://mienviro.michigan.gov/ncore/downloadpdf/7777500079687113609,200,VERIFIED_IDENTICAL,0349_2018-10-29_FW_ TestAmerica invoice and report files from 190-17646-1 City of Cadillac.pdf,FW_ TestAmerica invoice and report files from 190-17646-1 City of Cadillac.msg,2018-10-29,2696076,ca6efe433ab08346623353b57ec08024167a2d0f4b8eeb3d06818537641933d7,
350,-301703658211288257,https://mienviro.michigan.gov/ncore/downloadpdf/-301703658211288257,200,VERIFIED_IDENTICAL,0350_2018-10-29_FY18 Applier Certification-Management Practices.pdf,FY18 Applier Certification-Management Practices.pdf v1,2018-10-29,567827,d5f1f1b14e9f9c437cb3d950e5f1630338395afc1fc26124b68fae5d8984b4da,
351,-2132341974653224993,https://mienviro.michigan.gov/ncore/downloadpdf/-2132341974653224993,200,VERIFIED_IDENTICAL,0351_2018-10-29_FY18 Applier-Class B Pathogen and Site Restriction Cert-Spring 2018.pdf,FY18 Applier-Class B Pathogen and Site Restriction Cert-Spring 2018.pdf v1,2018-10-29,800083,cf5b3e4bfb8c81aced2c644bf28f081e5a9f253e31a8542314b45e120cf98de2,
352,2347978798435200639,https://mienviro.michigan.gov/ncore/downloadpdf/2347978798435200639,200,VERIFIED_IDENTICAL,0352_2018-10-29_FY18 Applier-Class B Site Restrictions Cert-Fall 2017.pdf,FY18 Applier-Class B Site Restrictions Cert-Fall 2017.doc v1,2018-10-29,58389,25f276fc9cccff5e22bd8bd758c9efb1a22b9230f672a7723b78effb6d744a9d,
353,-685056191163607732,https://mienviro.michigan.gov/ncore/downloadpdf/-685056191163607732,200,VERIFIED_IDENTICAL,0353_2018-10-29_FY18 Applier-Mgt Practices Cert-Fall 2017.pdf,FY18 Applier-Mgt Practices Cert-Fall 2017.doc v1,2018-10-29,63328,3d2fa2c3a992f0925778fc939b11fa2736d97a29f3c54818fcdcd2784b8ed6ae,
354,-9056692038543053966,https://mienviro.michigan.gov/ncore/downloadpdf/-9056692038543053966,200,VERIFIED_IDENTICAL,0354_2018-10-29_FY18 Applier-VAR Certification-Spring 2018.pdf,FY18 Applier-VAR Certification-Spring 2018.pdf v1,2018-10-29,486945,9718e75cd7cf9be6f5ee4c8f031cff878a58fb5075ad3c0604db3d22eadf487b,
355,6403317132604385721,https://mienviro.michigan.gov/ncore/downloadpdf/6403317132604385721,200,VERIFIED_IDENTICAL,0355_2018-10-29_FY18 As Applied 20N07W07-RJ02.pdf,FY18 As Applied 20N07W07-RJ02.pdf v1,2018-10-29,1037004,91525a5f551a20d945af50afa5ecb81c79200baee3e77bd74e96c3ceaa243729,
356,4146064223203263226,https://mienviro.michigan.gov/ncore/downloadpdf/4146064223203263226,200,VERIFIED_IDENTICAL,0356_2018-10-29_FY18 As Applied 21N09W19-TC01.pdf,FY18 As Applied 21N09W19-TC01.pdf v1,2018-10-29,1044356,11c02dd080de4d604cc714ccb1f8e5bb8430594364631296e0ced58ec692c4e2,
357,7576125700585566965,https://mienviro.michigan.gov/ncore/downloadpdf/7576125700585566965,200,VERIFIED_IDENTICAL,0357_2018-10-29_FY18 As Applied 21N09W20-TC01.pdf,FY18 As Applied 21N09W20-TC01.pdf v1,2018-10-29,1053152,d75e18c8d8cd981b345387f61c63d95495757d381e6426be22c8c0420db64dba,
358,-7032330395000084913,https://mienviro.michigan.gov/ncore/downloadpdf/-7032330395000084913,200,VERIFIED_IDENTICAL,0358_2018-10-29_FY18 As Applied 21N09W30-GR01.pdf,FY18 As Applied 21N09W30-GR01.pdf v1,2018-10-29,1019048,1850799eb31d4b9c6e4478febfa95a3b0494895132c1be551ad00d045d26c6c4,
359,2645334160893073868,https://mienviro.michigan.gov/ncore/downloadpdf/2645334160893073868,200,VERIFIED_IDENTICAL,0359_2018-10-29_FY18 As Applied 23N10W29-NS01.pdf,FY18 As Applied 23N10W29-NS01.xlsx v1,2018-10-29,196259,19748ebd713bfa5feee1480f64d6907fd150eb574c37d5a4f3f30b5b139bcdca,
360,-4976390370056266928,https://mienviro.michigan.gov/ncore/downloadpdf/-4976390370056266928,200,VERIFIED_IDENTICAL,0360_2018-10-29_FY18 Biosolids Metals and Nutrient Results.pdf,FY18 Biosolids Metals and Nutrient Results.pdf v1,2018-10-29,186142,7976b96f00295a900fb4304850a5d10875b2f72906bf8a2108d7d3fbf3f1ace2,
361,-276971073099901928,https://mienviro.michigan.gov/ncore/downloadpdf/-276971073099901928,200,VERIFIED_IDENTICAL,0361_2018-10-29_FY18 Biosolids Metals and Nutrient Results.pdf,FY18 Biosolids Metals and Nutrient Results.pdf v1,2018-10-29,986609,bb9d5bc3d13f0fb497e06dcb9eea1522ff918be4a955f81dd3847066e4661415,
362,-8344340778069091413,https://mienviro.michigan.gov/ncore/downloadpdf/-8344340778069091413,200,VERIFIED_IDENTICAL,0362_2018-10-29_FY18 Daily Solids Log.pdf,FY18 Daily Solids Log.pdf v1,2018-10-29,145831,3f2a6c4f849908ef7b665083a26f54a37e46105c0d8830eedeb0b00370841a7c,
363,-2551312139639093636,https://mienviro.michigan.gov/ncore/downloadpdf/-2551312139639093636,200,VERIFIED_IDENTICAL,0363_2018-10-29_FY18 Daily Total Solids log.pdf,FY18 Daily Total Solids log.pdf v1,2018-10-29,128419,e80dbf8ded15c88947a102a97348d077e4d4c27fb5b17d7485ba78e6bc31c947,
364,1281372020643953927,https://mienviro.michigan.gov/ncore/downloadpdf/1281372020643953927,200,VERIFIED_IDENTICAL,0364_2018-10-29_FY18 Fecal-Enteric-Etc Results.pdf,FY18 Fecal-Enteric-Etc Results.pdf v1,2018-10-29,417106,d25b1d7f6de8ec5dbe959c7f2049e76c5e43fb07f3ca8c0146ad74bf5978a445,
365,2125445999343170799,https://mienviro.michigan.gov/ncore/downloadpdf/2125445999343170799,200,VERIFIED_IDENTICAL,0365_2018-10-29_FY18 Fecal-Enteric-Etc Results.pdf,FY18 Fecal-Enteric-Etc Results.pdf v1,2018-10-29,414125,03507ff794218b2b50b0244c9af479f63c4fd9110ec7b3ed0eca919ee6e67237,
366,-3217469014007656711,https://mienviro.michigan.gov/ncore/downloadpdf/-3217469014007656711,200,VERIFIED_IDENTICAL,0366_2018-10-29_FY18 Generator-Pathogen Reduction Process Cert.pdf,FY18 Generator-Pathogen Reduction Process Cert.pdf v1,2018-10-29,230155,a628bbbf6689894cf59e50cc614b318323a57ad8326263a514184f9b3cc353ca,
367,1580110436075585993,https://mienviro.michigan.gov/ncore/downloadpdf/1580110436075585993,200,VERIFIED_IDENTICAL,0367_2018-10-29_FY18 LA Site Information.pdf,FY18 LA Site Information.pdf v1,2018-10-29,1280864,9f26346cce7ab915b5227867638166ba1f472f948b2a88acd6f38d5054abac63,
368,6596682446003695951,https://mienviro.michigan.gov/ncore/downloadpdf/6596682446003695951,200,VERIFIED_IDENTICAL,0368_2018-10-29_FY18 Temp Logs.pdf,FY18 Temp Logs.pdf v1,2018-10-29,986271,875feec6084782bae4c5f77f0f380fb4600143653665a8a777ec1de465c9b88a,
369,7591858704755305697,https://mienviro.michigan.gov/ncore/downloadpdf/7591858704755305697,200,VERIFIED_IDENTICAL,0369_2018-10-29_FY18 Temp Logs.pdf,FY18 Temp Logs.pdf v1,2018-10-29,988375,42d17aeb413aceb79419e3698cab0ee0e5881b3258b53d5943a0cfc1360a83d3,
370,-4484987493854053281,https://mienviro.michigan.gov/ncore/downloadpdf/-4484987493854053281,200,VERIFIED_IDENTICAL,0370_2018-10-29_HNH-M790-67ZPK V1.pdf,HNH-M790-67ZPK V1.pdf v1,2018-10-29,75733,bc95e1748847c7398136bf75612df98daefb5668dc5e0633b38abae0520deae1,
371,-5755238388065931422,https://mienviro.michigan.gov/ncore/downloadpdf/-5755238388065931422,200,VERIFIED_IDENTICAL,0371_2018-11-01_RE_ Cadillac WWTP - IPP PFAS Interim Report Review.pdf,RE_ Cadillac WWTP - IPP PFAS Interim Report Review.msg,2018-11-01,111787,e56bcc9aa04c55dfb312989e3c622ecc031edd8ca8bdb2da9654e0f0d5eb7b2e,
372,-7625399138862663878,https://mienviro.michigan.gov/ncore/downloadpdf/-7625399138862663878,200,VERIFIED_IDENTICAL,0372_2018-11-01_RE_ Cadillac WWTP - IPP PFAS Interim Report Review2.pdf,RE_ Cadillac WWTP - IPP PFAS Interim Report Review2.msg,2018-11-01,111787,c73c0b45e14a47e6b989cce89a4f50a85fa6790addae092cd28e1cddefcd8049,
373,8236365490693403605,https://mienviro.michigan.gov/ncore/downloadpdf/8236365490693403605,200,VERIFIED_IDENTICAL,0373_2018-11-05_HNH-YJTD-MY6A8 V1.pdf,HNH-YJTD-MY6A8 V1.pdf v1,2018-11-05,60725,2c51adcacdfd4ea1ef78a5a61070583161bebe12994dec4057d263385b8e8789,
374,-1449555407544169069,https://mienviro.michigan.gov/ncore/downloadpdf/-1449555407544169069,200,VERIFIED_IDENTICAL,0374_2018-11-07_FW_ TestAmerica invoice and report files from 190-17646-1 City of Cadillac.pdf,FW_ TestAmerica invoice and report files from 190-17646-1 City of Cadillac.msg,2018-11-07,2696076,17dfcc25e8a000c958df286900ed43baac2eb39801eb502c8fa3d21f0fc88dfa,
375,4483220564335637102,https://mienviro.michigan.gov/ncore/downloadpdf/4483220564335637102,200,VERIFIED_IDENTICAL,0375_2018-11-13_DMR Daily - MI0020257 _10_01_2018_to_10_31_2018_V1.pdf,DMR Daily - MI0020257 _10_01_2018_to_10_31_2018_V1.docx,2018-11-13,122963,0c5a0a71c4b1dbf7a33f2e4b4b1b086b0dcc86f3aa6613150784be16a60945b5,
376,8871183022449392714,https://mienviro.michigan.gov/ncore/downloadpdf/8871183022449392714,200,VERIFIED_IDENTICAL,0376_2018-11-13_DMR Summary - MI0020257 _10_01_2018_to_10_31_2018_V1.pdf,DMR Summary - MI0020257 _10_01_2018_to_10_31_2018_V1.docx,2018-11-13,102867,603d7b287597364807b1168c9d69e179fbc08ce89eb68cb90169f57dee6205be,
377,-277633430264230949,https://mienviro.michigan.gov/ncore/downloadpdf/-277633430264230949,200,VERIFIED_IDENTICAL,0377_2018-11-15_EM-FY18 LA docs and DTs submitted for Biosolids AR - Questions.pdf,EM-FY18 LA docs and DTs submitted for Biosolids AR - Questions.msg,2018-11-15,174196,94e97de916f5f14d0a7112d8e03cef06da869badca8b97a6dc47d2d4c7165555,
378,3140966257682029726,https://mienviro.michigan.gov/ncore/downloadpdf/3140966257682029726,200,VERIFIED_IDENTICAL,0378_2018-11-15_should have picked this one.pdf,should have picked this one.jpg,2018-11-15,64444,ec29dcecf5c03f89a2f61eb3ce84ea0c8d9b2e3b477fc6c5e0e08d1975a7b085,
379,-463334436691465071,https://mienviro.michigan.gov/ncore/downloadpdf/-463334436691465071,200,VERIFIED_IDENTICAL,0379_2018-11-26_Cadillac WWTP BOD Exceed 112618.pdf,Cadillac WWTP BOD Exceed 112618.msg,2018-11-26,56072,e6d0ab9cc039e88e0772daf9914ea63377cdb9400888d5ccffacdfeabc5a11de,
380,7983495502099291771,https://mienviro.michigan.gov/ncore/downloadpdf/7983495502099291771,200,VERIFIED_IDENTICAL,0380_2018-11-28_EM-FY18 LA docs and DTs submitted for Biosolids AR - revised certification.pdf,EM-FY18 LA docs and DTs submitted for Biosolids AR - revised certification.msg,2018-11-28,1316743,c16cd45d65b88d29454d9de85e374a1c28a45ef1a03c405ce6086c6e4a8038f3,
381,2316673613866669392,https://mienviro.michigan.gov/ncore/downloadpdf/2316673613866669392,200,VERIFIED_IDENTICAL,0381_2018-11-28_FY18 Applier Certification - Revised.pdf,FY18 Applier Certification - Revised.pdf,2018-11-28,1166708,2459f854b82086767c0ce2dc9e75d60e7b01f5e7930edb74aa7b0fddeeb43f2d,
382,7542728895285267816,https://mienviro.michigan.gov/ncore/downloadpdf/7542728895285267816,200,VERIFIED_IDENTICAL,0382_2018-11-29_2018 IPP Screening - Monitoring Plan.Update181130.pdf,2018 IPP Screening - Monitoring Plan.Update181130.pdf v1,2018-11-29,86584,2dd8cd38dcb9b088a53fde3a81406d639341960e223ea1271fcad123ab8ce034,
383,3092683663291337793,https://mienviro.michigan.gov/ncore/downloadpdf/3092683663291337793,200,VERIFIED_IDENTICAL,0383_2018-11-29_HNJ-P0ZX-8AVDS V1.pdf,HNJ-P0ZX-8AVDS V1.pdf v1,2018-11-29,52125,7cac269c4207f212eae8b5587cda7a9c38ed8db720560a4b9c803041f383cc97,
384,792182164173532957,https://mienviro.michigan.gov/ncore/downloadpdf/792182164173532957,200,VERIFIED_IDENTICAL,0384_2018-11-29_J17646-1 UDS Level 2 Report Final Report (Leachate).pdf,J17646-1 UDS Level 2 Report Final Report (Leachate).pdf v1,2018-11-29,2220096,f14db99c8153f5bb88297170433b6195aa16344f8c44a173f687b4c76fd577e6,
385,7128560501718319606,https://mienviro.michigan.gov/ncore/downloadpdf/7128560501718319606,200,VERIFIED_IDENTICAL,0385_2018-12-05_EM-FY18 LA docs and DTs submitted for Biosolids AR-revsd cert-needs applier signature....pdf,EM-FY18 LA docs and DTs submitted for Biosolids AR-revsd cert-needs applier signature....msg,2018-12-05,153743,deb80a8738e8e4a32fef5a9496f0f89d984f194047a166e450d43d383ba897d1,
386,6582700003823858583,https://mienviro.michigan.gov/ncore/downloadpdf/6582700003823858583,200,VERIFIED_IDENTICAL,0386_2018-12-10_EM-FY18 Biosolids DT numbers - plus info.pdf,EM-FY18 Biosolids DT numbers - plus info.msg,2018-12-10,82432,117265ae523cec936cfbdefc6ee31dc3a00bea0a315f3f19caa0167296e9340e,
387,-6300108423290621305,https://mienviro.michigan.gov/ncore/downloadpdf/-6300108423290621305,200,VERIFIED_IDENTICAL,0387_2018-12-12_Cadillac_PFAS RE_ Voicemail Message.pdf,Cadillac_PFAS RE_ Voicemail Message.msg,2018-12-12,5263974,4b10f7c1edf2355b4f4d7a59e186f14f3bda33b3cd864ed5e07e2a3e4de4926c,
388,-3859762491865917202,https://mienviro.michigan.gov/ncore/downloadpdf/-3859762491865917202,200,VERIFIED_IDENTICAL,0388_2018-12-12_RE_ Voicemail Message.pdf,RE_ Voicemail Message.msg,2018-12-12,5263974,57ed2d4d18ebeaef0ee37dfc002131f82e0343b32f3a8c240b6a1642fd1ccd23,
389,-7023703655846332926,https://mienviro.michigan.gov/ncore/downloadpdf/-7023703655846332926,200,VERIFIED_IDENTICAL,0389_2018-12-14_Cadillac_PFAS RE_ Voicemail Message.pdf,Cadillac_PFAS RE_ Voicemail Message.msg,2018-12-14,5263974,27230fdfeeacb9055ee97399b5466ddf98e44a0bf01661d279ed3f1078087bac,
390,9001640786026547344,https://mienviro.michigan.gov/ncore/downloadpdf/9001640786026547344,200,VERIFIED_IDENTICAL,0390_2018-12-17_DMR Daily - MI0020257 _11_01_2018_to_11_30_2018_V1.pdf,DMR Daily - MI0020257 _11_01_2018_to_11_30_2018_V1.docx,2018-12-17,122162,ae4d266428e60573398e0852c790a0828d57cd79678a9794a6aa51ec46f14efd,
391,10391921127036499,https://mienviro.michigan.gov/ncore/downloadpdf/10391921127036499,200,VERIFIED_IDENTICAL,0391_2018-12-17_DMR Summary - MI0020257 _11_01_2018_to_11_30_2018_V1.pdf,DMR Summary - MI0020257 _11_01_2018_to_11_30_2018_V1.docx,2018-12-17,109871,ff8c8fee23bf4312c490f2f59e8de5fb50bf0cc1b72943d16b107e31dc40a924,
392,-5194609860685770564,https://mienviro.michigan.gov/ncore/downloadpdf/-5194609860685770564,200,VERIFIED_IDENTICAL,0392_2018-12-18_EM Tr-FY18 Applier Certification-revised 2-signed.pdf,EM Tr-FY18 Applier Certification-revised 2-signed.msg,2018-12-18,132250,19863d0fe10d3267d55ebf75344677838ed46b0b598124a8139300e2db8eb487,
393,-3951802162146228519,https://mienviro.michigan.gov/ncore/downloadpdf/-3951802162146228519,200,VERIFIED_IDENTICAL,0393_2018-12-18_EM-FY18 Applier Certification-revised 2-signed.pdf,EM-FY18 Applier Certification-revised 2-signed.msg,2018-12-18,1225877,a3b7ce54d4d8c85c526b421e47faa8b7d395314540dd46e87d00c686bfe221e6,
394,9075597598235972281,https://mienviro.michigan.gov/ncore/downloadpdf/9075597598235972281,200,VERIFIED_IDENTICAL,0394_2018-12-18_FY18 Applier Certification-Revised 2-signed.pdf,FY18 Applier Certification-Revised 2-signed.pdf,2018-12-18,1096813,3c745d89480dde3d15a4494b3c6e3ecc9a83092085d6131e42d81aeb28a41ab0,
395,-6931018798791595252,https://mienviro.michigan.gov/ncore/downloadpdf/-6931018798791595252,200,VERIFIED_IDENTICAL,0395_2018-12-19_RE_ IPP PFAS Initiative Sampling Guidance_ Suggested Analytes.pdf,RE_ IPP PFAS Initiative Sampling Guidance_ Suggested Analytes.msg,2018-12-19,171884,60eb9cdca3e6d24e3c428cbe06d4af4f3cb9d7434c093ab72ba4bba094232d2e,
396,8864365913634161414,https://mienviro.michigan.gov/ncore/downloadpdf/8864365913634161414,200,VERIFIED_IDENTICAL,0396_2018-12-19_RE_ IPP PFAS Initiative Sampling Guidance_ Suggested Analytes.pdf,RE_ IPP PFAS Initiative Sampling Guidance_ Suggested Analytes.msg,2018-12-19,171884,94273a84b3d355914efc968cb1b96a296732df8df7975428ae82a05b83d3edae,
