DocMgmtDocurl,DocMgmtDocName,DocMgmtDocDescr,DocMgmtCategory,DocMgmtDocRvcdCreatedDate,DocMgmtDocMgmtId,DocMgmtSourceprogramarea,DocMgmtSourcefunctionalarea,DocMgmtSourcenumber,DocMgmtSourcetype
"https://mienviro.michigan.gov/ncore/downloadpdf/-7819705666094462823",FY00 RMP Application.pdf,,Misc Site Docs,"7/26/2000 12:00:00 AM",-7819705666094462823,n/a,Site,15637,Site
"https://mienviro.michigan.gov/ncore/downloadpdf/430972511194369448",FY00 RMP Application - Appendices and Instr.pdf,,Misc Site Docs,"7/26/2000 12:00:00 AM",430972511194369448,n/a,Site,15637,Site
"https://mienviro.michigan.gov/ncore/downloadpdf/-2717646625088796719",RMP Approval Letter-2002.pdf,,Misc Site Docs,"5/6/2002 12:00:00 AM",-2717646625088796719,n/a,Site,15637,Site
"https://mienviro.michigan.gov/ncore/downloadpdf/2172340051359406316",Application Tranmittal Memo.doc,Application Tranmittal Memo,Conversion - Permit,"7/30/2002 12:00:00 AM",2172340051359406316,WRD - NPDES,Permit,MI0020257 v3.0,NPDES Individual Permit
"https://mienviro.michigan.gov/ncore/downloadpdf/-5946232813757449641",Pre-Public Notice Letter.doc,Pre-Public Notice Letter,Conversion - Permit,"4/14/2003 12:00:00 AM",-5946232813757449641,WRD - NPDES,Permit,MI0020257 v3.0,NPDES Individual Permit
"https://mienviro.michigan.gov/ncore/downloadpdf/487609006770706385",Permit Template - Municipal.doc,Permit Template - Municipal,Conversion - Permit,"4/14/2003 12:00:00 AM",487609006770706385,WRD - NPDES,Permit,MI0020257 v3.0,NPDES Individual Permit
"https://mienviro.michigan.gov/ncore/downloadpdf/1724774635168238680",Fact Sheet for IP.doc,Fact Sheet for IP,Conversion - Permit,"4/14/2003 12:00:00 AM",1724774635168238680,WRD - NPDES,Permit,MI0020257 v3.0,NPDES Individual Permit
"https://mienviro.michigan.gov/ncore/downloadpdf/4341599168733408546",Basis For Decision Memo.doc,Basis For Decision Memo,Conversion - Permit,"4/14/2003 12:00:00 AM",4341599168733408546,WRD - NPDES,Permit,MI0020257 v3.0,NPDES Individual Permit
"https://mienviro.michigan.gov/ncore/downloadpdf/6434387377316718903",Permit Processing Checklist.doc,Permit Processing Checklist,Conversion - Permit,"4/14/2003 12:00:00 AM",6434387377316718903,WRD - NPDES,Permit,MI0020257 v3.0,NPDES Individual Permit
"https://mienviro.michigan.gov/ncore/downloadpdf/6618692253157117034",Decisionmaker Memo.doc,Decisionmaker Memo,Conversion - Permit,"4/14/2003 12:00:00 AM",6618692253157117034,WRD - NPDES,Permit,MI0020257 v3.0,NPDES Individual Permit
"https://mienviro.michigan.gov/ncore/downloadpdf/7226992711424202817",Public Notice Document.doc,Public Notice Document,Conversion - Permit,"4/14/2003 12:00:00 AM",7226992711424202817,WRD - NPDES,Permit,MI0020257 v3.0,NPDES Individual Permit
"https://mienviro.michigan.gov/ncore/downloadpdf/8023590671769451941",General Purpose Letter.doc,General Purpose Letter,Conversion - Permit,"7/23/2003 12:00:00 AM",8023590671769451941,WRD - NPDES,Permit,MI0020257 v3.0,NPDES Individual Permit
"https://mienviro.michigan.gov/ncore/downloadpdf/9192066128657787200",Issued Letter - Individual Permit.doc,Issued Letter - Individual Permit,Conversion - Permit,"9/29/2003 12:00:00 AM",9192066128657787200,WRD - NPDES,Permit,MI0020257 v3.0,NPDES Individual Permit
"https://mienviro.michigan.gov/ncore/downloadpdf/-1143590744613461441",Cadillac 2003 BAR.pdf,FY 2003 Biosolids Annual Report,NPDES Biosolids Site Docs,"10/30/2003 12:00:00 AM",-1143590744613461441,n/a,Site,15637,Site
"https://mienviro.michigan.gov/ncore/downloadpdf/-249427931612365085",Gen Inspection Transmittal Ltr.doc,Gen Inspection Transmittal Ltr,Conversion - Eval,"6/1/2004 12:00:00 AM",-249427931612365085,WRD - NPDES,Evaluation,E-C4AD-18-3354,Compliance Evaluation Inspection (CEI) (05/28/2004)
"https://mienviro.michigan.gov/ncore/downloadpdf/-430592877104263178",Permit Template - Municipal.doc,Permit Template - Municipal,Conversion - Permit,"6/14/2004 12:00:00 AM",-430592877104263178,WRD - NPDES,Permit,MI0020257 v3.1,NPDES Individual Permit
"https://mienviro.michigan.gov/ncore/downloadpdf/4426988050942605827",Issued Letter - Individual Permit.doc,Issued Letter - Individual Permit,Conversion - Permit,"6/14/2004 12:00:00 AM",4426988050942605827,WRD - NPDES,Permit,MI0020257 v3.1,NPDES Individual Permit
"https://mienviro.michigan.gov/ncore/downloadpdf/5231774850693176230",Decisionmaker Memo.doc,Decisionmaker Memo,Conversion - Permit,"6/14/2004 12:00:00 AM",5231774850693176230,WRD - NPDES,Permit,MI0020257 v3.1,NPDES Individual Permit
"https://mienviro.michigan.gov/ncore/downloadpdf/5305062273087262341",Basis For Decision Memo.doc,Basis For Decision Memo,Conversion - Permit,"6/14/2004 12:00:00 AM",5305062273087262341,WRD - NPDES,Permit,MI0020257 v3.1,NPDES Individual Permit
"https://mienviro.michigan.gov/ncore/downloadpdf/-2071898089887156795",Sampling Field Sheet.doc,Sampling Field Sheet,Conversion - Eval,"3/12/2007 12:00:00 AM",-2071898089887156795,WRD - NPDES,Evaluation,E-88CF-3B-BCA3,CSI-Conventionals Only (05/07/2007)
"https://mienviro.michigan.gov/ncore/downloadpdf/-2638314589342291496",Cadillac WWTP Test Results.pdf.pdf,,Conversion - Compliance Action,"4/3/2007 12:00:00 AM",-2638314589342291496,WRD - NPDES,Permit,MI0020257 v4.0,NPDES Individual Permit
"https://mienviro.michigan.gov/ncore/downloadpdf/2613298341466559429",Cadillac WWTP App 3-29-07.pdf.pdf,,Conversion - Compliance Action,"4/3/2007 12:00:00 AM",2613298341466559429,WRD - NPDES,Permit,MI0020257 v4.0,NPDES Individual Permit
"https://mienviro.michigan.gov/ncore/downloadpdf/8342645995912916360",Cadillac WWTP Map & Flow.pdf.pdf,,Conversion - Compliance Action,"4/3/2007 12:00:00 AM",8342645995912916360,WRD - NPDES,Permit,MI0020257 v4.0,NPDES Individual Permit
"https://mienviro.michigan.gov/ncore/downloadpdf/6047754964986783845",NPDES Application Scheduling Sheet.doc,NPDES Application Scheduling Sheet,Conversion - Permit,"4/12/2007 12:00:00 AM",6047754964986783845,WRD - NPDES,Permit,MI0020257 v4.0,NPDES Individual Permit
"https://mienviro.michigan.gov/ncore/downloadpdf/-3361843393223808956",WQBEL Cadillac WWTP 6-7-07.pdf,Local limits WQBELs.,Industrial Pretreatment Program (IPP),"6/7/2007 12:00:00 AM",-3361843393223808956,n/a,Site,15637,Site
"https://mienviro.michigan.gov/ncore/downloadpdf/-3635890049375617867",Gen'l Inspection Transmittal.doc,Gen'l Inspection Transmittal,Conversion - Eval,"8/21/2007 12:00:00 AM",-3635890049375617867,WRD - NPDES,Evaluation,E-D92A-E1-AF69,Biosolids Audit (08/07/2007)
"https://mienviro.michigan.gov/ncore/downloadpdf/-2460779547595744410",WQBEL Memo - Toxics.doc,WQBEL Memo - Toxics,Conversion - Permit,"12/27/2007 12:00:00 AM",-2460779547595744410,WRD - NPDES,Permit,MI0020257 v4.0,NPDES Individual Permit
"https://mienviro.michigan.gov/ncore/downloadpdf/-286506577896440097",WQBEL Memo - Conventionals.doc,WQBEL Memo - Conventionals,Conversion - Permit,"1/31/2008 12:00:00 AM",-286506577896440097,WRD - NPDES,Permit,MI0020257 v4.0,NPDES Individual Permit
"https://mienviro.michigan.gov/ncore/downloadpdf/2140504227248371865",Fact Sheet.doc,Fact Sheet,Conversion - Permit,"4/8/2008 12:00:00 AM",2140504227248371865,WRD - NPDES,Permit,MI0020257 v4.0,NPDES Individual Permit
"https://mienviro.michigan.gov/ncore/downloadpdf/5346909715294226796",Permit Template - Municipal.doc,Permit Template - Municipal,Conversion - Permit,"4/8/2008 12:00:00 AM",5346909715294226796,WRD - NPDES,Permit,MI0020257 v4.0,NPDES Individual Permit
"https://mienviro.michigan.gov/ncore/downloadpdf/7322245222130679152",Application Processing Checklist (IP&COC).doc,Application Processing Checklist (IP&COC),Conversion - Permit,"4/8/2008 12:00:00 AM",7322245222130679152,WRD - NPDES,Permit,MI0020257 v4.0,NPDES Individual Permit
"https://mienviro.michigan.gov/ncore/downloadpdf/5779833471732764532",Cadillac WWTP - WQBEL follow-up.pdf,Revised Toxics WQBEL recommendations.,Conversion - Compliance Action,"4/14/2008 12:00:00 AM",5779833471732764532,WRD - NPDES,Permit,MI0020257 v4.0,NPDES Individual Permit
"https://mienviro.michigan.gov/ncore/downloadpdf/-3137661427860264907",Public Notice Document.doc,Public Notice Document,Conversion - Permit,"4/16/2008 12:00:00 AM",-3137661427860264907,WRD - NPDES,Permit,MI0020257 v4.0,NPDES Individual Permit
"https://mienviro.michigan.gov/ncore/downloadpdf/1211510669909064166",Pre-Public Notice Letter.doc,Pre-Public Notice Letter,Conversion - Permit,"4/17/2008 12:00:00 AM",1211510669909064166,WRD - NPDES,Permit,MI0020257 v4.0,NPDES Individual Permit
"https://mienviro.michigan.gov/ncore/downloadpdf/4797299722008638068",Public Notice Notification.doc,Public Notice Notification,Conversion - Permit,"4/17/2008 12:00:00 AM",4797299722008638068,WRD - NPDES,Permit,MI0020257 v4.0,NPDES Individual Permit
"https://mienviro.michigan.gov/ncore/downloadpdf/4580311629365553624",CadillacPPNletter.pdf,,Conversion - Compliance Action,"4/23/2008 12:00:00 AM",4580311629365553624,WRD - NPDES,Permit,MI0020257 v4.0,NPDES Individual Permit
"https://mienviro.michigan.gov/ncore/downloadpdf/-6199198975127218266",WQBEL Memo - Toxics.doc,WQBEL Memo - Toxics,Conversion - Permit,"5/19/2008 12:00:00 AM",-6199198975127218266,WRD - NPDES,Permit,MI0020257 v4.0,NPDES Individual Permit
"https://mienviro.michigan.gov/ncore/downloadpdf/-7779154225304618054",comrespcadillac1.pdf,draft permit comment response on conventionals,Conversion - Compliance Action,"6/3/2008 12:00:00 AM",-7779154225304618054,WRD - NPDES,Permit,MI0020257 v4.0,NPDES Individual Permit
"https://mienviro.michigan.gov/ncore/downloadpdf/-1618494284505799228",draftcommentresp2.pdf,response to comments regarding toxicity requirements in draft permit.,Conversion - Compliance Action,"6/9/2008 12:00:00 AM",-1618494284505799228,WRD - NPDES,Permit,MI0020257 v4.0,NPDES Individual Permit
"https://mienviro.michigan.gov/ncore/downloadpdf/7417409671612539305",Public Notice Letter.doc,Public Notice Letter,Conversion - Permit,"6/10/2008 12:00:00 AM",7417409671612539305,WRD - NPDES,Permit,MI0020257 v4.0,NPDES Individual Permit
"https://mienviro.michigan.gov/ncore/downloadpdf/7540387265222873387",Basis for Decision Memo.doc,Basis for Decision Memo,Conversion - Permit,"6/17/2008 12:00:00 AM",7540387265222873387,WRD - NPDES,Permit,MI0020257 v4.0,NPDES Individual Permit
"https://mienviro.michigan.gov/ncore/downloadpdf/-1841176088073297244",Gen'l Inspection Transmittal.doc,Gen'l Inspection Transmittal,Conversion - Eval,"7/28/2008 12:00:00 AM",-1841176088073297244,WRD - NPDES,Evaluation,E-6466-D8-4C85,Biosolids Site Inspection (07/01/2008)
"https://mienviro.michigan.gov/ncore/downloadpdf/-6700268509685485462",CadillacPermit.pdf,Public Notice Draft Permit,Conversion - Compliance Action,"7/29/2008 12:00:00 AM",-6700268509685485462,WRD - NPDES,Permit,MI0020257 v4.0,NPDES Individual Permit
"https://mienviro.michigan.gov/ncore/downloadpdf/-6257461356674121990",CadillacPN.pdf,"Notice to permittee that PN must be posted, draft docs attached",Conversion - Compliance Action,"9/2/2008 12:00:00 AM",-6257461356674121990,WRD - NPDES,Permit,MI0020257 v4.0,NPDES Individual Permit
"https://mienviro.michigan.gov/ncore/downloadpdf/-988542493944415643",CadillacPNnotify.pdf,"pn notification to public, district office",Conversion - Compliance Action,"9/2/2008 12:00:00 AM",-988542493944415643,WRD - NPDES,Permit,MI0020257 v4.0,NPDES Individual Permit
"https://mienviro.michigan.gov/ncore/downloadpdf/479889237807114597",QA QC Report - Individual Permit.doc,QA QC Report - Individual Permit,Conversion - Permit,"9/2/2008 12:00:00 AM",479889237807114597,WRD - NPDES,Permit,MI0020257 v4.0,NPDES Individual Permit
"https://mienviro.michigan.gov/ncore/downloadpdf/1949067031591264135",cadillacdraftcomment.pdf,permittee comments on draft permit docs.,Conversion - Compliance Action,"9/2/2008 12:00:00 AM",1949067031591264135,WRD - NPDES,Permit,MI0020257 v4.0,NPDES Individual Permit
"https://mienviro.michigan.gov/ncore/downloadpdf/5150751226545787752",Issued Letter - Individual Permit.doc,Issued Letter - Individual Permit,Conversion - Permit,"9/2/2008 12:00:00 AM",5150751226545787752,WRD - NPDES,Permit,MI0020257 v4.0,NPDES Individual Permit
"https://mienviro.michigan.gov/ncore/downloadpdf/-8331791724398417409",CSI-Compliance Sampling Inspection-Sept 8 2009.pdf,"Evaluation by Garth Aslakson, sampling by Chris Little/Cindy Sneller",NPDES Misc. Site Docs,"9/8/2009 12:00:00 AM",-8331791724398417409,n/a,Site,15637,Site
"https://mienviro.michigan.gov/ncore/downloadpdf/8032968133037444768",Gen`l Inspection Transmittal.doc,Gen`l Inspection Transmittal,Conversion - Eval,"12/7/2009 12:00:00 AM",8032968133037444768,WRD - NPDES,Evaluation,E-DF86-FF-F62D,CSI-Conventionals Only (09/08/2009)
"https://mienviro.michigan.gov/ncore/downloadpdf/-6512945915928941001",Post-Inspection Report.doc,Post-Inspection Report,Conversion - Eval,"12/8/2009 12:00:00 AM",-6512945915928941001,WRD - NPDES,Evaluation,E-277C-EE-6D3F,Industrial Pretreatment Prog Recon (11/19/2009)
"https://mienviro.michigan.gov/ncore/downloadpdf/-6937581027589815058",2010_0728_Cadillac WWTP_DMR QA-30.pdf,District Scanned,NPDES Misc. Site Docs,"7/28/2010 12:00:00 AM",-6937581027589815058,n/a,Site,15637,Site
"https://mienviro.michigan.gov/ncore/downloadpdf/-2564720546653195197",Sampling Field Sheet.doc,Sampling Field Sheet,Conversion - Eval,"9/30/2010 12:00:00 AM",-2564720546653195197,WRD - NPDES,Evaluation,E-3F12-26-C65D,CSI-Conventionals Only (02/03/2011)
"https://mienviro.michigan.gov/ncore/downloadpdf/4014902657079641517",Cadillac WWTP BOD.pdf,,Conversion - Application / Request,"2/4/2011 12:00:00 AM",4014902657079641517,WRD - NPDES,Evaluation,E-3F12-26-C65D,CSI-Conventionals Only (02/03/2011)
"https://mienviro.michigan.gov/ncore/downloadpdf/5999969830429433107",Cadillac WWTP BOD (1).xls,,Conversion - Application / Request,"2/4/2011 12:00:00 AM",5999969830429433107,WRD - NPDES,Evaluation,E-3F12-26-C65D,CSI-Conventionals Only (02/03/2011)
"https://mienviro.michigan.gov/ncore/downloadpdf/6336071071605205117",Cadillac WWTP BOD (2).pdf,,Conversion - Application / Request,"2/4/2011 12:00:00 AM",6336071071605205117,WRD - NPDES,Evaluation,E-3F12-26-C65D,CSI-Conventionals Only (02/03/2011)
"https://mienviro.michigan.gov/ncore/downloadpdf/-6709596324584446127",DEQ-Laboratory Report-CDWWTP.txt,,Conversion - Application / Request,"2/15/2011 12:00:00 AM",-6709596324584446127,WRD - NPDES,Evaluation,E-3F12-26-C65D,CSI-Conventionals Only (02/03/2011)
"https://mienviro.michigan.gov/ncore/downloadpdf/-438405291240013169",CadillacWWTP lab.PDF,,Conversion - Application / Request,"2/15/2011 12:00:00 AM",-438405291240013169,WRD - NPDES,Evaluation,E-3F12-26-C65D,CSI-Conventionals Only (02/03/2011)
"https://mienviro.michigan.gov/ncore/downloadpdf/1255616733456315107",Follow-up Letter.doc,Follow-up Letter,Conversion - Eval,"3/9/2011 12:00:00 AM",1255616733456315107,WRD - NPDES,Evaluation,E-3F12-26-C65D,CSI-Conventionals Only (02/03/2011)
"https://mienviro.michigan.gov/ncore/downloadpdf/8226216266026071417",Cadillac WWTP 0111.xls,,Conversion - Application / Request,"3/9/2011 12:00:00 AM",8226216266026071417,WRD - NPDES,Evaluation,E-3F12-26-C65D,CSI-Conventionals Only (02/03/2011)
"https://mienviro.michigan.gov/ncore/downloadpdf/6066649281144654349",CA Cadillac WWTP IPP Annual Report 2010.pdf,,Conversion - Permit,"4/29/2011 12:00:00 AM",6066649281144654349,WRD - NPDES,Application/Request,ce_soc_detail-25457,Schedule - Michigan Industrial Pretreatment Program Annual Report
"https://mienviro.michigan.gov/ncore/downloadpdf/9070706673294423682",2011_0805_Cadillac WWTP_DMR QA-31.pdf,District Scanned,NPDES Misc. Site Docs,"8/5/2011 12:00:00 AM",9070706673294423682,n/a,Site,15637,Site
"https://mienviro.michigan.gov/ncore/downloadpdf/-8849600511584876014",Cadillac WWTP Must Apply Letter.pdf,,Conversion - SITE,"1/18/2012 12:00:00 AM",-8849600511584876014,n/a,Site,15637,Site
"https://mienviro.michigan.gov/ncore/downloadpdf/-7021570928602701902",Cadillac WWTP Application.pdf,,Conversion - Compliance Action,"3/26/2012 12:00:00 AM",-7021570928602701902,WRD - NPDES,Permit,MI0020257 v5.0,NPDES Individual Permit
"https://mienviro.michigan.gov/ncore/downloadpdf/-6207937354821693834",Cadillac WWTP Fish Toxicity Tests.pdf,,Conversion - Compliance Action,"3/26/2012 12:00:00 AM",-6207937354821693834,WRD - NPDES,Permit,MI0020257 v5.0,NPDES Individual Permit
"https://mienviro.michigan.gov/ncore/downloadpdf/-4772999631657362957",Cadillac WWTP Mercury Tests.pdf,,Conversion - Compliance Action,"3/26/2012 12:00:00 AM",-4772999631657362957,WRD - NPDES,Permit,MI0020257 v5.0,NPDES Individual Permit
"https://mienviro.michigan.gov/ncore/downloadpdf/-2618602197135988934",Cadillac WWTP Maps and Flow.pdf,,Conversion - Compliance Action,"3/26/2012 12:00:00 AM",-2618602197135988934,WRD - NPDES,Permit,MI0020257 v5.0,NPDES Individual Permit
"https://mienviro.michigan.gov/ncore/downloadpdf/-605910068122278034",Cadillac WWTP Septage Information.pdf,,Conversion - Compliance Action,"3/26/2012 12:00:00 AM",-605910068122278034,WRD - NPDES,Permit,MI0020257 v5.0,NPDES Individual Permit
"https://mienviro.michigan.gov/ncore/downloadpdf/2606761043345214758",Cadillac WWTP SIU Information.pdf,,Conversion - Compliance Action,"3/26/2012 12:00:00 AM",2606761043345214758,WRD - NPDES,Permit,MI0020257 v5.0,NPDES Individual Permit
"https://mienviro.michigan.gov/ncore/downloadpdf/4716295422139915510",Cadillac WWTP Test Results.pdf,,Conversion - Compliance Action,"3/26/2012 12:00:00 AM",4716295422139915510,WRD - NPDES,Permit,MI0020257 v5.0,NPDES Individual Permit
"https://mienviro.michigan.gov/ncore/downloadpdf/2907549657209812738",Cadillac WWTP NEC.pdf,,Conversion - Compliance Action,"4/11/2012 12:00:00 AM",2907549657209812738,WRD - NPDES,Permit,MI0020257 v5.0,NPDES Individual Permit
"https://mienviro.michigan.gov/ncore/downloadpdf/-2140745704635662606",2012_0817_Cadillac WWTP_DMR QA-32.pdf,District Scanned,NPDES Misc. Site Docs,"8/17/2012 12:00:00 AM",-2140745704635662606,n/a,Site,15637,Site
"https://mienviro.michigan.gov/ncore/downloadpdf/-2587941060086653778",WQBEL Memo - Conventionals.doc,WQBEL Memo - Conventionals,Conversion - Permit,"11/9/2012 12:00:00 AM",-2587941060086653778,WRD - NPDES,Permit,MI0020257 v5.0,NPDES Individual Permit
"https://mienviro.michigan.gov/ncore/downloadpdf/-750857842152552655",Application Complete Checklist.doc,Application Complete Checklist,Conversion - Permit,"3/9/2013 12:00:00 AM",-750857842152552655,WRD - NPDES,Permit,MI0020257 v5.0,NPDES Individual Permit
"https://mienviro.michigan.gov/ncore/downloadpdf/-8853155827505618463",WQBEL Memo - Toxics.doc,WQBEL Memo - Toxics,Conversion - Permit,"4/18/2013 12:00:00 AM",-8853155827505618463,WRD - NPDES,Permit,MI0020257 v5.0,NPDES Individual Permit
"https://mienviro.michigan.gov/ncore/downloadpdf/8407029926974047625",CadillacWWTP_FS.pdf,WQBEL Toxics Recommendations Fact Sheet,Conversion - Compliance Action,"5/2/2013 12:00:00 AM",8407029926974047625,WRD - NPDES,Permit,MI0020257 v5.0,NPDES Individual Permit
"https://mienviro.michigan.gov/ncore/downloadpdf/-4758370497540417923",Application Compliance Comments.doc,Application Compliance Comments,Conversion - Permit,"5/17/2013 12:00:00 AM",-4758370497540417923,WRD - NPDES,Permit,MI0020257 v5.0,NPDES Individual Permit
"https://mienviro.michigan.gov/ncore/downloadpdf/8273775742265584790",Permit Template - Municipal.doc,Permit Template - Municipal,Conversion - Permit,"5/20/2013 12:00:00 AM",8273775742265584790,WRD - NPDES,Permit,MI0020257 v5.0,NPDES Individual Permit
"https://mienviro.michigan.gov/ncore/downloadpdf/103605179192073784",Fact Sheet.doc,Fact Sheet,Conversion - Permit,"5/21/2013 12:00:00 AM",103605179192073784,WRD - NPDES,Permit,MI0020257 v5.0,NPDES Individual Permit
"https://mienviro.michigan.gov/ncore/downloadpdf/6383819432886238526",Basis for Decision Memo.doc,Basis for Decision Memo,Conversion - Permit,"5/22/2013 12:00:00 AM",6383819432886238526,WRD - NPDES,Permit,MI0020257 v5.0,NPDES Individual Permit
"https://mienviro.michigan.gov/ncore/downloadpdf/-3570540961383078534",Pre-Public Notice Letter.doc,Pre-Public Notice Letter,Conversion - Permit,"5/23/2013 12:00:00 AM",-3570540961383078534,WRD - NPDES,Permit,MI0020257 v5.0,NPDES Individual Permit
"https://mienviro.michigan.gov/ncore/downloadpdf/2042187794808505003",Public Notice Document.doc,Public Notice Document,Conversion - Permit,"5/23/2013 12:00:00 AM",2042187794808505003,WRD - NPDES,Permit,MI0020257 v5.0,NPDES Individual Permit
"https://mienviro.michigan.gov/ncore/downloadpdf/4068333476844843234",Issued Letter - Individual Permit.doc,Issued Letter - Individual Permit,Conversion - Permit,"5/23/2013 12:00:00 AM",4068333476844843234,WRD - NPDES,Permit,MI0020257 v5.0,NPDES Individual Permit
"https://mienviro.michigan.gov/ncore/downloadpdf/7597357992452969174",Cadillac WWTP IPP 2011.pdf,,Conversion - Permit,"6/7/2013 12:00:00 AM",7597357992452969174,WRD - NPDES,Application/Request,ce_soc_detail-25458,Schedule - Michigan Industrial Pretreatment Program Annual Report
"https://mienviro.michigan.gov/ncore/downloadpdf/691496640525586540",Cadillac PPN Email.pdf,,Conversion - Compliance Action,"7/17/2013 12:00:00 AM",691496640525586540,WRD - NPDES,Permit,MI0020257 v5.0,NPDES Individual Permit
"https://mienviro.michigan.gov/ncore/downloadpdf/6433966495781532147",Cadillac WWTP Draft Permit.pdf,PPN Permit,Conversion - Compliance Action,"7/17/2013 12:00:00 AM",6433966495781532147,WRD - NPDES,Permit,MI0020257 v5.0,NPDES Individual Permit
"https://mienviro.michigan.gov/ncore/downloadpdf/-7691202997137362379",CadillacWWTP_ToxicsFactSheet.pdf,Updated WQBEL Toxics Recommendations Fact Sheet,Conversion - Compliance Action,"8/8/2013 12:00:00 AM",-7691202997137362379,WRD - NPDES,Permit,MI0020257 v5.0,NPDES Individual Permit
"https://mienviro.michigan.gov/ncore/downloadpdf/-5476792548719461782",General Purpose Memo.doc,General Purpose Memo,Conversion - Permit,"8/8/2013 12:00:00 AM",-5476792548719461782,WRD - NPDES,Permit,MI0020257 v5.0,NPDES Individual Permit
"https://mienviro.michigan.gov/ncore/downloadpdf/4611196213415728235",2013_0814_Cadillac WWTP_DMR QA-33.pdf,District Scanned,NPDES Misc. Site Docs,"8/14/2013 12:00:00 AM",4611196213415728235,n/a,Site,15637,Site
"https://mienviro.michigan.gov/ncore/downloadpdf/-8309188111481449431",Cadillac WWTP PPN Email Exchange 2.pdf,,Conversion - Compliance Action,"8/16/2013 12:00:00 AM",-8309188111481449431,WRD - NPDES,Permit,MI0020257 v5.0,NPDES Individual Permit
"https://mienviro.michigan.gov/ncore/downloadpdf/-7391325481454595778",Cadillac WWTP Basis for Decision Memo.pdf,Version as public noticed,Conversion - Compliance Action,"8/16/2013 12:00:00 AM",-7391325481454595778,WRD - NPDES,Permit,MI0020257 v5.0,NPDES Individual Permit
"https://mienviro.michigan.gov/ncore/downloadpdf/-6015990787720855289",Public Notice Notification.doc,Public Notice Notification,Conversion - Permit,"8/16/2013 12:00:00 AM",-6015990787720855289,WRD - NPDES,Permit,MI0020257 v5.0,NPDES Individual Permit
"https://mienviro.michigan.gov/ncore/downloadpdf/-4130029830579911351",Cadillac WWTP Response to Comments Email.pdf,,Conversion - Compliance Action,"8/16/2013 12:00:00 AM",-4130029830579911351,WRD - NPDES,Permit,MI0020257 v5.0,NPDES Individual Permit
"https://mienviro.michigan.gov/ncore/downloadpdf/-3380254261609336174",Cadillac WWTP Public Notice Draft Permit.pdf,,Conversion - Compliance Action,"8/16/2013 12:00:00 AM",-3380254261609336174,WRD - NPDES,Permit,MI0020257 v5.0,NPDES Individual Permit
"https://mienviro.michigan.gov/ncore/downloadpdf/-2888412398541189349",Cadillac WWTP PPN Email Exchange.pdf,,Conversion - Compliance Action,"8/16/2013 12:00:00 AM",-2888412398541189349,WRD - NPDES,Permit,MI0020257 v5.0,NPDES Individual Permit
"https://mienviro.michigan.gov/ncore/downloadpdf/1627519268423672263",Public Notice Letter.doc,Public Notice Letter,Conversion - Permit,"8/16/2013 12:00:00 AM",1627519268423672263,WRD - NPDES,Permit,MI0020257 v5.0,NPDES Individual Permit
"https://mienviro.michigan.gov/ncore/downloadpdf/3731373716033583448",Cadillac WWTP Response to Comments.pdf,,Conversion - Compliance Action,"8/16/2013 12:00:00 AM",3731373716033583448,WRD - NPDES,Permit,MI0020257 v5.0,NPDES Individual Permit
"https://mienviro.michigan.gov/ncore/downloadpdf/4017018463330352813",Cadillac WWTP PPN Comments.pdf,,Conversion - Compliance Action,"8/16/2013 12:00:00 AM",4017018463330352813,WRD - NPDES,Permit,MI0020257 v5.0,NPDES Individual Permit
"https://mienviro.michigan.gov/ncore/downloadpdf/7119989374435100322",MDEQ Draft NPDES Response from Cadillac.pdf,,Conversion - Compliance Action,"8/16/2013 12:00:00 AM",7119989374435100322,WRD - NPDES,Permit,MI0020257 v5.0,NPDES Individual Permit
"https://mienviro.michigan.gov/ncore/downloadpdf/7362722464259672092",Cadillac WWTP Public Notice Email.pdf,,Conversion - Compliance Action,"8/16/2013 12:00:00 AM",7362722464259672092,WRD - NPDES,Permit,MI0020257 v5.0,NPDES Individual Permit
"https://mienviro.michigan.gov/ncore/downloadpdf/6362211730533153224",Cadillac WWTP PN Notification Email.pdf,,Conversion - Compliance Action,"8/20/2013 12:00:00 AM",6362211730533153224,WRD - NPDES,Permit,MI0020257 v5.0,NPDES Individual Permit
"https://mienviro.michigan.gov/ncore/downloadpdf/357104448692010328",AvailCyanide Recs.pdf,Revised Recommendation for Available Cyanide,Conversion - Compliance Action,"9/4/2013 12:00:00 AM",357104448692010328,WRD - NPDES,Permit,MI0020257 v5.0,NPDES Individual Permit
"https://mienviro.michigan.gov/ncore/downloadpdf/3428788513576669470",Pre-Inspection ReportLS.doc,Pre-Inspection ReportLS,Conversion - Eval,"9/13/2013 12:00:00 AM",3428788513576669470,WRD - NPDES,Evaluation,E-CF37-78-F1CD,NPDES Compliance Evaluation Inspection (CEI) (09/30/2013)
"https://mienviro.michigan.gov/ncore/downloadpdf/8003362588879650113",QA QC Report - Individual Permit.doc,QA QC Report - Individual Permit,Conversion - Permit,"9/25/2013 12:00:00 AM",8003362588879650113,WRD - NPDES,Permit,MI0020257 v5.0,NPDES Individual Permit
"https://mienviro.michigan.gov/ncore/downloadpdf/-8365213610442199787",Cadillac WWTP Email Exchange 9-3-13.pdf,,Conversion - Compliance Action,"11/13/2013 12:00:00 AM",-8365213610442199787,WRD - NPDES,Permit,MI0020257 v5.0,NPDES Individual Permit
"https://mienviro.michigan.gov/ncore/downloadpdf/-6131834195465596614",Cadillac WWTP Draft Permit 9-25-13.pdf,With revised Asset Management Lang,Conversion - Compliance Action,"11/13/2013 12:00:00 AM",-6131834195465596614,WRD - NPDES,Permit,MI0020257 v5.0,NPDES Individual Permit
"https://mienviro.michigan.gov/ncore/downloadpdf/-4137983880946955700",Cadillac 9-19-13 Letter to Mike Bitondo.pdf,,Conversion - Compliance Action,"11/13/2013 12:00:00 AM",-4137983880946955700,WRD - NPDES,Permit,MI0020257 v5.0,NPDES Individual Permit
"https://mienviro.michigan.gov/ncore/downloadpdf/-1880339282009717938",Cadillac WWTP Emails about meeting 8-29-13.pdf,,Conversion - Compliance Action,"11/13/2013 12:00:00 AM",-1880339282009717938,WRD - NPDES,Permit,MI0020257 v5.0,NPDES Individual Permit
"https://mienviro.michigan.gov/ncore/downloadpdf/330676165036433120",Cadillac WWTP Cover Email 9-19-13.pdf,,Conversion - Compliance Action,"11/13/2013 12:00:00 AM",330676165036433120,WRD - NPDES,Permit,MI0020257 v5.0,NPDES Individual Permit
"https://mienviro.michigan.gov/ncore/downloadpdf/423116088479995591",Cadillac WWTP Email Response 9-25-13.pdf,,Conversion - Compliance Action,"11/13/2013 12:00:00 AM",423116088479995591,WRD - NPDES,Permit,MI0020257 v5.0,NPDES Individual Permit
"https://mienviro.michigan.gov/ncore/downloadpdf/8202189061190805836",Compliance Communication.doc,Compliance Communication,Conversion - Eval,"11/19/2013 12:00:00 AM",8202189061190805836,WRD - NPDES,Evaluation,E-CF37-78-F1CD,NPDES Compliance Evaluation Inspection (CEI) (09/30/2013)
"https://mienviro.michigan.gov/ncore/downloadpdf/8183547368058181207",Cadillac PMP.pdf,,Conversion - Permit,"3/31/2014 12:00:00 AM",8183547368058181207,WRD - NPDES,Application/Request,ce_soc_detail-47836,Schedule - Pollutant Minimization Program (PMP) Annual Report
"https://mienviro.michigan.gov/ncore/downloadpdf/1301191744469019931",RMP Modification Request-July 2014.pdf,to Surface apply,NPDES Biosolids Site Docs,"7/7/2014 12:00:00 AM",1301191744469019931,n/a,Site,15637,Site
"https://mienviro.michigan.gov/ncore/downloadpdf/396256187984330582",RMP Modification Approval Letter-2014.pdf,Surface apply with conditions,NPDES Biosolids Site Docs,"7/10/2014 12:00:00 AM",396256187984330582,n/a,Site,15637,Site
"https://mienviro.michigan.gov/ncore/downloadpdf/8152724494912613868",Sampling Field Sheet.doc,Sampling Field Sheet,Conversion - Eval,"8/4/2014 12:00:00 AM",8152724494912613868,WRD - NPDES,Evaluation,E-832F-E9-D657,NPDES CSI-Toxics (10/14/2014)
"https://mienviro.michigan.gov/ncore/downloadpdf/2417529640713035099",2014_0818_Cadillac WWTP_DMR QA-34.pdf,District Scanned,NPDES Misc. Site Docs,"8/18/2014 12:00:00 AM",2417529640713035099,n/a,Site,15637,Site
"https://mienviro.michigan.gov/ncore/downloadpdf/-5654449704836290694",Cadillac surface application 2014.jpg,,Conversion - Application / Request,"9/3/2014 12:00:00 AM",-5654449704836290694,WRD - NPDES,Evaluation,E-8B5C-16-97FE,Biosolids Site Inspection (08/14/2014)
"https://mienviro.michigan.gov/ncore/downloadpdf/6169276037386673226",Cadillac surface application 2014-2.jpg,,Conversion - Application / Request,"9/3/2014 12:00:00 AM",6169276037386673226,WRD - NPDES,Evaluation,E-8B5C-16-97FE,Biosolids Site Inspection (08/14/2014)
"https://mienviro.michigan.gov/ncore/downloadpdf/6087030119021648324",Pre-Inspection Report.doc,Pre-Inspection Report,Conversion - Eval,"10/9/2014 12:00:00 AM",6087030119021648324,WRD - NPDES,Evaluation,E-832F-E9-D657,NPDES CSI-Toxics (10/14/2014)
"https://mienviro.michigan.gov/ncore/downloadpdf/6466431524347949415",DEQ Test Data Evaluation Form.doc,DEQ Test Data Evaluation Form,Conversion - Eval,"10/9/2014 12:00:00 AM",6466431524347949415,WRD - NPDES,Evaluation,E-832F-E9-D657,NPDES CSI-Toxics (10/14/2014)
"https://mienviro.michigan.gov/ncore/downloadpdf/3031965344754622253",Basis for Decision Memo-Classification.doc,Basis for Decision Memo-Classification,Conversion - SITE,"10/17/2014 12:00:00 AM",3031965344754622253,n/a,Site,15637,Site
"https://mienviro.michigan.gov/ncore/downloadpdf/-1554170949448187422",Certified Operator Response Form.doc,Certified Operator Response Form,Conversion - SITE,"10/20/2014 12:00:00 AM",-1554170949448187422,n/a,Site,15637,Site
"https://mienviro.michigan.gov/ncore/downloadpdf/-4977324678545524248",56545 Facility Site Review.pdf,,Conversion - Application / Request,"10/21/2014 12:00:00 AM",-4977324678545524248,WRD - NPDES,Evaluation,E-832F-E9-D657,NPDES CSI-Toxics (10/14/2014)
"https://mienviro.michigan.gov/ncore/downloadpdf/-4079459079770278084",Compliance Communication.doc,Compliance Communication,Conversion - Eval,"10/21/2014 12:00:00 AM",-4079459079770278084,WRD - NPDES,Evaluation,E-832F-E9-D657,NPDES CSI-Toxics (10/14/2014)
"https://mienviro.michigan.gov/ncore/downloadpdf/-3847456507453624983",56545 Analytical Methodology.pdf,,Conversion - Application / Request,"10/21/2014 12:00:00 AM",-3847456507453624983,WRD - NPDES,Evaluation,E-832F-E9-D657,NPDES CSI-Toxics (10/14/2014)
"https://mienviro.michigan.gov/ncore/downloadpdf/4833597761643264099",56545 Pre-Inspection Report.pdf,,Conversion - Application / Request,"10/21/2014 12:00:00 AM",4833597761643264099,WRD - NPDES,Evaluation,E-832F-E9-D657,NPDES CSI-Toxics (10/14/2014)
"https://mienviro.michigan.gov/ncore/downloadpdf/5192314478678825187",56545 Self Monitoring Records.pdf,,Conversion - Application / Request,"10/21/2014 12:00:00 AM",5192314478678825187,WRD - NPDES,Evaluation,E-832F-E9-D657,NPDES CSI-Toxics (10/14/2014)
"https://mienviro.michigan.gov/ncore/downloadpdf/6099492185350595096",56545 Sampling Procedures.pdf,,Conversion - Application / Request,"10/21/2014 12:00:00 AM",6099492185350595096,WRD - NPDES,Evaluation,E-832F-E9-D657,NPDES CSI-Toxics (10/14/2014)
"https://mienviro.michigan.gov/ncore/downloadpdf/5870795035956810268",2014_1022_Cadillac WWTP_Classification Letter.pdf,District Scanned,NPDES Misc. Site Docs,"10/22/2014 12:00:00 AM",5870795035956810268,n/a,Site,15637,Site
"https://mienviro.michigan.gov/ncore/downloadpdf/-4058762933703698175",Cadillac WWTP1014.xls,CSI Report,Conversion - Application / Request,"11/25/2014 12:00:00 AM",-4058762933703698175,WRD - NPDES,Evaluation,E-832F-E9-D657,NPDES CSI-Toxics (10/14/2014)
"https://mienviro.michigan.gov/ncore/downloadpdf/-3695442185476720674",available cyanide.pdf,,Conversion - Application / Request,"11/26/2014 12:00:00 AM",-3695442185476720674,WRD - NPDES,Evaluation,E-832F-E9-D657,NPDES CSI-Toxics (10/14/2014)
"https://mienviro.michigan.gov/ncore/downloadpdf/-1099212723337640688",1410104_1 ENVReport 10 30 2014 1323.pdf,,Conversion - Application / Request,"11/26/2014 12:00:00 AM",-1099212723337640688,WRD - NPDES,Evaluation,E-832F-E9-D657,NPDES CSI-Toxics (10/14/2014)
"https://mienviro.michigan.gov/ncore/downloadpdf/-668421988306006771",201411251653.pdf,DEQ Test Data Evaluation,Conversion - Application / Request,"11/26/2014 12:00:00 AM",-668421988306006771,WRD - NPDES,Evaluation,E-832F-E9-D657,NPDES CSI-Toxics (10/14/2014)
"https://mienviro.michigan.gov/ncore/downloadpdf/-56918685861159494",201411261120.pdf,Cadillac WWTP Inspection Complete Checklist Inspection ID 56545,Conversion - Application / Request,"11/26/2014 12:00:00 AM",-56918685861159494,WRD - NPDES,Evaluation,E-832F-E9-D657,NPDES CSI-Toxics (10/14/2014)
"https://mienviro.michigan.gov/ncore/downloadpdf/44608516278427039",Fecal Coliform Results.pdf,,Conversion - Application / Request,"11/26/2014 12:00:00 AM",44608516278427039,WRD - NPDES,Evaluation,E-832F-E9-D657,NPDES CSI-Toxics (10/14/2014)
"https://mienviro.michigan.gov/ncore/downloadpdf/274553011904573053",CBOD5 Results.pdf,,Conversion - Application / Request,"11/26/2014 12:00:00 AM",274553011904573053,WRD - NPDES,Evaluation,E-832F-E9-D657,NPDES CSI-Toxics (10/14/2014)
"https://mienviro.michigan.gov/ncore/downloadpdf/1797615431681061467",2015_0331_Cadillac WWTP_2014 MMP Yearly Status Report.pdf,District Scanned,NPDES Misc. Site Docs,"3/31/2015 12:00:00 AM",1797615431681061467,n/a,Site,15637,Site
"https://mienviro.michigan.gov/ncore/downloadpdf/-3430155575482837490",Pre-Inspection Report.doc,Pre-Inspection Report,Conversion - Eval,"5/13/2015 12:00:00 AM",-3430155575482837490,WRD - NPDES,Evaluation,E-91D5-97-E7D2,Pretreatment Compliance Inspection (05/14/2015)
"https://mienviro.michigan.gov/ncore/downloadpdf/-7233250038345395334",IPP Profile.pdf,,Conversion - Application / Request,"6/15/2015 12:00:00 AM",-7233250038345395334,WRD - NPDES,Evaluation,E-91D5-97-E7D2,Pretreatment Compliance Inspection (05/14/2015)
"https://mienviro.michigan.gov/ncore/downloadpdf/-3501506775905898877",Interview Jill Notes.pdf,,Conversion - Application / Request,"6/15/2015 12:00:00 AM",-3501506775905898877,WRD - NPDES,Evaluation,E-91D5-97-E7D2,Pretreatment Compliance Inspection (05/14/2015)
"https://mienviro.michigan.gov/ncore/downloadpdf/-2886740339491395619",Interview Julie Notes.pdf,,Conversion - Application / Request,"6/15/2015 12:00:00 AM",-2886740339491395619,WRD - NPDES,Evaluation,E-91D5-97-E7D2,Pretreatment Compliance Inspection (05/14/2015)
"https://mienviro.michigan.gov/ncore/downloadpdf/2151347118259606317",IU Form 2.pdf,,Conversion - Application / Request,"6/15/2015 12:00:00 AM",2151347118259606317,WRD - NPDES,Evaluation,E-91D5-97-E7D2,Pretreatment Compliance Inspection (05/14/2015)
"https://mienviro.michigan.gov/ncore/downloadpdf/2395269267701377445",IU Form 1.pdf,,Conversion - Application / Request,"6/15/2015 12:00:00 AM",2395269267701377445,WRD - NPDES,Evaluation,E-91D5-97-E7D2,Pretreatment Compliance Inspection (05/14/2015)
"https://mienviro.michigan.gov/ncore/downloadpdf/-4772097310601120319",Gen'l Inspection Transmittal.doc,Gen'l Inspection Transmittal,Conversion - Eval,"6/25/2015 12:00:00 AM",-4772097310601120319,WRD - NPDES,Evaluation,E-91D5-97-E7D2,Pretreatment Compliance Inspection (05/14/2015)
"https://mienviro.michigan.gov/ncore/downloadpdf/-8459938767715139506",Fact Sheet.doc,Fact Sheet,Conversion - Permit,"7/8/2015 12:00:00 AM",-8459938767715139506,WRD - NPDES,Permit,MI0020257 v5.1,NPDES Individual Permit
"https://mienviro.michigan.gov/ncore/downloadpdf/1276091315669172082",2015_0805_Cadillac WWTP_DMR QA-35.pdf,District Scanned,NPDES Misc. Site Docs,"8/5/2015 12:00:00 AM",1276091315669172082,n/a,Site,15637,Site
"https://mienviro.michigan.gov/ncore/downloadpdf/-1721928645533378386",DMR Summary - MI0020257 _07_01_2015_to_07_31_2015_V1.docx,DMR Summary Data for period 07/01/2015 - 07/31/2015_V1,Schedule - DMR Documents,"8/28/2015 12:00:00 AM",-1721928645533378386,WRD - NPDES,Permit,MI0020257 v5.0,NPDES Individual Permit
"https://mienviro.michigan.gov/ncore/downloadpdf/2280799879135776031",DMR Daily - MI0020257 _07_01_2015_to_07_31_2015_V1.docx,DMR Daily Data for period 07/01/2015 - 07/31/2015_V1,Schedule - DMR Documents,"8/28/2015 12:00:00 AM",2280799879135776031,WRD - NPDES,Permit,MI0020257 v5.0,NPDES Individual Permit
"https://mienviro.michigan.gov/ncore/downloadpdf/1158228285416033370",DMR Summary - MI0020257 _08_01_2015_to_08_31_2015_V1.docx,DMR Summary Data for period 08/01/2015 - 08/31/2015_V1,Schedule - DMR Documents,"9/18/2015 12:00:00 AM",1158228285416033370,WRD - NPDES,Permit,MI0020257 v5.0,NPDES Individual Permit
"https://mienviro.michigan.gov/ncore/downloadpdf/5114320877368267073",DMR Daily - MI0020257 _08_01_2015_to_08_31_2015_V1.docx,DMR Daily Data for period 08/01/2015 - 08/31/2015_V1,Schedule - DMR Documents,"9/18/2015 12:00:00 AM",5114320877368267073,WRD - NPDES,Permit,MI0020257 v5.0,NPDES Individual Permit
"https://mienviro.michigan.gov/ncore/downloadpdf/-264868687133678095",Cadillac WWTP CCH Petition.pdf,,NPDES Individual Permit,"9/29/2015 12:00:00 AM",-264868687133678095,WRD - NPDES,Permit,MI0020257 v5.1,NPDES Individual Permit
"https://mienviro.michigan.gov/ncore/downloadpdf/2634479280526975746",Cadillac Mod Public Notice Document.doc,,NPDES Individual Permit,"9/29/2015 12:00:00 AM",2634479280526975746,WRD - NPDES,Permit,MI0020257 v5.1,NPDES Individual Permit
"https://mienviro.michigan.gov/ncore/downloadpdf/7718544574668863958",Cadillac Mod Basis for Decision Memo.doc,,NPDES Individual Permit,"9/30/2015 12:00:00 AM",7718544574668863958,WRD - NPDES,Permit,MI0020257 v5.1,NPDES Individual Permit
"https://mienviro.michigan.gov/ncore/downloadpdf/1246990738065777350",DMR Daily - MI0020257 _09_01_2015_to_09_30_2015_V1.docx,DMR Daily Data for period 09/01/2015 - 09/30/2015_V1,Schedule - DMR Documents,"10/20/2015 12:00:00 AM",1246990738065777350,WRD - NPDES,Permit,MI0020257 v5.0,NPDES Individual Permit
"https://mienviro.michigan.gov/ncore/downloadpdf/5720021817529393512",DMR Summary - MI0020257 _09_01_2015_to_09_30_2015_V1.docx,DMR Summary Data for period 09/01/2015 - 09/30/2015_V1,Schedule - DMR Documents,"10/20/2015 12:00:00 AM",5720021817529393512,WRD - NPDES,Permit,MI0020257 v5.0,NPDES Individual Permit
"https://mienviro.michigan.gov/ncore/downloadpdf/3033334029711207746",DMR Summary - MI0020257 _10_01_2014_to_09_30_2015_V1.docx,DMR Summary Data for period 10/01/2014 - 09/30/2015_V1,Schedule - DMR Documents,"10/30/2015 12:00:00 AM",3033334029711207746,WRD - NPDES,Permit,MI0020257 v5.0,NPDES Individual Permit
"https://mienviro.michigan.gov/ncore/downloadpdf/3772272341703184968",2A6-E7TC-JQKM1.pdf v1,,Misc. Application and Request Docs,"10/30/2015 12:00:00 AM",3772272341703184968,WRD - NPDES,Application/Request,2A6-E7TC-JQKM,Schedule - Biosolids Annual Report
"https://mienviro.michigan.gov/ncore/downloadpdf/-4008341624842458816",DMR Summary - MI0020257 _10_01_2015_to_10_31_2015_V1.docx,DMR Summary Data for period 10/01/2015 - 10/31/2015_V1,Schedule - DMR Documents,"11/19/2015 12:00:00 AM",-4008341624842458816,WRD - NPDES,Permit,MI0020257 v5.0,NPDES Individual Permit
"https://mienviro.michigan.gov/ncore/downloadpdf/-751241790278250853",DMR Daily - MI0020257 _10_01_2015_to_10_31_2015_V1.docx,DMR Daily Data for period 10/01/2015 - 10/31/2015_V1,Schedule - DMR Documents,"11/19/2015 12:00:00 AM",-751241790278250853,WRD - NPDES,Permit,MI0020257 v5.0,NPDES Individual Permit
"https://mienviro.michigan.gov/ncore/downloadpdf/344392362451469223",Cadillac Draft Permit for Issue.doc,,NPDES Individual Permit,"12/10/2015 12:00:00 AM",344392362451469223,WRD - NPDES,Permit,MI0020257 v5.1,NPDES Individual Permit
"https://mienviro.michigan.gov/ncore/downloadpdf/-2076524723866920213",DMR Daily - MI0020257 _11_01_2015_to_11_30_2015_V1.docx,DMR Daily Data for period 11/01/2015 - 11/30/2015_V1,Schedule - DMR Documents,"12/19/2015 12:00:00 AM",-2076524723866920213,WRD - NPDES,Permit,MI0020257 v5.0,NPDES Individual Permit
"https://mienviro.michigan.gov/ncore/downloadpdf/6280680775372517980",DMR Summary - MI0020257 _11_01_2015_to_11_30_2015_V1.docx,DMR Summary Data for period 11/01/2015 - 11/30/2015_V1,Schedule - DMR Documents,"12/19/2015 12:00:00 AM",6280680775372517980,WRD - NPDES,Permit,MI0020257 v5.0,NPDES Individual Permit
"https://mienviro.michigan.gov/ncore/downloadpdf/-6731013379800742486",Cadillac WWTP DMRQA 35.pdf,,NPDES Misc. Site Docs,"1/11/2016 12:00:00 AM",-6731013379800742486,n/a,Site,15637,Site
"https://mienviro.michigan.gov/ncore/downloadpdf/-8836688320995793733",2010-2016_Cadillac WWTP_District Compliance File.pdf,District Scanned,NPDES Misc. Site Docs,"1/12/2016 12:00:00 AM",-8836688320995793733,n/a,Site,15637,Site
"https://mienviro.michigan.gov/ncore/downloadpdf/-5447789093327103036",DMR Daily - MI0020257 _12_01_2015_to_12_31_2015_V1.docx,DMR Daily Data for period 12/01/2015 - 12/31/2015_V1,Schedule - DMR Documents,"1/19/2016 12:00:00 AM",-5447789093327103036,WRD - NPDES,Permit,MI0020257 v5.0,NPDES Individual Permit
"https://mienviro.michigan.gov/ncore/downloadpdf/-4193025276374184094",DMR Summary - MI0020257 _12_01_2015_to_12_31_2015_V1.docx,DMR Summary Data for period 12/01/2015 - 12/31/2015_V1,Schedule - DMR Documents,"1/19/2016 12:00:00 AM",-4193025276374184094,WRD - NPDES,Permit,MI0020257 v5.0,NPDES Individual Permit
"https://mienviro.michigan.gov/ncore/downloadpdf/-5568021370246960521",ByPass notification 12-21-15.pdf,,NPDES Misc. Site Docs,"1/25/2016 12:00:00 AM",-5568021370246960521,n/a,Site,15637,Site
"https://mienviro.michigan.gov/ncore/downloadpdf/-4582177045037647324",Spill notification 1-12-16.pdf,,NPDES Misc. Site Docs,"1/25/2016 12:00:00 AM",-4582177045037647324,n/a,Site,15637,Site
"https://mienviro.michigan.gov/ncore/downloadpdf/-7115642780883598587",Mercury minimization plan letter revised V2.DOC v1,Mercury minimization plan letter revised.doc,Applicant Attachments,"2/4/2016 12:00:00 AM",-7115642780883598587,WRD - NPDES,Application/Request,2D2-X9KF-HB6N,Schedule - Pollutant Minimization Program (PMP) Annual Report
"https://mienviro.michigan.gov/ncore/downloadpdf/-5228663365988565838",Violation Letter.Cadillac WWTP-Dietlin.pdf,,Water Quality C&E Docs,"2/4/2016 12:00:00 AM",-5228663365988565838,WRD - NPDES,Compliance Action,VN-006346,Violation Notice
"https://mienviro.michigan.gov/ncore/downloadpdf/449058570274793532",2D2-X9KF-HB6N V2.pdf v1,,Misc. Application and Request Docs,"2/4/2016 12:00:00 AM",449058570274793532,WRD - NPDES,Application/Request,2D2-X9KF-HB6N,Schedule - Pollutant Minimization Program (PMP) Annual Report
"https://mienviro.michigan.gov/ncore/downloadpdf/-3488789892444246103",DMR Summary - MI0020257 _01_01_2016_to_01_31_2016_V1.docx,DMR Summary Data for period 01/01/2016 - 01/31/2016_V1,Schedule - DMR Documents,"2/20/2016 12:00:00 AM",-3488789892444246103,WRD - NPDES,Permit,MI0020257 v5.0,NPDES Individual Permit
"https://mienviro.michigan.gov/ncore/downloadpdf/6525466383076021292",DMR Daily - MI0020257 _01_01_2016_to_01_31_2016_V1.docx,DMR Daily Data for period 01/01/2016 - 01/31/2016_V1,Schedule - DMR Documents,"2/20/2016 12:00:00 AM",6525466383076021292,WRD - NPDES,Permit,MI0020257 v5.0,NPDES Individual Permit
"https://mienviro.michigan.gov/ncore/downloadpdf/-6168521012883685018",VN response from City.Feb 29 2016.pdf,,Water Quality Compliance Communication Docs,"2/29/2016 12:00:00 AM",-6168521012883685018,WRD - NPDES,Compliance Action,VN-006346,Violation Notice
"https://mienviro.michigan.gov/ncore/downloadpdf/-6884866009572813818",DMR Daily - MI0020257 _02_01_2016_to_02_29_2016_V1.docx,DMR Daily Data for period 02/01/2016 - 02/29/2016_V1,Schedule - DMR Documents,"3/16/2016 12:00:00 AM",-6884866009572813818,WRD - NPDES,Permit,MI0020257 v5.0,NPDES Individual Permit
"https://mienviro.michigan.gov/ncore/downloadpdf/-3461689102167870562",DMR Summary - MI0020257 _02_01_2016_to_02_29_2016_V1.docx,DMR Summary Data for period 02/01/2016 - 02/29/2016_V1,Schedule - DMR Documents,"3/16/2016 12:00:00 AM",-3461689102167870562,WRD - NPDES,Permit,MI0020257 v5.0,NPDES Individual Permit
"https://mienviro.michigan.gov/ncore/downloadpdf/-2502838247090599202",DMR Daily - MI0020257 _03_01_2016_to_03_31_2016_V1.docx,DMR Daily Data for period 03/01/2016 - 03/31/2016_V1,Schedule - DMR Documents,"4/18/2016 12:00:00 AM",-2502838247090599202,WRD - NPDES,Permit,MI0020257 v5.0,NPDES Individual Permit
"https://mienviro.michigan.gov/ncore/downloadpdf/1049897993402206269",DMR Summary - MI0020257 _03_01_2016_to_03_31_2016_V1.docx,DMR Summary Data for period 03/01/2016 - 03/31/2016_V1,Schedule - DMR Documents,"4/18/2016 12:00:00 AM",1049897993402206269,WRD - NPDES,Permit,MI0020257 v5.0,NPDES Individual Permit
"https://mienviro.michigan.gov/ncore/downloadpdf/-6425285818055725556",DMR Daily - MI0020257 _04_01_2016_to_04_30_2016_V1.docx,DMR Daily Data for period 04/01/2016 - 04/30/2016_V1,Schedule - DMR Documents,"5/16/2016 12:00:00 AM",-6425285818055725556,WRD - NPDES,Permit,MI0020257 v5.0,NPDES Individual Permit
"https://mienviro.michigan.gov/ncore/downloadpdf/-4750733240863552693",Low Ph notice by City May 16 2016.pdf,"Doug Langworthy called in the exceedance on Thursday, May 12, 2016",NPDES Misc. Site Docs,"5/16/2016 12:00:00 AM",-4750733240863552693,n/a,Site,15637,Site
"https://mienviro.michigan.gov/ncore/downloadpdf/-4336303018773149137",DMR Summary - MI0020257 _04_01_2016_to_04_30_2016_V1.docx,DMR Summary Data for period 04/01/2016 - 04/30/2016_V1,Schedule - DMR Documents,"5/16/2016 12:00:00 AM",-4336303018773149137,WRD - NPDES,Permit,MI0020257 v5.0,NPDES Individual Permit
"https://mienviro.michigan.gov/ncore/downloadpdf/-9054802322981204104",DMR Summary - MI0020257 _05_01_2016_to_05_31_2016_V1.docx,DMR Summary Data for period 05/01/2016 - 05/31/2016_V1,Schedule - DMR Documents,"6/15/2016 12:00:00 AM",-9054802322981204104,WRD - NPDES,Permit,MI0020257 v5.0,NPDES Individual Permit
"https://mienviro.michigan.gov/ncore/downloadpdf/6177350560736608063",DMR Daily - MI0020257 _05_01_2016_to_05_31_2016_V1.docx,DMR Daily Data for period 05/01/2016 - 05/31/2016_V1,Schedule - DMR Documents,"6/15/2016 12:00:00 AM",6177350560736608063,WRD - NPDES,Permit,MI0020257 v5.0,NPDES Individual Permit
"https://mienviro.michigan.gov/ncore/downloadpdf/-6126364658004482120",DMR Summary - MI0020257 _06_01_2016_to_06_30_2016_V1.docx,DMR Summary Data for period 06/01/2016 - 06/30/2016_V1,Schedule - DMR Documents,"7/15/2016 12:00:00 AM",-6126364658004482120,WRD - NPDES,Permit,MI0020257 v5.0,NPDES Individual Permit
"https://mienviro.michigan.gov/ncore/downloadpdf/-2645731656519523748",DMR Daily - MI0020257 _06_01_2016_to_06_30_2016_V1.docx,DMR Daily Data for period 06/01/2016 - 06/30/2016_V1,Schedule - DMR Documents,"7/15/2016 12:00:00 AM",-2645731656519523748,WRD - NPDES,Permit,MI0020257 v5.0,NPDES Individual Permit
"https://mienviro.michigan.gov/ncore/downloadpdf/3518176617040371250",2016_0802_Cadillac WWTP_DMR QA-36.pdf,District Scanned,NPDES Misc. Site Docs,"8/2/2016 12:00:00 AM",3518176617040371250,n/a,Site,15637,Site
"https://mienviro.michigan.gov/ncore/downloadpdf/-41646711706265012",DMR Summary - MI0020257 _07_01_2016_to_07_31_2016_V1.docx,DMR Summary Data for period 07/01/2016 - 07/31/2016_V1,Schedule - DMR Documents,"8/12/2016 12:00:00 AM",-41646711706265012,WRD - NPDES,Permit,MI0020257 v5.0,NPDES Individual Permit
"https://mienviro.michigan.gov/ncore/downloadpdf/1005010368843969925",DMR Daily - MI0020257 _07_01_2016_to_07_31_2016_V1.docx,DMR Daily Data for period 07/01/2016 - 07/31/2016_V1,Schedule - DMR Documents,"8/12/2016 12:00:00 AM",1005010368843969925,WRD - NPDES,Permit,MI0020257 v5.0,NPDES Individual Permit
"https://mienviro.michigan.gov/ncore/downloadpdf/-8864258566189946951",DMR Summary - MI0020257 _08_01_2016_to_08_31_2016_V1.docx,DMR Summary Data for period 08/01/2016 - 08/31/2016_V1,Schedule - DMR Documents,"9/16/2016 12:00:00 AM",-8864258566189946951,WRD - NPDES,Permit,MI0020257 v5.0,NPDES Individual Permit
"https://mienviro.michigan.gov/ncore/downloadpdf/2071454628388704794",DMR Daily - MI0020257 _08_01_2016_to_08_31_2016_V1.docx,DMR Daily Data for period 08/01/2016 - 08/31/2016_V1,Schedule - DMR Documents,"9/16/2016 12:00:00 AM",2071454628388704794,WRD - NPDES,Permit,MI0020257 v5.0,NPDES Individual Permit
"https://mienviro.michigan.gov/ncore/downloadpdf/-7163848156117307736",DMR Daily - MI0020257 _09_01_2016_to_09_30_2016_V1.docx,DMR Daily Data for period 09/01/2016 - 09/30/2016_V1,Schedule - DMR Documents,"10/18/2016 12:00:00 AM",-7163848156117307736,WRD - NPDES,Permit,MI0020257 v5.0,NPDES Individual Permit
"https://mienviro.michigan.gov/ncore/downloadpdf/-5500870070273347359",DMR Summary - MI0020257 _09_01_2016_to_09_30_2016_V1.docx,DMR Summary Data for period 09/01/2016 - 09/30/2016_V1,Schedule - DMR Documents,"10/18/2016 12:00:00 AM",-5500870070273347359,WRD - NPDES,Permit,MI0020257 v5.0,NPDES Individual Permit
"https://mienviro.michigan.gov/ncore/downloadpdf/-8068360832484337569",DMR Summary - MI0020257 _10_01_2015_to_09_30_2016_V1.docx,DMR Summary Data for period 10/01/2015 - 09/30/2016_V1,Schedule - DMR Documents,"10/25/2016 12:00:00 AM",-8068360832484337569,WRD - NPDES,Permit,MI0020257 v5.0,NPDES Individual Permit
"https://mienviro.michigan.gov/ncore/downloadpdf/-3521121797145537515",2KJ-C2SF-H1BF V1.pdf v1,,Misc. Application and Request Docs,"10/25/2016 12:00:00 AM",-3521121797145537515,WRD - NPDES,Application/Request,2KJ-C2SF-H1BF,Schedule - Biosolids Annual Report
"https://mienviro.michigan.gov/ncore/downloadpdf/1524244019210258858",DMR Daily - MI0020257 _10_01_2016_to_10_31_2016_V1.docx,DMR Daily Data for period 10/01/2016 - 10/31/2016_V1,Schedule - DMR Documents,"11/17/2016 12:00:00 AM",1524244019210258858,WRD - NPDES,Permit,MI0020257 v5.0,NPDES Individual Permit
"https://mienviro.michigan.gov/ncore/downloadpdf/5880887913847657693",DMR Summary - MI0020257 _10_01_2016_to_10_31_2016_V1.docx,DMR Summary Data for period 10/01/2016 - 10/31/2016_V1,Schedule - DMR Documents,"11/17/2016 12:00:00 AM",5880887913847657693,WRD - NPDES,Permit,MI0020257 v5.0,NPDES Individual Permit
"https://mienviro.michigan.gov/ncore/downloadpdf/4594408055865795856",DMRQA 36.Cadillac WWTP.pdf,,NPDES Misc. Site Docs,"12/6/2016 12:00:00 AM",4594408055865795856,n/a,Site,15637,Site
"https://mienviro.michigan.gov/ncore/downloadpdf/-570299436410721715",DMR Daily - MI0020257 _11_01_2016_to_11_30_2016_V1.docx,DMR Daily Data for period 11/01/2016 - 11/30/2016_V1,Schedule - DMR Documents,"12/16/2016 12:00:00 AM",-570299436410721715,WRD - NPDES,Permit,MI0020257 v5.0,NPDES Individual Permit
"https://mienviro.michigan.gov/ncore/downloadpdf/8936787219842147076",DMR Summary - MI0020257 _11_01_2016_to_11_30_2016_V1.docx,DMR Summary Data for period 11/01/2016 - 11/30/2016_V1,Schedule - DMR Documents,"12/16/2016 12:00:00 AM",8936787219842147076,WRD - NPDES,Permit,MI0020257 v5.0,NPDES Individual Permit
"https://mienviro.michigan.gov/ncore/downloadpdf/-7309370182573156453",DMR Summary - MI0020257 _12_01_2016_to_12_31_2016_V1.docx,DMR Summary Data for period 12/01/2016 - 12/31/2016_V1,Schedule - DMR Documents,"1/19/2017 12:00:00 AM",-7309370182573156453,WRD - NPDES,Permit,MI0020257 v5.1,NPDES Individual Permit
"https://mienviro.michigan.gov/ncore/downloadpdf/4872492887140551247",DMR Daily - MI0020257 _12_01_2016_to_12_31_2016_V1.docx,DMR Daily Data for period 12/01/2016 - 12/31/2016_V1,Schedule - DMR Documents,"1/19/2017 12:00:00 AM",4872492887140551247,WRD - NPDES,Permit,MI0020257 v5.1,NPDES Individual Permit
"https://mienviro.michigan.gov/ncore/downloadpdf/-563435129997574625",DMR Daily - MI0020257 _01_01_2017_to_01_31_2017_V1.docx,DMR Daily Data for period 01/01/2017 - 01/31/2017_V1,Schedule - DMR Documents,"2/14/2017 12:00:00 AM",-563435129997574625,WRD - NPDES,Permit,MI0020257 v5.1,NPDES Individual Permit
"https://mienviro.michigan.gov/ncore/downloadpdf/-241954493317709276",DMR Summary - MI0020257 _01_01_2017_to_01_31_2017_V1.docx,DMR Summary Data for period 01/01/2017 - 01/31/2017_V1,Schedule - DMR Documents,"2/14/2017 12:00:00 AM",-241954493317709276,WRD - NPDES,Permit,MI0020257 v5.1,NPDES Individual Permit
"https://mienviro.michigan.gov/ncore/downloadpdf/-5281439668552468208",DMR Daily - MI0020257 _02_01_2017_to_02_28_2017_V1.docx,DMR Daily Data for period 02/01/2017 - 02/28/2017_V1,Schedule - DMR Documents,"3/16/2017 12:00:00 AM",-5281439668552468208,WRD - NPDES,Permit,MI0020257 v5.1,NPDES Individual Permit
"https://mienviro.michigan.gov/ncore/downloadpdf/6361322379720926853",DMR Summary - MI0020257 _02_01_2017_to_02_28_2017_V1.docx,DMR Summary Data for period 02/01/2017 - 02/28/2017_V1,Schedule - DMR Documents,"3/16/2017 12:00:00 AM",6361322379720926853,WRD - NPDES,Permit,MI0020257 v5.1,NPDES Individual Permit
"https://mienviro.michigan.gov/ncore/downloadpdf/-9118125169549468879",AVON.docx v1,AVON.docx,Applicant Attachments,"4/3/2017 12:00:00 AM",-9118125169549468879,WRD - NPDES,Application/Request,2Q7-HQ21-P66B,Permit Change - National Pollutant Discharge Elimination System (NPDES) Municipal Application Form (Reissuance)
"https://mienviro.michigan.gov/ncore/downloadpdf/-9090737734205945229",0P1-02 Process Flow.pdf v1,0P1-02 Process Flow.pdf,Applicant Attachments,"4/3/2017 12:00:00 AM",-9090737734205945229,WRD - NPDES,Application/Request,2Q7-HQ21-P66B,Permit Change - National Pollutant Discharge Elimination System (NPDES) Municipal Application Form (Reissuance)
"https://mienviro.michigan.gov/ncore/downloadpdf/-8713293357649151288",Paragon Wet Test (3).pdf v1,Paragon Wet Test (3).pdf,Applicant Attachments,"4/3/2017 12:00:00 AM",-8713293357649151288,WRD - NPDES,Application/Request,2Q7-HQ21-P66B,Permit Change - National Pollutant Discharge Elimination System (NPDES) Municipal Application Form (Reissuance)
"https://mienviro.michigan.gov/ncore/downloadpdf/-8499150955445776749",Borg Warner.docx v1,Borg Warner.docx,Applicant Attachments,"4/3/2017 12:00:00 AM",-8499150955445776749,WRD - NPDES,Application/Request,2Q7-HQ21-P66B,Permit Change - National Pollutant Discharge Elimination System (NPDES) Municipal Application Form (Reissuance)
"https://mienviro.michigan.gov/ncore/downloadpdf/-6842767691186545255",REC BOAT CABINETRY.docx v1,REC BOAT CABINETRY.docx,Applicant Attachments,"4/3/2017 12:00:00 AM",-6842767691186545255,WRD - NPDES,Application/Request,2Q7-HQ21-P66B,Permit Change - National Pollutant Discharge Elimination System (NPDES) Municipal Application Form (Reissuance)
"https://mienviro.michigan.gov/ncore/downloadpdf/-6756834478233780033",REC BOAT SPORT.docx v1,REC BOAT SPORT.docx,Applicant Attachments,"4/3/2017 12:00:00 AM",-6756834478233780033,WRD - NPDES,Application/Request,2Q7-HQ21-P66B,Permit Change - National Pollutant Discharge Elimination System (NPDES) Municipal Application Form (Reissuance)
"https://mienviro.michigan.gov/ncore/downloadpdf/-5800382166597688800",ARVCO.docx v1,ARVCO.docx,Applicant Attachments,"4/3/2017 12:00:00 AM",-5800382166597688800,WRD - NPDES,Application/Request,2Q7-HQ21-P66B,Permit Change - National Pollutant Discharge Elimination System (NPDES) Municipal Application Form (Reissuance)
"https://mienviro.michigan.gov/ncore/downloadpdf/-5693104588523843213",AAR 6th.docx v1,AAR 6th.docx,Applicant Attachments,"4/3/2017 12:00:00 AM",-5693104588523843213,WRD - NPDES,Application/Request,2Q7-HQ21-P66B,Permit Change - National Pollutant Discharge Elimination System (NPDES) Municipal Application Form (Reissuance)
"https://mienviro.michigan.gov/ncore/downloadpdf/-5563635413840106744",AVON Protection.docx v1,AVON Protection.docx,Applicant Attachments,"4/3/2017 12:00:00 AM",-5563635413840106744,WRD - NPDES,Application/Request,2Q7-HQ21-P66B,Permit Change - National Pollutant Discharge Elimination System (NPDES) Municipal Application Form (Reissuance)
"https://mienviro.michigan.gov/ncore/downloadpdf/-5332488901169956875",CRE.docx v1,CRE.docx,Applicant Attachments,"4/3/2017 12:00:00 AM",-5332488901169956875,WRD - NPDES,Application/Request,2Q7-HQ21-P66B,Permit Change - National Pollutant Discharge Elimination System (NPDES) Municipal Application Form (Reissuance)
"https://mienviro.michigan.gov/ncore/downloadpdf/-4580690770354640221",PIRANHA.docx v1,PIRANHA.docx,Applicant Attachments,"4/3/2017 12:00:00 AM",-4580690770354640221,WRD - NPDES,Application/Request,2Q7-HQ21-P66B,Permit Change - National Pollutant Discharge Elimination System (NPDES) Municipal Application Form (Reissuance)
"https://mienviro.michigan.gov/ncore/downloadpdf/-4576801597538136401",Munson.docx v1,Munson.docx,Applicant Attachments,"4/3/2017 12:00:00 AM",-4576801597538136401,WRD - NPDES,Application/Request,2Q7-HQ21-P66B,Permit Change - National Pollutant Discharge Elimination System (NPDES) Municipal Application Form (Reissuance)
"https://mienviro.michigan.gov/ncore/downloadpdf/-4571421296266695594",0P1-01 Process Flow.pdf v1,0P1-01 Process Flow.pdf,Applicant Attachments,"4/3/2017 12:00:00 AM",-4571421296266695594,WRD - NPDES,Application/Request,2Q7-HQ21-P66B,Permit Change - National Pollutant Discharge Elimination System (NPDES) Municipal Application Form (Reissuance)
"https://mienviro.michigan.gov/ncore/downloadpdf/-4072267205926815735",Wet Test ERM 2-2-2017.pdf v1,Wet Test ERM 2-2-2017.pdf,Applicant Attachments,"4/3/2017 12:00:00 AM",-4072267205926815735,WRD - NPDES,Application/Request,2Q7-HQ21-P66B,Permit Change - National Pollutant Discharge Elimination System (NPDES) Municipal Application Form (Reissuance)
"https://mienviro.michigan.gov/ncore/downloadpdf/-3238540496460905709",Kar Lab Biosolids 9-12-2016.pdf v1,Kar Lab Biosolids 9-12-2016.pdf,Applicant Attachments,"4/3/2017 12:00:00 AM",-3238540496460905709,WRD - NPDES,Application/Request,2Q7-HQ21-P66B,Permit Change - National Pollutant Discharge Elimination System (NPDES) Municipal Application Form (Reissuance)
"https://mienviro.michigan.gov/ncore/downloadpdf/-1348128324309124463",Hutchinson.docx v1,Hutchinson.docx,Applicant Attachments,"4/3/2017 12:00:00 AM",-1348128324309124463,WRD - NPDES,Application/Request,2Q7-HQ21-P66B,Permit Change - National Pollutant Discharge Elimination System (NPDES) Municipal Application Form (Reissuance)
"https://mienviro.michigan.gov/ncore/downloadpdf/-910355065678437940",AAR Facility.docx v1,AAR Facility.docx,Applicant Attachments,"4/3/2017 12:00:00 AM",-910355065678437940,WRD - NPDES,Application/Request,2Q7-HQ21-P66B,Permit Change - National Pollutant Discharge Elimination System (NPDES) Municipal Application Form (Reissuance)
"https://mienviro.michigan.gov/ncore/downloadpdf/-505155985048363429",REC BOAT TRAILER.docx v1,REC BOAT TRAILER.docx,Applicant Attachments,"4/3/2017 12:00:00 AM",-505155985048363429,WRD - NPDES,Application/Request,2Q7-HQ21-P66B,Permit Change - National Pollutant Discharge Elimination System (NPDES) Municipal Application Form (Reissuance)
"https://mienviro.michigan.gov/ncore/downloadpdf/-308826788854237261",Kar Lab Biosolids 3-14-2016.pdf v1,Kar Lab Biosolids 3-14-2016.pdf,Applicant Attachments,"4/3/2017 12:00:00 AM",-308826788854237261,WRD - NPDES,Application/Request,2Q7-HQ21-P66B,Permit Change - National Pollutant Discharge Elimination System (NPDES) Municipal Application Form (Reissuance)
"https://mienviro.michigan.gov/ncore/downloadpdf/-123817907349178312",REC BOAT CRUISER.docx v1,REC BOAT CRUISER.docx,Applicant Attachments,"4/3/2017 12:00:00 AM",-123817907349178312,WRD - NPDES,Application/Request,2Q7-HQ21-P66B,Permit Change - National Pollutant Discharge Elimination System (NPDES) Municipal Application Form (Reissuance)
"https://mienviro.michigan.gov/ncore/downloadpdf/832209690549104746",Michigan Rubber.docx v1,Michigan Rubber.docx,Applicant Attachments,"4/3/2017 12:00:00 AM",832209690549104746,WRD - NPDES,Application/Request,2Q7-HQ21-P66B,Permit Change - National Pollutant Discharge Elimination System (NPDES) Municipal Application Form (Reissuance)
"https://mienviro.michigan.gov/ncore/downloadpdf/1829985439158043192",SPENCER.docx v1,SPENCER.docx,Applicant Attachments,"4/3/2017 12:00:00 AM",1829985439158043192,WRD - NPDES,Application/Request,2Q7-HQ21-P66B,Permit Change - National Pollutant Discharge Elimination System (NPDES) Municipal Application Form (Reissuance)
"https://mienviro.michigan.gov/ncore/downloadpdf/1852969813164958154",Paragon Wet Test (1).pdf v1,Paragon Wet Test (1).pdf,Applicant Attachments,"4/3/2017 12:00:00 AM",1852969813164958154,WRD - NPDES,Application/Request,2Q7-HQ21-P66B,Permit Change - National Pollutant Discharge Elimination System (NPDES) Municipal Application Form (Reissuance)
"https://mienviro.michigan.gov/ncore/downloadpdf/2929107239418671816",WEXFORD LANDFILL.docx v1,WEXFORD LANDFILL.docx,Applicant Attachments,"4/3/2017 12:00:00 AM",2929107239418671816,WRD - NPDES,Application/Request,2Q7-HQ21-P66B,Permit Change - National Pollutant Discharge Elimination System (NPDES) Municipal Application Form (Reissuance)
"https://mienviro.michigan.gov/ncore/downloadpdf/3858403373487489303",AVON 2 5th St Manhole.docx v1,AVON 2 5th St Manhole.docx,Applicant Attachments,"4/3/2017 12:00:00 AM",3858403373487489303,WRD - NPDES,Application/Request,2Q7-HQ21-P66B,Permit Change - National Pollutant Discharge Elimination System (NPDES) Municipal Application Form (Reissuance)
"https://mienviro.michigan.gov/ncore/downloadpdf/3937714205518051674",Plant Brochure.pdf v1,Plant Brochure.pdf,Applicant Attachments,"4/3/2017 12:00:00 AM",3937714205518051674,WRD - NPDES,Application/Request,2Q7-HQ21-P66B,Permit Change - National Pollutant Discharge Elimination System (NPDES) Municipal Application Form (Reissuance)
"https://mienviro.michigan.gov/ncore/downloadpdf/4079635351094952055",AAR Rinse Tank.docx v1,AAR Rinse Tank.docx,Applicant Attachments,"4/3/2017 12:00:00 AM",4079635351094952055,WRD - NPDES,Application/Request,2Q7-HQ21-P66B,Permit Change - National Pollutant Discharge Elimination System (NPDES) Municipal Application Form (Reissuance)
"https://mienviro.michigan.gov/ncore/downloadpdf/4641308164668318184",NPDES.pdf v1,NPDES.pdf,Applicant Attachments,"4/3/2017 12:00:00 AM",4641308164668318184,WRD - NPDES,Application/Request,2Q7-HQ21-P66B,Permit Change - National Pollutant Discharge Elimination System (NPDES) Municipal Application Form (Reissuance)
"https://mienviro.michigan.gov/ncore/downloadpdf/5769919426026990647",FIAMM.docx v1,FIAMM.docx,Applicant Attachments,"4/3/2017 12:00:00 AM",5769919426026990647,WRD - NPDES,Application/Request,2Q7-HQ21-P66B,Permit Change - National Pollutant Discharge Elimination System (NPDES) Municipal Application Form (Reissuance)
"https://mienviro.michigan.gov/ncore/downloadpdf/6710410934790894908",CCI.docx v1,CCI.docx,Applicant Attachments,"4/3/2017 12:00:00 AM",6710410934790894908,WRD - NPDES,Application/Request,2Q7-HQ21-P66B,Permit Change - National Pollutant Discharge Elimination System (NPDES) Municipal Application Form (Reissuance)
"https://mienviro.michigan.gov/ncore/downloadpdf/6932780206728288696",Paragon Wet Test.pdf v1,Paragon Wet Test.pdf,Applicant Attachments,"4/3/2017 12:00:00 AM",6932780206728288696,WRD - NPDES,Application/Request,2Q7-HQ21-P66B,Permit Change - National Pollutant Discharge Elimination System (NPDES) Municipal Application Form (Reissuance)
"https://mienviro.michigan.gov/ncore/downloadpdf/8306099835625514154",0P1-03 Process Flow.pdf v1,0P1-03 Process Flow.pdf,Applicant Attachments,"4/3/2017 12:00:00 AM",8306099835625514154,WRD - NPDES,Application/Request,2Q7-HQ21-P66B,Permit Change - National Pollutant Discharge Elimination System (NPDES) Municipal Application Form (Reissuance)
"https://mienviro.michigan.gov/ncore/downloadpdf/-4194105337445403259",Application_2Q7-HQ21-P66B V1.pdf v1,,Misc. Application and Request Docs,"4/5/2017 12:00:00 AM",-4194105337445403259,WRD - NPDES,Application/Request,2Q7-HQ21-P66B,Permit Change - National Pollutant Discharge Elimination System (NPDES) Municipal Application Form (Reissuance)
"https://mienviro.michigan.gov/ncore/downloadpdf/-2462697300358445557",DMR Summary - MI0020257 _03_01_2017_to_03_31_2017_V1.docx,DMR Summary Data for period 03/01/2017 - 03/31/2017_V1,Schedule - DMR Documents,"4/19/2017 12:00:00 AM",-2462697300358445557,WRD - NPDES,Permit,MI0020257 v5.1,NPDES Individual Permit
"https://mienviro.michigan.gov/ncore/downloadpdf/5374658919181652521",DMR Daily - MI0020257 _03_01_2017_to_03_31_2017_V1.docx,DMR Daily Data for period 03/01/2017 - 03/31/2017_V1,Schedule - DMR Documents,"4/19/2017 12:00:00 AM",5374658919181652521,WRD - NPDES,Permit,MI0020257 v5.1,NPDES Individual Permit
"https://mienviro.michigan.gov/ncore/downloadpdf/7735398460674456608",emails regd verbal notify BOD exceed 050917 ul MiW.msg,,NPDES Misc. Site Docs,"5/9/2017 12:00:00 AM",7735398460674456608,n/a,Site,15637,Site
"https://mienviro.michigan.gov/ncore/downloadpdf/3141508032254302466",written rpt BOD exceed 051217 ul MiW.msg,,NPDES Misc. Site Docs,"5/12/2017 12:00:00 AM",3141508032254302466,n/a,Site,15637,Site
"https://mienviro.michigan.gov/ncore/downloadpdf/-6506352065203311462",DMR Daily - MI0020257 _04_01_2017_to_04_30_2017_V1.docx,DMR Daily Data for period 04/01/2017 - 04/30/2017_V1,Schedule - DMR Documents,"5/17/2017 12:00:00 AM",-6506352065203311462,WRD - NPDES,Permit,MI0020257 v5.1,NPDES Individual Permit
"https://mienviro.michigan.gov/ncore/downloadpdf/-389607197290388061",email addn reporting BOD exceed 051717 ul MiW.msg,,NPDES Misc. Site Docs,"5/17/2017 12:00:00 AM",-389607197290388061,n/a,Site,15637,Site
"https://mienviro.michigan.gov/ncore/downloadpdf/7441804851118153573",DMR Summary - MI0020257 _04_01_2017_to_04_30_2017_V1.docx,DMR Summary Data for period 04/01/2017 - 04/30/2017_V1,Schedule - DMR Documents,"5/17/2017 12:00:00 AM",7441804851118153573,WRD - NPDES,Permit,MI0020257 v5.1,NPDES Individual Permit
"https://mienviro.michigan.gov/ncore/downloadpdf/-7534533116651044102",written rpt ammonia NPDES exceedance 051917.msg,,NPDES Misc. Site Docs,"5/19/2017 12:00:00 AM",-7534533116651044102,n/a,Site,15637,Site
"https://mienviro.michigan.gov/ncore/downloadpdf/-1358521760501568481",written report BOD exceedance #2 052417.msg,,NPDES Misc. Site Docs,"5/24/2017 12:00:00 AM",-1358521760501568481,n/a,Site,15637,Site
"https://mienviro.michigan.gov/ncore/downloadpdf/-3514350148586469102",DMR Daily - MI0020257 _05_01_2017_to_05_31_2017_V1.docx,DMR Daily Data for period 05/01/2017 - 05/31/2017_V1,Schedule - DMR Documents,"6/13/2017 12:00:00 AM",-3514350148586469102,WRD - NPDES,Permit,MI0020257 v5.1,NPDES Individual Permit
"https://mienviro.michigan.gov/ncore/downloadpdf/-1817143456933767821",DMR Summary - MI0020257 _05_01_2017_to_05_31_2017_V1.docx,DMR Summary Data for period 05/01/2017 - 05/31/2017_V1,Schedule - DMR Documents,"6/13/2017 12:00:00 AM",-1817143456933767821,WRD - NPDES,Permit,MI0020257 v5.1,NPDES Individual Permit
"https://mienviro.michigan.gov/ncore/downloadpdf/5876564337621442480",written report BOD exceedance 061517.msg,,NPDES Misc. Site Docs,"6/15/2017 12:00:00 AM",5876564337621442480,n/a,Site,15637,Site
"https://mienviro.michigan.gov/ncore/downloadpdf/-5622633242256800541",written report BOD exceedance 071217.msg,,NPDES Misc. Site Docs,"7/12/2017 12:00:00 AM",-5622633242256800541,n/a,Site,15637,Site
"https://mienviro.michigan.gov/ncore/downloadpdf/-8542276497179018047",DMR Summary - MI0020257 _06_01_2017_to_06_30_2017_V1.docx,DMR Summary Data for period 06/01/2017 - 06/30/2017_V1,Schedule - DMR Documents,"7/18/2017 12:00:00 AM",-8542276497179018047,WRD - NPDES,Permit,MI0020257 v5.1,NPDES Individual Permit
"https://mienviro.michigan.gov/ncore/downloadpdf/2596891981566435001",DMR Daily - MI0020257 _06_01_2017_to_06_30_2017_V1.docx,DMR Daily Data for period 06/01/2017 - 06/30/2017_V1,Schedule - DMR Documents,"7/18/2017 12:00:00 AM",2596891981566435001,WRD - NPDES,Permit,MI0020257 v5.1,NPDES Individual Permit
"https://mienviro.michigan.gov/ncore/downloadpdf/-3743271668249773176",DMR Summary - MI0020257 _05_01_2017_to_05_31_2017_V2.docx,DMR Summary Data for period 05/01/2017 - 05/31/2017_V2,Schedule - DMR Documents,"8/17/2017 12:00:00 AM",-3743271668249773176,WRD - NPDES,Permit,MI0020257 v5.1,NPDES Individual Permit
"https://mienviro.michigan.gov/ncore/downloadpdf/-486435104065967818",DMR Daily - MI0020257 _05_01_2017_to_05_31_2017_V2.docx,DMR Daily Data for period 05/01/2017 - 05/31/2017_V2,Schedule - DMR Documents,"8/17/2017 12:00:00 AM",-486435104065967818,WRD - NPDES,Permit,MI0020257 v5.1,NPDES Individual Permit
"https://mienviro.michigan.gov/ncore/downloadpdf/-111396327202170199",DMR Daily - MI0020257 _07_01_2017_to_07_31_2017_V1.docx,DMR Daily Data for period 07/01/2017 - 07/31/2017_V1,Schedule - DMR Documents,"8/17/2017 12:00:00 AM",-111396327202170199,WRD - NPDES,Permit,MI0020257 v5.1,NPDES Individual Permit
"https://mienviro.michigan.gov/ncore/downloadpdf/1920013186052737041",DMR Summary - MI0020257 _07_01_2017_to_07_31_2017_V1.docx,DMR Summary Data for period 07/01/2017 - 07/31/2017_V1,Schedule - DMR Documents,"8/17/2017 12:00:00 AM",1920013186052737041,WRD - NPDES,Permit,MI0020257 v5.1,NPDES Individual Permit
"https://mienviro.michigan.gov/ncore/downloadpdf/-4403402754038879326",Cadillac WWTP DMRQA 37 083117.pdf,,NPDES Misc. Site Docs,"8/31/2017 12:00:00 AM",-4403402754038879326,n/a,Site,15637,Site
"https://mienviro.michigan.gov/ncore/downloadpdf/7005832042046937184",DMR Daily - MI0020257 _08_01_2017_to_08_31_2017_V1.docx,DMR Daily Data for period 08/01/2017 - 08/31/2017_V1,Schedule - DMR Documents,"9/15/2017 12:00:00 AM",7005832042046937184,WRD - NPDES,Permit,MI0020257 v5.1,NPDES Individual Permit
"https://mienviro.michigan.gov/ncore/downloadpdf/8461445828922893016",DMR Summary - MI0020257 _08_01_2017_to_08_31_2017_V1.docx,DMR Summary Data for period 08/01/2017 - 08/31/2017_V1,Schedule - DMR Documents,"9/15/2017 12:00:00 AM",8461445828922893016,WRD - NPDES,Permit,MI0020257 v5.1,NPDES Individual Permit
"https://mienviro.michigan.gov/ncore/downloadpdf/-7940855265872368210",Spring Biosolids HML 2017.pdf v1,FY17 - Class A Pathogen results - Mar. 2017,Applicant Attachments,"10/13/2017 12:00:00 AM",-7940855265872368210,WRD - NPDES,Application/Request,HN8-AEB3-S8NKF,Schedule - Biosolids Annual Report
"https://mienviro.michigan.gov/ncore/downloadpdf/-5897892034958233867",2017 As Applied - 30GR01.xlsx v1,Land App Site - Oct 2016,Applicant Attachments,"10/13/2017 12:00:00 AM",-5897892034958233867,WRD - NPDES,Application/Request,HN8-AEB3-S8NKF,Schedule - Biosolids Annual Report
"https://mienviro.michigan.gov/ncore/downloadpdf/-4564688140221150418",2017 As Applied - 31DG01.xlsx v1,Land App site - April 2017,Applicant Attachments,"10/13/2017 12:00:00 AM",-4564688140221150418,WRD - NPDES,Application/Request,HN8-AEB3-S8NKF,Schedule - Biosolids Annual Report
"https://mienviro.michigan.gov/ncore/downloadpdf/-4030890897963029912",HML Fall 2016.pdf v1,Sept. test for haul in Oct. - Class A Pathogen results,Applicant Attachments,"10/13/2017 12:00:00 AM",-4030890897963029912,WRD - NPDES,Application/Request,HN8-AEB3-S8NKF,Schedule - Biosolids Annual Report
"https://mienviro.michigan.gov/ncore/downloadpdf/-2488798986427058681",31GR01 - Analytical.pdf v1,Sept. 2016 test for haul in Oct. 2016 - Metals & Nutrients,Applicant Attachments,"10/13/2017 12:00:00 AM",-2488798986427058681,WRD - NPDES,Application/Request,HN8-AEB3-S8NKF,Schedule - Biosolids Annual Report
"https://mienviro.michigan.gov/ncore/downloadpdf/-1688568603305138344",Applier Cert. of Pathogens and Vector Attraction Reduction.doc v1,Applier - Cert. of Pathogens & VARs,Applicant Attachments,"10/13/2017 12:00:00 AM",-1688568603305138344,WRD - NPDES,Application/Request,HN8-AEB3-S8NKF,Schedule - Biosolids Annual Report
"https://mienviro.michigan.gov/ncore/downloadpdf/-1675409833587234275",2017 As Applied - 17RW01.xlsx v1,Land app Site - April 2017,Applicant Attachments,"10/13/2017 12:00:00 AM",-1675409833587234275,WRD - NPDES,Application/Request,HN8-AEB3-S8NKF,Schedule - Biosolids Annual Report
"https://mienviro.michigan.gov/ncore/downloadpdf/865533459970142181",DMR Daily - MI0020257 _09_01_2017_to_09_30_2017_V1.docx,DMR Daily Data for period 09/01/2017 - 09/30/2017_V1,Schedule - DMR Documents,"10/13/2017 12:00:00 AM",865533459970142181,WRD - NPDES,Permit,MI0020257 v5.1,NPDES Individual Permit
"https://mienviro.michigan.gov/ncore/downloadpdf/1336509163278193309","31DG01, 17EK01, 17RW01 - Analytical.pdf v1","FY17 Results - March 2017 - Metals, Nutrients & Volatiles",Applicant Attachments,"10/13/2017 12:00:00 AM",1336509163278193309,WRD - NPDES,Application/Request,HN8-AEB3-S8NKF,Schedule - Biosolids Annual Report
"https://mienviro.michigan.gov/ncore/downloadpdf/1351029181868169986",DMR Summary - MI0020257 _09_01_2017_to_09_30_2017_V1.docx,DMR Summary Data for period 09/01/2017 - 09/30/2017_V1,Schedule - DMR Documents,"10/13/2017 12:00:00 AM",1351029181868169986,WRD - NPDES,Permit,MI0020257 v5.1,NPDES Individual Permit
"https://mienviro.michigan.gov/ncore/downloadpdf/1498609859186270953",Class B Site Restrictions Certification.doc v1,Applier Site Restr. Certification,Applicant Attachments,"10/13/2017 12:00:00 AM",1498609859186270953,WRD - NPDES,Application/Request,HN8-AEB3-S8NKF,Schedule - Biosolids Annual Report
"https://mienviro.michigan.gov/ncore/downloadpdf/6182107663604652349",DMR Summary - MI0020257 _10_01_2016_to_09_30_2017_V1.docx,DMR Summary Data for period 10/01/2016 - 09/30/2017_V1,Schedule - DMR Documents,"10/13/2017 12:00:00 AM",6182107663604652349,WRD - NPDES,Permit,MI0020257 v5.1,NPDES Individual Permit
"https://mienviro.michigan.gov/ncore/downloadpdf/7951970310208812203",2017 As Applied - 17EK01.xlsx v1,Land App Site - April 2017,Applicant Attachments,"10/13/2017 12:00:00 AM",7951970310208812203,WRD - NPDES,Application/Request,HN8-AEB3-S8NKF,Schedule - Biosolids Annual Report
"https://mienviro.michigan.gov/ncore/downloadpdf/8416368693200764668",HN8-AEB3-S8NKF V1.pdf v1,FY17 Biosolids Annual Report.,Misc. Application and Request Docs,"10/13/2017 12:00:00 AM",8416368693200764668,WRD - NPDES,Application/Request,HN8-AEB3-S8NKF,Schedule - Biosolids Annual Report
"https://mienviro.michigan.gov/ncore/downloadpdf/8684882921218429674",Mgt Practices Certification.doc v1,Applier Cert. - Mgt Practices,Applicant Attachments,"10/13/2017 12:00:00 AM",8684882921218429674,WRD - NPDES,Application/Request,HN8-AEB3-S8NKF,Schedule - Biosolids Annual Report
"https://mienviro.michigan.gov/ncore/downloadpdf/-919100790848612757",Cadillac WWTP Oct 2017 BOD email 102517.msg,NPDES limit exceedance correspondence,Misc Site Docs,"10/25/2017 12:00:00 AM",-919100790848612757,n/a,Site,15637,Site
"https://mienviro.michigan.gov/ncore/downloadpdf/850609280377440890",Cadillac WWTP Oct 2017 BOD notice 102517.msg,NPDES limit exceedance correspondence,Misc Site Docs,"10/25/2017 12:00:00 AM",850609280377440890,n/a,Site,15637,Site
"https://mienviro.michigan.gov/ncore/downloadpdf/-6671969809514163421",Cadillac WWTP Oct 2017 BOD email 103017.msg,NPDES limit exceedance correspondence,Misc Site Docs,"10/30/2017 12:00:00 AM",-6671969809514163421,n/a,Site,15637,Site
"https://mienviro.michigan.gov/ncore/downloadpdf/-5037797726850269844",DMR Summary - MI0020257 _10_01_2017_to_10_31_2017_V1.docx,DMR Summary Data for period 10/01/2017 - 10/31/2017_V1,Schedule - DMR Documents,"11/16/2017 12:00:00 AM",-5037797726850269844,WRD - NPDES,Permit,MI0020257 v5.1,NPDES Individual Permit
"https://mienviro.michigan.gov/ncore/downloadpdf/-739207244620603055",DMR Daily - MI0020257 _10_01_2017_to_10_31_2017_V1.docx,DMR Daily Data for period 10/01/2017 - 10/31/2017_V1,Schedule - DMR Documents,"11/16/2017 12:00:00 AM",-739207244620603055,WRD - NPDES,Permit,MI0020257 v5.1,NPDES Individual Permit
"https://mienviro.michigan.gov/ncore/downloadpdf/-6334666196725602947",Cadillac WWTP Nov 2017 BOD Notice 120417.msg,NPDES limit exceedance correspondence,Misc Site Docs,"12/4/2017 12:00:00 AM",-6334666196725602947,n/a,Site,15637,Site
"https://mienviro.michigan.gov/ncore/downloadpdf/-8814440160125396713",DMR Summary - MI0020257 _11_01_2017_to_11_30_2017_V1.docx,DMR Summary Data for period 11/01/2017 - 11/30/2017_V1,Schedule - DMR Documents,"12/15/2017 12:00:00 AM",-8814440160125396713,WRD - NPDES,Permit,MI0020257 v5.1,NPDES Individual Permit
"https://mienviro.michigan.gov/ncore/downloadpdf/2472286616657780651",DMR Daily - MI0020257 _11_01_2017_to_11_30_2017_V1.docx,DMR Daily Data for period 11/01/2017 - 11/30/2017_V1,Schedule - DMR Documents,"12/15/2017 12:00:00 AM",2472286616657780651,WRD - NPDES,Permit,MI0020257 v5.1,NPDES Individual Permit
"https://mienviro.michigan.gov/ncore/downloadpdf/5351587946243598793",DMR Summary - MI0020257 _12_01_2017_to_12_31_2017_V1.docx,DMR Summary Data for period 12/01/2017 - 12/31/2017_V1,Schedule - DMR Documents,"1/18/2018 12:00:00 AM",5351587946243598793,WRD - NPDES,Permit,MI0020257 v5.1,NPDES Individual Permit
"https://mienviro.michigan.gov/ncore/downloadpdf/6383006232820553511",DMR Daily - MI0020257 _12_01_2017_to_12_31_2017_V1.docx,DMR Daily Data for period 12/01/2017 - 12/31/2017_V1,Schedule - DMR Documents,"1/18/2018 12:00:00 AM",6383006232820553511,WRD - NPDES,Permit,MI0020257 v5.1,NPDES Individual Permit
"https://mienviro.michigan.gov/ncore/downloadpdf/4396568221413786777",WQBELBiologistFactSheet_MI0020257_1-30-2018.pdf,WQBEL Biologist Recommendations Fact/Decision Sheet,Misc. Application and Request Docs,"1/30/2018 12:00:00 AM",4396568221413786777,WRD - NPDES,Application/Request,2Q7-HQ21-P66B,Permit Change - National Pollutant Discharge Elimination System (NPDES) Municipal Application Form (Reissuance)
"https://mienviro.michigan.gov/ncore/downloadpdf/9173363052273315993",WQBELBiologistReview_MI0020257_1-30-2018.doc,WQBEL Biologist Recommendations Memo,Misc. Application and Request Docs,"1/30/2018 12:00:00 AM",9173363052273315993,WRD - NPDES,Application/Request,2Q7-HQ21-P66B,Permit Change - National Pollutant Discharge Elimination System (NPDES) Municipal Application Form (Reissuance)
"https://mienviro.michigan.gov/ncore/downloadpdf/-7195529521434838094",Cadillac WWTP Ammonia Method 021418 email.msg,,NPDES Misc. Site Docs,"2/14/2018 12:00:00 AM",-7195529521434838094,n/a,Site,15637,Site
"https://mienviro.michigan.gov/ncore/downloadpdf/-1122778753452821851",DMR Daily - MI0020257 _01_01_2018_to_01_31_2018_V1.docx,DMR Daily Data for period 01/01/2018 - 01/31/2018_V1,Schedule - DMR Documents,"2/19/2018 12:00:00 AM",-1122778753452821851,WRD - NPDES,Permit,MI0020257 v5.1,NPDES Individual Permit
"https://mienviro.michigan.gov/ncore/downloadpdf/9121072629286172709",DMR Summary - MI0020257 _01_01_2018_to_01_31_2018_V1.docx,DMR Summary Data for period 01/01/2018 - 01/31/2018_V1,Schedule - DMR Documents,"2/19/2018 12:00:00 AM",9121072629286172709,WRD - NPDES,Permit,MI0020257 v5.1,NPDES Individual Permit
"https://mienviro.michigan.gov/ncore/downloadpdf/1950215384933042828",MI0020257 PFAS-IPP Letter 2-20-2018.pdf,,Industrial Pretreatment Program (IPP),"3/1/2018 12:00:00 AM",1950215384933042828,n/a,Site,15637,Site
"https://mienviro.michigan.gov/ncore/downloadpdf/-2361783230760937000",Cadillac WWTP Ammonia Method 031518 email.msg,,NPDES Misc. Site Docs,"3/15/2018 12:00:00 AM",-2361783230760937000,n/a,Site,15637,Site
"https://mienviro.michigan.gov/ncore/downloadpdf/-6162908203363123759",AlternateTestMethod-Ammonia_MI0020257_3-2-2018.msg,,Misc Site Docs,"3/16/2018 12:00:00 AM",-6162908203363123759,n/a,Site,15637,Site
"https://mienviro.michigan.gov/ncore/downloadpdf/-6076810724525433677",DMR Summary - MI0020257 _02_01_2018_to_02_28_2018_V1.docx,DMR Summary Data for period 02/01/2018 - 02/28/2018_V1,Schedule - DMR Documents,"3/19/2018 12:00:00 AM",-6076810724525433677,WRD - NPDES,Permit,MI0020257 v5.1,NPDES Individual Permit
"https://mienviro.michigan.gov/ncore/downloadpdf/8672164108555213315",DMR Daily - MI0020257 _02_01_2018_to_02_28_2018_V1.docx,DMR Daily Data for period 02/01/2018 - 02/28/2018_V1,Schedule - DMR Documents,"3/19/2018 12:00:00 AM",8672164108555213315,WRD - NPDES,Permit,MI0020257 v5.1,NPDES Individual Permit
"https://mienviro.michigan.gov/ncore/downloadpdf/-6666933816233107755",HNB-J69X-W1FHA V1.pdf v1,,Misc. Application and Request Docs,"3/28/2018 12:00:00 AM",-6666933816233107755,WRD - NPDES,Application/Request,HNB-J69X-W1FHA,Schedule - Michigan Industrial Pretreatment Program Annual Report
"https://mienviro.michigan.gov/ncore/downloadpdf/-6012504194437617428",POTW_Monitoring_Data_Summary.xlsx v1,POTW_Monitoring_Data_Summary.xlsx,Applicant Attachments,"3/28/2018 12:00:00 AM",-6012504194437617428,WRD - NPDES,Application/Request,HNB-J69X-W1FHA,Schedule - Michigan Industrial Pretreatment Program Annual Report
"https://mienviro.michigan.gov/ncore/downloadpdf/-3545021326186909476",Notice of SNC.jpg v1,Notice of SNC.jpg,Applicant Attachments,"3/28/2018 12:00:00 AM",-3545021326186909476,WRD - NPDES,Application/Request,HNB-J69X-W1FHA,Schedule - Michigan Industrial Pretreatment Program Annual Report
"https://mienviro.michigan.gov/ncore/downloadpdf/-2139264245510326741",POTW_Oversight_Table.xlsx v1,POTW_Oversight_Table.xlsx,Applicant Attachments,"3/28/2018 12:00:00 AM",-2139264245510326741,WRD - NPDES,Application/Request,HNB-J69X-W1FHA,Schedule - Michigan Industrial Pretreatment Program Annual Report
"https://mienviro.michigan.gov/ncore/downloadpdf/4593201925321274393",SIU-CIU_List.xlsx v1,SIU-CIU_List.xlsx,Applicant Attachments,"3/28/2018 12:00:00 AM",4593201925321274393,WRD - NPDES,Application/Request,HNB-J69X-W1FHA,Schedule - Michigan Industrial Pretreatment Program Annual Report
"https://mienviro.michigan.gov/ncore/downloadpdf/-8199773167501560754",DMR Daily - MI0020257 _03_01_2018_to_03_31_2018_V1.docx,DMR Daily Data for period 03/01/2018 - 03/31/2018_V1,Schedule - DMR Documents,"4/13/2018 12:00:00 AM",-8199773167501560754,WRD - NPDES,Permit,MI0020257 v5.1,NPDES Individual Permit
"https://mienviro.michigan.gov/ncore/downloadpdf/-6721065085631102069",DMR Summary - MI0020257 _03_01_2018_to_03_31_2018_V1.docx,DMR Summary Data for period 03/01/2018 - 03/31/2018_V1,Schedule - DMR Documents,"4/13/2018 12:00:00 AM",-6721065085631102069,WRD - NPDES,Permit,MI0020257 v5.1,NPDES Individual Permit
"https://mienviro.michigan.gov/ncore/downloadpdf/4841671392581047597",Cadillac WWTP Fecal Method email 041718.msg,,NPDES Misc. Site Docs,"4/17/2018 12:00:00 AM",4841671392581047597,n/a,Site,15637,Site
"https://mienviro.michigan.gov/ncore/downloadpdf/1922698188754231116",PFAS.msg,,Industrial Pretreatment Program (IPP),"4/18/2018 12:00:00 AM",1922698188754231116,n/a,Site,15637,Site
"https://mienviro.michigan.gov/ncore/downloadpdf/3538327832857428719",RE_ PFAS.msg,,Industrial Pretreatment Program (IPP),"4/19/2018 12:00:00 AM",3538327832857428719,n/a,Site,15637,Site
"https://mienviro.michigan.gov/ncore/downloadpdf/-4662633947220908881",Cadillac WWTP May CBOD Exceed 050718.msg,,NPDES Misc. Site Docs,"5/7/2018 12:00:00 AM",-4662633947220908881,n/a,Site,15637,Site
"https://mienviro.michigan.gov/ncore/downloadpdf/-8093064571610602919",IMG_0031-cas.JPG,taken during field inspection,NPDES Biosolids Evaluation,"5/8/2018 12:00:00 AM",-8093064571610602919,WRD - NPDES,Evaluation,E-DHWW-FYB-ZBN,Biosolids Audit (05/11/2018)
"https://mienviro.michigan.gov/ncore/downloadpdf/-6061985621999773483",EM-Hauling Info.msg,from Fac. Cont./Cert. Oper.,NPDES Biosolids Evaluation,"5/8/2018 12:00:00 AM",-6061985621999773483,WRD - NPDES,Evaluation,E-DHWW-FYB-ZBN,Biosolids Audit (05/11/2018)
"https://mienviro.michigan.gov/ncore/downloadpdf/-5904639892816440015",IMG_0018-cas.JPG,taken during field inspection,NPDES Biosolids Evaluation,"5/8/2018 12:00:00 AM",-5904639892816440015,WRD - NPDES,Evaluation,E-DHWW-FYB-ZBN,Biosolids Audit (05/11/2018)
"https://mienviro.michigan.gov/ncore/downloadpdf/-5444929977877672875",IMG_0025-cas.JPG,taken during field inspection,NPDES Biosolids Evaluation,"5/8/2018 12:00:00 AM",-5444929977877672875,WRD - NPDES,Evaluation,E-DHWW-FYB-ZBN,Biosolids Audit (05/11/2018)
"https://mienviro.michigan.gov/ncore/downloadpdf/-5157977368029054289",IMG951507.jpg,came w/ email (off loading of the tanker),NPDES Biosolids Evaluation,"5/8/2018 12:00:00 AM",-5157977368029054289,WRD - NPDES,Evaluation,E-DHWW-FYB-ZBN,Biosolids Audit (05/11/2018)
"https://mienviro.michigan.gov/ncore/downloadpdf/-4934672298598036191",IMG_0011-cas.JPG,taken during field inspection,NPDES Biosolids Evaluation,"5/8/2018 12:00:00 AM",-4934672298598036191,WRD - NPDES,Evaluation,E-DHWW-FYB-ZBN,Biosolids Audit (05/11/2018)
"https://mienviro.michigan.gov/ncore/downloadpdf/-4387202925376745449",IMG_0012-cas.JPG,taken during field inspection,NPDES Biosolids Evaluation,"5/8/2018 12:00:00 AM",-4387202925376745449,WRD - NPDES,Evaluation,E-DHWW-FYB-ZBN,Biosolids Audit (05/11/2018)
"https://mienviro.michigan.gov/ncore/downloadpdf/-4086204810433318992",IMG_0021-cas.JPG,taken during field inspection,NPDES Biosolids Evaluation,"5/8/2018 12:00:00 AM",-4086204810433318992,WRD - NPDES,Evaluation,E-DHWW-FYB-ZBN,Biosolids Audit (05/11/2018)
"https://mienviro.michigan.gov/ncore/downloadpdf/-3373831412953128423",IMG_0029-cas.JPG,taken during field inspection,NPDES Biosolids Evaluation,"5/8/2018 12:00:00 AM",-3373831412953128423,WRD - NPDES,Evaluation,E-DHWW-FYB-ZBN,Biosolids Audit (05/11/2018)
"https://mienviro.michigan.gov/ncore/downloadpdf/-2399497788243427344",IMG_0024-cas.JPG,taken during field inspection,NPDES Biosolids Evaluation,"5/8/2018 12:00:00 AM",-2399497788243427344,WRD - NPDES,Evaluation,E-DHWW-FYB-ZBN,Biosolids Audit (05/11/2018)
"https://mienviro.michigan.gov/ncore/downloadpdf/-2399458598275382685",IMG_0013-cas.JPG,taken during field inspection,NPDES Biosolids Evaluation,"5/8/2018 12:00:00 AM",-2399458598275382685,WRD - NPDES,Evaluation,E-DHWW-FYB-ZBN,Biosolids Audit (05/11/2018)
"https://mienviro.michigan.gov/ncore/downloadpdf/-28324926175105492",IMG_0027-cas.JPG,taken during field inspection,NPDES Biosolids Evaluation,"5/8/2018 12:00:00 AM",-28324926175105492,WRD - NPDES,Evaluation,E-DHWW-FYB-ZBN,Biosolids Audit (05/11/2018)
"https://mienviro.michigan.gov/ncore/downloadpdf/842608613722601915",IMG_0022-cas.JPG,taken during field inspection,NPDES Biosolids Evaluation,"5/8/2018 12:00:00 AM",842608613722601915,WRD - NPDES,Evaluation,E-DHWW-FYB-ZBN,Biosolids Audit (05/11/2018)
"https://mienviro.michigan.gov/ncore/downloadpdf/1584946013011353055",IMG_0020-cas.JPG,taken during field inspection,NPDES Biosolids Evaluation,"5/8/2018 12:00:00 AM",1584946013011353055,WRD - NPDES,Evaluation,E-DHWW-FYB-ZBN,Biosolids Audit (05/11/2018)
"https://mienviro.michigan.gov/ncore/downloadpdf/1705061446773818631",IMG_0016-cas.JPG,taken during field inspection,NPDES Biosolids Evaluation,"5/8/2018 12:00:00 AM",1705061446773818631,WRD - NPDES,Evaluation,E-DHWW-FYB-ZBN,Biosolids Audit (05/11/2018)
"https://mienviro.michigan.gov/ncore/downloadpdf/3366351575304018828",IMG_0014-cas.JPG,taken during field inspection,NPDES Biosolids Evaluation,"5/8/2018 12:00:00 AM",3366351575304018828,WRD - NPDES,Evaluation,E-DHWW-FYB-ZBN,Biosolids Audit (05/11/2018)
"https://mienviro.michigan.gov/ncore/downloadpdf/3535436455339375991",IMG_0030-cas.JPG,taken during field inspection,NPDES Biosolids Evaluation,"5/8/2018 12:00:00 AM",3535436455339375991,WRD - NPDES,Evaluation,E-DHWW-FYB-ZBN,Biosolids Audit (05/11/2018)
"https://mienviro.michigan.gov/ncore/downloadpdf/4102871430425855324",IMG_0015-cas.JPG,taken during field inspection,NPDES Biosolids Evaluation,"5/8/2018 12:00:00 AM",4102871430425855324,WRD - NPDES,Evaluation,E-DHWW-FYB-ZBN,Biosolids Audit (05/11/2018)
"https://mienviro.michigan.gov/ncore/downloadpdf/4140922109563058919",IMG951506.jpg,came w/ email (loading up),NPDES Biosolids Evaluation,"5/8/2018 12:00:00 AM",4140922109563058919,WRD - NPDES,Evaluation,E-DHWW-FYB-ZBN,Biosolids Audit (05/11/2018)
"https://mienviro.michigan.gov/ncore/downloadpdf/4273878836246250660",Pace Biosolids 3-28-2018 Sampling results.pdf,"came w/ email (VOCs, metals, nutrients, etc.)",NPDES Biosolids Evaluation,"5/8/2018 12:00:00 AM",4273878836246250660,WRD - NPDES,Evaluation,E-DHWW-FYB-ZBN,Biosolids Audit (05/11/2018)
"https://mienviro.michigan.gov/ncore/downloadpdf/6450893892153400972",IMG_0023-cas.JPG,taken during field inspection,NPDES Biosolids Evaluation,"5/8/2018 12:00:00 AM",6450893892153400972,WRD - NPDES,Evaluation,E-DHWW-FYB-ZBN,Biosolids Audit (05/11/2018)
"https://mienviro.michigan.gov/ncore/downloadpdf/6747494849719470224",IMG_0028-cas.JPG,taken during field inspection,NPDES Biosolids Evaluation,"5/8/2018 12:00:00 AM",6747494849719470224,WRD - NPDES,Evaluation,E-DHWW-FYB-ZBN,Biosolids Audit (05/11/2018)
"https://mienviro.michigan.gov/ncore/downloadpdf/7088981037234495432",IMG_0026-cas.JPG,taken during field inspection,NPDES Biosolids Evaluation,"5/8/2018 12:00:00 AM",7088981037234495432,WRD - NPDES,Evaluation,E-DHWW-FYB-ZBN,Biosolids Audit (05/11/2018)
"https://mienviro.michigan.gov/ncore/downloadpdf/8003210494888166808",IMG_0017-cas.JPG,taken during field inspection,NPDES Biosolids Evaluation,"5/8/2018 12:00:00 AM",8003210494888166808,WRD - NPDES,Evaluation,E-DHWW-FYB-ZBN,Biosolids Audit (05/11/2018)
"https://mienviro.michigan.gov/ncore/downloadpdf/8660571482855999230",IMG_0019-cas.JPG,taken during field inspection,NPDES Biosolids Evaluation,"5/8/2018 12:00:00 AM",8660571482855999230,WRD - NPDES,Evaluation,E-DHWW-FYB-ZBN,Biosolids Audit (05/11/2018)
"https://mienviro.michigan.gov/ncore/downloadpdf/9085707484366763135",Cadillac WWTP May CBOD Exceed 050818.msg,,NPDES Misc. Site Docs,"5/8/2018 12:00:00 AM",9085707484366763135,n/a,Site,15637,Site
"https://mienviro.michigan.gov/ncore/downloadpdf/-3670737727367029737",Cadillac WWTP May CBOD Exceed 050918.msg,,Misc Site Docs,"5/9/2018 12:00:00 AM",-3670737727367029737,n/a,Site,15637,Site
"https://mienviro.michigan.gov/ncore/downloadpdf/1278932597267227932",IMG_0033-cas.JPG,"TSS and TVS Lab Data-Sept. 28, 2017",NPDES Biosolids Evaluation,"5/15/2018 12:00:00 AM",1278932597267227932,WRD - NPDES,Evaluation,E-DHWW-FYB-ZBN,Biosolids Audit (05/11/2018)
"https://mienviro.michigan.gov/ncore/downloadpdf/7845561818448436059",IMG_0032-cas.JPG,Biosolids hauling lab data - Oct. 2017,NPDES Biosolids Evaluation,"5/15/2018 12:00:00 AM",7845561818448436059,WRD - NPDES,Evaluation,E-DHWW-FYB-ZBN,Biosolids Audit (05/11/2018)
"https://mienviro.michigan.gov/ncore/downloadpdf/8194633805971928943",Docs from WWTP.pdf,rec'd from operator during audit,NPDES Biosolids Evaluation,"5/15/2018 12:00:00 AM",8194633805971928943,WRD - NPDES,Evaluation,E-DHWW-FYB-ZBN,Biosolids Audit (05/11/2018)
"https://mienviro.michigan.gov/ncore/downloadpdf/-8678962175045195900",DMR Daily - MI0020257 _04_01_2018_to_04_30_2018_V1.docx,DMR Daily Data for period 04/01/2018 - 04/30/2018_V1,Schedule - DMR Documents,"5/16/2018 12:00:00 AM",-8678962175045195900,WRD - NPDES,Permit,MI0020257 v5.1,NPDES Individual Permit
"https://mienviro.michigan.gov/ncore/downloadpdf/939677057579643182",DMR Summary - MI0020257 _04_01_2018_to_04_30_2018_V1.docx,DMR Summary Data for period 04/01/2018 - 04/30/2018_V1,Schedule - DMR Documents,"5/16/2018 12:00:00 AM",939677057579643182,WRD - NPDES,Permit,MI0020257 v5.1,NPDES Individual Permit
"https://mienviro.michigan.gov/ncore/downloadpdf/-2173118411864624684",Spring 2018-Pathogen results.pdf,came w/ Email,NPDES Biosolids Evaluation,"5/17/2018 12:00:00 AM",-2173118411864624684,WRD - NPDES,Evaluation,E-DHWW-FYB-ZBN,Biosolids Audit (05/11/2018)
"https://mienviro.michigan.gov/ncore/downloadpdf/317370923758052594",EM-Pathogen results.msg,from Fac. Oper.,NPDES Biosolids Evaluation,"5/17/2018 12:00:00 AM",317370923758052594,WRD - NPDES,Evaluation,E-DHWW-FYB-ZBN,Biosolids Audit (05/11/2018)
"https://mienviro.michigan.gov/ncore/downloadpdf/-739906742778535660",Cadillac WWTP 2nd PFAS-IPP Mailing.pdf,,Industrial Pretreatment Program (IPP),"5/18/2018 12:00:00 AM",-739906742778535660,n/a,Site,15637,Site
"https://mienviro.michigan.gov/ncore/downloadpdf/-8954288284284844625",April 2018-RJ02 Soils Test.pdf,Actual doc; goes w/ field inspection conducted w/ audit,NPDES Biosolids Evaluation,"5/21/2018 12:00:00 AM",-8954288284284844625,WRD - NPDES,Evaluation,E-DHWW-FYB-ZBN,Biosolids Audit (05/11/2018)
"https://mienviro.michigan.gov/ncore/downloadpdf/-766849109262881587",EM Tr-Land app rates and info.msg,from Fac. Oper.,NPDES Biosolids Evaluation,"5/21/2018 12:00:00 AM",-766849109262881587,WRD - NPDES,Evaluation,E-DHWW-FYB-ZBN,Biosolids Audit (05/11/2018)
"https://mienviro.michigan.gov/ncore/downloadpdf/2280393261818424283",Cadillac WWTP_PFAS Extension Approval FINAL.docx,IPP PFAS extension approval letter,Industrial Pretreatment Program (IPP),"5/23/2018 12:00:00 AM",2280393261818424283,WRD - NPDES,Application/Request,HND-N47D-M65XQ,Schedule - IPP Modification Request or New Program Approval Request
"https://mienviro.michigan.gov/ncore/downloadpdf/-7282561946599079844",DMR Summary - MI0020257 _05_01_2018_to_05_31_2018_V1.docx,DMR Summary Data for period 05/01/2018 - 05/31/2018_V1,Schedule - DMR Documents,"6/12/2018 12:00:00 AM",-7282561946599079844,WRD - NPDES,Permit,MI0020257 v5.1,NPDES Individual Permit
"https://mienviro.michigan.gov/ncore/downloadpdf/7087999755524318816",DMR Daily - MI0020257 _05_01_2018_to_05_31_2018_V1.docx,DMR Daily Data for period 05/01/2018 - 05/31/2018_V1,Schedule - DMR Documents,"6/12/2018 12:00:00 AM",7087999755524318816,WRD - NPDES,Permit,MI0020257 v5.1,NPDES Individual Permit
"https://mienviro.michigan.gov/ncore/downloadpdf/-8619958092011217786",FW_ City of Cadillac Letter.msg,,Industrial Pretreatment Program (IPP),"6/13/2018 12:00:00 AM",-8619958092011217786,n/a,Site,15637,Site
"https://mienviro.michigan.gov/ncore/downloadpdf/3628686366959490149",WQBEL Memo - Conventionals (WORD).docx,,Misc. NPDES Permit Docs,"6/13/2018 12:00:00 AM",3628686366959490149,WRD - NPDES,Permit,MI0020257 v6.0,NPDES Individual Permit
"https://mienviro.michigan.gov/ncore/downloadpdf/5107184373189296510",NPDES Permit-FINAL_Cadillac WWTP.docx,,NPDES Individual Permit,"6/14/2018 12:00:00 AM",5107184373189296510,WRD - NPDES,Permit,MI0020257 v6.0,NPDES Individual Permit
"https://mienviro.michigan.gov/ncore/downloadpdf/-4108818268125140750",Cadillac WWTP 2018 CSI Final Sampling Report 061518.msg,CSI sampling report,NPDES Majors and Minors Evaluation,"6/15/2018 12:00:00 AM",-4108818268125140750,WRD - NPDES,Evaluation,E-R7AN-XJE-F29,NPDES CSI-Conventionals Only (05/17/2018)
"https://mienviro.michigan.gov/ncore/downloadpdf/6364498015414189768",AAR Mobility Maps and Flow.pdf,IPP PFAS Interim Rpt discussion correspondence,Industrial Pretreatment Program (IPP),"6/27/2018 12:00:00 AM",6364498015414189768,WRD - NPDES,Application/Request,HNF-P7H3-DCN87,Schedule - IPP PFAS Interim Report-1
"https://mienviro.michigan.gov/ncore/downloadpdf/937337554834513897",DMR Summary - MI0020257 _06_01_2018_to_06_30_2018_V1.docx,DMR Summary Data for period 06/01/2018 - 06/30/2018_V1,Schedule - DMR Documents,"7/20/2018 12:00:00 AM",937337554834513897,WRD - NPDES,Permit,MI0020257 v5.1,NPDES Individual Permit
"https://mienviro.michigan.gov/ncore/downloadpdf/8924536267863581754",DMR Daily - MI0020257 _06_01_2018_to_06_30_2018_V1.docx,DMR Daily Data for period 06/01/2018 - 06/30/2018_V1,Schedule - DMR Documents,"7/20/2018 12:00:00 AM",8924536267863581754,WRD - NPDES,Permit,MI0020257 v5.1,NPDES Individual Permit
"https://mienviro.michigan.gov/ncore/downloadpdf/7890631484964037993",Compliance Correspondence_Cadillac WWTP - Updated Narrative and Flow Diagram.msg,-Facility providing disinfection update in narrative description to mention UV,NPDES Application Docs,"7/26/2018 12:00:00 AM",7890631484964037993,WRD - NPDES,Application/Request,2Q7-HQ21-P66B,Permit Change - National Pollutant Discharge Elimination System (NPDES) Municipal Application Form (Reissuance)
"https://mienviro.michigan.gov/ncore/downloadpdf/-7794513103865681017",Piranha PFAS Survey.pdf v1,Piranha PFAS Survey.pdf,Applicant Attachments,"7/30/2018 12:00:00 AM",-7794513103865681017,WRD - NPDES,Application/Request,HNF-P7H3-DCN87,Schedule - IPP PFAS Interim Report-1
"https://mienviro.michigan.gov/ncore/downloadpdf/-7526274208066539815",APS PFAS Screening.pdf v1,APS PFAS Screening.pdf,Applicant Attachments,"7/30/2018 12:00:00 AM",-7526274208066539815,WRD - NPDES,Application/Request,HNF-P7H3-DCN87,Schedule - IPP PFAS Interim Report-1
"https://mienviro.michigan.gov/ncore/downloadpdf/-6363618274501369148",Mich Rubber Response.pdf v1,Mich Rubber Response.pdf,Applicant Attachments,"7/30/2018 12:00:00 AM",-6363618274501369148,WRD - NPDES,Application/Request,HNF-P7H3-DCN87,Schedule - IPP PFAS Interim Report-1
"https://mienviro.michigan.gov/ncore/downloadpdf/-5118843658505132177",FIAMM PFAS Survey.pdf v1,FIAMM PFAS Survey.pdf,Applicant Attachments,"7/30/2018 12:00:00 AM",-5118843658505132177,WRD - NPDES,Application/Request,HNF-P7H3-DCN87,Schedule - IPP PFAS Interim Report-1
"https://mienviro.michigan.gov/ncore/downloadpdf/-4128789177103566747",HAVS PFAS Survey.docx v1,HAVS PFAS Survey.docx,Applicant Attachments,"7/30/2018 12:00:00 AM",-4128789177103566747,WRD - NPDES,Application/Request,HNF-P7H3-DCN87,Schedule - IPP PFAS Interim Report-1
"https://mienviro.michigan.gov/ncore/downloadpdf/-2838228056125865720",HNF-P7H3-DCN87 V1.pdf v1,,Misc. Application and Request Docs,"7/30/2018 12:00:00 AM",-2838228056125865720,WRD - NPDES,Application/Request,HNF-P7H3-DCN87,Schedule - IPP PFAS Interim Report-1
"https://mienviro.michigan.gov/ncore/downloadpdf/-2532227711322477530",CCI PFAS Survey.pdf v1,CCI PFAS Survey.pdf,Applicant Attachments,"7/30/2018 12:00:00 AM",-2532227711322477530,WRD - NPDES,Application/Request,HNF-P7H3-DCN87,Schedule - IPP PFAS Interim Report-1
"https://mienviro.michigan.gov/ncore/downloadpdf/-1446023942601055554",Mich Rubber PFAS Survey.pdf v1,Mich Rubber PFAS Survey.pdf,Applicant Attachments,"7/30/2018 12:00:00 AM",-1446023942601055554,WRD - NPDES,Application/Request,HNF-P7H3-DCN87,Schedule - IPP PFAS Interim Report-1
"https://mienviro.michigan.gov/ncore/downloadpdf/63610395187544635",Avon PFAS Survey.pdf v1,Avon PFAS Survey.pdf,Applicant Attachments,"7/30/2018 12:00:00 AM",63610395187544635,WRD - NPDES,Application/Request,HNF-P7H3-DCN87,Schedule - IPP PFAS Interim Report-1
"https://mienviro.michigan.gov/ncore/downloadpdf/3440402819179881000",Rec Boat PFAS Survey.pdf v1,Rec Boat PFAS Survey.pdf,Applicant Attachments,"7/30/2018 12:00:00 AM",3440402819179881000,WRD - NPDES,Application/Request,HNF-P7H3-DCN87,Schedule - IPP PFAS Interim Report-1
"https://mienviro.michigan.gov/ncore/downloadpdf/3843258762491556904",2018 IPP Screening - Monitoring Plan.180627modif.pdf v1,2018 IPP Screening - Monitoring Plan.180627modif.pdf,Applicant Attachments,"7/30/2018 12:00:00 AM",3843258762491556904,WRD - NPDES,Application/Request,HNF-P7H3-DCN87,Schedule - IPP PFAS Interim Report-1
"https://mienviro.michigan.gov/ncore/downloadpdf/4128855838564109461",Spencer Plastic PFAS Survey.pdf v1,Spencer Plastic PFAS Survey.pdf,Applicant Attachments,"7/30/2018 12:00:00 AM",4128855838564109461,WRD - NPDES,Application/Request,HNF-P7H3-DCN87,Schedule - IPP PFAS Interim Report-1
"https://mienviro.michigan.gov/ncore/downloadpdf/4911742624297732370",AAR PFAS Survey.pdf v1,AAR PFAS Survey.pdf,Applicant Attachments,"7/30/2018 12:00:00 AM",4911742624297732370,WRD - NPDES,Application/Request,HNF-P7H3-DCN87,Schedule - IPP PFAS Interim Report-1
"https://mienviro.michigan.gov/ncore/downloadpdf/5907977853460013045",American Waste PFAS Survey.pdf v1,American Waste PFAS Survey.pdf,Applicant Attachments,"7/30/2018 12:00:00 AM",5907977853460013045,WRD - NPDES,Application/Request,HNF-P7H3-DCN87,Schedule - IPP PFAS Interim Report-1
"https://mienviro.michigan.gov/ncore/downloadpdf/9098738459686432357",Arvco PFAS Survey.pdf v1,Arvco PFAS Survey.pdf,Applicant Attachments,"7/30/2018 12:00:00 AM",9098738459686432357,WRD - NPDES,Application/Request,HNF-P7H3-DCN87,Schedule - IPP PFAS Interim Report-1
"https://mienviro.michigan.gov/ncore/downloadpdf/8260746469098060718",Application Incomplete Ltr-Compliance_Cadillac WWTP_Final Narrative and Flow Diagram.msg,-Narrative and Flow Diagram updated to include UV,NPDES Application Docs,"7/31/2018 12:00:00 AM",8260746469098060718,WRD - NPDES,Application/Request,2Q7-HQ21-P66B,Permit Change - National Pollutant Discharge Elimination System (NPDES) Municipal Application Form (Reissuance)
"https://mienviro.michigan.gov/ncore/downloadpdf/-6957847096866406337",Basis for Decision Memo-FINAL_Cadillac WWTP.docx,,NPDES Individual Permit,"8/2/2018 12:00:00 AM",-6957847096866406337,WRD - NPDES,Permit,MI0020257 v6.0,NPDES Individual Permit
"https://mienviro.michigan.gov/ncore/downloadpdf/-5308550134164369318",Fact Sheet_Cadillac WWTP.docx,,NPDES Individual Permit,"8/2/2018 12:00:00 AM",-5308550134164369318,WRD - NPDES,Permit,MI0020257 v6.0,NPDES Individual Permit
"https://mienviro.michigan.gov/ncore/downloadpdf/-4635650844082025800",Public Notice Document_Cadillac WWTP.docx,,Misc. NPDES Permit Docs,"8/2/2018 12:00:00 AM",-4635650844082025800,WRD - NPDES,Permit,MI0020257 v6.0,NPDES Individual Permit
"https://mienviro.michigan.gov/ncore/downloadpdf/-3619680789938111605",DMR Daily - MI0020257 _07_01_2018_to_07_31_2018_V1.docx,DMR Daily Data for period 07/01/2018 - 07/31/2018_V1,Schedule - DMR Documents,"8/14/2018 12:00:00 AM",-3619680789938111605,WRD - NPDES,Permit,MI0020257 v5.1,NPDES Individual Permit
"https://mienviro.michigan.gov/ncore/downloadpdf/3024585747262726508",DMR Summary - MI0020257 _07_01_2018_to_07_31_2018_V1.docx,DMR Summary Data for period 07/01/2018 - 07/31/2018_V1,Schedule - DMR Documents,"8/14/2018 12:00:00 AM",3024585747262726508,WRD - NPDES,Permit,MI0020257 v5.1,NPDES Individual Permit
"https://mienviro.michigan.gov/ncore/downloadpdf/-295355443072597213",Cadillac WWTP DMRQA 38 083118.pdf,,NPDES Misc. Site Docs,"8/31/2018 12:00:00 AM",-295355443072597213,n/a,Site,15637,Site
"https://mienviro.michigan.gov/ncore/downloadpdf/9171882716938331285",Additional Email Correspondence_Asset Management Conversation.msg,-Asking about Cadillac Asset Management and updated maps,Misc. NPDES Permit Docs,"9/12/2018 12:00:00 AM",9171882716938331285,WRD - NPDES,Permit,MI0020257 v6.0,NPDES Individual Permit
,RE_ Cadillac WWTP - IPP PFAS Interim Report Review (1).msg,,Industrial Pretreatment Program (IPP),"9/19/2018 12:00:00 AM",-343730904032096154,n/a,Site,15637,Site
"https://mienviro.michigan.gov/ncore/downloadpdf/3274353425299284275",DMR Summary - MI0020257 _08_01_2018_to_08_31_2018_V1.docx,DMR Summary Data for period 08/01/2018 - 08/31/2018_V1,Schedule - DMR Documents,"9/19/2018 12:00:00 AM",3274353425299284275,WRD - NPDES,Permit,MI0020257 v5.1,NPDES Individual Permit
,RE_ Cadillac WWTP - IPP PFAS Interim Report Review.msg,IPP PFAS Summ Rpt discussion documents,Industrial Pretreatment Program (IPP),"9/19/2018 12:00:00 AM",6449269443969004594,WRD - NPDES,Application/Request,HNJ-P0ZX-8AVDS,Schedule - IPP PFAS Summary Report
"https://mienviro.michigan.gov/ncore/downloadpdf/7058332325169357574",DMR Daily - MI0020257 _08_01_2018_to_08_31_2018_V1.docx,DMR Daily Data for period 08/01/2018 - 08/31/2018_V1,Schedule - DMR Documents,"9/19/2018 12:00:00 AM",7058332325169357574,WRD - NPDES,Permit,MI0020257 v5.1,NPDES Individual Permit
"https://mienviro.michigan.gov/ncore/downloadpdf/4781418742612633433",Additional Email Correspondence_Chlorine and UV Inquiry.msg,,Misc. NPDES Permit Docs,"9/20/2018 12:00:00 AM",4781418742612633433,WRD - NPDES,Permit,MI0020257 v6.0,NPDES Individual Permit
"https://mienviro.michigan.gov/ncore/downloadpdf/4951764546287509111",RE_ Cadillac WWTP - IPP PFAS Interim Report Review.msg,,Industrial Pretreatment Program (IPP),"9/20/2018 12:00:00 AM",4951764546287509111,n/a,Site,15637,Site
"https://mienviro.michigan.gov/ncore/downloadpdf/-4405780203920524018",FY18 Biosolids Audit Report.docx,Audit report from nSpect,Inspection Report,"9/21/2018 12:00:00 AM",-4405780203920524018,WRD - NPDES,Evaluation,E-DHWW-FYB-ZBN,Biosolids Audit (05/11/2018)
"https://mienviro.michigan.gov/ncore/downloadpdf/-7264173746534175124",EM Tr-Biosolids Incorp Letters.msg,DEQ responds,NPDES Biosolids Site Docs,"9/24/2018 12:00:00 AM",-7264173746534175124,n/a,Site,15637,Site
"https://mienviro.michigan.gov/ncore/downloadpdf/-7043507367343532193",EM-Biosolids Incorp Letters.msg,from facility operator,NPDES Biosolids Site Docs,"9/24/2018 12:00:00 AM",-7043507367343532193,n/a,Site,15637,Site
"https://mienviro.michigan.gov/ncore/downloadpdf/-6232070511699409849",MII Letter to Cadillac WWTP - Biosolids Incorporation.pdf,came w/ email from facility operator,NPDES Biosolids Site Docs,"9/24/2018 12:00:00 AM",-6232070511699409849,n/a,Site,15637,Site
"https://mienviro.michigan.gov/ncore/downloadpdf/4078388779723838203",Cadillac WWTP Letter to DEQ - Biosolids Incorporation.pdf,came w/ email from facility operator,NPDES Biosolids Site Docs,"9/24/2018 12:00:00 AM",4078388779723838203,n/a,Site,15637,Site
"https://mienviro.michigan.gov/ncore/downloadpdf/5826779191242185880",Additional Email Correspondence_Asset Management Conversation.msg,-Asking about Cadillac Asset Management and updated maps,NPDES Application Docs,"10/1/2018 12:00:00 AM",5826779191242185880,WRD - NPDES,Application/Request,2Q7-HQ21-P66B,Permit Change - National Pollutant Discharge Elimination System (NPDES) Municipal Application Form (Reissuance)
"https://mienviro.michigan.gov/ncore/downloadpdf/8887558777852619651",FY18 Biosolids Audit Transmittal.docx,Audit Letter - Inspection from May 2018,NPDES Biosolids Evaluation,"10/10/2018 12:00:00 AM",8887558777852619651,WRD - NPDES,Evaluation,E-DHWW-FYB-ZBN,Biosolids Audit (05/11/2018)
"https://mienviro.michigan.gov/ncore/downloadpdf/5868232613343772688",Cadillac Asset Mngmnt Email 101118.msg,,NPDES Misc. Site Docs,"10/11/2018 12:00:00 AM",5868232613343772688,n/a,Site,15637,Site
"https://mienviro.michigan.gov/ncore/downloadpdf/1259500000165986272",Arvco email.pdf,IPP PFAS Interim Rpt discussion correspondence,Industrial Pretreatment Program (IPP),"10/15/2018 12:00:00 AM",1259500000165986272,WRD - NPDES,Application/Request,HNF-P7H3-DCN87,Schedule - IPP PFAS Interim Report-1
,RE_ Cadillac WWTP - IPP PFAS Interim Report Review1.msg,IPP PFAS Interim Rpt discussion correspondence,Industrial Pretreatment Program (IPP),"10/15/2018 12:00:00 AM",4248551297065010540,WRD - NPDES,Application/Request,HNF-P7H3-DCN87,Schedule - IPP PFAS Interim Report-1
"https://mienviro.michigan.gov/ncore/downloadpdf/-5369706285084473786",DMR Daily - MI0020257 _09_01_2018_to_09_30_2018_V1.docx,DMR Daily Data for period 09/01/2018 - 09/30/2018_V1,Schedule - DMR Documents,"10/18/2018 12:00:00 AM",-5369706285084473786,WRD - NPDES,Permit,MI0020257 v5.1,NPDES Individual Permit
"https://mienviro.michigan.gov/ncore/downloadpdf/-1700270472071699743",DMR Summary - MI0020257 _09_01_2018_to_09_30_2018_V1.docx,DMR Summary Data for period 09/01/2018 - 09/30/2018_V1,Schedule - DMR Documents,"10/18/2018 12:00:00 AM",-1700270472071699743,WRD - NPDES,Permit,MI0020257 v5.1,NPDES Individual Permit
"https://mienviro.michigan.gov/ncore/downloadpdf/2463402374930903482",EM-CCd Correspondence Biosolids Audit Letter FY18.msg,Email to DEQ Staff,NPDES Majors and Minors Evaluation,"10/23/2018 12:00:00 AM",2463402374930903482,WRD - NPDES,Evaluation,E-DHWW-FYB-ZBN,Biosolids Audit (05/11/2018)
"https://mienviro.michigan.gov/ncore/downloadpdf/-9056692038543053966",FY18 Applier-VAR Certification-Spring 2018.pdf v1,Land App-Vector Attraction Reduction.pdf,Applicant Attachments,"10/29/2018 12:00:00 AM",-9056692038543053966,WRD - NPDES,Application/Request,HNH-M790-67ZPK,Schedule - Biosolids Annual Report
"https://mienviro.michigan.gov/ncore/downloadpdf/-8344340778069091413",FY18 Daily Solids Log.pdf v1,Spring 2018 Lab Daily Solids.pdf; Spring 2018 - Total and Volatile;,Applicant Attachments,"10/29/2018 12:00:00 AM",-8344340778069091413,WRD - NPDES,Application/Request,HNH-M790-67ZPK,Schedule - Biosolids Annual Report
"https://mienviro.michigan.gov/ncore/downloadpdf/-7032330395000084913",FY18 As Applied 21N09W30-GR01.pdf v1,As Applied 21N9W30GR01.pdf,Applicant Attachments,"10/29/2018 12:00:00 AM",-7032330395000084913,WRD - NPDES,Application/Request,HNH-M790-67ZPK,Schedule - Biosolids Annual Report
"https://mienviro.michigan.gov/ncore/downloadpdf/-6472403507316648453",DMR Summary - MI0020257 _10_01_2017_to_09_30_2018_V1.docx,DMR Summary Data for period 10/01/2017 - 09/30/2018_V1,Schedule - DMR Documents,"10/29/2018 12:00:00 AM",-6472403507316648453,WRD - NPDES,Permit,MI0020257 v5.1,NPDES Individual Permit
"https://mienviro.michigan.gov/ncore/downloadpdf/-4976390370056266928",FY18 Biosolids Metals and Nutrient Results.pdf v1,Kar Lab Biosolids 9-11-2017.pdf; Fall 2017 (Sept.);,Applicant Attachments,"10/29/2018 12:00:00 AM",-4976390370056266928,WRD - NPDES,Application/Request,HNH-M790-67ZPK,Schedule - Biosolids Annual Report
"https://mienviro.michigan.gov/ncore/downloadpdf/-4484987493854053281",HNH-M790-67ZPK V1.pdf v1,FY18 Biosolids Annual Report,Misc. Application and Request Docs,"10/29/2018 12:00:00 AM",-4484987493854053281,WRD - NPDES,Application/Request,HNH-M790-67ZPK,Schedule - Biosolids Annual Report
"https://mienviro.michigan.gov/ncore/downloadpdf/-3935179264562711398",Dyneon discussion Cadillac.docx,IPP PFAS Interim Rpt discussion correspondence,Industrial Pretreatment Program (IPP),"10/29/2018 12:00:00 AM",-3935179264562711398,WRD - NPDES,Application/Request,HNF-P7H3-DCN87,Schedule - IPP PFAS Interim Report-1
"https://mienviro.michigan.gov/ncore/downloadpdf/-3217469014007656711",FY18 Generator-Pathogen Reduction Process Cert.pdf v1,Proof of Path Reduction Process.pdf; Certification form,Applicant Attachments,"10/29/2018 12:00:00 AM",-3217469014007656711,WRD - NPDES,Application/Request,HNH-M790-67ZPK,Schedule - Biosolids Annual Report
"https://mienviro.michigan.gov/ncore/downloadpdf/-2551312139639093636",FY18 Daily Total Solids log.pdf v1,Fall 2017 Lab Daily Solids.pdf; Fall 2017 - Total and Volatile;,Applicant Attachments,"10/29/2018 12:00:00 AM",-2551312139639093636,WRD - NPDES,Application/Request,HNH-M790-67ZPK,Schedule - Biosolids Annual Report
"https://mienviro.michigan.gov/ncore/downloadpdf/-2132341974653224993",FY18 Applier-Class B Pathogen and Site Restriction Cert-Spring 2018.pdf v1,Class B Pathogen Reduction and Site Restriction.pdf; Certification form.,Applicant Attachments,"10/29/2018 12:00:00 AM",-2132341974653224993,WRD - NPDES,Application/Request,HNH-M790-67ZPK,Schedule - Biosolids Annual Report
"https://mienviro.michigan.gov/ncore/downloadpdf/-685056191163607732",FY18 Applier-Mgt Practices Cert-Fall 2017.doc v1,Mgt Practices Certification.doc;,Applicant Attachments,"10/29/2018 12:00:00 AM",-685056191163607732,WRD - NPDES,Application/Request,HNH-M790-67ZPK,Schedule - Biosolids Annual Report
"https://mienviro.michigan.gov/ncore/downloadpdf/-301703658211288257",FY18 Applier Certification-Management Practices.pdf v1,Land App-Management Practices.pdf; signed,Applicant Attachments,"10/29/2018 12:00:00 AM",-301703658211288257,WRD - NPDES,Application/Request,HNH-M790-67ZPK,Schedule - Biosolids Annual Report
"https://mienviro.michigan.gov/ncore/downloadpdf/-276971073099901928",FY18 Biosolids Metals and Nutrient Results.pdf v1,Pace Biosolids 3-28-2018.pdf; Spring 2018 (March);,Applicant Attachments,"10/29/2018 12:00:00 AM",-276971073099901928,WRD - NPDES,Application/Request,HNH-M790-67ZPK,Schedule - Biosolids Annual Report
"https://mienviro.michigan.gov/ncore/downloadpdf/1281372020643953927",FY18 Fecal-Enteric-Etc Results.pdf v1,HML Biosolids 9-11-2017.pdf; Fall 2017 (Sept.);,Applicant Attachments,"10/29/2018 12:00:00 AM",1281372020643953927,WRD - NPDES,Application/Request,HNH-M790-67ZPK,Schedule - Biosolids Annual Report
"https://mienviro.michigan.gov/ncore/downloadpdf/1580110436075585993",FY18 LA Site Information.pdf v1,Land App Site Descriptions.pdf; 4 sites;,Applicant Attachments,"10/29/2018 12:00:00 AM",1580110436075585993,WRD - NPDES,Application/Request,HNH-M790-67ZPK,Schedule - Biosolids Annual Report
"https://mienviro.michigan.gov/ncore/downloadpdf/2125445999343170799",FY18 Fecal-Enteric-Etc Results.pdf v1,HML Biosolids 5-9-2018.pdf; Spring 2018 (March);,Applicant Attachments,"10/29/2018 12:00:00 AM",2125445999343170799,WRD - NPDES,Application/Request,HNH-M790-67ZPK,Schedule - Biosolids Annual Report
"https://mienviro.michigan.gov/ncore/downloadpdf/2347978798435200639",FY18 Applier-Class B Site Restrictions Cert-Fall 2017.doc v1,Class B Site Restrictions Certification.doc;,Applicant Attachments,"10/29/2018 12:00:00 AM",2347978798435200639,WRD - NPDES,Application/Request,HNH-M790-67ZPK,Schedule - Biosolids Annual Report
"https://mienviro.michigan.gov/ncore/downloadpdf/2645334160893073868",FY18 As Applied 23N10W29-NS01.xlsx v1,2018 As Applied-29NS01.xlsx; Fall 2018;,Applicant Attachments,"10/29/2018 12:00:00 AM",2645334160893073868,WRD - NPDES,Application/Request,HNH-M790-67ZPK,Schedule - Biosolids Annual Report
"https://mienviro.michigan.gov/ncore/downloadpdf/4146064223203263226",FY18 As Applied 21N09W19-TC01.pdf v1,As Applied 21N9W19TC01.pdf,Applicant Attachments,"10/29/2018 12:00:00 AM",4146064223203263226,WRD - NPDES,Application/Request,HNH-M790-67ZPK,Schedule - Biosolids Annual Report
"https://mienviro.michigan.gov/ncore/downloadpdf/6403317132604385721",FY18 As Applied 20N07W07-RJ02.pdf v1,As Applied 20N7W7RJ02.pdf,Applicant Attachments,"10/29/2018 12:00:00 AM",6403317132604385721,WRD - NPDES,Application/Request,HNH-M790-67ZPK,Schedule - Biosolids Annual Report
"https://mienviro.michigan.gov/ncore/downloadpdf/6596682446003695951",FY18 Temp Logs.pdf v1,5-18 Temp Logs.pdf; Spring 2018;,Applicant Attachments,"10/29/2018 12:00:00 AM",6596682446003695951,WRD - NPDES,Application/Request,HNH-M790-67ZPK,Schedule - Biosolids Annual Report
"https://mienviro.michigan.gov/ncore/downloadpdf/7290824506602760518",Additional Email Correspondence_Storm Water Coverage.msg,,NPDES Application Docs,"10/29/2018 12:00:00 AM",7290824506602760518,WRD - NPDES,Application/Request,2Q7-HQ21-P66B,Permit Change - National Pollutant Discharge Elimination System (NPDES) Municipal Application Form (Reissuance)
"https://mienviro.michigan.gov/ncore/downloadpdf/7576125700585566965",FY18 As Applied 21N09W20-TC01.pdf v1,As Applied 21N9W20TC01.pdf,Applicant Attachments,"10/29/2018 12:00:00 AM",7576125700585566965,WRD - NPDES,Application/Request,HNH-M790-67ZPK,Schedule - Biosolids Annual Report
"https://mienviro.michigan.gov/ncore/downloadpdf/7591858704755305697",FY18 Temp Logs.pdf v1,11-17 Temp Logs.pdf; Fall 2017,Applicant Attachments,"10/29/2018 12:00:00 AM",7591858704755305697,WRD - NPDES,Application/Request,HNH-M790-67ZPK,Schedule - Biosolids Annual Report
"https://mienviro.michigan.gov/ncore/downloadpdf/7777500079687113609",FW_ TestAmerica invoice and report files from 190-17646-1 City of Cadillac.msg,,Industrial Pretreatment Program (IPP),"10/29/2018 12:00:00 AM",7777500079687113609,n/a,Site,15637,Site
"https://mienviro.michigan.gov/ncore/downloadpdf/-7625399138862663878",RE_ Cadillac WWTP - IPP PFAS Interim Report Review2.msg,IPP PFAS Summ Rpt discussion documents,Industrial Pretreatment Program (IPP),"11/1/2018 12:00:00 AM",-7625399138862663878,WRD - NPDES,Application/Request,HNJ-P0ZX-8AVDS,Schedule - IPP PFAS Summary Report
"https://mienviro.michigan.gov/ncore/downloadpdf/-5755238388065931422",RE_ Cadillac WWTP - IPP PFAS Interim Report Review.msg,,Industrial Pretreatment Program (IPP),"11/1/2018 12:00:00 AM",-5755238388065931422,n/a,Site,15637,Site
"https://mienviro.michigan.gov/ncore/downloadpdf/8236365490693403605",HNH-YJTD-MY6A8 V1.pdf v1,,Misc. Application and Request Docs,"11/5/2018 12:00:00 AM",8236365490693403605,WRD - NPDES,Application/Request,HNH-YJTD-MY6A8,Application - No Exposure Certification (NEC) for Exclusion of Coverage under the NPDES Stormwater Discharges Associated with Industrial Activity
"https://mienviro.michigan.gov/ncore/downloadpdf/-1449555407544169069",FW_ TestAmerica invoice and report files from 190-17646-1 City of Cadillac.msg,IPP PFAS Interim Rpt discussion correspondence,Industrial Pretreatment Program (IPP),"11/7/2018 12:00:00 AM",-1449555407544169069,WRD - NPDES,Application/Request,HNF-P7H3-DCN87,Schedule - IPP PFAS Interim Report-1
"https://mienviro.michigan.gov/ncore/downloadpdf/4483220564335637102",DMR Daily - MI0020257 _10_01_2018_to_10_31_2018_V1.docx,DMR Daily Data for period 10/01/2018 - 10/31/2018_V1,Schedule - DMR Documents,"11/13/2018 12:00:00 AM",4483220564335637102,WRD - NPDES,Permit,MI0020257 v5.1,NPDES Individual Permit
"https://mienviro.michigan.gov/ncore/downloadpdf/8871183022449392714",DMR Summary - MI0020257 _10_01_2018_to_10_31_2018_V1.docx,DMR Summary Data for period 10/01/2018 - 10/31/2018_V1,Schedule - DMR Documents,"11/13/2018 12:00:00 AM",8871183022449392714,WRD - NPDES,Permit,MI0020257 v5.1,NPDES Individual Permit
"https://mienviro.michigan.gov/ncore/downloadpdf/-277633430264230949",EM-FY18 LA docs and DTs submitted for Biosolids AR - Questions.msg,DEQ to facility,NPDES Submittal Docs,"11/15/2018 12:00:00 AM",-277633430264230949,WRD - NPDES,Application/Request,HNH-M790-67ZPK,Schedule - Biosolids Annual Report
"https://mienviro.michigan.gov/ncore/downloadpdf/3140966257682029726",should have picked this one.jpg,attached to DEQ email,NPDES Submittal Docs,"11/15/2018 12:00:00 AM",3140966257682029726,WRD - NPDES,Application/Request,HNH-M790-67ZPK,Schedule - Biosolids Annual Report
"https://mienviro.michigan.gov/ncore/downloadpdf/-463334436691465071",Cadillac WWTP BOD Exceed 112618.msg,,NPDES Misc. Site Docs,"11/26/2018 12:00:00 AM",-463334436691465071,n/a,Site,15637,Site
"https://mienviro.michigan.gov/ncore/downloadpdf/2316673613866669392",FY18 Applier Certification - Revised.pdf,came w/ facility email (not signed),NPDES Submittal Docs,"11/28/2018 12:00:00 AM",2316673613866669392,WRD - NPDES,Application/Request,HNH-M790-67ZPK,Schedule - Biosolids Annual Report
"https://mienviro.michigan.gov/ncore/downloadpdf/7983495502099291771",EM-FY18 LA docs and DTs submitted for Biosolids AR - revised certification.msg,from facility,NPDES Submittal Docs,"11/28/2018 12:00:00 AM",7983495502099291771,WRD - NPDES,Application/Request,HNH-M790-67ZPK,Schedule - Biosolids Annual Report
"https://mienviro.michigan.gov/ncore/downloadpdf/792182164173532957",J17646-1 UDS Level 2 Report Final Report (Leachate).pdf v1,J17646-1 UDS Level 2 Report Final Report (Leachate).pdf,Applicant Attachments,"11/29/2018 12:00:00 AM",792182164173532957,WRD - NPDES,Application/Request,HNJ-P0ZX-8AVDS,Schedule - IPP PFAS Summary Report
"https://mienviro.michigan.gov/ncore/downloadpdf/3092683663291337793",HNJ-P0ZX-8AVDS V1.pdf v1,,Misc. Application and Request Docs,"11/29/2018 12:00:00 AM",3092683663291337793,WRD - NPDES,Application/Request,HNJ-P0ZX-8AVDS,Schedule - IPP PFAS Summary Report
"https://mienviro.michigan.gov/ncore/downloadpdf/7542728895285267816",2018 IPP Screening - Monitoring Plan.Update181130.pdf v1,2018 IPP Screening - Monitoring Plan.Update181130.pdf,Applicant Attachments,"11/29/2018 12:00:00 AM",7542728895285267816,WRD - NPDES,Application/Request,HNJ-P0ZX-8AVDS,Schedule - IPP PFAS Summary Report
"https://mienviro.michigan.gov/ncore/downloadpdf/7128560501718319606",EM-FY18 LA docs and DTs submitted for Biosolids AR-revsd cert-needs applier signature....msg,DEQ responds,NPDES Submittal Docs,"12/5/2018 12:00:00 AM",7128560501718319606,WRD - NPDES,Application/Request,HNH-M790-67ZPK,Schedule - Biosolids Annual Report
"https://mienviro.michigan.gov/ncore/downloadpdf/6582700003823858583",EM-FY18 Biosolids DT numbers - plus info.msg,DEQ responds,NPDES Submittal Docs,"12/10/2018 12:00:00 AM",6582700003823858583,WRD - NPDES,Application/Request,HNH-M790-67ZPK,Schedule - Biosolids Annual Report
"https://mienviro.michigan.gov/ncore/downloadpdf/-6300108423290621305",Cadillac_PFAS RE_ Voicemail Message.msg,IPP PFAS Summ Rpt discussion documents,Industrial Pretreatment Program (IPP),"12/12/2018 12:00:00 AM",-6300108423290621305,WRD - NPDES,Application/Request,HNJ-P0ZX-8AVDS,Schedule - IPP PFAS Summary Report
"https://mienviro.michigan.gov/ncore/downloadpdf/-3859762491865917202",RE_ Voicemail Message.msg,,Industrial Pretreatment Program (IPP),"12/12/2018 12:00:00 AM",-3859762491865917202,n/a,Site,15637,Site
"https://mienviro.michigan.gov/ncore/downloadpdf/-7023703655846332926",Cadillac_PFAS RE_ Voicemail Message.msg,IPP PFAS Interim Rpt discussion correspondence,Industrial Pretreatment Program (IPP),"12/14/2018 12:00:00 AM",-7023703655846332926,WRD - NPDES,Application/Request,HNF-P7H3-DCN87,Schedule - IPP PFAS Interim Report-1
"https://mienviro.michigan.gov/ncore/downloadpdf/10391921127036499",DMR Summary - MI0020257 _11_01_2018_to_11_30_2018_V1.docx,DMR Summary Data for period 11/01/2018 - 11/30/2018_V1,Schedule - DMR Documents,"12/17/2018 12:00:00 AM",10391921127036499,WRD - NPDES,Permit,MI0020257 v5.1,NPDES Individual Permit
"https://mienviro.michigan.gov/ncore/downloadpdf/9001640786026547344",DMR Daily - MI0020257 _11_01_2018_to_11_30_2018_V1.docx,DMR Daily Data for period 11/01/2018 - 11/30/2018_V1,Schedule - DMR Documents,"12/17/2018 12:00:00 AM",9001640786026547344,WRD - NPDES,Permit,MI0020257 v5.1,NPDES Individual Permit
"https://mienviro.michigan.gov/ncore/downloadpdf/-5194609860685770564",EM Tr-FY18 Applier Certification-revised 2-signed.msg,DEQ responds,NPDES Submittal Docs,"12/18/2018 12:00:00 AM",-5194609860685770564,WRD - NPDES,Application/Request,HNH-M790-67ZPK,Schedule - Biosolids Annual Report
"https://mienviro.michigan.gov/ncore/downloadpdf/-3951802162146228519",EM-FY18 Applier Certification-revised 2-signed.msg,from facility,NPDES Submittal Docs,"12/18/2018 12:00:00 AM",-3951802162146228519,WRD - NPDES,Application/Request,HNH-M790-67ZPK,Schedule - Biosolids Annual Report
"https://mienviro.michigan.gov/ncore/downloadpdf/9075597598235972281",FY18 Applier Certification-Revised 2-signed.pdf,came w/ facility email,NPDES Submittal Docs,"12/18/2018 12:00:00 AM",9075597598235972281,WRD - NPDES,Application/Request,HNH-M790-67ZPK,Schedule - Biosolids Annual Report
"https://mienviro.michigan.gov/ncore/downloadpdf/-6931018798791595252",RE_ IPP PFAS Initiative Sampling Guidance_ Suggested Analytes.msg,,Industrial Pretreatment Program (IPP),"12/19/2018 12:00:00 AM",-6931018798791595252,n/a,Site,15637,Site
"https://mienviro.michigan.gov/ncore/downloadpdf/8864365913634161414",RE_ IPP PFAS Initiative Sampling Guidance_ Suggested Analytes.msg,IPP PFAS Summ Rpt discussion documents,Industrial Pretreatment Program (IPP),"12/19/2018 12:00:00 AM",8864365913634161414,WRD - NPDES,Application/Request,HNJ-P0ZX-8AVDS,Schedule - IPP PFAS Summary Report
"https://mienviro.michigan.gov/ncore/downloadpdf/-7243398067994145151",DMR Daily - MI0020257 _12_01_2018_to_12_31_2018_V1.docx,DMR Daily Data for period 12/01/2018 - 12/31/2018_V1,Schedule - DMR Documents,"1/18/2019 12:00:00 AM",-7243398067994145151,WRD - NPDES,Permit,MI0020257 v5.1,NPDES Individual Permit
"https://mienviro.michigan.gov/ncore/downloadpdf/-1715927529024685081",DMR Summary - MI0020257 _12_01_2018_to_12_31_2018_V1.docx,DMR Summary Data for period 12/01/2018 - 12/31/2018_V1,Schedule - DMR Documents,"1/18/2019 12:00:00 AM",-1715927529024685081,WRD - NPDES,Permit,MI0020257 v5.1,NPDES Individual Permit
"https://mienviro.michigan.gov/ncore/downloadpdf/-7912880971146198502",RE_ Cadillac WWTP - IPP PFAS Interim Report Review2.msg,IPP PFAS Interim Rpt discussion correspondence,Industrial Pretreatment Program (IPP),"1/23/2019 12:00:00 AM",-7912880971146198502,WRD - NPDES,Application/Request,HNF-P7H3-DCN87,Schedule - IPP PFAS Interim Report-1
,RE_ Cadillac WWTP - IPP PFAS Interim Report Review.msg,IPP PFAS Interim Rpt discussion correspondence,Industrial Pretreatment Program (IPP),"1/23/2019 12:00:00 AM",-4175896792502663720,WRD - NPDES,Application/Request,HNF-P7H3-DCN87,Schedule - IPP PFAS Interim Report-1
"https://mienviro.michigan.gov/ncore/downloadpdf/583956827072831568",FW_ TestAmerica invoice and report files from 190-17646-1 City of Cadillac.msg,IPP PFAS Summ Rpt discussion documents,Industrial Pretreatment Program (IPP),"1/23/2019 12:00:00 AM",583956827072831568,WRD - NPDES,Application/Request,HNJ-P0ZX-8AVDS,Schedule - IPP PFAS Summary Report
"https://mienviro.michigan.gov/ncore/downloadpdf/-1215723651577862901",Cadillac WWTP_99% Flow Data.xlsx,,NPDES Individual Permit,"2/1/2019 12:00:00 AM",-1215723651577862901,WRD - NPDES,Permit,MI0020257 v6.0,NPDES Individual Permit
"https://mienviro.michigan.gov/ncore/downloadpdf/-4807711291401129359",2018 Cadillac WWTP CSI Final Report.xlsx,,NPDES Majors and Minors Evaluation,"2/5/2019 12:00:00 AM",-4807711291401129359,WRD - NPDES,Evaluation,E-R7AN-XJE-F29,NPDES CSI-Conventionals Only (05/17/2018)
"https://mienviro.michigan.gov/ncore/downloadpdf/-4332928990444746313",Cadillac WWTP 2018 CSI Trnsmt & VN Crrspnd 020519.msg,,NPDES Majors and Minors Evaluation,"2/5/2019 12:00:00 AM",-4332928990444746313,WRD - NPDES,Evaluation,E-R7AN-XJE-F29,NPDES CSI-Conventionals Only (05/17/2018)
"https://mienviro.michigan.gov/ncore/downloadpdf/-3784595676221306480",Cadillac WWTP 2018 CSI Trnsmt & VN Crrspnd 020519.msg,,Water Quality Compliance Communication Docs,"2/5/2019 12:00:00 AM",-3784595676221306480,WRD - NPDES,Compliance Action,CC-001808,Compliance Communication
"https://mienviro.michigan.gov/ncore/downloadpdf/-4031262101571962083",RE_ Voicemail Message.msg,IPP PFAS Interim Rpt discussion correspondence,Industrial Pretreatment Program (IPP),"2/12/2019 12:00:00 AM",-4031262101571962083,WRD - NPDES,Application/Request,HNF-P7H3-DCN87,Schedule - IPP PFAS Interim Report-1
"https://mienviro.michigan.gov/ncore/downloadpdf/1324198982679254149",RE_ PLEASE look at this - FW_ info on % solids & % moisture - Update.msg,IPP PFAS Interim Rpt discussion correspondence,Industrial Pretreatment Program (IPP),"2/12/2019 12:00:00 AM",1324198982679254149,WRD - NPDES,Application/Request,HNF-P7H3-DCN87,Schedule - IPP PFAS Interim Report-1
"https://mienviro.michigan.gov/ncore/downloadpdf/1702873664070787395",FW_ TestAmerica invoice and report files from 190-18507-1 WWTP - Biosolids.msg,IPP PFAS Interim Rpt discussion correspondence,Industrial Pretreatment Program (IPP),"2/12/2019 12:00:00 AM",1702873664070787395,WRD - NPDES,Application/Request,HNF-P7H3-DCN87,Schedule - IPP PFAS Interim Report-1
"https://mienviro.michigan.gov/ncore/downloadpdf/5162860766879708910",RE_ IPP PFAS Initiative Sampling Guidance_ Suggested Analytes.msg,IPP PFAS Interim Rpt discussion correspondence,Industrial Pretreatment Program (IPP),"2/12/2019 12:00:00 AM",5162860766879708910,WRD - NPDES,Application/Request,HNF-P7H3-DCN87,Schedule - IPP PFAS Interim Report-1
"https://mienviro.michigan.gov/ncore/downloadpdf/-2056591895396941169",DMR Summary - MI0020257 _01_01_2019_to_01_31_2019_V1.docx,DMR Summary Data for period 01/01/2019 - 01/31/2019_V1,Schedule - DMR Documents,"2/15/2019 12:00:00 AM",-2056591895396941169,WRD - NPDES,Permit,MI0020257 v5.1,NPDES Individual Permit
"https://mienviro.michigan.gov/ncore/downloadpdf/3607057625038900635",DMR Daily - MI0020257 _01_01_2019_to_01_31_2019_V1.docx,DMR Daily Data for period 01/01/2019 - 01/31/2019_V1,Schedule - DMR Documents,"2/15/2019 12:00:00 AM",3607057625038900635,WRD - NPDES,Permit,MI0020257 v5.1,NPDES Individual Permit
"https://mienviro.michigan.gov/ncore/downloadpdf/2724813468533962614",RE_ TestAmerica invoice and report files from 190-17646-1 City of Cadillac.msg,IPP PFAS Interim Rpt discussion correspondence,Industrial Pretreatment Program (IPP),"2/21/2019 12:00:00 AM",2724813468533962614,WRD - NPDES,Application/Request,HNF-P7H3-DCN87,Schedule - IPP PFAS Interim Report-1
"https://mienviro.michigan.gov/ncore/downloadpdf/-6674021578952107390",J17646-1 UDS Level 2 Report Final Report.pdf,IPP PFAS Summ Rpt discussion documents,Industrial Pretreatment Program (IPP),"2/22/2019 12:00:00 AM",-6674021578952107390,WRD - NPDES,Application/Request,HNJ-P0ZX-8AVDS,Schedule - IPP PFAS Summary Report
"https://mienviro.michigan.gov/ncore/downloadpdf/-6388272437855274765",FW_ TestAmerica invoice and report files from 190-18507-1 WWTP - Biosolids.msg,IPP PFAS Summ Rpt discussion documents,Industrial Pretreatment Program (IPP),"2/22/2019 12:00:00 AM",-6388272437855274765,WRD - NPDES,Application/Request,HNJ-P0ZX-8AVDS,Schedule - IPP PFAS Summary Report
"https://mienviro.michigan.gov/ncore/downloadpdf/-5579286795353343353",J18036-1 UDS Level 2 Report Final Report.pdf,IPP PFAS Summ Rpt discussion documents,Industrial Pretreatment Program (IPP),"2/22/2019 12:00:00 AM",-5579286795353343353,WRD - NPDES,Application/Request,HNJ-P0ZX-8AVDS,Schedule - IPP PFAS Summary Report
"https://mienviro.michigan.gov/ncore/downloadpdf/-5531387920153161894",RE_ PLEASE look at this - FW_ info on % solids & % moisture - Update.msg,IPP PFAS Summ Rpt discussion documents,Industrial Pretreatment Program (IPP),"2/22/2019 12:00:00 AM",-5531387920153161894,WRD - NPDES,Application/Request,HNJ-P0ZX-8AVDS,Schedule - IPP PFAS Summary Report
"https://mienviro.michigan.gov/ncore/downloadpdf/603920706683699626",deq-tou-WRD-IPP_PFAS_Guidance-ScreeningEvaluation_620434_7.pdf,IPP PFAS Summ Rpt discussion documents,Industrial Pretreatment Program (IPP),"2/22/2019 12:00:00 AM",603920706683699626,WRD - NPDES,Application/Request,HNJ-P0ZX-8AVDS,Schedule - IPP PFAS Summary Report
"https://mienviro.michigan.gov/ncore/downloadpdf/3500148599291228924",J17993-1 UDS Level 2 Report Final Report.pdf,IPP PFAS Summ Rpt discussion documents,Industrial Pretreatment Program (IPP),"2/22/2019 12:00:00 AM",3500148599291228924,WRD - NPDES,Application/Request,HNJ-P0ZX-8AVDS,Schedule - IPP PFAS Summary Report
"https://mienviro.michigan.gov/ncore/downloadpdf/-150348501006616963",Pre-Public Note Ltr_Cadillac WWTP.msg,,NPDES Individual Permit,"2/27/2019 12:00:00 AM",-150348501006616963,WRD - NPDES,Permit,MI0020257 v6.0,NPDES Individual Permit
"https://mienviro.michigan.gov/ncore/downloadpdf/-8513053641259165067",FW_ Biosolids PFAS - Cadillac.msg,IPP PFAS biosolids sample for IPP PFAS initiative - Dry weight calculations on homogenized (unseparated) sample,Industrial Pretreatment Program (IPP),"2/28/2019 12:00:00 AM",-8513053641259165067,n/a,Site,15637,Site
"https://mienviro.michigan.gov/ncore/downloadpdf/1217892730810011742",FW_ Biosolids PFAS - Cadillac.msg,,Industrial Pretreatment Program (IPP),"2/28/2019 12:00:00 AM",1217892730810011742,n/a,Site,15637,Site
"https://mienviro.michigan.gov/ncore/downloadpdf/-5070374537407687310",Cadillac WWTP PFAS Letter.msg,IPP PFAS Interim and Summary Report Approval BIN2 Email transmittal,Industrial Pretreatment Program (IPP),"3/4/2019 12:00:00 AM",-5070374537407687310,WRD - NPDES,Application/Request,HNF-P7H3-DCN87,Schedule - IPP PFAS Interim Report-1
"https://mienviro.michigan.gov/ncore/downloadpdf/-1522814933655192300",Cadillac WWTP PFAS Letter.msg,IPP PFAS Int and Summ Rpt Approval email,Industrial Pretreatment Program (IPP),"3/4/2019 12:00:00 AM",-1522814933655192300,WRD - NPDES,Application/Request,HNF-P7H3-DCN87,Schedule - IPP PFAS Interim Report-1
"https://mienviro.michigan.gov/ncore/downloadpdf/403570696290303528",Cadillac WWTP PFAS Interim and Summary Rpt Approval Letter.pdf,IPP PFAS Interim and Summary Rpt Approval Letter BIN 2,Industrial Pretreatment Program (IPP),"3/4/2019 12:00:00 AM",403570696290303528,WRD - NPDES,Application/Request,HNJ-P0ZX-8AVDS,Schedule - IPP PFAS Summary Report
"https://mienviro.michigan.gov/ncore/downloadpdf/2197571042959551007",Cadillac WWTP PFAS Letter.pdf,Cadillac WWTP PFAS Letter,NPDES Misc. Site Docs,"3/4/2019 12:00:00 AM",2197571042959551007,n/a,Site,15637,Site
"https://mienviro.michigan.gov/ncore/downloadpdf/6876433978433285649",Cadillac WWTP PFAS Letter.msg,IPP PFAS Int Summ Rpt App Email,Industrial Pretreatment Program (IPP),"3/4/2019 12:00:00 AM",6876433978433285649,WRD - NPDES,Application/Request,HNF-P7H3-DCN87,Schedule - IPP PFAS Interim Report-1
"https://mienviro.michigan.gov/ncore/downloadpdf/8004028571974457714",Cadillac WWTP PFAS Interim and Summary Rpt Approval Letter.pdf,IPP PFAS Interim and Summary Report Approval Letter BIN 2,Industrial Pretreatment Program (IPP),"3/4/2019 12:00:00 AM",8004028571974457714,WRD - NPDES,Application/Request,HNF-P7H3-DCN87,Schedule - IPP PFAS Interim Report-1
"https://mienviro.michigan.gov/ncore/downloadpdf/5112104207502533600",Cadillac WWTP PFAS Letter.msg,IPP PFAS Int and Summ Rpt Approval email,Industrial Pretreatment Program (IPP),"3/5/2019 12:00:00 AM",5112104207502533600,WRD - NPDES,Application/Request,HNJ-P0ZX-8AVDS,Schedule - IPP PFAS Summary Report
"https://mienviro.michigan.gov/ncore/downloadpdf/6719313888538820316",DMR Daily - MI0020257 _02_01_2019_to_02_28_2019_V1.docx,DMR Daily Data for period 02/01/2019 - 02/28/2019_V1,Schedule - DMR Documents,"3/11/2019 12:00:00 AM",6719313888538820316,WRD - NPDES,Permit,MI0020257 v5.1,NPDES Individual Permit
"https://mienviro.michigan.gov/ncore/downloadpdf/8903973979545814533",DMR Summary - MI0020257 _02_01_2019_to_02_28_2019_V1.docx,DMR Summary Data for period 02/01/2019 - 02/28/2019_V1,Schedule - DMR Documents,"3/11/2019 12:00:00 AM",8903973979545814533,WRD - NPDES,Permit,MI0020257 v5.1,NPDES Individual Permit
"https://mienviro.michigan.gov/ncore/downloadpdf/-9071229891747866357",POTW_Monitoring_Data_Summary 2018.xlsx v1,1. Upload a copy of the annual pollutant monitoring summary.,Applicant Attachments,"3/20/2019 12:00:00 AM",-9071229891747866357,WRD - NPDES,Application/Request,HNN-0QFE-AG22Q,Schedule - Michigan Industrial Pretreatment Program (IPP) Annual Report
"https://mienviro.michigan.gov/ncore/downloadpdf/-6173827553342443142",SIU-CIU_List.xlsx v1,1. Please provide a list of all SIUs and CIUs covered by the Control Authority’s pretreatment program. Use the template above.,Applicant Attachments,"3/20/2019 12:00:00 AM",-6173827553342443142,WRD - NPDES,Application/Request,HNN-0QFE-AG22Q,Schedule - Michigan Industrial Pretreatment Program (IPP) Annual Report
"https://mienviro.michigan.gov/ncore/downloadpdf/-5801295826717958227",HNN-0QFE-AG22Q V1.pdf v1,,Misc. Application and Request Docs,"3/20/2019 12:00:00 AM",-5801295826717958227,WRD - NPDES,Application/Request,HNN-0QFE-AG22Q,Schedule - Michigan Industrial Pretreatment Program (IPP) Annual Report
"https://mienviro.michigan.gov/ncore/downloadpdf/4259306752911727975",POTW_Oversight_Table.xlsx v1,1. Please upload a table with compliance and enforcement information for each SIU/CIU reported. A template for the table is provided above.,Applicant Attachments,"3/20/2019 12:00:00 AM",4259306752911727975,WRD - NPDES,Application/Request,HNN-0QFE-AG22Q,Schedule - Michigan Industrial Pretreatment Program (IPP) Annual Report
"https://mienviro.michigan.gov/ncore/downloadpdf/7180582098187699991",Proof Of Publication.pdf v1,"3 a. If you indicated ""YES"", please upload proof of publication.",Applicant Attachments,"3/20/2019 12:00:00 AM",7180582098187699991,WRD - NPDES,Application/Request,HNN-0QFE-AG22Q,Schedule - Michigan Industrial Pretreatment Program (IPP) Annual Report
"https://mienviro.michigan.gov/ncore/downloadpdf/-6616581335313556719",UpdatedWQBELBiologistReview_MI0020257_4-11-2019.doc,Updated WQBEL Biologist Recommendations Memo dated 4/11/2019,Misc. Application and Request Docs,"4/11/2019 12:00:00 AM",-6616581335313556719,WRD - NPDES,Application/Request,2Q7-HQ21-P66B,Permit Change - National Pollutant Discharge Elimination System (NPDES) Municipal Application Form (Reissuance)
"https://mienviro.michigan.gov/ncore/downloadpdf/-6131647309696466399",UpdatedPELSheet_MI0020257_4-11-2019.pdf,Updated PEL Sheet dated 4/11/2019.,Misc. Application and Request Docs,"4/11/2019 12:00:00 AM",-6131647309696466399,WRD - NPDES,Application/Request,2Q7-HQ21-P66B,Permit Change - National Pollutant Discharge Elimination System (NPDES) Municipal Application Form (Reissuance)
"https://mienviro.michigan.gov/ncore/downloadpdf/4675487346975424931",FW Paragon WO 207982 Final Report Result Inquiry.msg,Bis(2-ethylhexyl)phthalate Lab Report,NPDES Application Docs,"4/12/2019 12:00:00 AM",4675487346975424931,WRD - NPDES,Application/Request,2Q7-HQ21-P66B,Permit Change - National Pollutant Discharge Elimination System (NPDES) Municipal Application Form (Reissuance)
"https://mienviro.michigan.gov/ncore/downloadpdf/-6347209655776258364",DMR Summary - MI0020257 _03_01_2019_to_03_31_2019_V1.docx,DMR Summary Data for period 03/01/2019 - 03/31/2019_V1,Schedule - DMR Documents,"4/18/2019 12:00:00 AM",-6347209655776258364,WRD - NPDES,Permit,MI0020257 v5.1,NPDES Individual Permit
"https://mienviro.michigan.gov/ncore/downloadpdf/-5678667028443752988",DMR Daily - MI0020257 _03_01_2019_to_03_31_2019_V1.docx,DMR Daily Data for period 03/01/2019 - 03/31/2019_V1,Schedule - DMR Documents,"4/18/2019 12:00:00 AM",-5678667028443752988,WRD - NPDES,Permit,MI0020257 v5.1,NPDES Individual Permit
"https://mienviro.michigan.gov/ncore/downloadpdf/-4898722065399202194",Department Response to Second Round of PPN Comments_Cadillac WWTP.msg,,NPDES Individual Permit,"5/2/2019 12:00:00 AM",-4898722065399202194,WRD - NPDES,Permit,MI0020257 v6.0,NPDES Individual Permit
"https://mienviro.michigan.gov/ncore/downloadpdf/2166487144707416457",DMR Summary - MI0020257 _04_01_2019_to_04_30_2019_V1.docx,DMR Summary Data for period 04/01/2019 - 04/30/2019_V1,Schedule - DMR Documents,"5/17/2019 12:00:00 AM",2166487144707416457,WRD - NPDES,Permit,MI0020257 v5.1,NPDES Individual Permit
"https://mienviro.michigan.gov/ncore/downloadpdf/4475763418117927021",DMR Daily - MI0020257 _04_01_2019_to_04_30_2019_V1.docx,DMR Daily Data for period 04/01/2019 - 04/30/2019_V1,Schedule - DMR Documents,"5/17/2019 12:00:00 AM",4475763418117927021,WRD - NPDES,Permit,MI0020257 v5.1,NPDES Individual Permit
"https://mienviro.michigan.gov/ncore/downloadpdf/-1302747580337855905",PPN Correspondence_Cadillac WWTP.msg,,NPDES Individual Permit,"5/29/2019 12:00:00 AM",-1302747580337855905,WRD - NPDES,Permit,MI0020257 v6.0,NPDES Individual Permit
"https://mienviro.michigan.gov/ncore/downloadpdf/4912358191559826487",Public Notice Ltr_Cadillac WWTP.msg,,Misc. NPDES Permit Docs,"6/4/2019 12:00:00 AM",4912358191559826487,WRD - NPDES,Permit,MI0020257 v6.0,NPDES Individual Permit
"https://mienviro.michigan.gov/ncore/downloadpdf/6030670746472801357",Basis for Decision Memo-DRAFT for Public Notice_Cadillac WWTP.pdf,,Misc. NPDES Permit Docs,"6/4/2019 12:00:00 AM",6030670746472801357,WRD - NPDES,Permit,MI0020257 v6.0,NPDES Individual Permit
"https://mienviro.michigan.gov/ncore/downloadpdf/8202905883452332436",NPDES Permit-DRAFT for Public Notice_Cadillac WWTP.pdf,,Misc. NPDES Permit Docs,"6/4/2019 12:00:00 AM",8202905883452332436,WRD - NPDES,Permit,MI0020257 v6.0,NPDES Individual Permit
"https://mienviro.michigan.gov/ncore/downloadpdf/5411273080965715241",Public Notice Verification_Cadillac WWTP.msg,,NPDES Individual Permit,"6/6/2019 12:00:00 AM",5411273080965715241,WRD - NPDES,Permit,MI0020257 v6.0,NPDES Individual Permit
"https://mienviro.michigan.gov/ncore/downloadpdf/5504019015290538937",Public Notice Notification_Cadillac WWTP.msg,,NPDES Individual Permit,"6/6/2019 12:00:00 AM",5504019015290538937,WRD - NPDES,Permit,MI0020257 v6.0,NPDES Individual Permit
"https://mienviro.michigan.gov/ncore/downloadpdf/-7177345068212001784",DMR Daily - MI0020257 _05_01_2019_to_05_31_2019_V1.docx,DMR Daily Data for period 05/01/2019 - 05/31/2019_V1,Schedule - DMR Documents,"6/17/2019 12:00:00 AM",-7177345068212001784,WRD - NPDES,Permit,MI0020257 v5.1,NPDES Individual Permit
"https://mienviro.michigan.gov/ncore/downloadpdf/-266144883424227380",DMR Summary - MI0020257 _05_01_2019_to_05_31_2019_V1.docx,DMR Summary Data for period 05/01/2019 - 05/31/2019_V1,Schedule - DMR Documents,"6/17/2019 12:00:00 AM",-266144883424227380,WRD - NPDES,Permit,MI0020257 v5.1,NPDES Individual Permit
"https://mienviro.michigan.gov/ncore/downloadpdf/-7801879100660621655",DMR Summary - MI0020257 _05_01_2017_to_05_31_2017_V3.docx,DMR Summary Data for period 05/01/2017 - 05/31/2017_V3,Schedule - DMR Documents,"6/18/2019 12:00:00 AM",-7801879100660621655,WRD - NPDES,Permit,MI0020257 v5.1,NPDES Individual Permit
"https://mienviro.michigan.gov/ncore/downloadpdf/-6154530361140832098",DMR Daily - MI0020257 _05_01_2017_to_05_31_2017_V3.docx,DMR Daily Data for period 05/01/2017 - 05/31/2017_V3,Schedule - DMR Documents,"6/18/2019 12:00:00 AM",-6154530361140832098,WRD - NPDES,Permit,MI0020257 v5.1,NPDES Individual Permit
"https://mienviro.michigan.gov/ncore/downloadpdf/-4478719908778367759",DMR Daily - MI0020257 _10_01_2017_to_10_31_2017_V2.docx,DMR Daily Data for period 10/01/2017 - 10/31/2017_V2,Schedule - DMR Documents,"6/18/2019 12:00:00 AM",-4478719908778367759,WRD - NPDES,Permit,MI0020257 v5.1,NPDES Individual Permit
"https://mienviro.michigan.gov/ncore/downloadpdf/-2706824661229254575",DMR Summary - MI0020257 _10_01_2017_to_10_31_2017_V2.docx,DMR Summary Data for period 10/01/2017 - 10/31/2017_V2,Schedule - DMR Documents,"6/18/2019 12:00:00 AM",-2706824661229254575,WRD - NPDES,Permit,MI0020257 v5.1,NPDES Individual Permit
"https://mienviro.michigan.gov/ncore/downloadpdf/-1063545855854767217",DMR Daily - MI0020257 _07_01_2017_to_07_31_2017_V2.docx,DMR Daily Data for period 07/01/2017 - 07/31/2017_V2,Schedule - DMR Documents,"6/18/2019 12:00:00 AM",-1063545855854767217,WRD - NPDES,Permit,MI0020257 v5.1,NPDES Individual Permit
"https://mienviro.michigan.gov/ncore/downloadpdf/7770092575462630038",DMR Summary - MI0020257 _07_01_2017_to_07_31_2017_V2.docx,DMR Summary Data for period 07/01/2017 - 07/31/2017_V2,Schedule - DMR Documents,"6/18/2019 12:00:00 AM",7770092575462630038,WRD - NPDES,Permit,MI0020257 v5.1,NPDES Individual Permit
"https://mienviro.michigan.gov/ncore/downloadpdf/-1381733737630238270",J19915-1 UDS Level 2 Report Final Report.pdf v1,5.a. Upload all contract laboratory reports from POTW effluent and/or Influent sampling that have not yet been submitted.,Applicant Attachments,"6/28/2019 12:00:00 AM",-1381733737630238270,WRD - NPDES,Application/Request,HNQ-VZP8-TWNRX,Schedule - IPP PFAS Status Report
"https://mienviro.michigan.gov/ncore/downloadpdf/2793559677356639638",HNQ-VZP8-TWNRX V1.pdf v1,,Misc. Application and Request Docs,"6/28/2019 12:00:00 AM",2793559677356639638,WRD - NPDES,Application/Request,HNQ-VZP8-TWNRX,Schedule - IPP PFAS Status Report
"https://mienviro.michigan.gov/ncore/downloadpdf/6286447248229530622",J17646-1 UDS Level 2 Report Final Report (Leachate).pdf v1,1. Provide a summary of all IU sampling to date under the IPP PFAS Initiative; We have determined Wexford county landfill is our source. They have gone to deep well injection and have told us they will not be bringing it to us anymore.,Applicant Attachments,"6/28/2019 12:00:00 AM",6286447248229530622,WRD - NPDES,Application/Request,HNQ-VZP8-TWNRX,Schedule - IPP PFAS Status Report
"https://mienviro.michigan.gov/ncore/downloadpdf/-5148257130223295610",DMR Summary - MI0020257 _06_01_2019_to_06_30_2019_V1.docx,DMR Summary Data for period 06/01/2019 - 06/30/2019_V1,Schedule - DMR Documents,"7/18/2019 12:00:00 AM",-5148257130223295610,WRD - NPDES,Permit,MI0020257 v5.1,NPDES Individual Permit
"https://mienviro.michigan.gov/ncore/downloadpdf/-1321137294153054267",DMR Daily - MI0020257 _06_01_2019_to_06_30_2019_V1.docx,DMR Daily Data for period 06/01/2019 - 06/30/2019_V1,Schedule - DMR Documents,"7/18/2019 12:00:00 AM",-1321137294153054267,WRD - NPDES,Permit,MI0020257 v5.1,NPDES Individual Permit
"https://mienviro.michigan.gov/ncore/downloadpdf/-8739884906953414189",DMR Summary - MI0020257 _07_01_2019_to_07_31_2019_V1.docx,DMR Summary Data for period 07/01/2019 - 07/31/2019_V1,Schedule - DMR Documents,"8/19/2019 12:00:00 AM",-8739884906953414189,WRD - NPDES,Permit,MI0020257 v5.1,NPDES Individual Permit
"https://mienviro.michigan.gov/ncore/downloadpdf/5280760149616784281",DMR Daily - MI0020257 _07_01_2019_to_07_31_2019_V1.docx,DMR Daily Data for period 07/01/2019 - 07/31/2019_V1,Schedule - DMR Documents,"8/19/2019 12:00:00 AM",5280760149616784281,WRD - NPDES,Permit,MI0020257 v5.1,NPDES Individual Permit
"https://mienviro.michigan.gov/ncore/downloadpdf/-8533260144873024140",Issuance Letter_Cadillac WWTP.msg,,NPDES Individual Permit,"8/30/2019 12:00:00 AM",-8533260144873024140,WRD - NPDES,Permit,MI0020257 v6.0,NPDES Individual Permit
"https://mienviro.michigan.gov/ncore/downloadpdf/-3469650607187381381",DMR Daily - MI0020257 _08_01_2019_to_08_31_2019_V1.docx,DMR Daily Data for period 08/01/2019 - 08/31/2019_V1,Schedule - DMR Documents,"9/11/2019 12:00:00 AM",-3469650607187381381,WRD - NPDES,Permit,MI0020257 v5.1,NPDES Individual Permit
"https://mienviro.michigan.gov/ncore/downloadpdf/4485625990892266465",DMR Summary - MI0020257 _08_01_2019_to_08_31_2019_V1.docx,DMR Summary Data for period 08/01/2019 - 08/31/2019_V1,Schedule - DMR Documents,"9/11/2019 12:00:00 AM",4485625990892266465,WRD - NPDES,Permit,MI0020257 v5.1,NPDES Individual Permit
"https://mienviro.michigan.gov/ncore/downloadpdf/-4965689064233631921",MI0020257_August2019WET Report_9-10-2019.pdf,,Misc Site Docs,"9/13/2019 12:00:00 AM",-4965689064233631921,n/a,Site,15637,Site
"https://mienviro.michigan.gov/ncore/downloadpdf/1925324962544154374",WET Email_MI0020257_August 2019 WET Report_9-10-2019.msg,,Misc Site Docs,"9/13/2019 12:00:00 AM",1925324962544154374,n/a,Site,15637,Site
"https://mienviro.michigan.gov/ncore/downloadpdf/-1598855405513453416",EM-RMP Question and Answer.msg,EGLE responds,Misc. Submittal Docs,"10/14/2019 12:00:00 AM",-1598855405513453416,WRD - NPDES,Application/Request,HNX-E8Q7-TQ4BF,Schedule - Biosolids Residuals Management Program (RMP) Submittal or Modification
"https://mienviro.michigan.gov/ncore/downloadpdf/160565945375433856",EM-RMP Question.msg,WWTP to EGLE,Misc. Submittal Docs,"10/14/2019 12:00:00 AM",160565945375433856,WRD - NPDES,Application/Request,HNX-E8Q7-TQ4BF,Schedule - Biosolids Residuals Management Program (RMP) Submittal or Modification
"https://mienviro.michigan.gov/ncore/downloadpdf/-4190240916929705577",DMR Daily - MI0020257 _09_01_2019_to_09_30_2019_V1.docx,DMR Daily Data for period 09/01/2019 - 09/30/2019_V1,Schedule - DMR Documents,"10/16/2019 12:00:00 AM",-4190240916929705577,WRD - NPDES,Permit,MI0020257 v6.0,NPDES Individual Permit
"https://mienviro.michigan.gov/ncore/downloadpdf/4629793855295452425",DMR Summary - MI0020257 _09_01_2019_to_09_30_2019_V1.docx,DMR Summary Data for period 09/01/2019 - 09/30/2019_V1,Schedule - DMR Documents,"10/16/2019 12:00:00 AM",4629793855295452425,WRD - NPDES,Permit,MI0020257 v6.0,NPDES Individual Permit
"https://mienviro.michigan.gov/ncore/downloadpdf/8924430461830557524",2019-10-16 CC-002274 Cadillac WWTP.pdf,,Industrial Pretreatment Program (IPP),"10/16/2019 12:00:00 AM",8924430461830557524,WRD - NPDES,Compliance Action,CC-002274,Compliance Communication
"https://mienviro.michigan.gov/ncore/downloadpdf/7284317847182220886",Phone Log 10-24-2019.pdf,EGLE & WWTP discussion,Misc. Submittal Docs,"10/24/2019 12:00:00 AM",7284317847182220886,WRD - NPDES,Application/Request,HNX-E8Q7-TQ4BF,Schedule - Biosolids Residuals Management Program (RMP) Submittal or Modification
"https://mienviro.michigan.gov/ncore/downloadpdf/-8194005199149734697",FY19 Applier-Class B Pathogen Red and Site Restr.pdf v1,Class B Pathogen Reduction and Site Res..pdf;,Applicant Attachments,"10/28/2019 12:00:00 AM",-8194005199149734697,WRD - NPDES,Application/Request,HNT-5SPH-XVKKZ,Schedule - Biosolids Annual Report
"https://mienviro.michigan.gov/ncore/downloadpdf/-4976662319602373768",FY19 Loading Calculations per LA site.pdf v1,Raw Data Metals.pdf;,Applicant Attachments,"10/28/2019 12:00:00 AM",-4976662319602373768,WRD - NPDES,Application/Request,HNT-5SPH-XVKKZ,Schedule - Biosolids Annual Report
"https://mienviro.michigan.gov/ncore/downloadpdf/-2977653288276653769",FY19 Pathogen Results-Spring.pdf v1,HML 4-8-2019.pdf; April results for summer haul; Fecal didn't meet;,Applicant Attachments,"10/28/2019 12:00:00 AM",-2977653288276653769,WRD - NPDES,Application/Request,HNT-5SPH-XVKKZ,Schedule - Biosolids Annual Report
"https://mienviro.michigan.gov/ncore/downloadpdf/-2310905792227201294",FY19 Pathogen results-Fall.pdf v1,HML 2018 Fall Biosolids.pdf; late Sept. 18' results for Fall 2018 haul;,Applicant Attachments,"10/28/2019 12:00:00 AM",-2310905792227201294,WRD - NPDES,Application/Request,HNT-5SPH-XVKKZ,Schedule - Biosolids Annual Report
"https://mienviro.michigan.gov/ncore/downloadpdf/-238039900655589400",FY19 Metals and Nutrient Results.pdf v1,Pace Biosolids 4-8-2019.pdf; April 19' by PACE;,Applicant Attachments,"10/28/2019 12:00:00 AM",-238039900655589400,WRD - NPDES,Application/Request,HNT-5SPH-XVKKZ,Schedule - Biosolids Annual Report
"https://mienviro.michigan.gov/ncore/downloadpdf/733870788244046309",FY19 Lab Sheet-Total Solids and DTs-Oct.pdf v1,Solids Lab Data.pdf; Info. for Oct. 2018 haul;,Applicant Attachments,"10/28/2019 12:00:00 AM",733870788244046309,WRD - NPDES,Application/Request,HNT-5SPH-XVKKZ,Schedule - Biosolids Annual Report
"https://mienviro.michigan.gov/ncore/downloadpdf/829100617802768493",FY19 Land Applic Sites List and Info.pdf v1,DT Applied.pdf; Fall 18' and Summer 19';,Applicant Attachments,"10/28/2019 12:00:00 AM",829100617802768493,WRD - NPDES,Application/Request,HNT-5SPH-XVKKZ,Schedule - Biosolids Annual Report
"https://mienviro.michigan.gov/ncore/downloadpdf/1144882082607395682",FY19 Applier VAR proof.pdf v1,Vector Attraction Reduction.pdf;,Applicant Attachments,"10/28/2019 12:00:00 AM",1144882082607395682,WRD - NPDES,Application/Request,HNT-5SPH-XVKKZ,Schedule - Biosolids Annual Report
"https://mienviro.michigan.gov/ncore/downloadpdf/3268162461128179690",HNT-5SPH-XVKKZ V1.pdf v1,FY19 Biosolids Annual Report;,Misc. Application and Request Docs,"10/28/2019 12:00:00 AM",3268162461128179690,WRD - NPDES,Application/Request,HNT-5SPH-XVKKZ,Schedule - Biosolids Annual Report
"https://mienviro.michigan.gov/ncore/downloadpdf/4671505331506101645",DMR Summary - MI0020257 _10_01_2018_to_09_30_2019_V1.docx,DMR Summary Data for period 10/01/2018 - 09/30/2019_V1,Schedule - DMR Documents,"10/28/2019 12:00:00 AM",4671505331506101645,WRD - NPDES,Permit,MI0020257 v6.0,NPDES Individual Permit
"https://mienviro.michigan.gov/ncore/downloadpdf/5122422670812837402",FY19 Metals and Nutrient Results.pdf v1,Pace Lab Biosolids 9-4-2018.pdf; Sept. 18' by PACE;,Applicant Attachments,"10/28/2019 12:00:00 AM",5122422670812837402,WRD - NPDES,Application/Request,HNT-5SPH-XVKKZ,Schedule - Biosolids Annual Report
"https://mienviro.michigan.gov/ncore/downloadpdf/7537303492911861212",FY19 Land Applic Site List Info.pdf v1,Site Information.pdf; 8 sites used for LA;,Applicant Attachments,"10/28/2019 12:00:00 AM",7537303492911861212,WRD - NPDES,Application/Request,HNT-5SPH-XVKKZ,Schedule - Biosolids Annual Report
"https://mienviro.michigan.gov/ncore/downloadpdf/8017569878524048059",FY19 Fecal Only result-retest.pdf v1,HML Fecals 4-18-2019.pdf; April 19' - Fecal still didn't meet;,Applicant Attachments,"10/28/2019 12:00:00 AM",8017569878524048059,WRD - NPDES,Application/Request,HNT-5SPH-XVKKZ,Schedule - Biosolids Annual Report
"https://mienviro.michigan.gov/ncore/downloadpdf/8793107100625002523",FY19 Applier-Management Pract Cert.pdf v1,Management Practices.pdf;,Applicant Attachments,"10/28/2019 12:00:00 AM",8793107100625002523,WRD - NPDES,Application/Request,HNT-5SPH-XVKKZ,Schedule - Biosolids Annual Report
"https://mienviro.michigan.gov/ncore/downloadpdf/9209529777481977364",FY19 Lab Sheet-Total Solids and DTs-June.pdf v1,Lab Data Spring Hauling 2019.pdf; June 19' lab info;,Applicant Attachments,"10/28/2019 12:00:00 AM",9209529777481977364,WRD - NPDES,Application/Request,HNT-5SPH-XVKKZ,Schedule - Biosolids Annual Report
"https://mienviro.michigan.gov/ncore/downloadpdf/8332496224645746748",EM-Reviewing biosolids annual report and documents.msg,EGLE to WWTP Oper.,NPDES Submittal Docs,"11/7/2019 12:00:00 AM",8332496224645746748,WRD - NPDES,Application/Request,HNT-5SPH-XVKKZ,Schedule - Biosolids Annual Report
"https://mienviro.michigan.gov/ncore/downloadpdf/-9022831803921967807",EM-RMP modifications - Scheduled Report now in Miwaters.msg,EGLE to WWTP,Misc. Submittal Docs,"11/19/2019 12:00:00 AM",-9022831803921967807,WRD - NPDES,Application/Request,HNX-E8Q7-TQ4BF,Schedule - Biosolids Residuals Management Program (RMP) Submittal or Modification
"https://mienviro.michigan.gov/ncore/downloadpdf/3937238601608414366",DMR Summary - MI0020257 _10_01_2019_to_10_31_2019_V1.docx,DMR Summary Data for period 10/01/2019 - 10/31/2019_V1,Schedule - DMR Documents,"11/19/2019 12:00:00 AM",3937238601608414366,WRD - NPDES,Permit,MI0020257 v6.0,NPDES Individual Permit
"https://mienviro.michigan.gov/ncore/downloadpdf/4882829427941262775",DMR Daily - MI0020257 _10_01_2019_to_10_31_2019_V1.docx,DMR Daily Data for period 10/01/2019 - 10/31/2019_V1,Schedule - DMR Documents,"11/19/2019 12:00:00 AM",4882829427941262775,WRD - NPDES,Permit,MI0020257 v6.0,NPDES Individual Permit
"https://mienviro.michigan.gov/ncore/downloadpdf/-3775827852740007551",WETQuestion_MI0020257_11-22-2019.msg,,Misc Site Docs,"11/22/2019 12:00:00 AM",-3775827852740007551,n/a,Site,15637,Site
"https://mienviro.michigan.gov/ncore/downloadpdf/4764663275834837536",Cadillac WWTP MI0020257 IPP PFAS Dec 2019 Status.pdf,,Industrial Pretreatment Program (IPP),"12/6/2019 12:00:00 AM",4764663275834837536,n/a,Site,15637,Site
"https://mienviro.michigan.gov/ncore/downloadpdf/-4555603840963804257",DMR Summary - MI0020257 _11_01_2019_to_11_30_2019_V1.docx,DMR Summary Data for period 11/01/2019 - 11/30/2019_V1,Schedule - DMR Documents,"12/18/2019 12:00:00 AM",-4555603840963804257,WRD - NPDES,Permit,MI0020257 v6.0,NPDES Individual Permit
"https://mienviro.michigan.gov/ncore/downloadpdf/-2546164817888365588",DMR Daily - MI0020257 _11_01_2019_to_11_30_2019_V1.docx,DMR Daily Data for period 11/01/2019 - 11/30/2019_V1,Schedule - DMR Documents,"12/18/2019 12:00:00 AM",-2546164817888365588,WRD - NPDES,Permit,MI0020257 v6.0,NPDES Individual Permit
"https://mienviro.michigan.gov/ncore/downloadpdf/-30690039028977475",HNV-XK97-EV0GR V1.pdf v1,Submission PDF,Misc. Application and Request Docs,"12/18/2019 12:00:00 AM",-30690039028977475,WRD - NPDES,Application/Request,HNV-XK97-EV0GR,Schedule - IPP PFAS Status Report
"https://mienviro.michigan.gov/ncore/downloadpdf/6901296223852828324",DMR Daily - MI0020257 _12_01_2019_to_12_31_2019_V1.docx,DMR Daily Data for period 12/01/2019 - 12/31/2019_V1,Schedule - DMR Documents,"1/16/2020 12:00:00 AM",6901296223852828324,WRD - NPDES,Permit,MI0020257 v6.0,NPDES Individual Permit
"https://mienviro.michigan.gov/ncore/downloadpdf/8695668662734402304",DMR Summary - MI0020257 _12_01_2019_to_12_31_2019_V1.docx,DMR Summary Data for period 12/01/2019 - 12/31/2019_V1,Schedule - DMR Documents,"1/16/2020 12:00:00 AM",8695668662734402304,WRD - NPDES,Permit,MI0020257 v6.0,NPDES Individual Permit
"https://mienviro.michigan.gov/ncore/downloadpdf/-4952532529280965728",RMP-Class A EQ-DEQ letter.pdf,Class A EQ letter.pdf; nForm Document; letter from Jim Johnson (DEQ) 2004;,Form Submission Attachments,"2/11/2020 12:00:00 AM",-4952532529280965728,WRD - NPDES,Application/Request,HNX-E8Q7-TQ4BF,Schedule - Biosolids Residuals Management Program (RMP) Submittal or Modification
"https://mienviro.michigan.gov/ncore/downloadpdf/-4312345816805112594",HNX-E8Q7-TQ4BF V1.pdf v1,FY20 RMP Mod Applic Request;,Misc. Application and Request Docs,"2/11/2020 12:00:00 AM",-4312345816805112594,WRD - NPDES,Application/Request,HNX-E8Q7-TQ4BF,Schedule - Biosolids Residuals Management Program (RMP) Submittal or Modification
"https://mienviro.michigan.gov/ncore/downloadpdf/-1059360609849530823",RMP Modification Request-July 2014.doc,Amend RMP.doc; nForm Document,Form Submission Attachments,"2/11/2020 12:00:00 AM",-1059360609849530823,WRD - NPDES,Application/Request,HNX-E8Q7-TQ4BF,Schedule - Biosolids Residuals Management Program (RMP) Submittal or Modification
"https://mienviro.michigan.gov/ncore/downloadpdf/-1004089419836381226",EM-RMP Modification Applic submitted to Donal Brady.msg,EGLE to EGLE,Misc. Submittal Docs,"2/11/2020 12:00:00 AM",-1004089419836381226,WRD - NPDES,Application/Request,HNX-E8Q7-TQ4BF,Schedule - Biosolids Residuals Management Program (RMP) Submittal or Modification
"https://mienviro.michigan.gov/ncore/downloadpdf/6260115591376493978",EM-RMP Mod Applic submitted.msg,WWTP to EGLE,Misc. Submittal Docs,"2/11/2020 12:00:00 AM",6260115591376493978,WRD - NPDES,Application/Request,HNX-E8Q7-TQ4BF,Schedule - Biosolids Residuals Management Program (RMP) Submittal or Modification
"https://mienviro.michigan.gov/ncore/downloadpdf/8000300937872960374",FY20 RMP Mod Request Letter.doc,2020 RMP Amend.doc; nForm Document;,Form Submission Attachments,"2/11/2020 12:00:00 AM",8000300937872960374,WRD - NPDES,Application/Request,HNX-E8Q7-TQ4BF,Schedule - Biosolids Residuals Management Program (RMP) Submittal or Modification
"https://mienviro.michigan.gov/ncore/downloadpdf/4971276605776623665",DMR Daily - MI0020257 _01_01_2020_to_01_31_2020_V1.docx,DMR Daily Data for period 01/01/2020 - 01/31/2020_V1,Schedule - DMR Documents,"2/18/2020 12:00:00 AM",4971276605776623665,WRD - NPDES,Permit,MI0020257 v6.0,NPDES Individual Permit
"https://mienviro.michigan.gov/ncore/downloadpdf/7829297075121030860",DMR Summary - MI0020257 _01_01_2020_to_01_31_2020_V1.docx,DMR Summary Data for period 01/01/2020 - 01/31/2020_V1,Schedule - DMR Documents,"2/18/2020 12:00:00 AM",7829297075121030860,WRD - NPDES,Permit,MI0020257 v6.0,NPDES Individual Permit
"https://mienviro.michigan.gov/ncore/downloadpdf/-8244759568150087056",DMR Summary - MI0020257 _02_01_2020_to_02_29_2020_V1.docx,DMR Summary Data for period 02/01/2020 - 02/29/2020_V1,Schedule - DMR Documents,"3/10/2020 12:00:00 AM",-8244759568150087056,WRD - NPDES,Permit,MI0020257 v6.0,NPDES Individual Permit
"https://mienviro.michigan.gov/ncore/downloadpdf/-3086391385719853857",DMR Daily - MI0020257 _02_01_2020_to_02_29_2020_V1.docx,DMR Daily Data for period 02/01/2020 - 02/29/2020_V1,Schedule - DMR Documents,"3/10/2020 12:00:00 AM",-3086391385719853857,WRD - NPDES,Permit,MI0020257 v6.0,NPDES Individual Permit
"https://mienviro.michigan.gov/ncore/downloadpdf/-8585248556278470835",HNY-0A3C-HVRY7 V1.pdf v1,Submission PDF,Misc. Application and Request Docs,"3/24/2020 12:00:00 AM",-8585248556278470835,WRD - NPDES,Application/Request,HNY-0A3C-HVRY7,Schedule - Michigan Industrial Pretreatment Program (IPP) Annual Report
"https://mienviro.michigan.gov/ncore/downloadpdf/-4707268831554083833","[Untitled].pdf",nForm Document,Form Submission Attachments,"3/24/2020 12:00:00 AM",-4707268831554083833,WRD - NPDES,Application/Request,HNY-0A3C-HVRY7,Schedule - Michigan Industrial Pretreatment Program (IPP) Annual Report
"https://mienviro.michigan.gov/ncore/downloadpdf/1611229033523596445",POTW_Monitoring_Data_Summary 2019.xlsx,nForm Document,Form Submission Attachments,"3/24/2020 12:00:00 AM",1611229033523596445,WRD - NPDES,Application/Request,HNY-0A3C-HVRY7,Schedule - Michigan Industrial Pretreatment Program (IPP) Annual Report
"https://mienviro.michigan.gov/ncore/downloadpdf/4473589058410684374",POTW_Oversight_Table 2019.xlsx,nForm Document,Form Submission Attachments,"3/24/2020 12:00:00 AM",4473589058410684374,WRD - NPDES,Application/Request,HNY-0A3C-HVRY7,Schedule - Michigan Industrial Pretreatment Program (IPP) Annual Report
"https://mienviro.michigan.gov/ncore/downloadpdf/7404543692145492921",SIU-CIU_List.xlsx,nForm Document,Form Submission Attachments,"3/24/2020 12:00:00 AM",7404543692145492921,WRD - NPDES,Application/Request,HNY-0A3C-HVRY7,Schedule - Michigan Industrial Pretreatment Program (IPP) Annual Report
"https://mienviro.michigan.gov/ncore/downloadpdf/-9149089842875174068",FY19 Biosolids Lab data Sheet-June.pdf,came w/ em from WWTP,NPDES Submittal Docs,"3/30/2020 12:00:00 AM",-9149089842875174068,WRD - NPDES,Application/Request,HNX-E8Q7-TQ4BF,Schedule - Biosolids Residuals Management Program (RMP) Submittal or Modification
"https://mienviro.michigan.gov/ncore/downloadpdf/-8976390437726751257",3-19 Sludge Data.pdf,came w/ em from WWTP,NPDES Submittal Docs,"3/30/2020 12:00:00 AM",-8976390437726751257,WRD - NPDES,Application/Request,HNX-E8Q7-TQ4BF,Schedule - Biosolids Residuals Management Program (RMP) Submittal or Modification
"https://mienviro.michigan.gov/ncore/downloadpdf/-2865070882730237278",4-19 Sludge Data.pdf,came w/ em from WWTP,NPDES Submittal Docs,"3/30/2020 12:00:00 AM",-2865070882730237278,WRD - NPDES,Application/Request,HNX-E8Q7-TQ4BF,Schedule - Biosolids Residuals Management Program (RMP) Submittal or Modification
"https://mienviro.michigan.gov/ncore/downloadpdf/-2375101511519353358",TVS Sludge data with June 2019.xlsx,came w/ em from WWTP,NPDES Submittal Docs,"3/30/2020 12:00:00 AM",-2375101511519353358,WRD - NPDES,Application/Request,HNX-E8Q7-TQ4BF,Schedule - Biosolids Residuals Management Program (RMP) Submittal or Modification
"https://mienviro.michigan.gov/ncore/downloadpdf/-640586683954684380",EM-RMP Sludge Data - 38 percent vol sol reduc info.msg,from WWTP,NPDES Submittal Docs,"3/30/2020 12:00:00 AM",-640586683954684380,WRD - NPDES,Application/Request,HNX-E8Q7-TQ4BF,Schedule - Biosolids Residuals Management Program (RMP) Submittal or Modification
"https://mienviro.michigan.gov/ncore/downloadpdf/531947349630284964",EM-raw sludge data - excel spreadsheet - do you have.......msg,EGLE to WWTP,Misc. Submittal Docs,"4/1/2020 12:00:00 AM",531947349630284964,WRD - NPDES,Application/Request,HNX-E8Q7-TQ4BF,Schedule - Biosolids Residuals Management Program (RMP) Submittal or Modification
"https://mienviro.michigan.gov/ncore/downloadpdf/-2960176964360922578",EM-raw sludge data - excel spreadsheet - June 2019 attached.msg,from WWTP,Misc. Submittal Docs,"4/2/2020 12:00:00 AM",-2960176964360922578,WRD - NPDES,Application/Request,HNX-E8Q7-TQ4BF,Schedule - Biosolids Residuals Management Program (RMP) Submittal or Modification
"https://mienviro.michigan.gov/ncore/downloadpdf/-2306083742306536230",Map of WWTP-plus....pdf,EGLE info to help w/ RMP Mod review,Misc. Submittal Docs,"4/2/2020 12:00:00 AM",-2306083742306536230,WRD - NPDES,Application/Request,HNX-E8Q7-TQ4BF,Schedule - Biosolids Residuals Management Program (RMP) Submittal or Modification
"https://mienviro.michigan.gov/ncore/downloadpdf/6333816970892467646",TVS Sludge-Temp data Mar-Apr-June 2019.xlsx,came w/ em from WWTP,Misc. Submittal Docs,"4/2/2020 12:00:00 AM",6333816970892467646,WRD - NPDES,Application/Request,HNX-E8Q7-TQ4BF,Schedule - Biosolids Residuals Management Program (RMP) Submittal or Modification
"https://mienviro.michigan.gov/ncore/downloadpdf/7167064064318080607",TVS Sludge data with June 2019 - CS.xlsx,EGLE staff determining averages,Misc. Submittal Docs,"4/2/2020 12:00:00 AM",7167064064318080607,WRD - NPDES,Application/Request,HNX-E8Q7-TQ4BF,Schedule - Biosolids Residuals Management Program (RMP) Submittal or Modification
"https://mienviro.michigan.gov/ncore/downloadpdf/-8226255631460587730",TVS Sludge-Temp data for 2018 and 2019.xlsx,came w/ em from WWTP,NPDES Submittal Docs,"4/3/2020 12:00:00 AM",-8226255631460587730,WRD - NPDES,Application/Request,HNX-E8Q7-TQ4BF,Schedule - Biosolids Residuals Management Program (RMP) Submittal or Modification
"https://mienviro.michigan.gov/ncore/downloadpdf/-3898013246824429371",FY20 Biosolids Lab data sheet-Nov.pdf,came w/ em from WWTP,NPDES Submittal Docs,"4/3/2020 12:00:00 AM",-3898013246824429371,WRD - NPDES,Application/Request,HNX-E8Q7-TQ4BF,Schedule - Biosolids Residuals Management Program (RMP) Submittal or Modification
"https://mienviro.michigan.gov/ncore/downloadpdf/2380160427227463614",EM-Documentation to continue the RMP Mod Review - Received.msg,EGLE responds,Misc. Submittal Docs,"4/3/2020 12:00:00 AM",2380160427227463614,WRD - NPDES,Application/Request,HNX-E8Q7-TQ4BF,Schedule - Biosolids Residuals Management Program (RMP) Submittal or Modification
"https://mienviro.michigan.gov/ncore/downloadpdf/4306864775266012666",EM-Documentation needed to continue the RMP Mod Review.msg,EGLE to WWTP,Misc. Submittal Docs,"4/3/2020 12:00:00 AM",4306864775266012666,WRD - NPDES,Application/Request,HNX-E8Q7-TQ4BF,Schedule - Biosolids Residuals Management Program (RMP) Submittal or Modification
"https://mienviro.michigan.gov/ncore/downloadpdf/7466681245637844361",FY20 Pathogen results-Fall.pdf,came w/ em from WWTP,NPDES Submittal Docs,"4/3/2020 12:00:00 AM",7466681245637844361,WRD - NPDES,Application/Request,HNX-E8Q7-TQ4BF,Schedule - Biosolids Residuals Management Program (RMP) Submittal or Modification
"https://mienviro.michigan.gov/ncore/downloadpdf/7830709612651859340",EM-Documentation to continue the RMP Mod Review.msg,from WWTP,NPDES Submittal Docs,"4/3/2020 12:00:00 AM",7830709612651859340,WRD - NPDES,Application/Request,HNX-E8Q7-TQ4BF,Schedule - Biosolids Residuals Management Program (RMP) Submittal or Modification
"https://mienviro.michigan.gov/ncore/downloadpdf/9121627631978315512",TVS 38 percent Reduction Formula-Example.xls,came w/ em from WWTP,NPDES Submittal Docs,"4/3/2020 12:00:00 AM",9121627631978315512,WRD - NPDES,Application/Request,HNX-E8Q7-TQ4BF,Schedule - Biosolids Residuals Management Program (RMP) Submittal or Modification
"https://mienviro.michigan.gov/ncore/downloadpdf/-5300288323518781339",FY19 Fecal Only result-Spring Pathogen retest.pdf,EGLE info from Cadillac's past biosolids annual reports to help with RMP mod review,Misc. Submittal Docs,"4/7/2020 12:00:00 AM",-5300288323518781339,WRD - NPDES,Application/Request,HNX-E8Q7-TQ4BF,Schedule - Biosolids Residuals Management Program (RMP) Submittal or Modification
"https://mienviro.michigan.gov/ncore/downloadpdf/-3616924148492431618",FY19 Pathogen Results-Spring.pdf,EGLE info from Cadillac's past biosolids annual reports to help with RMP mod review,Misc. Submittal Docs,"4/7/2020 12:00:00 AM",-3616924148492431618,WRD - NPDES,Application/Request,HNX-E8Q7-TQ4BF,Schedule - Biosolids Residuals Management Program (RMP) Submittal or Modification
"https://mienviro.michigan.gov/ncore/downloadpdf/-2402552479564888584",FY18 Biosolids Lab Data sheet-May.pdf,EGLE info from Cadillac's past biosolids annual reports to help with RMP mod review,Misc. Submittal Docs,"4/7/2020 12:00:00 AM",-2402552479564888584,WRD - NPDES,Application/Request,HNX-E8Q7-TQ4BF,Schedule - Biosolids Residuals Management Program (RMP) Submittal or Modification
"https://mienviro.michigan.gov/ncore/downloadpdf/2840525739333211318",FY19 Pathogen results-Fall.pdf,EGLE info from Cadillac's past biosolids annual reports to help with RMP mod review,Misc. Submittal Docs,"4/7/2020 12:00:00 AM",2840525739333211318,WRD - NPDES,Application/Request,HNX-E8Q7-TQ4BF,Schedule - Biosolids Residuals Management Program (RMP) Submittal or Modification
"https://mienviro.michigan.gov/ncore/downloadpdf/6934318977461350840",FY19 Biosolids Lab Data sheet-Oct.pdf,EGLE info from Cadillac's past biosolids annual reports to help with RMP mod review,Misc. Submittal Docs,"4/7/2020 12:00:00 AM",6934318977461350840,WRD - NPDES,Application/Request,HNX-E8Q7-TQ4BF,Schedule - Biosolids Residuals Management Program (RMP) Submittal or Modification
"https://mienviro.michigan.gov/ncore/downloadpdf/8916420307035958490",FY18 Pathogen Results-Spring.pdf,EGLE info from Cadillac's past biosolids annual reports to help with RMP mod review,Misc. Submittal Docs,"4/7/2020 12:00:00 AM",8916420307035958490,WRD - NPDES,Application/Request,HNX-E8Q7-TQ4BF,Schedule - Biosolids Residuals Management Program (RMP) Submittal or Modification
"https://mienviro.michigan.gov/ncore/downloadpdf/-3131571223960417678",TVS Sludge-Temp data for 2018 and 2019 - CS.xlsx,EGLE staff determining 38% TVS,Misc. Submittal Docs,"4/8/2020 12:00:00 AM",-3131571223960417678,WRD - NPDES,Application/Request,HNX-E8Q7-TQ4BF,Schedule - Biosolids Residuals Management Program (RMP) Submittal or Modification
"https://mienviro.michigan.gov/ncore/downloadpdf/-8688763702920279353",DMR Daily - MI0020257 _03_01_2020_to_03_31_2020_V1.docx,DMR Daily Data for period 03/01/2020 - 03/31/2020_V1,Schedule - DMR Documents,"4/14/2020 12:00:00 AM",-8688763702920279353,WRD - NPDES,Permit,MI0020257 v6.0,NPDES Individual Permit
"https://mienviro.michigan.gov/ncore/downloadpdf/904120559304729915",DMR Summary - MI0020257 _03_01_2020_to_03_31_2020_V1.docx,DMR Summary Data for period 03/01/2020 - 03/31/2020_V1,Schedule - DMR Documents,"4/14/2020 12:00:00 AM",904120559304729915,WRD - NPDES,Permit,MI0020257 v6.0,NPDES Individual Permit
"https://mienviro.michigan.gov/ncore/downloadpdf/-6039639665655559987",EM-FY20 RMP Mod Approval Letter.msg,RMP Mod Approval Letter FY20 Email Correspondence,Misc. Submittal Docs,"4/29/2020 12:00:00 AM",-6039639665655559987,WRD - NPDES,Application/Request,HNX-E8Q7-TQ4BF,Schedule - Biosolids Residuals Management Program (RMP) Submittal or Modification
"https://mienviro.michigan.gov/ncore/downloadpdf/-3205026037225796189",FY20 RMP Mod Approval Letter.pdf,RMP Mod Approval Letter FY20,Misc. Submittal Docs,"4/29/2020 12:00:00 AM",-3205026037225796189,WRD - NPDES,Application/Request,HNX-E8Q7-TQ4BF,Schedule - Biosolids Residuals Management Program (RMP) Submittal or Modification
"https://mienviro.michigan.gov/ncore/downloadpdf/714725476643353392",DMR Summary - MI0020257 _04_01_2020_to_04_30_2020_V1.docx,DMR Summary Data for period 04/01/2020 - 04/30/2020_V1,Schedule - DMR Documents,"5/14/2020 12:00:00 AM",714725476643353392,WRD - NPDES,Permit,MI0020257 v6.0,NPDES Individual Permit
"https://mienviro.michigan.gov/ncore/downloadpdf/5359287556564624361",DMR Daily - MI0020257 _04_01_2020_to_04_30_2020_V1.docx,DMR Daily Data for period 04/01/2020 - 04/30/2020_V1,Schedule - DMR Documents,"5/14/2020 12:00:00 AM",5359287556564624361,WRD - NPDES,Permit,MI0020257 v6.0,NPDES Individual Permit
"https://mienviro.michigan.gov/ncore/downloadpdf/-8346867488967724727",DMR Summary - MI0020257 _05_01_2020_to_05_31_2020_V1.docx,DMR Summary Data for period 05/01/2020 - 05/31/2020_V1,Schedule - DMR Documents,"6/12/2020 12:00:00 AM",-8346867488967724727,WRD - NPDES,Permit,MI0020257 v6.0,NPDES Individual Permit
"https://mienviro.michigan.gov/ncore/downloadpdf/-2734719407847125814",DMR Daily - MI0020257 _05_01_2020_to_05_31_2020_V1.docx,DMR Daily Data for period 05/01/2020 - 05/31/2020_V1,Schedule - DMR Documents,"6/12/2020 12:00:00 AM",-2734719407847125814,WRD - NPDES,Permit,MI0020257 v6.0,NPDES Individual Permit
"https://mienviro.michigan.gov/ncore/downloadpdf/1126698237618620725",DMR Daily - MI0020257 _06_01_2020_to_06_30_2020_V1.docx,DMR Daily Data for period 06/01/2020 - 06/30/2020_V1,Schedule - DMR Documents,"7/15/2020 12:00:00 AM",1126698237618620725,WRD - NPDES,Permit,MI0020257 v6.0,NPDES Individual Permit
"https://mienviro.michigan.gov/ncore/downloadpdf/8474571005477585786",DMR Summary - MI0020257 _06_01_2020_to_06_30_2020_V1.docx,DMR Summary Data for period 06/01/2020 - 06/30/2020_V1,Schedule - DMR Documents,"7/15/2020 12:00:00 AM",8474571005477585786,WRD - NPDES,Permit,MI0020257 v6.0,NPDES Individual Permit
"https://mienviro.michigan.gov/ncore/downloadpdf/-621303826784066175",UPDATED Cadillac Waste Water AMP - NPDES permit report document 2020.docx,Submital Attachments,Form Submission Attachments,"7/31/2020 12:00:00 AM",-621303826784066175,WRD - NPDES,Application/Request,HP1-NF8B-MDEG6,Schedule - Asset Management Annual Report
"https://mienviro.michigan.gov/ncore/downloadpdf/7621784426946083240",HP1-NF8B-MDEG6 V1.pdf v1,Submission PDF,Misc. Application and Request Docs,"7/31/2020 12:00:00 AM",7621784426946083240,WRD - NPDES,Application/Request,HP1-NF8B-MDEG6,Schedule - Asset Management Annual Report
"https://mienviro.michigan.gov/ncore/downloadpdf/-603957263521988219",DMR Daily - MI0020257 _07_01_2020_to_07_31_2020_V1.docx,DMR Daily Data for period 07/01/2020 - 07/31/2020_V1,Schedule - DMR Documents,"8/13/2020 12:00:00 AM",-603957263521988219,WRD - NPDES,Permit,MI0020257 v6.0,NPDES Individual Permit
"https://mienviro.michigan.gov/ncore/downloadpdf/1261659723395150130",DMR Summary - MI0020257 _07_01_2020_to_07_31_2020_V1.docx,DMR Summary Data for period 07/01/2020 - 07/31/2020_V1,Schedule - DMR Documents,"8/13/2020 12:00:00 AM",1261659723395150130,WRD - NPDES,Permit,MI0020257 v6.0,NPDES Individual Permit
"https://mienviro.michigan.gov/ncore/downloadpdf/-7894316523983511702",DMR Summary - MI0020257 _08_01_2020_to_08_31_2020_V1.docx,DMR Summary Data for period 08/01/2020 - 08/31/2020_V1,Schedule - DMR Documents,"9/11/2020 12:00:00 AM",-7894316523983511702,WRD - NPDES,Permit,MI0020257 v6.0,NPDES Individual Permit
"https://mienviro.michigan.gov/ncore/downloadpdf/7319678251053000664",DMR Daily - MI0020257 _08_01_2020_to_08_31_2020_V1.docx,DMR Daily Data for period 08/01/2020 - 08/31/2020_V1,Schedule - DMR Documents,"9/11/2020 12:00:00 AM",7319678251053000664,WRD - NPDES,Permit,MI0020257 v6.0,NPDES Individual Permit
"https://mienviro.michigan.gov/ncore/downloadpdf/-2594967681375761019",Cadillac WWTP 4th PFAS IPP Mailing.pdf,,Industrial Pretreatment Program (IPP),"10/7/2020 12:00:00 AM",-2594967681375761019,n/a,Site,15637,Site
"https://mienviro.michigan.gov/ncore/downloadpdf/-2495816032889701004",DMR Summary - MI0020257 _09_01_2020_to_09_30_2020_V1.docx,DMR Summary Data for period 09/01/2020 - 09/30/2020_V1,Schedule - DMR Documents,"10/16/2020 12:00:00 AM",-2495816032889701004,WRD - NPDES,Permit,MI0020257 v6.0,NPDES Individual Permit
"https://mienviro.michigan.gov/ncore/downloadpdf/6120318385795256851",DMR Daily - MI0020257 _09_01_2020_to_09_30_2020_V1.docx,DMR Daily Data for period 09/01/2020 - 09/30/2020_V1,Schedule - DMR Documents,"10/16/2020 12:00:00 AM",6120318385795256851,WRD - NPDES,Permit,MI0020257 v6.0,NPDES Individual Permit
"https://mienviro.michigan.gov/ncore/downloadpdf/4001861427588441034",2020-10-22 VN-011108 Cadillac WWTP.pdf,,Industrial Pretreatment Program (IPP),"10/22/2020 12:00:00 AM",4001861427588441034,WRD - NPDES,Compliance Action,VN-011108,Violation Notice
"https://mienviro.michigan.gov/ncore/downloadpdf/-7995792267920570600",FY20 Digestor Sludge Temps-Fall 2019.pdf,Vector attraction reduction documentation; Fall 19 Sludge Temps.pdf; Sept. thru Nov. 2019-Digestor sludge temps;,Form Submission Attachments,"10/30/2020 12:00:00 AM",-7995792267920570600,WRD - NPDES,Application/Request,HP3-HWDR-V8Y73,Schedule - Biosolids Annual Report
"https://mienviro.michigan.gov/ncore/downloadpdf/-7181669812693631837",FY20 Land Appl Site Listing-Dry Tonnage Info.pdf,Raw Data Worksheet.pdf; 8 sites used; DT Info and LA dates;,Form Submission Attachments,"10/30/2020 12:00:00 AM",-7181669812693631837,WRD - NPDES,Application/Request,HP3-HWDR-V8Y73,Schedule - Biosolids Annual Report
"https://mienviro.michigan.gov/ncore/downloadpdf/-6228740327260048235",FY20 Applier Certification- VAR.pdf,Vector attraction reduction documentation; Vector Attraction Reduction.pdf;,Form Submission Attachments,"10/30/2020 12:00:00 AM",-6228740327260048235,WRD - NPDES,Application/Request,HP3-HWDR-V8Y73,Schedule - Biosolids Annual Report
"https://mienviro.michigan.gov/ncore/downloadpdf/-3595321980453110117",FY20 Applier Certification-Management Practices.pdf,Management Practice Certification; Management Practices.pdf;,Form Submission Attachments,"10/30/2020 12:00:00 AM",-3595321980453110117,WRD - NPDES,Application/Request,HP3-HWDR-V8Y73,Schedule - Biosolids Annual Report
"https://mienviro.michigan.gov/ncore/downloadpdf/-3373663795635721601",HP3-HWDR-V8Y73 V1.pdf v1,FY20 Biosolids Annual Report,Misc. Application and Request Docs,"10/30/2020 12:00:00 AM",-3373663795635721601,WRD - NPDES,Application/Request,HP3-HWDR-V8Y73,Schedule - Biosolids Annual Report
"https://mienviro.michigan.gov/ncore/downloadpdf/-3061208309596263741",FY20 Digestor Sludge Temps-Spring 2020.pdf,"Spring 20 Sludge Temps.pdf; Spring Sludge temps, includes:  Mar. - May 2020;",Form Submission Attachments,"10/30/2020 12:00:00 AM",-3061208309596263741,WRD - NPDES,Application/Request,HP3-HWDR-V8Y73,Schedule - Biosolids Annual Report
"https://mienviro.michigan.gov/ncore/downloadpdf/-2356150972183489066",FY20 Pathogen Results-Mar 2020.pdf,Upload Actual Analytical Laboratory Data; HML Results.pdf; collected March 2020;,Form Submission Attachments,"10/30/2020 12:00:00 AM",-2356150972183489066,WRD - NPDES,Application/Request,HP3-HWDR-V8Y73,Schedule - Biosolids Annual Report
"https://mienviro.michigan.gov/ncore/downloadpdf/-1878291943815829193",FY20 Metals-Nutrient-VOC Results-March 2020.pdf,"Spring 2020 Pace.pdf; collected Mar. 30, 2020;",Form Submission Attachments,"10/30/2020 12:00:00 AM",-1878291943815829193,WRD - NPDES,Application/Request,HP3-HWDR-V8Y73,Schedule - Biosolids Annual Report
"https://mienviro.michigan.gov/ncore/downloadpdf/-1820768598297398743",FY20 Metals-Nutrient Results-Sept 2019.pdf,Upload Actual Analytical Laboratory Data; Pace Lab Fall Biosolids 2019.pdf;,Form Submission Attachments,"10/30/2020 12:00:00 AM",-1820768598297398743,WRD - NPDES,Application/Request,HP3-HWDR-V8Y73,Schedule - Biosolids Annual Report
"https://mienviro.michigan.gov/ncore/downloadpdf/-1465774990016543863",FY20 Land Appl Sites Listed-Info.pdf,"Site ID Info.pdf; 7 sites total, DTs, acreage used, applic. rates, total DTs",Form Submission Attachments,"10/30/2020 12:00:00 AM",-1465774990016543863,WRD - NPDES,Application/Request,HP3-HWDR-V8Y73,Schedule - Biosolids Annual Report
"https://mienviro.michigan.gov/ncore/downloadpdf/-1421922713361138980",FY20 Lab Log-Solids and DTs-Spring 2020.pdf,Upload Actual Analytical Laboratory Data; Spring 20 Lab Data.pdf; Solids/TVS/DTs;,Form Submission Attachments,"10/30/2020 12:00:00 AM",-1421922713361138980,WRD - NPDES,Application/Request,HP3-HWDR-V8Y73,Schedule - Biosolids Annual Report
"https://mienviro.michigan.gov/ncore/downloadpdf/3940615118159600923",FY20 Lab Log-Solids and DTs-Fall 2019.pdf,Upload Actual Analytical Laboratory Data; Fall 19 Lab Data.pdf;,Form Submission Attachments,"10/30/2020 12:00:00 AM",3940615118159600923,WRD - NPDES,Application/Request,HP3-HWDR-V8Y73,Schedule - Biosolids Annual Report
"https://mienviro.michigan.gov/ncore/downloadpdf/4435118231646965674",FY20 Applier Certification-Class B Pathogen Reduction and Site Restrictions.pdf,Pathogen reduction documentation; Class B Pathogen Reduction and Site Res..pdf;,Form Submission Attachments,"10/30/2020 12:00:00 AM",4435118231646965674,WRD - NPDES,Application/Request,HP3-HWDR-V8Y73,Schedule - Biosolids Annual Report
"https://mienviro.michigan.gov/ncore/downloadpdf/5077630968363806354",DMR Summary - MI0020257 _10_01_2019_to_09_30_2020_V1.docx,DMR Summary Data for period 10/01/2019 - 09/30/2020_V1,Schedule - DMR Documents,"10/30/2020 12:00:00 AM",5077630968363806354,WRD - NPDES,Permit,MI0020257 v6.0,NPDES Individual Permit
"https://mienviro.michigan.gov/ncore/downloadpdf/6182514467428443791",FY20 Pathogen Results-Sept 2019.pdf,Upload Actual Analytical Laboratory Data; HML Fall 2019 Biosolids.pdf; collected Sept. 2019;,Form Submission Attachments,"10/30/2020 12:00:00 AM",6182514467428443791,WRD - NPDES,Application/Request,HP3-HWDR-V8Y73,Schedule - Biosolids Annual Report
"https://mienviro.michigan.gov/ncore/downloadpdf/6438358885807165188",FY20 Metals Worksheets.pdf,Upload Actual Analytical Laboratory Data; Metals Worksheets.pdf; Calculations for Ag Rates;,Form Submission Attachments,"10/30/2020 12:00:00 AM",6438358885807165188,WRD - NPDES,Application/Request,HP3-HWDR-V8Y73,Schedule - Biosolids Annual Report
"https://mienviro.michigan.gov/ncore/downloadpdf/7364327176372798168",FY20 TVS Reduction Log-Nov 2019 and May 2020.xlsx,TVS & 38% Reduction.xlsx; Data for Fall 2019 (Nov.) and Spring 2020 (May) hauling months;,Form Submission Attachments,"10/30/2020 12:00:00 AM",7364327176372798168,WRD - NPDES,Application/Request,HP3-HWDR-V8Y73,Schedule - Biosolids Annual Report
"https://mienviro.michigan.gov/ncore/downloadpdf/-4968018007594740390",DMR Summary - MI0020257 _10_01_2020_to_10_31_2020_V1.docx,DMR Summary Data for period 10/01/2020 - 10/31/2020_V1,Schedule - DMR Documents,"11/19/2020 12:00:00 AM",-4968018007594740390,WRD - NPDES,Permit,MI0020257 v6.0,NPDES Individual Permit
"https://mienviro.michigan.gov/ncore/downloadpdf/-2325435557703822824",DMR Daily - MI0020257 _10_01_2020_to_10_31_2020_V1.docx,DMR Daily Data for period 10/01/2020 - 10/31/2020_V1,Schedule - DMR Documents,"11/19/2020 12:00:00 AM",-2325435557703822824,WRD - NPDES,Permit,MI0020257 v6.0,NPDES Individual Permit
"https://mienviro.michigan.gov/ncore/downloadpdf/4946311325009739480",2020-11-25 RE_ EGLE WRD VN-011108 Cadillac WWTP.msg,Request for extension on response due date.,Industrial Pretreatment Program (IPP),"11/25/2020 12:00:00 AM",4946311325009739480,WRD - NPDES,Compliance Action,VN-011108,Violation Notice
"https://mienviro.michigan.gov/ncore/downloadpdf/-271713624464570818",DMR Daily - MI0020257 _11_01_2020_to_11_30_2020_V1.docx,DMR Daily Data for period 11/01/2020 - 11/30/2020_V1,Schedule - DMR Documents,"12/9/2020 12:00:00 AM",-271713624464570818,WRD - NPDES,Permit,MI0020257 v6.0,NPDES Individual Permit
"https://mienviro.michigan.gov/ncore/downloadpdf/8229030749320318482",DMR Summary - MI0020257 _11_01_2020_to_11_30_2020_V1.docx,DMR Summary Data for period 11/01/2020 - 11/30/2020_V1,Schedule - DMR Documents,"12/9/2020 12:00:00 AM",8229030749320318482,WRD - NPDES,Permit,MI0020257 v6.0,NPDES Individual Permit
"https://mienviro.michigan.gov/ncore/downloadpdf/-4510826923768930961",DEQ Letter Violation Notice - Claire Lowe - 12152020.doc,Submital Attachments,Form Submission Attachments,"12/15/2020 12:00:00 AM",-4510826923768930961,WRD - NPDES,Application/Request,HP5-16EW-CW2T4,Schedule - Submit response to required actions
"https://mienviro.michigan.gov/ncore/downloadpdf/3516646527834417673",AAR RT categorical permit (002).docx,Submital Attachments,Form Submission Attachments,"12/15/2020 12:00:00 AM",3516646527834417673,WRD - NPDES,Application/Request,HP5-16GH-VNKPV,Schedule - Submit revised draft CIU permit
"https://mienviro.michigan.gov/ncore/downloadpdf/5299583232266631464",HP5-16GH-VNKPV V1.pdf v1,Submission PDF,Misc. Application and Request Docs,"12/15/2020 12:00:00 AM",5299583232266631464,WRD - NPDES,Application/Request,HP5-16GH-VNKPV,Schedule - Submit revised draft CIU permit
"https://mienviro.michigan.gov/ncore/downloadpdf/9199088666007251058",HP5-16EW-CW2T4 V1.pdf v1,Submission PDF,Misc. Application and Request Docs,"12/15/2020 12:00:00 AM",9199088666007251058,WRD - NPDES,Application/Request,HP5-16EW-CW2T4,Schedule - Submit response to required actions
"https://mienviro.michigan.gov/ncore/downloadpdf/-8187359153766679796",DMR Summary - MI0020257 _12_01_2020_to_12_31_2020_V1.docx,DMR Summary Data for period 12/01/2020 - 12/31/2020_V1,Schedule - DMR Documents,"1/14/2021 12:00:00 AM",-8187359153766679796,WRD - NPDES,Permit,MI0020257 v6.0,NPDES Individual Permit
"https://mienviro.michigan.gov/ncore/downloadpdf/-5216939555966009161",DMR Daily - MI0020257 _12_01_2020_to_12_31_2020_V1.docx,DMR Daily Data for period 12/01/2020 - 12/31/2020_V1,Schedule - DMR Documents,"1/14/2021 12:00:00 AM",-5216939555966009161,WRD - NPDES,Permit,MI0020257 v6.0,NPDES Individual Permit
"https://mienviro.michigan.gov/ncore/downloadpdf/6237514284723177011",EM-FY19 Biosolids LA info - problems.msg,EGLE to WWTP Oper.,Misc. Submittal Docs,"1/14/2021 12:00:00 AM",6237514284723177011,WRD - NPDES,Application/Request,HNT-5SPH-XVKKZ,Schedule - Biosolids Annual Report
"https://mienviro.michigan.gov/ncore/downloadpdf/-9182293101992928732",Example-CPLR Site Notification Ltr - RH01.pdf,went along with EGLE email to WWTP Oper.,Misc Site Docs,"1/25/2021 12:00:00 AM",-9182293101992928732,n/a,Site,15637,Site
"https://mienviro.michigan.gov/ncore/downloadpdf/-2377671664964831691",Example-CPLR Notification Letter-06S06W04-SF01.docx,went along with EGLE email to WWTP Oper.,Misc Site Docs,"1/25/2021 12:00:00 AM",-2377671664964831691,n/a,Site,15637,Site
"https://mienviro.michigan.gov/ncore/downloadpdf/-1540861456886629140",Example-CPLR Notification Letter-06S06W04-SF01.docx,went w/ email from EGLE to WWTP Oper.,Misc. Submittal Docs,"1/25/2021 12:00:00 AM",-1540861456886629140,WRD - NPDES,Application/Request,HNT-5SPH-XVKKZ,Schedule - Biosolids Annual Report
"https://mienviro.michigan.gov/ncore/downloadpdf/3067968206844043988",Example-CPLR site - exceeds Copper.pdf,went along with EGLE email to WWTP Oper.,Misc Site Docs,"1/25/2021 12:00:00 AM",3067968206844043988,n/a,Site,15637,Site
"https://mienviro.michigan.gov/ncore/downloadpdf/4873548006900359851",EM-CPLR Notification examples.msg,EGLE to WWTP Oper.,Misc. Submittal Docs,"1/25/2021 12:00:00 AM",4873548006900359851,WRD - NPDES,Application/Request,HNT-5SPH-XVKKZ,Schedule - Biosolids Annual Report
"https://mienviro.michigan.gov/ncore/downloadpdf/5764293174176539684",Example-CPLR Site Notification Ltr - RH01.pdf,went w/ email from EGLE to WWTP Oper.,Misc. Submittal Docs,"1/25/2021 12:00:00 AM",5764293174176539684,WRD - NPDES,Application/Request,HNT-5SPH-XVKKZ,Schedule - Biosolids Annual Report
"https://mienviro.michigan.gov/ncore/downloadpdf/7655166816613235567",EM-CPLR Notification examples.msg,EGLE email to WWTP Oper.,Misc Site Docs,"1/25/2021 12:00:00 AM",7655166816613235567,n/a,Site,15637,Site
"https://mienviro.michigan.gov/ncore/downloadpdf/9176220962172897471",Example-CPLR site - exceeds Copper.pdf,went w/ email from EGLE to WWTP Oper.,Misc. Submittal Docs,"1/25/2021 12:00:00 AM",9176220962172897471,WRD - NPDES,Application/Request,HNT-5SPH-XVKKZ,Schedule - Biosolids Annual Report
"https://mienviro.michigan.gov/ncore/downloadpdf/555555133104521288",EM-Cadillac WWTP-FY19 CPLR Arsenic Exceeded Notification.msg,from WWTP Oper.,NPDES Biosolids Site Docs,"1/28/2021 12:00:00 AM",555555133104521288,n/a,Site,15637,Site
"https://mienviro.michigan.gov/ncore/downloadpdf/697514453136914568",EM-Cadillac WWTP-FY19 CPLR Arsenic Exceeded Notification - Received.msg,EGLE responds,NPDES Biosolids Site Docs,"1/28/2021 12:00:00 AM",697514453136914568,n/a,Site,15637,Site
"https://mienviro.michigan.gov/ncore/downloadpdf/1630500943979458367",HNT-5SPH-XVKKZ V2.pdf v2,Submission PDF,Misc. Application and Request Docs,"1/28/2021 12:00:00 AM",1630500943979458367,WRD - NPDES,Application/Request,HNT-5SPH-XVKKZ,Schedule - Biosolids Annual Report
"https://mienviro.michigan.gov/ncore/downloadpdf/3155049770956466046",Class B Pathogen Reduction and Site Res..pdf,nForm Document,Form Submission Attachments,"1/28/2021 12:00:00 AM",3155049770956466046,WRD - NPDES,Application/Request,HNT-5SPH-XVKKZ,Schedule - Biosolids Annual Report
"https://mienviro.michigan.gov/ncore/downloadpdf/8791805065657436320",Cadillac WWTP-FY19 CPLR Arsenic Exceeded Notification.pdf,came w/ email from WWTP Oper.,NPDES Biosolids Site Docs,"1/28/2021 12:00:00 AM",8791805065657436320,n/a,Site,15637,Site
"https://mienviro.michigan.gov/ncore/downloadpdf/2774047219998886498",MI0020257_2021-01-01_to_2021-01-31_1_DMR.pdf,,Schedule - DMR Documents,"2/19/2021 12:00:00 AM",2774047219998886498,WRD - NPDES,Permit,MI0020257 v6.0,Schedule - DMR
"https://mienviro.michigan.gov/ncore/downloadpdf/-8362253429290520676",MI0020257_2021-02-01_to_2021-02-28_1_DMR.pdf,,Schedule - DMR Documents,"3/16/2021 12:00:00 AM",-8362253429290520676,WRD - NPDES,Permit,MI0020257 v6.0,Schedule - DMR
"https://mienviro.michigan.gov/ncore/downloadpdf/-5015938620228106531",HP6-YDST-46BJ3 V1.pdf v1,Submission PDF,Misc. Application and Request Docs,"3/26/2021 12:00:00 AM",-5015938620228106531,WRD - NPDES,Application/Request,HP6-YDST-46BJ3,Schedule - Michigan Industrial Pretreatment Program (IPP) Annual Report
"https://mienviro.michigan.gov/ncore/downloadpdf/-4393377774059515002",Affidavit of Publication.pdf,nForm Document,Form Submission Attachments,"3/26/2021 12:00:00 AM",-4393377774059515002,WRD - NPDES,Application/Request,HP6-YDST-46BJ3,Schedule - Michigan Industrial Pretreatment Program (IPP) Annual Report
"https://mienviro.michigan.gov/ncore/downloadpdf/-3019964684910016392",POTW_Oversight_Table.xlsx,nForm Document,Form Submission Attachments,"3/26/2021 12:00:00 AM",-3019964684910016392,WRD - NPDES,Application/Request,HP6-YDST-46BJ3,Schedule - Michigan Industrial Pretreatment Program (IPP) Annual Report
"https://mienviro.michigan.gov/ncore/downloadpdf/-1138678306013829471",POTW_Monitoring_Data_Summary 2020.xlsx,nForm Document,Form Submission Attachments,"3/26/2021 12:00:00 AM",-1138678306013829471,WRD - NPDES,Application/Request,HP6-YDST-46BJ3,Schedule - Michigan Industrial Pretreatment Program (IPP) Annual Report
"https://mienviro.michigan.gov/ncore/downloadpdf/3302861723882328898",SIU-CIU_List.xlsx,nForm Document,Form Submission Attachments,"3/26/2021 12:00:00 AM",3302861723882328898,WRD - NPDES,Application/Request,HP6-YDST-46BJ3,Schedule - Michigan Industrial Pretreatment Program (IPP) Annual Report
"https://mienviro.michigan.gov/ncore/downloadpdf/-5185417842054396477",MI0020257_2021-03-01_to_2021-03-31_1_DMR.pdf,,Schedule - DMR Documents,"4/13/2021 12:00:00 AM",-5185417842054396477,WRD - NPDES,Permit,MI0020257 v6.0,Schedule - DMR
"https://mienviro.michigan.gov/ncore/downloadpdf/-2092231590657635414",Cadillac WWTP - RMP PFAS Modification 4-5-2021.pdf,Cadillac WWTP - RMP PFAS Modification 4-5-2021.pdf,Misc Site Docs,"4/16/2021 12:00:00 AM",-2092231590657635414,n/a,Site,15637,Site
"https://mienviro.michigan.gov/ncore/downloadpdf/-87438577420274852",Notification of WRDs approach to PFAS in Biosolids – an Interim Strategy.msg,Notification of WRDs approach to PFAS in Biosolids – an Interim Strategy.msg,Misc Site Docs,"4/16/2021 12:00:00 AM",-87438577420274852,n/a,Site,15637,Site
"https://mienviro.michigan.gov/ncore/downloadpdf/2119075287875955002",MI0020257_2021-04-01_to_2021-04-30_1_DMR.pdf,,Schedule - DMR Documents,"5/17/2021 12:00:00 AM",2119075287875955002,WRD - NPDES,Permit,MI0020257 v6.0,Schedule - DMR
"https://mienviro.michigan.gov/ncore/downloadpdf/-1290401862186501671",MI0020257_2021-05-01_to_2021-05-31_1_DMR.pdf,,Schedule - DMR Documents,"6/16/2021 12:00:00 AM",-1290401862186501671,WRD - NPDES,Permit,MI0020257 v6.0,Schedule - DMR
"https://mienviro.michigan.gov/ncore/downloadpdf/-6400240489053772159",MI0020257_2021-06-01_to_2021-06-30_1_DMR.pdf,,Schedule - DMR Documents,"7/20/2021 12:00:00 AM",-6400240489053772159,WRD - NPDES,Permit,MI0020257 v6.0,Schedule - DMR
"https://mienviro.michigan.gov/ncore/downloadpdf/-2335519049487257658",MI0020257_2021-07-01_to_2021-07-31_1_DMR.pdf,,Schedule - DMR Documents,"8/18/2021 12:00:00 AM",-2335519049487257658,WRD - NPDES,Permit,MI0020257 v6.0,Schedule - DMR
"https://mienviro.michigan.gov/ncore/downloadpdf/6056844495337694689",IPP Profile (word).docx,,Industrial Pretreatment Program (IPP) Evaluations,"8/18/2021 12:00:00 AM",6056844495337694689,WRD - NPDES,Evaluation,E-3H7H-JCYN-ZXB,Pretreatment Compliance Inspection (08/18/2021)
"https://mienviro.michigan.gov/ncore/downloadpdf/-1828046107349546245",21.08.31.Eff.AddlMonit.ParagonRepeat.pdf,nForm Document,Form Submission Attachments,"9/9/2021 12:00:00 AM",-1828046107349546245,WRD - NPDES,Application/Request,HPB-KP8T-GKSNS,Schedule - Certification of Completion of Additional Monitoring Requirements
"https://mienviro.michigan.gov/ncore/downloadpdf/138676979288106194",21.08.31.Eff.AddlMonit.MeritConfirm.pdf,nForm Document,Form Submission Attachments,"9/9/2021 12:00:00 AM",138676979288106194,WRD - NPDES,Application/Request,HPB-KP8T-GKSNS,Schedule - Certification of Completion of Additional Monitoring Requirements
"https://mienviro.michigan.gov/ncore/downloadpdf/1450974773328511929",21.08.Eff.AddlMonit.ERM.pdf,nForm Document,Form Submission Attachments,"9/9/2021 12:00:00 AM",1450974773328511929,WRD - NPDES,Application/Request,HPB-KP8T-GKSNS,Schedule - Certification of Completion of Additional Monitoring Requirements
"https://mienviro.michigan.gov/ncore/downloadpdf/2434142290908894935",21.08.16.Eff.AddlMonit.Paragon.pdf,nForm Document,Form Submission Attachments,"9/9/2021 12:00:00 AM",2434142290908894935,WRD - NPDES,Application/Request,HPB-KP8T-GKSNS,Schedule - Certification of Completion of Additional Monitoring Requirements
"https://mienviro.michigan.gov/ncore/downloadpdf/6574033254126510035",21.08.Eff.AddlMonit.Fibertec.pdf,nForm Document,Form Submission Attachments,"9/9/2021 12:00:00 AM",6574033254126510035,WRD - NPDES,Application/Request,HPB-KP8T-GKSNS,Schedule - Certification of Completion of Additional Monitoring Requirements
"https://mienviro.michigan.gov/ncore/downloadpdf/8103832926959524260",HPB-KP8T-GKSNS V1.pdf v1,Submission PDF,Misc. Application and Request Docs,"9/9/2021 12:00:00 AM",8103832926959524260,WRD - NPDES,Application/Request,HPB-KP8T-GKSNS,Schedule - Certification of Completion of Additional Monitoring Requirements
"https://mienviro.michigan.gov/ncore/downloadpdf/9125400453898556841",21.08.16.Eff.AddlMonit.ParagonRepeat.pdf,nForm Document,Form Submission Attachments,"9/9/2021 12:00:00 AM",9125400453898556841,WRD - NPDES,Application/Request,HPB-KP8T-GKSNS,Schedule - Certification of Completion of Additional Monitoring Requirements
"https://mienviro.michigan.gov/ncore/downloadpdf/4261245958963501496",MI0020257_2021-08-01_to_2021-08-31_DMR.pdf,,Schedule - DMR Documents,"9/16/2021 12:00:00 AM",4261245958963501496,WRD - NPDES,Permit,MI0020257 v6.0,Schedule - DMR
"https://mienviro.michigan.gov/ncore/downloadpdf/4774476861127196487",Inspection Report.docx,,Inspection Report,"9/22/2021 12:00:00 AM",4774476861127196487,WRD - NPDES,Evaluation,E-3H7H-JCYN-ZXB,Pretreatment Compliance Inspection (08/18/2021)
"https://mienviro.michigan.gov/ncore/downloadpdf/-5308815659450264794",Read Receipt of VN-012230.pdf,,Misc Site Docs,"9/30/2021 12:00:00 AM",-5308815659450264794,n/a,Site,15637,Site
"https://mienviro.michigan.gov/ncore/downloadpdf/-3489435999352372800",2021-09-30 VN-012230 Cadillac WWTP.pdf,,"Water Quality VNs, SVNs, ENs","9/30/2021 12:00:00 AM",-3489435999352372800,WRD - NPDES,Compliance Action,VN-012230,Violation Notice
"https://mienviro.michigan.gov/ncore/downloadpdf/-9041157712118940874",MI0020257_2021-09-01_to_2021-09-30_DMR.pdf,,Schedule - DMR Documents,"10/14/2021 12:00:00 AM",-9041157712118940874,WRD - NPDES,Permit,MI0020257 v6.0,Schedule - DMR
"https://mienviro.michigan.gov/ncore/downloadpdf/3492103724352203543",HPC-F6W0-X1G7P V1.pdf v1,2021 Biosolids PFAS Monitoring Report;,Misc. Application and Request Docs,"10/14/2021 12:00:00 AM",3492103724352203543,WRD - NPDES,Application/Request,HPC-F6W0-X1G7P,Schedule - Biosolids PFAS Monitoring Report
"https://mienviro.michigan.gov/ncore/downloadpdf/5592435760858523770",2021 Biosolids PFAS Results and QC Report.pdf,210720.PFAS.biosolids.TA.pdf; collected on 7/20/2021;,Form Submission Attachments,"10/14/2021 12:00:00 AM",5592435760858523770,WRD - NPDES,Application/Request,HPC-F6W0-X1G7P,Schedule - Biosolids PFAS Monitoring Report
"https://mienviro.michigan.gov/ncore/downloadpdf/-895366165129511824",RE_ IPP Annual report.msg,Data required for the IPP annual report.,Industrial Pretreatment Program (IPP),"10/20/2021 12:00:00 AM",-895366165129511824,n/a,Site,15637,Site
"https://mienviro.michigan.gov/ncore/downloadpdf/6499276414308014200",RE_ City of Cadillac .msg,Initial response to VN-012230.,Industrial Pretreatment Program (IPP),"10/25/2021 12:00:00 AM",6499276414308014200,WRD - NPDES,Compliance Action,VN-012230,Violation Notice
"https://mienviro.michigan.gov/ncore/downloadpdf/-1354583974200746964",Northern Quality Dental.pdf,nForm Document,Form Submission Attachments,"10/26/2021 12:00:00 AM",-1354583974200746964,WRD - NPDES,Application/Request,HPC-RJ1M-FCGM7,Schedule - NPDES Unscheduled Permit Required Reports
"https://mienviro.michigan.gov/ncore/downloadpdf/-1290048560639934115",Brilliant Smiles Family Dentistry.pdf,nForm Document,Form Submission Attachments,"10/26/2021 12:00:00 AM",-1290048560639934115,WRD - NPDES,Application/Request,HPC-RJ1M-FCGM7,Schedule - NPDES Unscheduled Permit Required Reports
"https://mienviro.michigan.gov/ncore/downloadpdf/-1100342612453597963",My Communtiy Dental Center.pdf,nForm Document,Form Submission Attachments,"10/26/2021 12:00:00 AM",-1100342612453597963,WRD - NPDES,Application/Request,HPC-RJ1M-FCGM7,Schedule - NPDES Unscheduled Permit Required Reports
"https://mienviro.michigan.gov/ncore/downloadpdf/-795255606312594736",Bright Dental Health.pdf,nForm Document,Form Submission Attachments,"10/26/2021 12:00:00 AM",-795255606312594736,WRD - NPDES,Application/Request,HPC-RJ1M-FCGM7,Schedule - NPDES Unscheduled Permit Required Reports
"https://mienviro.michigan.gov/ncore/downloadpdf/2212363529115360305",Life Smiles Dentistry.pdf,nForm Document,Form Submission Attachments,"10/26/2021 12:00:00 AM",2212363529115360305,WRD - NPDES,Application/Request,HPC-RJ1M-FCGM7,Schedule - NPDES Unscheduled Permit Required Reports
"https://mienviro.michigan.gov/ncore/downloadpdf/3254596432615889974",HPC-RJ1M-FCGM7 V1.pdf v1,Submission PDF,Misc. Application and Request Docs,"10/26/2021 12:00:00 AM",3254596432615889974,WRD - NPDES,Application/Request,HPC-RJ1M-FCGM7,Schedule - NPDES Unscheduled Permit Required Reports
"https://mienviro.michigan.gov/ncore/downloadpdf/-8709036736254824662",Vector Attraction Reduction.pdf,FY21 Applier Certification-VAR; Midwest Injection Inc.;,Form Submission Attachments,"10/28/2021 12:00:00 AM",-8709036736254824662,WRD - NPDES,Application/Request,HPC-K20Z-68T3J,Schedule - Biosolids Annual Report
"https://mienviro.michigan.gov/ncore/downloadpdf/-7680208070141768458",MI0020257_2020-10-01_to_2021-09-30_DMR.pdf,,Schedule - DMR Documents,"10/28/2021 12:00:00 AM",-7680208070141768458,WRD - NPDES,Permit,MI0020257 v6.0,Schedule - DMR
"https://mienviro.michigan.gov/ncore/downloadpdf/-7570309269568142166",Mangement Practices.pdf,FY21 Applier-Site Restrictions Certifications; Midwest Injection Inc.,Form Submission Attachments,"10/28/2021 12:00:00 AM",-7570309269568142166,WRD - NPDES,Application/Request,HPC-K20Z-68T3J,Schedule - Biosolids Annual Report
"https://mienviro.michigan.gov/ncore/downloadpdf/-7489878598942820947",HML Spring.pdf,"FY21 Fecal Coliform and Salmonella Results-Mar. 3, 2021;",Form Submission Attachments,"10/28/2021 12:00:00 AM",-7489878598942820947,WRD - NPDES,Application/Request,HPC-K20Z-68T3J,Schedule - Biosolids Annual Report
"https://mienviro.michigan.gov/ncore/downloadpdf/-7341052496516370424",Digester Temps.pdf,FY21 Digester Temperature Log; 6 months worth of data;,Form Submission Attachments,"10/28/2021 12:00:00 AM",-7341052496516370424,WRD - NPDES,Application/Request,HPC-K20Z-68T3J,Schedule - Biosolids Annual Report
"https://mienviro.michigan.gov/ncore/downloadpdf/-3733560267737762096",21N08W30-AB01.pdf,FY21 Land Applic Site ID Packet; site used in the Spring 2021;,Form Submission Attachments,"10/28/2021 12:00:00 AM",-3733560267737762096,WRD - NPDES,Application/Request,HPC-K20Z-68T3J,Schedule - Biosolids Annual Report
"https://mienviro.michigan.gov/ncore/downloadpdf/-3298554166669332689",TVS & 38% Reduction.xlsx,FY21 Solids Retention Time Data Calculations,Form Submission Attachments,"10/28/2021 12:00:00 AM",-3298554166669332689,WRD - NPDES,Application/Request,HPC-K20Z-68T3J,Schedule - Biosolids Annual Report
"https://mienviro.michigan.gov/ncore/downloadpdf/-3180384114940849609",Generators Cert.pdf,FY21 Generator's Certification,Form Submission Attachments,"10/28/2021 12:00:00 AM",-3180384114940849609,WRD - NPDES,Application/Request,HPC-K20Z-68T3J,Schedule - Biosolids Annual Report
"https://mienviro.michigan.gov/ncore/downloadpdf/-1189789345381575955",21N08W30-AB04.pdf,FY21 Land Applic Site ID Packet; site used in the Spring 2021;,Form Submission Attachments,"10/28/2021 12:00:00 AM",-1189789345381575955,WRD - NPDES,Application/Request,HPC-K20Z-68T3J,Schedule - Biosolids Annual Report
"https://mienviro.michigan.gov/ncore/downloadpdf/455839343080021381",Fall 20biosolids.PACE.pdf,"FY21 Metals-Nutrient Results-Aug.  25, 2020; for Fall 2020 haul;",Form Submission Attachments,"10/28/2021 12:00:00 AM",455839343080021381,WRD - NPDES,Application/Request,HPC-K20Z-68T3J,Schedule - Biosolids Annual Report
"https://mienviro.michigan.gov/ncore/downloadpdf/1519080636172375997",21N08W30-AB02.pdf,FY21 Land Applic Site ID Packet; site used in the Spring 2021;,Form Submission Attachments,"10/28/2021 12:00:00 AM",1519080636172375997,WRD - NPDES,Application/Request,HPC-K20Z-68T3J,Schedule - Biosolids Annual Report
"https://mienviro.michigan.gov/ncore/downloadpdf/1684248672901506223",Cadillac Dry Tons 2021.pdf,FY21 Land Applic Site List Info; haul dates & DTs applied,Form Submission Attachments,"10/28/2021 12:00:00 AM",1684248672901506223,WRD - NPDES,Application/Request,HPC-K20Z-68T3J,Schedule - Biosolids Annual Report
"https://mienviro.michigan.gov/ncore/downloadpdf/2908091594482021215",Spring 21 Lab Data.pdf,FY21 Total Solids Results-Spring hauling event; includes DTS per day;,Form Submission Attachments,"10/28/2021 12:00:00 AM",2908091594482021215,WRD - NPDES,Application/Request,HPC-K20Z-68T3J,Schedule - Biosolids Annual Report
"https://mienviro.michigan.gov/ncore/downloadpdf/3866537862984620121",Lab Data Fall 2020.pdf,FY21 Total Solids Results-Fall hauling events; includes DTs per day.,Form Submission Attachments,"10/28/2021 12:00:00 AM",3866537862984620121,WRD - NPDES,Application/Request,HPC-K20Z-68T3J,Schedule - Biosolids Annual Report
"https://mienviro.michigan.gov/ncore/downloadpdf/5406302315541864880",Fall 20 biosolids.HML.pdf,"FY21 Fecal Coliform and Salmonella Results-Aug. 25, 2020;",Form Submission Attachments,"10/28/2021 12:00:00 AM",5406302315541864880,WRD - NPDES,Application/Request,HPC-K20Z-68T3J,Schedule - Biosolids Annual Report
"https://mienviro.michigan.gov/ncore/downloadpdf/6124237801834637487",Site Info.pdf,FY21 Land Applic Site List-Info; 5 sites listed;,Form Submission Attachments,"10/28/2021 12:00:00 AM",6124237801834637487,WRD - NPDES,Application/Request,HPC-K20Z-68T3J,Schedule - Biosolids Annual Report
"https://mienviro.michigan.gov/ncore/downloadpdf/6298732138091894525",210303.biosolids.PACE.pdf,"FY21 Metals-Nutrient Results-Mar. 3, 2021;",Form Submission Attachments,"10/28/2021 12:00:00 AM",6298732138091894525,WRD - NPDES,Application/Request,HPC-K20Z-68T3J,Schedule - Biosolids Annual Report
"https://mienviro.michigan.gov/ncore/downloadpdf/8661271844273540574",Cadillac 2021 Land Ap Certification.pdf,FY21 Applier Certifications; LA applier - MAS;,Form Submission Attachments,"10/28/2021 12:00:00 AM",8661271844273540574,WRD - NPDES,Application/Request,HPC-K20Z-68T3J,Schedule - Biosolids Annual Report
"https://mienviro.michigan.gov/ncore/downloadpdf/8741003816631086568",HPC-K20Z-68T3J V1.pdf v1,FY21 Biosolids Annual Report,Misc. Application and Request Docs,"10/28/2021 12:00:00 AM",8741003816631086568,WRD - NPDES,Application/Request,HPC-K20Z-68T3J,Schedule - Biosolids Annual Report
"https://mienviro.michigan.gov/ncore/downloadpdf/2032354698997421530",2021 Biosolids PFAS Monitoring Report Review - Cadillac WWTP.msg,Email Response,Misc. Submittal Docs,"10/29/2021 12:00:00 AM",2032354698997421530,WRD - NPDES,Application/Request,HPC-F6W0-X1G7P,Schedule - Biosolids PFAS Monitoring Report
"https://mienviro.michigan.gov/ncore/downloadpdf/-6888435979687265980",2021-11-04 Follow-up to VN-012230 Extension Request - City of Cadillac.pdf,,"Water Quality VNs, SVNs, ENs","11/4/2021 12:00:00 AM",-6888435979687265980,WRD - NPDES,Compliance Action,VN-012230,Violation Notice
"https://mienviro.michigan.gov/ncore/downloadpdf/7533708642884943679",Read Receipt for VN-012230.pdf,,"Water Quality VNs, SVNs, ENs","11/4/2021 12:00:00 AM",7533708642884943679,WRD - NPDES,Compliance Action,VN-012230,Violation Notice
"https://mienviro.michigan.gov/ncore/downloadpdf/-7964221357068103056",MI0020257_2021-10-01_to_2021-10-31_DMR.pdf,,Schedule - DMR Documents,"11/18/2021 12:00:00 AM",-7964221357068103056,WRD - NPDES,Permit,MI0020257 v6.0,Schedule - DMR
"https://mienviro.michigan.gov/ncore/downloadpdf/1777401984217742158",Cadillac-FY21 DT determination.xlsx,Cindy's notes so far,Misc. Submittal Docs,"11/29/2021 12:00:00 AM",1777401984217742158,WRD - NPDES,Application/Request,HPC-K20Z-68T3J,Schedule - Biosolids Annual Report
"https://mienviro.michigan.gov/ncore/downloadpdf/359672696916305281",21.10.Eff.PFAS.Eurofins.pdf,nForm Document,Form Submission Attachments,"12/1/2021 12:00:00 AM",359672696916305281,WRD - NPDES,Application/Request,HPD-MWSX-Y48BC,Schedule - PFAS POTW Effluent Monitoring Report
"https://mienviro.michigan.gov/ncore/downloadpdf/5807004865029102699",21.04.Eff.PFAS.Eurofins.pdf,nForm Document,Form Submission Attachments,"12/1/2021 12:00:00 AM",5807004865029102699,WRD - NPDES,Application/Request,HPD-MWSX-Y48BC,Schedule - PFAS POTW Effluent Monitoring Report
"https://mienviro.michigan.gov/ncore/downloadpdf/6140963438152350458",HPD-MWSX-Y48BC V1.pdf v1,Submission PDF,Misc. Application and Request Docs,"12/1/2021 12:00:00 AM",6140963438152350458,WRD - NPDES,Application/Request,HPD-MWSX-Y48BC,Schedule - PFAS POTW Effluent Monitoring Report
"https://mienviro.michigan.gov/ncore/downloadpdf/894307998170732902",Dental List.docx,nForm Document,Form Submission Attachments,"12/2/2021 12:00:00 AM",894307998170732902,WRD - NPDES,Application/Request,HPC-RJ1M-FCGM7,Schedule - NPDES Unscheduled Permit Required Reports
"https://mienviro.michigan.gov/ncore/downloadpdf/5310011562451925486",RE_ December 2021 PFAS POTW Effluent Monitoring Report.msg,Email to Cadillac WWTP to revise submission of December 2021 PFAS POTW Effluent Monitoring Report,Industrial Pretreatment Program (IPP),"12/2/2021 12:00:00 AM",5310011562451925486,WRD - NPDES,Application/Request,HPD-MWSX-Y48BC,Schedule - PFAS POTW Effluent Monitoring Report
"https://mienviro.michigan.gov/ncore/downloadpdf/6509552559668982680",HPC-RJ1M-FCGM7 V2.pdf v2,Submission PDF,Misc. Application and Request Docs,"12/2/2021 12:00:00 AM",6509552559668982680,WRD - NPDES,Application/Request,HPC-RJ1M-FCGM7,Schedule - NPDES Unscheduled Permit Required Reports
"https://mienviro.michigan.gov/ncore/downloadpdf/7929871620943933588",HPD-MWSX-Y48BC V2.pdf v2,Submission PDF,Misc. Application and Request Docs,"12/2/2021 12:00:00 AM",7929871620943933588,WRD - NPDES,Application/Request,HPD-MWSX-Y48BC,Schedule - PFAS POTW Effluent Monitoring Report
"https://mienviro.michigan.gov/ncore/downloadpdf/8877420906946055825",MI0020257_2021-11-01_to_2021-11-30_DMR.pdf,,Schedule - DMR Documents,"12/17/2021 12:00:00 AM",8877420906946055825,WRD - NPDES,Permit,MI0020257 v6.0,Schedule - DMR
"https://mienviro.michigan.gov/ncore/downloadpdf/3119282448110398396",MI0020257_2021-12-01_to_2021-12-31_DMR.pdf,,Schedule - DMR Documents,"1/19/2022 12:00:00 AM",3119282448110398396,WRD - NPDES,Permit,MI0020257 v6.0,Schedule - DMR
"https://mienviro.michigan.gov/ncore/downloadpdf/-1732170923419106851",MI0020257_2022-01-01_to_2022-01-31_DMR.pdf,,Schedule - DMR Documents,"2/17/2022 12:00:00 AM",-1732170923419106851,WRD - NPDES,Permit,MI0020257 v6.0,Schedule - DMR
"https://mienviro.michigan.gov/ncore/downloadpdf/-3429744774982411880",MI0020257_2022-02-01_to_2022-02-28_DMR.pdf,,Schedule - DMR Documents,"3/9/2022 12:00:00 AM",-3429744774982411880,WRD - NPDES,Permit,MI0020257 v6.0,Schedule - DMR
"https://mienviro.michigan.gov/ncore/downloadpdf/-1256077365103863283",HPG-CXVZ-DDE1A V1.pdf v1,Submission PDF,Misc. Application and Request Docs,"3/23/2022 12:00:00 AM",-1256077365103863283,WRD - NPDES,Application/Request,HPG-CXVZ-DDE1A,Schedule - Biosolids PFAS Monitoring Report
"https://mienviro.michigan.gov/ncore/downloadpdf/8580242349684844090",220308.PFAS.biosolids.Eurofins.pdf,nForm Document,Form Submission Attachments,"3/23/2022 12:00:00 AM",8580242349684844090,WRD - NPDES,Application/Request,HPG-CXVZ-DDE1A,Schedule - Biosolids PFAS Monitoring Report
"https://mienviro.michigan.gov/ncore/downloadpdf/-3597137077750831484",POTW_Monitoring_Data_Summary 2021.xlsx,nForm Document,Form Submission Attachments,"3/24/2022 12:00:00 AM",-3597137077750831484,WRD - NPDES,Application/Request,HPG-1ZNB-Y56ZQ,Schedule - Michigan Industrial Pretreatment Program (IPP) Annual Report
"https://mienviro.michigan.gov/ncore/downloadpdf/-475799617271843387",HPG-1ZNB-Y56ZQ V1.pdf v1,Submission PDF,Misc. Application and Request Docs,"3/24/2022 12:00:00 AM",-475799617271843387,WRD - NPDES,Application/Request,HPG-1ZNB-Y56ZQ,Schedule - Michigan Industrial Pretreatment Program (IPP) Annual Report
"https://mienviro.michigan.gov/ncore/downloadpdf/787138057214835311",Aff of Pub.pdf,nForm Document,Form Submission Attachments,"3/24/2022 12:00:00 AM",787138057214835311,WRD - NPDES,Application/Request,HPG-1ZNB-Y56ZQ,Schedule - Michigan Industrial Pretreatment Program (IPP) Annual Report
"https://mienviro.michigan.gov/ncore/downloadpdf/4974659969152722161",POTW_Oversight_Table.xlsx,nForm Document,Form Submission Attachments,"3/24/2022 12:00:00 AM",4974659969152722161,WRD - NPDES,Application/Request,HPG-1ZNB-Y56ZQ,Schedule - Michigan Industrial Pretreatment Program (IPP) Annual Report
"https://mienviro.michigan.gov/ncore/downloadpdf/8653222852169871792",SIU-CIU_List.xlsx,nForm Document,Form Submission Attachments,"3/24/2022 12:00:00 AM",8653222852169871792,WRD - NPDES,Application/Request,HPG-1ZNB-Y56ZQ,Schedule - Michigan Industrial Pretreatment Program (IPP) Annual Report
"https://mienviro.michigan.gov/ncore/downloadpdf/-7778014742664487960",AKWEL.docx,nForm Document,Form Submission Attachments,"3/25/2022 12:00:00 AM",-7778014742664487960,WRD - NPDES,Application/Request,HPG-1ZSF-KC99G,Permit Change - National Pollutant Discharge Elimination System (NPDES) Municipal Application Form (Reissuance)
"https://mienviro.michigan.gov/ncore/downloadpdf/-5613527384135323207",Process Flow Diagram.pdf,nForm Document,Form Submission Attachments,"3/25/2022 12:00:00 AM",-5613527384135323207,WRD - NPDES,Application/Request,HPG-1ZSF-KC99G,Permit Change - National Pollutant Discharge Elimination System (NPDES) Municipal Application Form (Reissuance)
"https://mienviro.michigan.gov/ncore/downloadpdf/-4261631751625588326",NPDES Map.pdf,nForm Document,Form Submission Attachments,"3/25/2022 12:00:00 AM",-4261631751625588326,WRD - NPDES,Application/Request,HPG-1ZSF-KC99G,Permit Change - National Pollutant Discharge Elimination System (NPDES) Municipal Application Form (Reissuance)
"https://mienviro.michigan.gov/ncore/downloadpdf/-4206316346880227567",CCI.docx,nForm Document,Form Submission Attachments,"3/25/2022 12:00:00 AM",-4206316346880227567,WRD - NPDES,Application/Request,HPG-1ZSF-KC99G,Permit Change - National Pollutant Discharge Elimination System (NPDES) Municipal Application Form (Reissuance)
"https://mienviro.michigan.gov/ncore/downloadpdf/-4005974298201292411",21.03.Eff.AddlMonit.ERM.pdf,nForm Document,Form Submission Attachments,"3/25/2022 12:00:00 AM",-4005974298201292411,WRD - NPDES,Application/Request,HPG-1ZSF-KC99G,Permit Change - National Pollutant Discharge Elimination System (NPDES) Municipal Application Form (Reissuance)
"https://mienviro.michigan.gov/ncore/downloadpdf/-3145474438009150056",AAR 6th.docx,nForm Document,Form Submission Attachments,"3/25/2022 12:00:00 AM",-3145474438009150056,WRD - NPDES,Application/Request,HPG-1ZSF-KC99G,Permit Change - National Pollutant Discharge Elimination System (NPDES) Municipal Application Form (Reissuance)
"https://mienviro.michigan.gov/ncore/downloadpdf/-2789951035115288771",CRE.docx,nForm Document,Form Submission Attachments,"3/25/2022 12:00:00 AM",-2789951035115288771,WRD - NPDES,Application/Request,HPG-1ZSF-KC99G,Permit Change - National Pollutant Discharge Elimination System (NPDES) Municipal Application Form (Reissuance)
"https://mienviro.michigan.gov/ncore/downloadpdf/-2700478788420225539",21.08.Eff.AddlMonit.ERM.pdf,nForm Document,Form Submission Attachments,"3/25/2022 12:00:00 AM",-2700478788420225539,WRD - NPDES,Application/Request,HPG-1ZSF-KC99G,Permit Change - National Pollutant Discharge Elimination System (NPDES) Municipal Application Form (Reissuance)
"https://mienviro.michigan.gov/ncore/downloadpdf/-1935043363084687865",Plant Brochure.pdf,nForm Document,Form Submission Attachments,"3/25/2022 12:00:00 AM",-1935043363084687865,WRD - NPDES,Application/Request,HPG-1ZSF-KC99G,Permit Change - National Pollutant Discharge Elimination System (NPDES) Municipal Application Form (Reissuance)
"https://mienviro.michigan.gov/ncore/downloadpdf/-1663681396002714125",20.05.Eff.AddlMonit.ERM.pdf,nForm Document,Form Submission Attachments,"3/25/2022 12:00:00 AM",-1663681396002714125,WRD - NPDES,Application/Request,HPG-1ZSF-KC99G,Permit Change - National Pollutant Discharge Elimination System (NPDES) Municipal Application Form (Reissuance)
"https://mienviro.michigan.gov/ncore/downloadpdf/-1609727155324516351",Michigan Rubber.docx,nForm Document,Form Submission Attachments,"3/25/2022 12:00:00 AM",-1609727155324516351,WRD - NPDES,Application/Request,HPG-1ZSF-KC99G,Permit Change - National Pollutant Discharge Elimination System (NPDES) Municipal Application Form (Reissuance)
"https://mienviro.michigan.gov/ncore/downloadpdf/-624552684400765787",19.10.Eff.AddlMonit.WET.ERM.pdf,nForm Document,Form Submission Attachments,"3/25/2022 12:00:00 AM",-624552684400765787,WRD - NPDES,Application/Request,HPG-1ZSF-KC99G,Permit Change - National Pollutant Discharge Elimination System (NPDES) Municipal Application Form (Reissuance)
"https://mienviro.michigan.gov/ncore/downloadpdf/-590765037392295649",19.12.Eff.FollowUp.WET.ERM.pdf,nForm Document,Form Submission Attachments,"3/25/2022 12:00:00 AM",-590765037392295649,WRD - NPDES,Application/Request,HPG-1ZSF-KC99G,Permit Change - National Pollutant Discharge Elimination System (NPDES) Municipal Application Form (Reissuance)
"https://mienviro.michigan.gov/ncore/downloadpdf/526960610788760180",Munson.docx,nForm Document,Form Submission Attachments,"3/25/2022 12:00:00 AM",526960610788760180,WRD - NPDES,Application/Request,HPG-1ZSF-KC99G,Permit Change - National Pollutant Discharge Elimination System (NPDES) Municipal Application Form (Reissuance)
"https://mienviro.michigan.gov/ncore/downloadpdf/2977203173047862814",SPENCER.docx,nForm Document,Form Submission Attachments,"3/25/2022 12:00:00 AM",2977203173047862814,WRD - NPDES,Application/Request,HPG-1ZSF-KC99G,Permit Change - National Pollutant Discharge Elimination System (NPDES) Municipal Application Form (Reissuance)
"https://mienviro.michigan.gov/ncore/downloadpdf/3702501772031474881",REC BOAT TRAILER.docx,nForm Document,Form Submission Attachments,"3/25/2022 12:00:00 AM",3702501772031474881,WRD - NPDES,Application/Request,HPG-1ZSF-KC99G,Permit Change - National Pollutant Discharge Elimination System (NPDES) Municipal Application Form (Reissuance)
"https://mienviro.michigan.gov/ncore/downloadpdf/4297122055300226205",PIRANHA.docx,nForm Document,Form Submission Attachments,"3/25/2022 12:00:00 AM",4297122055300226205,WRD - NPDES,Application/Request,HPG-1ZSF-KC99G,Permit Change - National Pollutant Discharge Elimination System (NPDES) Municipal Application Form (Reissuance)
"https://mienviro.michigan.gov/ncore/downloadpdf/5020368200015356472",FIAMM.docx,nForm Document,Form Submission Attachments,"3/25/2022 12:00:00 AM",5020368200015356472,WRD - NPDES,Application/Request,HPG-1ZSF-KC99G,Permit Change - National Pollutant Discharge Elimination System (NPDES) Municipal Application Form (Reissuance)
"https://mienviro.michigan.gov/ncore/downloadpdf/5352980977156860563",Borg Warner.docx,nForm Document,Form Submission Attachments,"3/25/2022 12:00:00 AM",5352980977156860563,WRD - NPDES,Application/Request,HPG-1ZSF-KC99G,Permit Change - National Pollutant Discharge Elimination System (NPDES) Municipal Application Form (Reissuance)
"https://mienviro.michigan.gov/ncore/downloadpdf/6253923130134244300",AVON Protection.docx,nForm Document,Form Submission Attachments,"3/25/2022 12:00:00 AM",6253923130134244300,WRD - NPDES,Application/Request,HPG-1ZSF-KC99G,Permit Change - National Pollutant Discharge Elimination System (NPDES) Municipal Application Form (Reissuance)
"https://mienviro.michigan.gov/ncore/downloadpdf/7575683056928006754",AAR Facility.docx,nForm Document,Form Submission Attachments,"3/25/2022 12:00:00 AM",7575683056928006754,WRD - NPDES,Application/Request,HPG-1ZSF-KC99G,Permit Change - National Pollutant Discharge Elimination System (NPDES) Municipal Application Form (Reissuance)
"https://mienviro.michigan.gov/ncore/downloadpdf/7798043710107434054",Hutchinson.docx,nForm Document,Form Submission Attachments,"3/25/2022 12:00:00 AM",7798043710107434054,WRD - NPDES,Application/Request,HPG-1ZSF-KC99G,Permit Change - National Pollutant Discharge Elimination System (NPDES) Municipal Application Form (Reissuance)
"https://mienviro.michigan.gov/ncore/downloadpdf/8761093821144015731",AAR Rinse Tank.docx,nForm Document,Form Submission Attachments,"3/25/2022 12:00:00 AM",8761093821144015731,WRD - NPDES,Application/Request,HPG-1ZSF-KC99G,Permit Change - National Pollutant Discharge Elimination System (NPDES) Municipal Application Form (Reissuance)
"https://mienviro.michigan.gov/ncore/downloadpdf/8815045039278668901",ARVCO.docx,nForm Document,Form Submission Attachments,"3/25/2022 12:00:00 AM",8815045039278668901,WRD - NPDES,Application/Request,HPG-1ZSF-KC99G,Permit Change - National Pollutant Discharge Elimination System (NPDES) Municipal Application Form (Reissuance)
"https://mienviro.michigan.gov/ncore/downloadpdf/8907371498125764811",AKWEL 5th St Manhole.docx,nForm Document,Form Submission Attachments,"3/25/2022 12:00:00 AM",8907371498125764811,WRD - NPDES,Application/Request,HPG-1ZSF-KC99G,Permit Change - National Pollutant Discharge Elimination System (NPDES) Municipal Application Form (Reissuance)
"https://mienviro.michigan.gov/ncore/downloadpdf/9165338536597504504",2022 Biosolids PFAS Monitoring Report Review - Cadillac WWTP.msg,2022 Email Response,Misc. Submittal Docs,"3/29/2022 12:00:00 AM",9165338536597504504,WRD - NPDES,Application/Request,HPG-CXVZ-DDE1A,Schedule - Biosolids PFAS Monitoring Report
"https://mienviro.michigan.gov/ncore/downloadpdf/4323816041620336930",2022-04-14 MAHL Plan Review - Cadillac WWTP.pdf,,Industrial Pretreatment Program (IPP),"4/14/2022 12:00:00 AM",4323816041620336930,WRD - NPDES,Compliance Action,VN-012230,Violation Notice
"https://mienviro.michigan.gov/ncore/downloadpdf/-6670479302323436273",LocalLimitsReview_Cadillac WWTP_4-19-2022.pdf,Local Limits IPP Biologist Memo and PEL Sheets,Misc. Application and Request Docs,"4/19/2022 12:00:00 AM",-6670479302323436273,WRD - NPDES,Application/Request,HPG-XCC7-NCG09,Application - IPP Local Limits WQBEL Request Form
"https://mienviro.michigan.gov/ncore/downloadpdf/-3130391630238484165",LocalLimitsReview_Cadillac WWTP_4-19-2022.doc,Local Limits IPP WQBEL Biologist Memo,Misc. Application and Request Docs,"4/19/2022 12:00:00 AM",-3130391630238484165,WRD - NPDES,Application/Request,HPG-XCC7-NCG09,Application - IPP Local Limits WQBEL Request Form
"https://mienviro.michigan.gov/ncore/downloadpdf/5336563291699515996",CadillacWWTP_LocalLimitsReview_Convs.docx,"Local Limits Review - CBOD5, NH3-N, DO, TSS",Misc. Application and Request Docs,"4/19/2022 12:00:00 AM",5336563291699515996,WRD - NPDES,Application/Request,HPG-XCC7-NCG09,Application - IPP Local Limits WQBEL Request Form
"https://mienviro.michigan.gov/ncore/downloadpdf/7584257851526266595",MI0020257_2022-03-01_to_2022-03-31_DMR.pdf,,Schedule - DMR Documents,"4/19/2022 12:00:00 AM",7584257851526266595,WRD - NPDES,Permit,MI0020257 v6.0,Schedule - DMR
"https://mienviro.michigan.gov/ncore/downloadpdf/-7296880298012613526",05-02-22 Ltr to Clare Lowe - EGLE.PDF,,Industrial Pretreatment Program (IPP),"5/2/2022 12:00:00 AM",-7296880298012613526,WRD - NPDES,Application/Request,HPH-8HXC-J75GZ,Schedule - Submit Corrective Action Plan
"https://mienviro.michigan.gov/ncore/downloadpdf/7003016327677449564",FW_ City of Cadillac.msg,,Industrial Pretreatment Program (IPP),"5/2/2022 12:00:00 AM",7003016327677449564,WRD - NPDES,Application/Request,HPH-8HXC-J75GZ,Schedule - Submit Corrective Action Plan
"https://mienviro.michigan.gov/ncore/downloadpdf/-6368852271337137347",Cadillac WWTP PFAS RMP Modification.pdf,,Misc Site Docs,"5/17/2022 12:00:00 AM",-6368852271337137347,n/a,Site,15637,Site
"https://mienviro.michigan.gov/ncore/downloadpdf/5574496772239378194",2022-05-23 Follow-up to VN-012230 and VN-011108 - Cadillac WWTP.pdf,,Industrial Pretreatment Program (IPP),"5/23/2022 12:00:00 AM",5574496772239378194,WRD - NPDES,Compliance Action,VN-012230,Violation Notice
"https://mienviro.michigan.gov/ncore/downloadpdf/774517763016927145",MI0020257_2022-04-01_to_2022-04-30_DMR.pdf,,Schedule - DMR Documents,"5/27/2022 12:00:00 AM",774517763016927145,WRD - NPDES,Permit,MI0020257 v6.0,Schedule - DMR
"https://mienviro.michigan.gov/ncore/downloadpdf/-3945892520899596699",Biologist Application Complete Checklist - Municipal_MI0020257_6-1-2022.docx,Biologist App Review Checklist of Analytical,Misc. Application and Request Docs,"6/1/2022 12:00:00 AM",-3945892520899596699,WRD - NPDES,Application/Request,HPG-1ZSF-KC99G,Permit Change - National Pollutant Discharge Elimination System (NPDES) Municipal Application Form (Reissuance)
"https://mienviro.michigan.gov/ncore/downloadpdf/-2283050594041417352",Biologist App Review Email_MI0020257_6-1-2022.msg,Biologist App Review Email for Analytical,Misc. Application and Request Docs,"6/1/2022 12:00:00 AM",-2283050594041417352,WRD - NPDES,Application/Request,HPG-1ZSF-KC99G,Permit Change - National Pollutant Discharge Elimination System (NPDES) Municipal Application Form (Reissuance)
"https://mienviro.michigan.gov/ncore/downloadpdf/970575005377321453",Application Complete Checklist - Municipal (Word).docx,,NPDES Application Docs,"6/6/2022 12:00:00 AM",970575005377321453,WRD - NPDES,Application/Request,HPG-1ZSF-KC99G,Permit Change - National Pollutant Discharge Elimination System (NPDES) Municipal Application Form (Reissuance)
"https://mienviro.michigan.gov/ncore/downloadpdf/-6976748332576932732",MI0020257_2022-05-01_to_2022-05-31_DMR.pdf,,Schedule - DMR Documents,"6/16/2022 12:00:00 AM",-6976748332576932732,WRD - NPDES,Permit,MI0020257 v6.0,Schedule - DMR
"https://mienviro.michigan.gov/ncore/downloadpdf/-6056841659418736604",HPC-K20Z-68T3J V2.pdf v2,Submission PDF,Misc. Application and Request Docs,"6/23/2022 12:00:00 AM",-6056841659418736604,WRD - NPDES,Application/Request,HPC-K20Z-68T3J,Schedule - Biosolids Annual Report
"https://mienviro.michigan.gov/ncore/downloadpdf/-4359728924631276359",22.04.Eff.PFAS.Fibertec.pdf,nForm Document,Form Submission Attachments,"6/23/2022 12:00:00 AM",-4359728924631276359,WRD - NPDES,Application/Request,HPJ-N5BJ-2CYH5,Schedule - PFAS POTW Effluent Monitoring Report
"https://mienviro.michigan.gov/ncore/downloadpdf/-3360876257724434354",20.04.Eff.PFAS.TestAm.pdf,nForm Document,Form Submission Attachments,"6/23/2022 12:00:00 AM",-3360876257724434354,WRD - NPDES,Application/Request,HPJ-N5BJ-2CYH5,Schedule - PFAS POTW Effluent Monitoring Report
"https://mienviro.michigan.gov/ncore/downloadpdf/-1514920619837083834",21.10.Eff.PFAS.Eurofins.pdf,nForm Document,Form Submission Attachments,"6/23/2022 12:00:00 AM",-1514920619837083834,WRD - NPDES,Application/Request,HPJ-N5BJ-2CYH5,Schedule - PFAS POTW Effluent Monitoring Report
"https://mienviro.michigan.gov/ncore/downloadpdf/-872813351944594838",HPJ-N5BJ-2CYH5 V1.pdf v1,Submission PDF,Misc. Application and Request Docs,"6/23/2022 12:00:00 AM",-872813351944594838,WRD - NPDES,Application/Request,HPJ-N5BJ-2CYH5,Schedule - PFAS POTW Effluent Monitoring Report
"https://mienviro.michigan.gov/ncore/downloadpdf/2287533861268370801",RE_ Concerning your submission #HPC-K20Z-68T3J_ Annual Report Form For Reporting Biosolids.msg,Email reporting a SRT of 20 days,Misc. Submittal Docs,"6/23/2022 12:00:00 AM",2287533861268370801,WRD - NPDES,Application/Request,HPC-K20Z-68T3J,Schedule - Biosolids Annual Report
"https://mienviro.michigan.gov/ncore/downloadpdf/4882332167979671814",21.04.Eff.PFAS.Eurofins.pdf,nForm Document,Form Submission Attachments,"6/23/2022 12:00:00 AM",4882332167979671814,WRD - NPDES,Application/Request,HPJ-N5BJ-2CYH5,Schedule - PFAS POTW Effluent Monitoring Report
"https://mienviro.michigan.gov/ncore/downloadpdf/6445624706899949300",19.10.Eff.PFAS.TestAm.pdf,nForm Document,Form Submission Attachments,"6/23/2022 12:00:00 AM",6445624706899949300,WRD - NPDES,Application/Request,HPJ-N5BJ-2CYH5,Schedule - PFAS POTW Effluent Monitoring Report
"https://mienviro.michigan.gov/ncore/downloadpdf/6925668021878723106",20.10.Eff.PFAS.TestAm.pdf,nForm Document,Form Submission Attachments,"6/23/2022 12:00:00 AM",6925668021878723106,WRD - NPDES,Application/Request,HPJ-N5BJ-2CYH5,Schedule - PFAS POTW Effluent Monitoring Report
"https://mienviro.michigan.gov/ncore/downloadpdf/4870446819837315901",MI0020257_2022-06-01_to_2022-06-30_DMR.pdf,,Schedule - DMR Documents,"7/20/2022 12:00:00 AM",4870446819837315901,WRD - NPDES,Permit,MI0020257 v6.0,Schedule - DMR
"https://mienviro.michigan.gov/ncore/downloadpdf/-3895743267772400781",MI0020257_2022-07-01_to_2022-07-31_DMR.pdf,,Schedule - DMR Documents,"8/17/2022 12:00:00 AM",-3895743267772400781,WRD - NPDES,Permit,MI0020257 v6.0,Schedule - DMR
"https://mienviro.michigan.gov/ncore/downloadpdf/-7256055479082035985",MI0020257_2022-08-01_to_2022-08-31_DMR.pdf,,Schedule - DMR Documents,"9/13/2022 12:00:00 AM",-7256055479082035985,WRD - NPDES,Permit,MI0020257 v6.0,Schedule - DMR
"https://mienviro.michigan.gov/ncore/downloadpdf/-8412550484232206194",Application_HPG-1ZSF-KC99G V2.pdf v2,Submission PDF,Misc. Application and Request Docs,"9/21/2022 12:00:00 AM",-8412550484232206194,WRD - NPDES,Application/Request,HPG-1ZSF-KC99G,Permit Change - National Pollutant Discharge Elimination System (NPDES) Municipal Application Form (Reissuance)
"https://mienviro.michigan.gov/ncore/downloadpdf/-4778943972245778196",19.10.Eff.AddlMonit.Paragon.revised.pdf,nForm Document,Form Submission Attachments,"9/21/2022 12:00:00 AM",-4778943972245778196,WRD - NPDES,Application/Request,HPG-1ZSF-KC99G,Permit Change - National Pollutant Discharge Elimination System (NPDES) Municipal Application Form (Reissuance)
"https://mienviro.michigan.gov/ncore/downloadpdf/913622558951974305",Cadillac WWTP NPDES 2022 CEI Photos 092722.docx,,NPDES Majors and Minors Evaluation,"9/29/2022 12:00:00 AM",913622558951974305,WRD - NPDES,Evaluation,E-NCAY-4M8R-FG93,NPDES Compliance Evaluation Inspection (CEI) (09/27/2022)
"https://mienviro.michigan.gov/ncore/downloadpdf/9109382976863389692",Cadillac WWTP MI 0020257 CEI Report 092722.docx,,Inspection Report,"9/29/2022 12:00:00 AM",9109382976863389692,WRD - NPDES,Evaluation,E-NCAY-4M8R-FG93,NPDES Compliance Evaluation Inspection (CEI) (09/27/2022)
"https://mienviro.michigan.gov/ncore/downloadpdf/4402276834753335923",Cadillac WWTP MI0020257 2022 CEI Transmittal and CC004335 093022.msg,,NPDES Majors and Minors Evaluation,"9/30/2022 12:00:00 AM",4402276834753335923,WRD - NPDES,Evaluation,E-NCAY-4M8R-FG93,NPDES Compliance Evaluation Inspection (CEI) (09/27/2022)
"https://mienviro.michigan.gov/ncore/downloadpdf/-2695911669999007694",ConvWQBEL_CadillacWWTP_HaringTwpWWTP_23.docx,Conventional WQBEL Review - Cadillac WWTP and Haring Twp WWTP WLA,Misc. NPDES Permit Docs,"10/6/2022 12:00:00 AM",-2695911669999007694,WRD - NPDES,Permit,MI0020257 v7.0,NPDES Individual Permit
"https://mienviro.michigan.gov/ncore/downloadpdf/-3253706086432660697",WQBELBiologistReview_MI0020257_10-17-2022.doc,WQBEL Biologist Recommendations Memo,Misc. Permit Docs,"10/17/2022 12:00:00 AM",-3253706086432660697,WRD - NPDES,Permit,MI0020257 v7.0,NPDES Individual Permit
"https://mienviro.michigan.gov/ncore/downloadpdf/5271549274279379575",WQBELBiologistFactSheet_MI0020257_10-17-2022.pdf,WQBEL Biologist Recommendations Fact/Decision & PEL Sheets,Misc. Permit Docs,"10/17/2022 12:00:00 AM",5271549274279379575,WRD - NPDES,Permit,MI0020257 v7.0,NPDES Individual Permit
"https://mienviro.michigan.gov/ncore/downloadpdf/-2483047203526071080",MI0020257_2022-09-01_to_2022-09-30_DMR.pdf,,Schedule - DMR Documents,"10/19/2022 12:00:00 AM",-2483047203526071080,WRD - NPDES,Permit,MI0020257 v6.0,Schedule - DMR
"https://mienviro.michigan.gov/ncore/downloadpdf/-9167866091439106840",Cadillac 2022 Land Ap Certification.pdf,nForm Document,Form Submission Attachments,"10/28/2022 12:00:00 AM",-9167866091439106840,WRD - NPDES,Application/Request,HPN-5DCS-H4WTR,Schedule - Biosolids Annual Report
"https://mienviro.michigan.gov/ncore/downloadpdf/-8614765146536661066",Soil Test Reports - Spring 2022.pdf,nForm Document,Form Submission Attachments,"10/28/2022 12:00:00 AM",-8614765146536661066,WRD - NPDES,Application/Request,HPN-5DCS-H4WTR,Schedule - Biosolids Annual Report
"https://mienviro.michigan.gov/ncore/downloadpdf/-7558384777916551667",HML Fall Biosolids.pdf,nForm Document,Form Submission Attachments,"10/28/2022 12:00:00 AM",-7558384777916551667,WRD - NPDES,Application/Request,HPN-5DCS-H4WTR,Schedule - Biosolids Annual Report
"https://mienviro.michigan.gov/ncore/downloadpdf/-6794089825706926283",220328.Metals.biosolids.PACE.pdf,nForm Document,Form Submission Attachments,"10/28/2022 12:00:00 AM",-6794089825706926283,WRD - NPDES,Application/Request,HPN-5DCS-H4WTR,Schedule - Biosolids Annual Report
"https://mienviro.michigan.gov/ncore/downloadpdf/-5893730427306446665",21N08W30-AB02.pdf,nForm Document,Form Submission Attachments,"10/28/2022 12:00:00 AM",-5893730427306446665,WRD - NPDES,Application/Request,HPN-5DCS-H4WTR,Schedule - Biosolids Annual Report
"https://mienviro.michigan.gov/ncore/downloadpdf/-5711808560365142314",2021 Alan Benson 30-02.pdf,nForm Document,Form Submission Attachments,"10/28/2022 12:00:00 AM",-5711808560365142314,WRD - NPDES,Application/Request,HPN-5DCS-H4WTR,Schedule - Biosolids Annual Report
"https://mienviro.michigan.gov/ncore/downloadpdf/-5444812538118836760",Re_ 2021 Biosolids PFAS Lab Report.msg,nForm Document,Form Submission Attachments,"10/28/2022 12:00:00 AM",-5444812538118836760,WRD - NPDES,Application/Request,HPN-5DCS-H4WTR,Schedule - Biosolids Annual Report
"https://mienviro.michigan.gov/ncore/downloadpdf/-5069295854585408995",21N09W27-JR01.pdf,nForm Document,Form Submission Attachments,"10/28/2022 12:00:00 AM",-5069295854585408995,WRD - NPDES,Application/Request,HPN-5DCS-H4WTR,Schedule - Biosolids Annual Report
"https://mienviro.michigan.gov/ncore/downloadpdf/-4786289552379418815",MI0020257_2021-10-01_to_2022-09-30_DMR.pdf,,Schedule - DMR Documents,"10/28/2022 12:00:00 AM",-4786289552379418815,WRD - NPDES,Permit,MI0020257 v6.0,Schedule - DMR
"https://mienviro.michigan.gov/ncore/downloadpdf/-4723721513289652420",2021 Alan Benson 30-03.pdf,nForm Document,Form Submission Attachments,"10/28/2022 12:00:00 AM",-4723721513289652420,WRD - NPDES,Application/Request,HPN-5DCS-H4WTR,Schedule - Biosolids Annual Report
"https://mienviro.michigan.gov/ncore/downloadpdf/-4298928221021636283",2022 Spring Lab Data.pdf,nForm Document,Form Submission Attachments,"10/28/2022 12:00:00 AM",-4298928221021636283,WRD - NPDES,Application/Request,HPN-5DCS-H4WTR,Schedule - Biosolids Annual Report
"https://mienviro.michigan.gov/ncore/downloadpdf/-3834514761618804079",2021 Alan Benson 30-01.pdf,nForm Document,Form Submission Attachments,"10/28/2022 12:00:00 AM",-3834514761618804079,WRD - NPDES,Application/Request,HPN-5DCS-H4WTR,Schedule - Biosolids Annual Report
"https://mienviro.michigan.gov/ncore/downloadpdf/-3748991011777642818",220308.biosolids.HML.pdf,nForm Document,Form Submission Attachments,"10/28/2022 12:00:00 AM",-3748991011777642818,WRD - NPDES,Application/Request,HPN-5DCS-H4WTR,Schedule - Biosolids Annual Report
"https://mienviro.michigan.gov/ncore/downloadpdf/-3379215731425773250",21N09W27-WR01.pdf,nForm Document,Form Submission Attachments,"10/28/2022 12:00:00 AM",-3379215731425773250,WRD - NPDES,Application/Request,HPN-5DCS-H4WTR,Schedule - Biosolids Annual Report
"https://mienviro.michigan.gov/ncore/downloadpdf/-2557511827589635905",21N08W30-AB04.pdf,nForm Document,Form Submission Attachments,"10/28/2022 12:00:00 AM",-2557511827589635905,WRD - NPDES,Application/Request,HPN-5DCS-H4WTR,Schedule - Biosolids Annual Report
"https://mienviro.michigan.gov/ncore/downloadpdf/-1522915370808729294",Fall 21 Lab Data.pdf,nForm Document,Form Submission Attachments,"10/28/2022 12:00:00 AM",-1522915370808729294,WRD - NPDES,Application/Request,HPN-5DCS-H4WTR,Schedule - Biosolids Annual Report
"https://mienviro.michigan.gov/ncore/downloadpdf/-656960315240919665",21N08W30-AB04.pdf,nForm Document,Form Submission Attachments,"10/28/2022 12:00:00 AM",-656960315240919665,WRD - NPDES,Application/Request,HPN-5DCS-H4WTR,Schedule - Biosolids Annual Report
"https://mienviro.michigan.gov/ncore/downloadpdf/359721079694276642",Digester Temps..pdf,nForm Document,Form Submission Attachments,"10/28/2022 12:00:00 AM",359721079694276642,WRD - NPDES,Application/Request,HPN-5DCS-H4WTR,Schedule - Biosolids Annual Report
"https://mienviro.michigan.gov/ncore/downloadpdf/1052343698472846740",2021 Alan Benson 30-04.pdf,nForm Document,Form Submission Attachments,"10/28/2022 12:00:00 AM",1052343698472846740,WRD - NPDES,Application/Request,HPN-5DCS-H4WTR,Schedule - Biosolids Annual Report
"https://mienviro.michigan.gov/ncore/downloadpdf/2074112032347207439",21N08W30-AB03.pdf,nForm Document,Form Submission Attachments,"10/28/2022 12:00:00 AM",2074112032347207439,WRD - NPDES,Application/Request,HPN-5DCS-H4WTR,Schedule - Biosolids Annual Report
"https://mienviro.michigan.gov/ncore/downloadpdf/2301115461688554716",Cadillac Haul Summary.pdf,nForm Document,Form Submission Attachments,"10/28/2022 12:00:00 AM",2301115461688554716,WRD - NPDES,Application/Request,HPN-5DCS-H4WTR,Schedule - Biosolids Annual Report
"https://mienviro.michigan.gov/ncore/downloadpdf/2472874066259310211",220308.biosolids.PACE.pdf,nForm Document,Form Submission Attachments,"10/28/2022 12:00:00 AM",2472874066259310211,WRD - NPDES,Application/Request,HPN-5DCS-H4WTR,Schedule - Biosolids Annual Report
"https://mienviro.michigan.gov/ncore/downloadpdf/2613312278168314069",Fall 21 Lab Data.pdf,nForm Document,Form Submission Attachments,"10/28/2022 12:00:00 AM",2613312278168314069,WRD - NPDES,Application/Request,HPN-5DCS-H4WTR,Schedule - Biosolids Annual Report
"https://mienviro.michigan.gov/ncore/downloadpdf/3713988856787110245",210902.biosolids.HML.pdf,nForm Document,Form Submission Attachments,"10/28/2022 12:00:00 AM",3713988856787110245,WRD - NPDES,Application/Request,HPN-5DCS-H4WTR,Schedule - Biosolids Annual Report
"https://mienviro.michigan.gov/ncore/downloadpdf/4512040073876093266",TVS & 38% Reduction 2022.xlsx,nForm Document,Form Submission Attachments,"10/28/2022 12:00:00 AM",4512040073876093266,WRD - NPDES,Application/Request,HPN-5DCS-H4WTR,Schedule - Biosolids Annual Report
"https://mienviro.michigan.gov/ncore/downloadpdf/5340983926300339030",220308.PFAS.biosolids.Eurofins.pdf,nForm Document,Form Submission Attachments,"10/28/2022 12:00:00 AM",5340983926300339030,WRD - NPDES,Application/Request,HPN-5DCS-H4WTR,Schedule - Biosolids Annual Report
"https://mienviro.michigan.gov/ncore/downloadpdf/6156821384679455800",21N08W30-AB01.pdf,nForm Document,Form Submission Attachments,"10/28/2022 12:00:00 AM",6156821384679455800,WRD - NPDES,Application/Request,HPN-5DCS-H4WTR,Schedule - Biosolids Annual Report
"https://mienviro.michigan.gov/ncore/downloadpdf/6160475526321207014",2021 Fall Biosolids Pace.pdf,nForm Document,Form Submission Attachments,"10/28/2022 12:00:00 AM",6160475526321207014,WRD - NPDES,Application/Request,HPN-5DCS-H4WTR,Schedule - Biosolids Annual Report
"https://mienviro.michigan.gov/ncore/downloadpdf/6698643745379527068",HPN-5DCS-H4WTR V1.pdf v1,Submission PDF,Misc. Application and Request Docs,"10/28/2022 12:00:00 AM",6698643745379527068,WRD - NPDES,Application/Request,HPN-5DCS-H4WTR,Schedule - Biosolids Annual Report
"https://mienviro.michigan.gov/ncore/downloadpdf/6744959516118720964",Cadillac preops_11-21-21.pdf,nForm Document,Form Submission Attachments,"10/28/2022 12:00:00 AM",6744959516118720964,WRD - NPDES,Application/Request,HPN-5DCS-H4WTR,Schedule - Biosolids Annual Report
"https://mienviro.michigan.gov/ncore/downloadpdf/6872046597324017931",20N09W06-DI01.pdf,nForm Document,Form Submission Attachments,"10/28/2022 12:00:00 AM",6872046597324017931,WRD - NPDES,Application/Request,HPN-5DCS-H4WTR,Schedule - Biosolids Annual Report
"https://mienviro.michigan.gov/ncore/downloadpdf/6981536826753546736",21N09W25-AB01.pdf,nForm Document,Form Submission Attachments,"10/28/2022 12:00:00 AM",6981536826753546736,WRD - NPDES,Application/Request,HPN-5DCS-H4WTR,Schedule - Biosolids Annual Report
"https://mienviro.michigan.gov/ncore/downloadpdf/8790880448839423536",220308.biosolids.HML.pdf,nForm Document,Form Submission Attachments,"10/28/2022 12:00:00 AM",8790880448839423536,WRD - NPDES,Application/Request,HPN-5DCS-H4WTR,Schedule - Biosolids Annual Report
"https://mienviro.michigan.gov/ncore/downloadpdf/-5590290295023868628",MI0020257_2022-04-01_to_2022-04-30_2_DMR.pdf,,Schedule - DMR Documents,"11/8/2022 12:00:00 AM",-5590290295023868628,WRD - NPDES,Permit,MI0020257 v6.0,Schedule - DMR
"https://mienviro.michigan.gov/ncore/downloadpdf/3508116555321248913",MI0020257_2022-05-01_to_2022-05-31_2_DMR.pdf,,Schedule - DMR Documents,"11/8/2022 12:00:00 AM",3508116555321248913,WRD - NPDES,Permit,MI0020257 v6.0,Schedule - DMR
"https://mienviro.michigan.gov/ncore/downloadpdf/-6065102162656990709",22.04.Eff.PFASedd.Fibertec.xls,nForm Document,Form Submission Attachments,"11/9/2022 12:00:00 AM",-6065102162656990709,WRD - NPDES,Application/Request,HPP-2914-8S45C,Schedule - PFAS POTW Effluent Monitoring Report
"https://mienviro.michigan.gov/ncore/downloadpdf/638679157423204646",22.04.Eff.PFAS.Fibertec.pdf,nForm Document,Form Submission Attachments,"11/9/2022 12:00:00 AM",638679157423204646,WRD - NPDES,Application/Request,HPP-2914-8S45C,Schedule - PFAS POTW Effluent Monitoring Report
"https://mienviro.michigan.gov/ncore/downloadpdf/1665759284824618102",22.10.Eff.PFASedd.Fibertec.xls,nForm Document,Form Submission Attachments,"11/9/2022 12:00:00 AM",1665759284824618102,WRD - NPDES,Application/Request,HPP-2914-8S45C,Schedule - PFAS POTW Effluent Monitoring Report
"https://mienviro.michigan.gov/ncore/downloadpdf/3335842116132403673",22.10.Eff.PFAS.Fibertec.pdf,nForm Document,Form Submission Attachments,"11/9/2022 12:00:00 AM",3335842116132403673,WRD - NPDES,Application/Request,HPP-2914-8S45C,Schedule - PFAS POTW Effluent Monitoring Report
"https://mienviro.michigan.gov/ncore/downloadpdf/6871345741167251834",HPP-2914-8S45C V1.pdf v1,Submission PDF,Misc. Application and Request Docs,"11/9/2022 12:00:00 AM",6871345741167251834,WRD - NPDES,Application/Request,HPP-2914-8S45C,Schedule - PFAS POTW Effluent Monitoring Report
"https://mienviro.michigan.gov/ncore/downloadpdf/9118183799075284971",MI0020257_2022-10-01_to_2022-10-31_DMR.pdf,,Schedule - DMR Documents,"11/9/2022 12:00:00 AM",9118183799075284971,WRD - NPDES,Permit,MI0020257 v6.0,Schedule - DMR
"https://mienviro.michigan.gov/ncore/downloadpdf/-5376236809626939578",Cadillac Casting Meeting 11-22-22.docx,,Industrial Pretreatment Program (IPP),"11/22/2022 12:00:00 AM",-5376236809626939578,WRD - NPDES,Application/Request,HPP-2KMC-JBEZV,Schedule - Submit information as requested
"https://mienviro.michigan.gov/ncore/downloadpdf/-310938013515273317",Cadillac Casting Meeting 11-22-22.docx,Claire Lowe meeting notes with Cadillac Casting. Information updated on 11/30/22.,Industrial Pretreatment Program (IPP),"11/22/2022 12:00:00 AM",-310938013515273317,n/a,Site,15637,Site
"https://mienviro.michigan.gov/ncore/downloadpdf/-4226573320530097253",RE_ Categorical determination meeting_phone call.msg,Follow up email to 11-22-22 meeting requesting facility flow diagram.,Industrial Pretreatment Program (IPP),"11/28/2022 12:00:00 AM",-4226573320530097253,WRD - NPDES,Application/Request,HPP-2KMC-JBEZV,Schedule - Submit information as requested
"https://mienviro.michigan.gov/ncore/downloadpdf/-4079014274836137113",PLANT SEWER LINES.pdf,Document submitted by Erik Olson of Cadillac Casting Inc. showing facility sewer lines.,Industrial Pretreatment Program (IPP),"11/30/2022 12:00:00 AM",-4079014274836137113,WRD - NPDES,Application/Request,HPP-2KMC-JBEZV,Schedule - Submit information as requested
"https://mienviro.michigan.gov/ncore/downloadpdf/8779469031468916456",2022-11-30RE_ Categorical determination _  CCI plant map with sewer drain lines.msg,Request for further information to Cadillac Casting regarding flow diagram.,Industrial Pretreatment Program (IPP),"11/30/2022 12:00:00 AM",8779469031468916456,WRD - NPDES,Application/Request,HPP-2KMC-JBEZV,Schedule - Submit information as requested
"https://mienviro.michigan.gov/ncore/downloadpdf/-6727498971597060316",PLANT SEWER LINES.pdf,Categorical determination for Cadillac Casting - Sewer Lines document,Industrial Pretreatment Program (IPP),"12/5/2022 12:00:00 AM",-6727498971597060316,n/a,Site,15637,Site
"https://mienviro.michigan.gov/ncore/downloadpdf/-5544698014196752694",RE_ Categorical determination _  CCI plant map with sewer drain lines.msg,Revised CCI discharge diagram,Industrial Pretreatment Program (IPP),"12/5/2022 12:00:00 AM",-5544698014196752694,WRD - NPDES,Application/Request,HPP-2KMC-JBEZV,Schedule - Submit information as requested
"https://mienviro.michigan.gov/ncore/downloadpdf/-4629405798728367349",FW_ Categorical determination _  CCI plant map with sewer drain lines.msg,Categorical determination for Cadillac Casting request with Plant Sewer Lines attached.,Industrial Pretreatment Program (IPP),"12/5/2022 12:00:00 AM",-4629405798728367349,n/a,Site,15637,Site
"https://mienviro.michigan.gov/ncore/downloadpdf/7493418984917684481",MI0020257_2022-11-01_to_2022-11-30_DMR.pdf,,Schedule - DMR Documents,"12/14/2022 12:00:00 AM",7493418984917684481,WRD - NPDES,Permit,MI0020257 v6.0,Schedule - DMR
"https://mienviro.michigan.gov/ncore/downloadpdf/4932616064872093542",Cadillac WWTP Pretreatment MAHL.msg,"Correspondence with Jeff Dietlin, City of Cadillac DPW Director, regarding extension of response date for MAHL and IPP Program updates.",Industrial Pretreatment Program (IPP),"1/17/2023 12:00:00 AM",4932616064872093542,WRD - NPDES,Application/Request,HPQ-9V73-V8DQD,Schedule - Submit MAHL Report and Proposed Local Limits
"https://mienviro.michigan.gov/ncore/downloadpdf/-5222364171687714003",MI0020257_2022-12-01_to_2022-12-31_DMR.pdf,,Schedule - DMR Documents,"1/19/2023 12:00:00 AM",-5222364171687714003,WRD - NPDES,Permit,MI0020257 v6.0,Schedule - DMR
"https://mienviro.michigan.gov/ncore/downloadpdf/-7866177930338727791",Copy of Cadillac_POTW_Monitoring_Data_Summary_comments.xlsx,nForm Document,Form Submission Attachments,"1/26/2023 12:00:00 AM",-7866177930338727791,WRD - NPDES,Application/Request,HPG-1ZNB-Y56ZQ,Schedule - Michigan Industrial Pretreatment Program (IPP) Annual Report
,Biosolids Dry Tons Calc Fall 2021.xls,nForm Document,Form Submission Attachments,"1/26/2023 12:00:00 AM",-5331002028205101512,WRD - NPDES,Application/Request,HPN-5DCS-H4WTR,Schedule - Biosolids Annual Report
"https://mienviro.michigan.gov/ncore/downloadpdf/-5073065224517371865",Biosolids Dry Tons Calc Spring 2022.xls,nForm Document,Form Submission Attachments,"1/26/2023 12:00:00 AM",-5073065224517371865,WRD - NPDES,Application/Request,HPN-5DCS-H4WTR,Schedule - Biosolids Annual Report
"https://mienviro.michigan.gov/ncore/downloadpdf/-3261503517011531799",HPN-5DCS-H4WTR v2.pdf v2,Submission PDF,Misc. Application and Request Docs,"1/26/2023 12:00:00 AM",-3261503517011531799,WRD - NPDES,Application/Request,HPN-5DCS-H4WTR,Schedule - Biosolids Annual Report
"https://mienviro.michigan.gov/ncore/downloadpdf/-2502405131923357677",Copy of Copy of Cadillac_POTW_Oversight_comments Revised.xlsx,nForm Document,Form Submission Attachments,"1/26/2023 12:00:00 AM",-2502405131923357677,WRD - NPDES,Application/Request,HPG-1ZNB-Y56ZQ,Schedule - Michigan Industrial Pretreatment Program (IPP) Annual Report
"https://mienviro.michigan.gov/ncore/downloadpdf/-1501875472525095997",HPG-1ZNB-Y56ZQ v2.pdf v2,Submission PDF,Misc. Application and Request Docs,"1/26/2023 12:00:00 AM",-1501875472525095997,WRD - NPDES,Application/Request,HPG-1ZNB-Y56ZQ,Schedule - Michigan Industrial Pretreatment Program (IPP) Annual Report
"https://mienviro.michigan.gov/ncore/downloadpdf/2784982293074044526",2023-01-26FW_ Timeframe.msg,Proposed schedule for requested extension on response to IPP program updates.,Industrial Pretreatment Program (IPP),"1/26/2023 12:00:00 AM",2784982293074044526,WRD - NPDES,Application/Request,HPQ-9V73-V8DQD,Schedule - Submit MAHL Report and Proposed Local Limits
"https://mienviro.michigan.gov/ncore/downloadpdf/5778351404021667404",Copy of SIU-CIU_List comments Revised.xlsx,nForm Document,Form Submission Attachments,"1/26/2023 12:00:00 AM",5778351404021667404,WRD - NPDES,Application/Request,HPG-1ZNB-Y56ZQ,Schedule - Michigan Industrial Pretreatment Program (IPP) Annual Report
"https://mienviro.michigan.gov/ncore/downloadpdf/8551113993498243935",2022 Spring Lab Data.pdf,nForm Document,Form Submission Attachments,"1/26/2023 12:00:00 AM",8551113993498243935,WRD - NPDES,Application/Request,HPN-5DCS-H4WTR,Schedule - Biosolids Annual Report
"https://mienviro.michigan.gov/ncore/downloadpdf/-2539768404401797754",2023-01-27 RE_ Timeframe.msg,Extension approval for MAHL/local limits and IPP Program updates.,Industrial Pretreatment Program (IPP),"1/27/2023 12:00:00 AM",-2539768404401797754,WRD - NPDES,Compliance Action,VN-012230,Violation Notice
"https://mienviro.michigan.gov/ncore/downloadpdf/7397616175680015486",Categorical determination - Cadillac casting.msg,Categorical Determination info request from EGLE to Cadillac Casting,Industrial Pretreatment Program (IPP),"1/27/2023 12:00:00 AM",7397616175680015486,n/a,Site,15637,Site
"https://mienviro.michigan.gov/ncore/downloadpdf/2291773997099292855",Categorical determination - Cadillac casting email chain discussing processes .msg,"Email chain w/requested information provided by Cadillac Casting, internal discussion followed regarding information",Industrial Pretreatment Program (IPP),"1/30/2023 12:00:00 AM",2291773997099292855,n/a,Site,15637,Site
"https://mienviro.michigan.gov/ncore/downloadpdf/-8646920525963922439",Biosolids CPLR 21N08W30-AB01.xls,,NPDES Submittal Docs,"2/1/2023 12:00:00 AM",-8646920525963922439,WRD - NPDES,Application/Request,HPN-5DCS-H4WTR,Schedule - Biosolids Annual Report
,Biosolids CPLR 21N08W30-AB02.xls,,NPDES Submittal Docs,"2/1/2023 12:00:00 AM",-1971752546754549666,WRD - NPDES,Application/Request,HPN-5DCS-H4WTR,Schedule - Biosolids Annual Report
,Biosolids CPLR 21N08W30-AB03.xls,,NPDES Submittal Docs,"2/1/2023 12:00:00 AM",-167581100178037291,WRD - NPDES,Application/Request,HPN-5DCS-H4WTR,Schedule - Biosolids Annual Report
,Biosolids CPLR 21N09W27-WR01.xls,,NPDES Submittal Docs,"2/1/2023 12:00:00 AM",1813286111951275996,WRD - NPDES,Application/Request,HPN-5DCS-H4WTR,Schedule - Biosolids Annual Report
,Biosolids CPLR 21N08W30-AB04.xls,,NPDES Submittal Docs,"2/1/2023 12:00:00 AM",3055340525632494385,WRD - NPDES,Application/Request,HPN-5DCS-H4WTR,Schedule - Biosolids Annual Report
,Biosolids CPLR 21N09W27-JR01.xls,,NPDES Submittal Docs,"2/1/2023 12:00:00 AM",5416116335617701541,WRD - NPDES,Application/Request,HPN-5DCS-H4WTR,Schedule - Biosolids Annual Report
,Biosolids CPLR 20N09W06-DI01.xls,,NPDES Submittal Docs,"2/1/2023 12:00:00 AM",7934928867011931261,WRD - NPDES,Application/Request,HPN-5DCS-H4WTR,Schedule - Biosolids Annual Report
"https://mienviro.michigan.gov/ncore/downloadpdf/-8099930221942787423",MI0020257_2023-01-01_to_2023-01-31_DMR.pdf,,Schedule - DMR Documents,"2/14/2023 12:00:00 AM",-8099930221942787423,WRD - NPDES,Permit,MI0020257 v6.0,Schedule - DMR
"https://mienviro.michigan.gov/ncore/downloadpdf/4930666656990348064",Categorical determination - Cadillac casting flow diagram.msg,Flow diagram plus email chain between EGLE and Cadillac Casting,Industrial Pretreatment Program (IPP),"2/24/2023 12:00:00 AM",4930666656990348064,n/a,Site,15637,Site
"https://mienviro.michigan.gov/ncore/downloadpdf/-8432930753741426596",22.07.Inf.Eff.LLHg.Pace.pdf,nForm Document,Form Submission Attachments,"3/2/2023 12:00:00 AM",-8432930753741426596,WRD - NPDES,Application/Request,HPR-V2MX-EVFMF,Schedule - Pollutant Minimization Program (PMP) Annual Report
"https://mienviro.michigan.gov/ncore/downloadpdf/-6341729527407241338",22.04.Inf.Eff.LLHg.Pace.pdf,nForm Document,Form Submission Attachments,"3/2/2023 12:00:00 AM",-6341729527407241338,WRD - NPDES,Application/Request,HPR-V2MX-EVFMF,Schedule - Pollutant Minimization Program (PMP) Annual Report
"https://mienviro.michigan.gov/ncore/downloadpdf/-5502699534190531294",22.10.Inf.Eff.LLHg.Pace.pdf,nForm Document,Form Submission Attachments,"3/2/2023 12:00:00 AM",-5502699534190531294,WRD - NPDES,Application/Request,HPR-V2MX-EVFMF,Schedule - Pollutant Minimization Program (PMP) Annual Report
"https://mienviro.michigan.gov/ncore/downloadpdf/-4876625107941421488",22.01.Inf.Eff.LLHg.Pace.pdf,nForm Document,Form Submission Attachments,"3/2/2023 12:00:00 AM",-4876625107941421488,WRD - NPDES,Application/Request,HPR-V2MX-EVFMF,Schedule - Pollutant Minimization Program (PMP) Annual Report
"https://mienviro.michigan.gov/ncore/downloadpdf/2550046888663328517",HPR-V2MX-EVFMF v1.pdf v1,Submission PDF,Misc. Application and Request Docs,"3/2/2023 12:00:00 AM",2550046888663328517,WRD - NPDES,Application/Request,HPR-V2MX-EVFMF,Schedule - Pollutant Minimization Program (PMP) Annual Report
"https://mienviro.michigan.gov/ncore/downloadpdf/4481898124785245370",220308.biosolids.PACE.pdf,nForm Document,Form Submission Attachments,"3/2/2023 12:00:00 AM",4481898124785245370,WRD - NPDES,Application/Request,HPR-V2MX-EVFMF,Schedule - Pollutant Minimization Program (PMP) Annual Report
"https://mienviro.michigan.gov/ncore/downloadpdf/4645671508185599697",List of Potential Mercury Sources 2022.doc,nForm Document,Form Submission Attachments,"3/2/2023 12:00:00 AM",4645671508185599697,WRD - NPDES,Application/Request,HPR-V2MX-EVFMF,Schedule - Pollutant Minimization Program (PMP) Annual Report
"https://mienviro.michigan.gov/ncore/downloadpdf/5005199782516719822",220922.biosolids.wHg.PACE.pdf,nForm Document,Form Submission Attachments,"3/2/2023 12:00:00 AM",5005199782516719822,WRD - NPDES,Application/Request,HPR-V2MX-EVFMF,Schedule - Pollutant Minimization Program (PMP) Annual Report
"https://mienviro.michigan.gov/ncore/downloadpdf/5945261452330875896",2023-03-03-Cadillac Casting Categorical determination.docx,,Industrial Pretreatment Program (IPP),"3/3/2023 12:00:00 AM",5945261452330875896,n/a,Site,15637,Site
"https://mienviro.michigan.gov/ncore/downloadpdf/6784107865186182958",2023-03-07 Categorical IU Assessment Request - Cadillac WWTP.pdf,,Industrial Pretreatment Program (IPP),"3/7/2023 12:00:00 AM",6784107865186182958,n/a,Site,15637,Site
"https://mienviro.michigan.gov/ncore/downloadpdf/-6731272644299148160",MI0020257_2023-02-01_to_2023-02-28_DMR.pdf,,Schedule - DMR Documents,"3/15/2023 12:00:00 AM",-6731272644299148160,WRD - NPDES,Permit,MI0020257 v6.0,Schedule - DMR
"https://mienviro.michigan.gov/ncore/downloadpdf/5848440851923005277",Cadillac IPP follow up.msg,Request for further extension on IPP submissions.,Industrial Pretreatment Program (IPP),"3/17/2023 12:00:00 AM",5848440851923005277,WRD - NPDES,Compliance Action,VN-012230,Violation Notice
"https://mienviro.michigan.gov/ncore/downloadpdf/5689250136172512254",2023-03-21 RE_ Cadillac IPP follow up.msg,Extension request for IPP revisions.,Industrial Pretreatment Program (IPP),"3/21/2023 12:00:00 AM",5689250136172512254,WRD - NPDES,Compliance Action,VN-012230,Violation Notice
"https://mienviro.michigan.gov/ncore/downloadpdf/6580583183333019148",2023-03-21 RE_ Cadillac IPP follow up.msg,Extension request approved.,Industrial Pretreatment Program (IPP),"3/21/2023 12:00:00 AM",6580583183333019148,WRD - NPDES,Compliance Action,VN-012230,Violation Notice
"https://mienviro.michigan.gov/ncore/downloadpdf/-7854015285679267528",SIU-CIU_List 2022.xlsx,nForm Document,Form Submission Attachments,"4/10/2023 12:00:00 AM",-7854015285679267528,WRD - NPDES,Application/Request,HPS-A3KN-2FH30,Schedule - Michigan Industrial Pretreatment Program (IPP) Annual Report
"https://mienviro.michigan.gov/ncore/downloadpdf/-7396306740027901357",HPS-A3KN-2FH30 v1.pdf v1,Submission PDF,Misc. Application and Request Docs,"4/10/2023 12:00:00 AM",-7396306740027901357,WRD - NPDES,Application/Request,HPS-A3KN-2FH30,Schedule - Michigan Industrial Pretreatment Program (IPP) Annual Report
"https://mienviro.michigan.gov/ncore/downloadpdf/-4325347701521375082",IPP 2022 News.pdf,nForm Document,Form Submission Attachments,"4/10/2023 12:00:00 AM",-4325347701521375082,WRD - NPDES,Application/Request,HPS-A3KN-2FH30,Schedule - Michigan Industrial Pretreatment Program (IPP) Annual Report
"https://mienviro.michigan.gov/ncore/downloadpdf/6846973406582359",IPP News Affidavit 2023.pdf,nForm Document,Form Submission Attachments,"4/10/2023 12:00:00 AM",6846973406582359,WRD - NPDES,Application/Request,HPS-A3KN-2FH30,Schedule - Michigan Industrial Pretreatment Program (IPP) Annual Report
"https://mienviro.michigan.gov/ncore/downloadpdf/628790507374549505",POTW_Monitoring_Data_Summary 2022.xlsx,nForm Document,Form Submission Attachments,"4/10/2023 12:00:00 AM",628790507374549505,WRD - NPDES,Application/Request,HPS-A3KN-2FH30,Schedule - Michigan Industrial Pretreatment Program (IPP) Annual Report
"https://mienviro.michigan.gov/ncore/downloadpdf/900324230421960658",Copy of Copy of Cadillac_POTW_Oversight 2022.xlsx,nForm Document,Form Submission Attachments,"4/10/2023 12:00:00 AM",900324230421960658,WRD - NPDES,Application/Request,HPS-A3KN-2FH30,Schedule - Michigan Industrial Pretreatment Program (IPP) Annual Report
"https://mienviro.michigan.gov/ncore/downloadpdf/2369463525612990207",Application Compliance Comments Memo - NPDES.docx,,Misc. NPDES Permit Docs,"4/18/2023 12:00:00 AM",2369463525612990207,WRD - NPDES,Permit,MI0020257 v7.0,NPDES Individual Permit
"https://mienviro.michigan.gov/ncore/downloadpdf/-3895171563158295781",HPG-1ZNB-Y56ZQ v3.pdf v3,Submission PDF,Misc. Application and Request Docs,"4/20/2023 12:00:00 AM",-3895171563158295781,WRD - NPDES,Application/Request,HPG-1ZNB-Y56ZQ,Schedule - Michigan Industrial Pretreatment Program (IPP) Annual Report
"https://mienviro.michigan.gov/ncore/downloadpdf/5869492236756434666",SIU-CIU_List 2022.xlsx,nForm Document,Form Submission Attachments,"4/20/2023 12:00:00 AM",5869492236756434666,WRD - NPDES,Application/Request,HPG-1ZNB-Y56ZQ,Schedule - Michigan Industrial Pretreatment Program (IPP) Annual Report
"https://mienviro.michigan.gov/ncore/downloadpdf/7751947053449677155",MI0020257_2023-03-01_to_2023-03-31_DMR.pdf,,Schedule - DMR Documents,"4/20/2023 12:00:00 AM",7751947053449677155,WRD - NPDES,Permit,MI0020257 v6.0,Schedule - DMR
"https://mienviro.michigan.gov/ncore/downloadpdf/-1676672740964083188",Basis for Decision Memo-FINAL_Cadillac WWTP.docx,,NPDES Individual Permit,"4/24/2023 12:00:00 AM",-1676672740964083188,WRD - NPDES,Permit,MI0020257 v7.0,NPDES Individual Permit
"https://mienviro.michigan.gov/ncore/downloadpdf/3328442549855357227",NPDES Permit-FINAL_Cadillac WWTP.docx,,NPDES Individual Permit,"4/25/2023 12:00:00 AM",3328442549855357227,WRD - NPDES,Permit,MI0020257 v7.0,NPDES Individual Permit
"https://mienviro.michigan.gov/ncore/downloadpdf/-4803265575480304473",Fact Sheet for NPDES Permit_Cadillac WWTP.docx,,NPDES Individual Permit,"4/27/2023 12:00:00 AM",-4803265575480304473,WRD - NPDES,Permit,MI0020257 v7.0,NPDES Individual Permit
"https://mienviro.michigan.gov/ncore/downloadpdf/-2349539817018783904",2023-04-27 SVN-01351 Cadillac WWTP.pdf,,"Water Quality VNs, SVNs, ENs","4/27/2023 12:00:00 AM",-2349539817018783904,WRD - NPDES,Compliance Action,SVN-01351,Second Violation Notice
"https://mienviro.michigan.gov/ncore/downloadpdf/2087007105066150606",MI0020257_2023-04-01_to_2023-04-30_DMR.pdf,,Schedule - DMR Documents,"5/18/2023 12:00:00 AM",2087007105066150606,WRD - NPDES,Permit,MI0020257 v6.0,Schedule - DMR
"https://mienviro.michigan.gov/ncore/downloadpdf/-9073857214908716294",HPV-1RCJ-X06GE v1.pdf,Submission PDF,Form Submission Attachments,"5/31/2023 12:00:00 AM",-9073857214908716294,WRD - NPDES,Application/Request,HPV-1RCJ-X06GE,Schedule - PFAS POTW Effluent Monitoring Report
"https://mienviro.michigan.gov/ncore/downloadpdf/-8387245820521192173",23.04.Eff.PFAS.PACEalpha.pdf,nForm Document,Form Submission Attachments,"5/31/2023 12:00:00 AM",-8387245820521192173,WRD - NPDES,Application/Request,HPV-1RCJ-X06GE,Schedule - PFAS POTW Effluent Monitoring Report
"https://mienviro.michigan.gov/ncore/downloadpdf/-5466261733930014819",Cadillac WWTP 2023 SFS 061223.docx,,Misc. NPDES Evaluation Docs,"6/12/2023 12:00:00 AM",-5466261733930014819,WRD - NPDES,Evaluation,E-11682,NPDES CSI-Conventionals Only (07/10/2023)
"https://mienviro.michigan.gov/ncore/downloadpdf/3372222984602268546",2023-6-12 RE_ Cadillac IPP follow up.msg,Email to City of Cadillac and consultant regarding failure to submit expected response/,"Water Quality VNs, SVNs, ENs","6/12/2023 12:00:00 AM",3372222984602268546,WRD - NPDES,Compliance Action,VN-012230,Violation Notice
"https://mienviro.michigan.gov/ncore/downloadpdf/4352999731468470130",2023-06-12 RE_ Cadillac IPP follow up.msg,POTW response - late submittal.,Industrial Pretreatment Program (IPP),"6/12/2023 12:00:00 AM",4352999731468470130,WRD - NPDES,Compliance Action,VN-012230,Violation Notice
"https://mienviro.michigan.gov/ncore/downloadpdf/848804122887967375",MI0020257_2023-05-01_to_2023-05-31_DMR.pdf,,Schedule - DMR Documents,"6/15/2023 12:00:00 AM",848804122887967375,WRD - NPDES,Permit,MI0020257 v6.0,Schedule - DMR
"https://mienviro.michigan.gov/ncore/downloadpdf/-6680653334060657986",Public Notice Document_Cadillac WWTP.docx,,NPDES Individual Permit,"6/29/2023 12:00:00 AM",-6680653334060657986,WRD - NPDES,Permit,MI0020257 v7.0,NPDES Individual Permit
"https://mienviro.michigan.gov/ncore/downloadpdf/-7988070970922691434",Cadillac WWTP Jul 2023 WRD CSI Inspection Form 071023.pdf,,NPDES Majors and Minors Evaluation,"7/10/2023 12:00:00 AM",-7988070970922691434,WRD - NPDES,Evaluation,E-11682,NPDES CSI-Conventionals Only (07/10/2023)
"https://mienviro.michigan.gov/ncore/downloadpdf/-5546649233492118689",HPS-NR5G-MY95T v2.pdf,Submission PDF,Form Submission Attachments,"7/18/2023 12:00:00 AM",-5546649233492118689,WRD - NPDES,Application/Request,HPS-NR5G-MY95T,Permit Change - No Exposure Certification (NEC) Renewal for Exclusion of Coverage under the NPDES Stormwater Discharges Associated with Industrial Activity
"https://mienviro.michigan.gov/ncore/downloadpdf/8493033564372153818",MI0020257_2023-06-01_to_2023-06-30_DMR.pdf,,Schedule - DMR Documents,"7/18/2023 12:00:00 AM",8493033564372153818,WRD - NPDES,Permit,MI0020257 v6.0,Schedule - DMR
"https://mienviro.michigan.gov/ncore/downloadpdf/6467084543884516640",Pre-Public Notice Letter_Cadillac WWTP.msg,,Misc. NPDES Permit Docs,"7/27/2023 12:00:00 AM",6467084543884516640,WRD - NPDES,Permit,MI0020257 v7.0,NPDES Individual Permit
"https://mienviro.michigan.gov/ncore/downloadpdf/-1408874561353041047",WQBELBiologistFactSheet_MI0020257_PFOS_08-01-2023.doc,Updated WQBEL review for PFOS.,Misc. Permit Docs,"8/1/2023 12:00:00 AM",-1408874561353041047,WRD - NPDES,Permit,MI0020257 v7.0,NPDES Individual Permit
"https://mienviro.michigan.gov/ncore/downloadpdf/-1172770483702568257",IPP modification 812023.pdf,,Industrial Pretreatment Program (IPP),"8/1/2023 12:00:00 AM",-1172770483702568257,WRD - NPDES,Compliance Action,VN-012230,Violation Notice
"https://mienviro.michigan.gov/ncore/downloadpdf/1195067454859372668",Preliminary Effluent Limits (PEL)_MI0020257_Outfall 001_PFAS_08-01-2023.xls,,Misc. Permit Docs,"8/1/2023 12:00:00 AM",1195067454859372668,WRD - NPDES,Permit,MI0020257 v7.0,NPDES Individual Permit
"https://mienviro.michigan.gov/ncore/downloadpdf/-6276326128858613540",MI0020257_2023-07-01_to_2023-07-31_DMR.pdf,,Schedule - DMR Documents,"8/15/2023 12:00:00 AM",-6276326128858613540,WRD - NPDES,Permit,MI0020257 v6.0,Schedule - DMR
"https://mienviro.michigan.gov/ncore/downloadpdf/3176009271693558800",2023 Cadillac WWTP CSI Final Sampling Report 082223.pdf,,NPDES Majors and Minors Evaluation,"8/22/2023 12:00:00 AM",3176009271693558800,WRD - NPDES,Evaluation,E-11682,NPDES CSI-Conventionals Only (07/10/2023)
"https://mienviro.michigan.gov/ncore/downloadpdf/-4700055520337929844",MI0020257_2023-08-01_to_2023-08-31_DMR.pdf,,Schedule - DMR Documents,"9/19/2023 12:00:00 AM",-4700055520337929844,WRD - NPDES,Permit,MI0020257 v6.0,Schedule - DMR
"https://mienviro.michigan.gov/ncore/downloadpdf/-7665686165939302867",Cadillac WWTP  July 10 2023 Inspection Transmit 092923.msg,,NPDES Majors and Minors Evaluation,"9/29/2023 12:00:00 AM",-7665686165939302867,WRD - NPDES,Evaluation,E-11682,NPDES CSI-Conventionals Only (07/10/2023)
"https://mienviro.michigan.gov/ncore/downloadpdf/-4688409677041119888",854440 Cadillac MAHL Report 2023_comments_CLL.pdf,,Industrial Pretreatment Program (IPP),"10/2/2023 12:00:00 AM",-4688409677041119888,WRD - NPDES,Application/Request,HPV-DHMB-MCAGV,Schedule - Submit MAHL and proposed local limits
"https://mienviro.michigan.gov/ncore/downloadpdf/658827487378612350",2023-10-03 NPDES IPP Modification Submittal - Cadillac WWTP.pdf,,Industrial Pretreatment Program (IPP),"10/3/2023 12:00:00 AM",658827487378612350,WRD - NPDES,Application/Request,HPV-DHMB-MCAGV,Schedule - Submit MAHL and proposed local limits
"https://mienviro.michigan.gov/ncore/downloadpdf/-8291667399128555217",Pre-Public Notice Comments and Response-First Round_Cadillac WWTP.msg,,Misc. NPDES Permit Docs,"10/5/2023 12:00:00 AM",-8291667399128555217,WRD - NPDES,Permit,MI0020257 v7.0,NPDES Individual Permit
"https://mienviro.michigan.gov/ncore/downloadpdf/-7629441400464847672",Pre-Public Notice Comments and Response-Fourth Round_Cadillac WWTP.msg,,Misc. NPDES Permit Docs,"10/5/2023 12:00:00 AM",-7629441400464847672,WRD - NPDES,Permit,MI0020257 v7.0,NPDES Individual Permit
"https://mienviro.michigan.gov/ncore/downloadpdf/-5468174260920066034",Fwd Cadillac - Preliminary Pre-Public Notice Discussion Items.msg,,Misc. NPDES Permit Docs,"10/5/2023 12:00:00 AM",-5468174260920066034,WRD - NPDES,Permit,MI0020257 v7.0,NPDES Individual Permit
"https://mienviro.michigan.gov/ncore/downloadpdf/-3005959437642101164",RE Cadillac WWTP Application Review - IPP.msg,,Misc. Application and Request Docs,"10/5/2023 12:00:00 AM",-3005959437642101164,WRD - NPDES,Application/Request,HPG-1ZSF-KC99G,Permit Change - National Pollutant Discharge Elimination System (NPDES) Municipal Application Form (Reissuance)
"https://mienviro.michigan.gov/ncore/downloadpdf/-825643718394833452",Public Notice Letter_Cadillac WWTP.msg,,Misc. NPDES Permit Docs,"10/5/2023 12:00:00 AM",-825643718394833452,WRD - NPDES,Permit,MI0020257 v7.0,NPDES Individual Permit
"https://mienviro.michigan.gov/ncore/downloadpdf/600965222148005642",Pre-Public Notice Comments and Response-Second Round_Cadillac WWTP.msg,,Misc. NPDES Permit Docs,"10/5/2023 12:00:00 AM",600965222148005642,WRD - NPDES,Permit,MI0020257 v7.0,NPDES Individual Permit
"https://mienviro.michigan.gov/ncore/downloadpdf/2370249937544737160",Pre-Public Notice Comments and Response-Third Round_Cadillac WWTP.msg,,Misc. NPDES Permit Docs,"10/5/2023 12:00:00 AM",2370249937544737160,WRD - NPDES,Permit,MI0020257 v7.0,NPDES Individual Permit
"https://mienviro.michigan.gov/ncore/downloadpdf/2497047599243435925",FW Ammonia Implementation - FY23 Facility Information_Cadillac WWTP.msg,,Misc. NPDES Permit Docs,"10/5/2023 12:00:00 AM",2497047599243435925,WRD - NPDES,Permit,MI0020257 v7.0,NPDES Individual Permit
"https://mienviro.michigan.gov/ncore/downloadpdf/5993948840787884044",NPDES Permit-DRAFT for Public Notice_Cadillac WWTP.pdf,,Misc. NPDES Permit Docs,"10/5/2023 12:00:00 AM",5993948840787884044,WRD - NPDES,Permit,MI0020257 v7.0,NPDES Individual Permit
"https://mienviro.michigan.gov/ncore/downloadpdf/6252796811904198433",FW Preliminary City of Cadillac Comments on New Draft NPDES permit - Additional Monitoring.msg,,Misc. NPDES Permit Docs,"10/5/2023 12:00:00 AM",6252796811904198433,WRD - NPDES,Permit,MI0020257 v7.0,NPDES Individual Permit
"https://mienviro.michigan.gov/ncore/downloadpdf/6907198657668915430",Basis for Decision Memo-DRAFT for Public Notice_Cadillac WWTP.pdf,,Misc. NPDES Permit Docs,"10/5/2023 12:00:00 AM",6907198657668915430,WRD - NPDES,Permit,MI0020257 v7.0,NPDES Individual Permit
"https://mienviro.michigan.gov/ncore/downloadpdf/7705666445379538630",RE Cadillac WWTP - Asset Management.msg,,Misc. NPDES Permit Docs,"10/5/2023 12:00:00 AM",7705666445379538630,WRD - NPDES,Permit,MI0020257 v7.0,NPDES Individual Permit
"https://mienviro.michigan.gov/ncore/downloadpdf/9048110131299513037",RE Cadillac WWTP - Facility Upgrade History.msg,,Misc. Application and Request Docs,"10/5/2023 12:00:00 AM",9048110131299513037,WRD - NPDES,Application/Request,HPG-1ZSF-KC99G,Permit Change - National Pollutant Discharge Elimination System (NPDES) Municipal Application Form (Reissuance)
"https://mienviro.michigan.gov/ncore/downloadpdf/-6211174137511669758",Public Notice Notification_Cadillac WWTP.msg,,Misc. NPDES Permit Docs,"10/9/2023 12:00:00 AM",-6211174137511669758,WRD - NPDES,Permit,MI0020257 v7.0,NPDES Individual Permit
"https://mienviro.michigan.gov/ncore/downloadpdf/8376801999318758889",Public Notice Verification_Cadillac WWTP.msg,,Misc. NPDES Permit Docs,"10/10/2023 12:00:00 AM",8376801999318758889,WRD - NPDES,Permit,MI0020257 v7.0,NPDES Individual Permit
"https://mienviro.michigan.gov/ncore/downloadpdf/-4136545451102060813",MI0020257_2023-09-01_to_2023-09-30_DMR.pdf,,Schedule - DMR Documents,"10/18/2023 12:00:00 AM",-4136545451102060813,WRD - NPDES,Permit,MI0020257 v6.0,Schedule - DMR
"https://mienviro.michigan.gov/ncore/downloadpdf/-8569167833142375104",Lab&Hauling Data Spring 2023.pdf,nForm Document,Form Submission Attachments,"10/30/2023 12:00:00 AM",-8569167833142375104,WRD - NPDES,Application/Request,HPY-PZSD-5P4KK,Schedule - Biosolids Annual Report
"https://mienviro.michigan.gov/ncore/downloadpdf/-7497999519749080906",230413.biosolids.PFAS.Eurofins.pdf,nForm Document,Form Submission Attachments,"10/30/2023 12:00:00 AM",-7497999519749080906,WRD - NPDES,Application/Request,HPY-PZSD-5P4KK,Schedule - Biosolids Annual Report
"https://mienviro.michigan.gov/ncore/downloadpdf/-6824609228541828470",TVS & 38% Reduction 2023.xlsx,nForm Document,Form Submission Attachments,"10/30/2023 12:00:00 AM",-6824609228541828470,WRD - NPDES,Application/Request,HPY-PZSD-5P4KK,Schedule - Biosolids Annual Report
"https://mienviro.michigan.gov/ncore/downloadpdf/-6451230067817997181",230413.biosolids.pathogens.HML.pdf,nForm Document,Form Submission Attachments,"10/30/2023 12:00:00 AM",-6451230067817997181,WRD - NPDES,Application/Request,HPY-PZSD-5P4KK,Schedule - Biosolids Annual Report
"https://mienviro.michigan.gov/ncore/downloadpdf/-5819914351835707910",220308.PFAS.biosolids.Eurofins.pdf,nForm Document,Form Submission Attachments,"10/30/2023 12:00:00 AM",-5819914351835707910,WRD - NPDES,Application/Request,HPY-PZSD-5P4KK,Schedule - Biosolids Annual Report
"https://mienviro.michigan.gov/ncore/downloadpdf/-5425218218864500363",MI0020257_2022-10-01_to_2023-09-30_DMR.pdf,,Schedule - DMR Documents,"10/30/2023 12:00:00 AM",-5425218218864500363,WRD - NPDES,Permit,MI0020257 v6.0,Schedule - DMR
"https://mienviro.michigan.gov/ncore/downloadpdf/-5094807491365226409",220908.biosolids.HML.pdf,nForm Document,Form Submission Attachments,"10/30/2023 12:00:00 AM",-5094807491365226409,WRD - NPDES,Application/Request,HPY-PZSD-5P4KK,Schedule - Biosolids Annual Report
"https://mienviro.michigan.gov/ncore/downloadpdf/-3886276640963097788",HPY-PZSD-5P4KK v1.pdf,Submission PDF,Form Submission Attachments,"10/30/2023 12:00:00 AM",-3886276640963097788,WRD - NPDES,Application/Request,HPY-PZSD-5P4KK,Schedule - Biosolids Annual Report
"https://mienviro.michigan.gov/ncore/downloadpdf/-1962674721861553142",TVS & 38% Reduction 2023.xlsx,nForm Document,Form Submission Attachments,"10/30/2023 12:00:00 AM",-1962674721861553142,WRD - NPDES,Application/Request,HPY-PZSD-5P4KK,Schedule - Biosolids Annual Report
"https://mienviro.michigan.gov/ncore/downloadpdf/-160333847240832666",230413.biosolids.PACE.pdf,nForm Document,Form Submission Attachments,"10/30/2023 12:00:00 AM",-160333847240832666,WRD - NPDES,Application/Request,HPY-PZSD-5P4KK,Schedule - Biosolids Annual Report
"https://mienviro.michigan.gov/ncore/downloadpdf/2043208135530013588",220908.biosolids.HML.pdf,nForm Document,Form Submission Attachments,"10/30/2023 12:00:00 AM",2043208135530013588,WRD - NPDES,Application/Request,HPY-PZSD-5P4KK,Schedule - Biosolids Annual Report
"https://mienviro.michigan.gov/ncore/downloadpdf/2155700982656304587",Biosoilids Lab&Hauling Data Fall 22.pdf,nForm Document,Form Submission Attachments,"10/30/2023 12:00:00 AM",2155700982656304587,WRD - NPDES,Application/Request,HPY-PZSD-5P4KK,Schedule - Biosolids Annual Report
"https://mienviro.michigan.gov/ncore/downloadpdf/2881992229410529896",wrd-biosolids-land-application-Fall 2022.docx,nForm Document,Form Submission Attachments,"10/30/2023 12:00:00 AM",2881992229410529896,WRD - NPDES,Application/Request,HPY-PZSD-5P4KK,Schedule - Biosolids Annual Report
"https://mienviro.michigan.gov/ncore/downloadpdf/2889346767375100617",220908.biosolids.PACE(1).pdf,nForm Document,Form Submission Attachments,"10/30/2023 12:00:00 AM",2889346767375100617,WRD - NPDES,Application/Request,HPY-PZSD-5P4KK,Schedule - Biosolids Annual Report
"https://mienviro.michigan.gov/ncore/downloadpdf/3062463628357687507",Cadillac 2023 Certification.pdf,nForm Document,Form Submission Attachments,"10/30/2023 12:00:00 AM",3062463628357687507,WRD - NPDES,Application/Request,HPY-PZSD-5P4KK,Schedule - Biosolids Annual Report
"https://mienviro.michigan.gov/ncore/downloadpdf/3295667852876068635",220922.biosolids.wHg.PACE.pdf,nForm Document,Form Submission Attachments,"10/30/2023 12:00:00 AM",3295667852876068635,WRD - NPDES,Application/Request,HPY-PZSD-5P4KK,Schedule - Biosolids Annual Report
"https://mienviro.michigan.gov/ncore/downloadpdf/4645414317850651588",230413.biosolids.pathogens.HML.pdf,nForm Document,Form Submission Attachments,"10/30/2023 12:00:00 AM",4645414317850651588,WRD - NPDES,Application/Request,HPY-PZSD-5P4KK,Schedule - Biosolids Annual Report
"https://mienviro.michigan.gov/ncore/downloadpdf/5524288719980718474",Biosolids Land-App Ammounts Spring 2023.docx,nForm Document,Form Submission Attachments,"10/30/2023 12:00:00 AM",5524288719980718474,WRD - NPDES,Application/Request,HPY-PZSD-5P4KK,Schedule - Biosolids Annual Report
"https://mienviro.michigan.gov/ncore/downloadpdf/-5340921174317880270",RE Cadillac WWTP NH4 Treatment Capacity.msg,,Misc. NPDES Permit Docs,"11/9/2023 12:00:00 AM",-5340921174317880270,WRD - NPDES,Permit,MI0020257 v7.0,NPDES Individual Permit
"https://mienviro.michigan.gov/ncore/downloadpdf/-2807753579069029758",QA QC Report_Cadillac WWTP.docx,,Misc. NPDES Permit Docs,"11/13/2023 12:00:00 AM",-2807753579069029758,WRD - NPDES,Permit,MI0020257 v7.0,NPDES Individual Permit
"https://mienviro.michigan.gov/ncore/downloadpdf/3424349290255103354",MI0020257_2023-10-01_to_2023-10-31_DMR.pdf,,Schedule - DMR Documents,"11/15/2023 12:00:00 AM",3424349290255103354,WRD - NPDES,Permit,MI0020257 v6.0,Schedule - DMR
"https://mienviro.michigan.gov/ncore/downloadpdf/-8417291737125858667",IP Issuance Letter_Cadillac WWTP.msg,,Misc. NPDES Permit Docs,"12/6/2023 12:00:00 AM",-8417291737125858667,WRD - NPDES,Permit,MI0020257 v7.0,NPDES Individual Permit
"https://mienviro.michigan.gov/ncore/downloadpdf/-6153695210689889833",MI0020257_2023-11-01_to_2023-11-30_DMR.pdf,,Schedule - DMR Documents,"12/19/2023 12:00:00 AM",-6153695210689889833,WRD - NPDES,Permit,MI0020257 v6.0,Schedule - DMR
"https://mienviro.michigan.gov/ncore/downloadpdf/706798892213849649",20231220073633.pdf,Cadillac WWTP Biosolids RMP,NPDES Biosolids Site Docs,"12/20/2023 12:00:00 AM",706798892213849649,n/a,Site,15637,Site
"https://mienviro.michigan.gov/ncore/downloadpdf/-5932251857499979435",HQ0-715X-88YTN v1.pdf,Submission PDF,Form Submission Attachments,"12/27/2023 12:00:00 AM",-5932251857499979435,WRD - NPDES,Application/Request,HQ0-715X-88YTN,Schedule - PFAS POTW Effluent Monitoring Report
"https://mienviro.michigan.gov/ncore/downloadpdf/-5715032538938355155",23.04.Eff.PFAS.PACEalpha.pdf,nForm Document,Form Submission Attachments,"12/27/2023 12:00:00 AM",-5715032538938355155,WRD - NPDES,Application/Request,HQ0-715X-88YTN,Schedule - PFAS POTW Effluent Monitoring Report
"https://mienviro.michigan.gov/ncore/downloadpdf/4818593718558488586",23.10.Eff.PFAS.PACE.pdf,nForm Document,Form Submission Attachments,"12/27/2023 12:00:00 AM",4818593718558488586,WRD - NPDES,Application/Request,HQ0-715X-88YTN,Schedule - PFAS POTW Effluent Monitoring Report
"https://mienviro.michigan.gov/ncore/downloadpdf/2384776969229054939",2024 PFAS RMP Modification Cadillac WWTP.pdf,2024 RMP modification letter,Misc Site Docs,"1/2/2024 12:00:00 AM",2384776969229054939,n/a,Site,15637,Site
"https://mienviro.michigan.gov/ncore/downloadpdf/3311213816207012155",EGLE WRD Notification of 2024 Biosolids Containing PFAS Interim Strategy - Important Update.msg,2024 RMP modification email,Misc Site Docs,"1/2/2024 12:00:00 AM",3311213816207012155,n/a,Site,15637,Site
"https://mienviro.michigan.gov/ncore/downloadpdf/-1717711465238624689",RE_ EGLE WRD Notification of 2024 Biosolids Containing PFAS Interim Strategy - Important Update.msg,Response to 2024 RMP modification notification.,Misc Site Docs,"1/4/2024 12:00:00 AM",-1717711465238624689,n/a,Site,15637,Site
"https://mienviro.michigan.gov/ncore/downloadpdf/1575329048286160499",City of Cadillac December DMR .msg,Notification of violation on December DMR,NPDES Misc. Site Docs,"1/17/2024 12:00:00 AM",1575329048286160499,n/a,Site,15637,Site
"https://mienviro.michigan.gov/ncore/downloadpdf/-7671114250576559038",MI0020257_2023-12-01_to_2023-12-31_DMR.pdf,,Schedule - DMR Documents,"1/18/2024 12:00:00 AM",-7671114250576559038,WRD - NPDES,Permit,MI0020257 v6.0,Schedule - DMR
"https://mienviro.michigan.gov/ncore/downloadpdf/2890800664751381439",2024-01-22 Follow-up to VN-012230 IPP Procedures Manual Mod - City of Cadillac.pdf,,"Water Quality VNs, SVNs, ENs","1/22/2024 12:00:00 AM",2890800664751381439,WRD - NPDES,Compliance Action,VN-012230,Violation Notice
"https://mienviro.michigan.gov/ncore/downloadpdf/-4582637983325779571",MI0020257_2024-01-01_to_2024-01-31_DMR.pdf,,Schedule - DMR Documents,"2/23/2024 12:00:00 AM",-4582637983325779571,WRD - NPDES,Permit,MI0020257 v7.0,Schedule - DMR
"https://mienviro.michigan.gov/ncore/downloadpdf/-8946453493866835799",HQ1-1PD1-TAM4K v1.pdf,Submission PDF,Form Submission Attachments,"2/28/2024 12:00:00 AM",-8946453493866835799,WRD - NPDES,Application/Request,HQ1-1PD1-TAM4K,Schedule - PFAS POTW Effluent Monitoring Report
"https://mienviro.michigan.gov/ncore/downloadpdf/-7896215355329695707",MI0020257_2024-01-01_to_2024-01-31_2_DMR.pdf,,Schedule - DMR Documents,"2/28/2024 12:00:00 AM",-7896215355329695707,WRD - NPDES,Permit,MI0020257 v7.0,Schedule - DMR
"https://mienviro.michigan.gov/ncore/downloadpdf/113876732928915668",24.01.PFOS.Pace.pdf,nForm Document,Form Submission Attachments,"2/28/2024 12:00:00 AM",113876732928915668,WRD - NPDES,Application/Request,HQ1-1PD1-TAM4K,Schedule - PFAS POTW Effluent Monitoring Report
"https://mienviro.michigan.gov/ncore/downloadpdf/-6270738930326041252",Public Notice of IPP Violation 2023.pdf,nForm Document,Form Submission Attachments,"3/14/2024 12:00:00 AM",-6270738930326041252,WRD - NPDES,Application/Request,HQ2-3J17-F59S4,Schedule - Michigan Industrial Pretreatment Program (IPP) Annual Report
"https://mienviro.michigan.gov/ncore/downloadpdf/-4840329572969354378",HPS-A3KN-2FH30 v2.pdf,Submission PDF,Form Submission Attachments,"3/14/2024 12:00:00 AM",-4840329572969354378,WRD - NPDES,Application/Request,HPS-A3KN-2FH30,Schedule - Michigan Industrial Pretreatment Program (IPP) Annual Report
"https://mienviro.michigan.gov/ncore/downloadpdf/-4388086132233008333",SIU CIU List 2023.xlsx,nForm Document,Form Submission Attachments,"3/14/2024 12:00:00 AM",-4388086132233008333,WRD - NPDES,Application/Request,HQ2-3J17-F59S4,Schedule - Michigan Industrial Pretreatment Program (IPP) Annual Report
"https://mienviro.michigan.gov/ncore/downloadpdf/-3620922242050658812",FW_ Box advertisment.msg,nForm Document,Form Submission Attachments,"3/14/2024 12:00:00 AM",-3620922242050658812,WRD - NPDES,Application/Request,HQ2-3J17-F59S4,Schedule - Michigan Industrial Pretreatment Program (IPP) Annual Report
"https://mienviro.michigan.gov/ncore/downloadpdf/-2941727261432326363",HQ2-3J17-F59S4 v1.pdf,Submission PDF,Form Submission Attachments,"3/14/2024 12:00:00 AM",-2941727261432326363,WRD - NPDES,Application/Request,HQ2-3J17-F59S4,Schedule - Michigan Industrial Pretreatment Program (IPP) Annual Report
"https://mienviro.michigan.gov/ncore/downloadpdf/-2161533198352051130",Cadillac POTW Oversight 2023.xlsx,nForm Document,Form Submission Attachments,"3/14/2024 12:00:00 AM",-2161533198352051130,WRD - NPDES,Application/Request,HQ2-3J17-F59S4,Schedule - Michigan Industrial Pretreatment Program (IPP) Annual Report
"https://mienviro.michigan.gov/ncore/downloadpdf/287067914951903330",POTW Monitoring Data Summary 2023.xlsx,nForm Document,Form Submission Attachments,"3/14/2024 12:00:00 AM",287067914951903330,WRD - NPDES,Application/Request,HQ2-3J17-F59S4,Schedule - Michigan Industrial Pretreatment Program (IPP) Annual Report
"https://mienviro.michigan.gov/ncore/downloadpdf/-8451675010957020339",MI0020257_2024-02-01_to_2024-02-29_DMR.pdf,,Schedule - DMR Documents,"3/19/2024 12:00:00 AM",-8451675010957020339,WRD - NPDES,Permit,MI0020257 v7.0,Schedule - DMR
"https://mienviro.michigan.gov/ncore/downloadpdf/-7911758323516852438",Cadillac WWTP IPP.msg,Reminder of missed submission date.,Industrial Pretreatment Program (IPP),"4/4/2024 12:00:00 AM",-7911758323516852438,WRD - NPDES,Compliance Action,VN-012230,Violation Notice
"https://mienviro.michigan.gov/ncore/downloadpdf/-5361236644085330885",IPP Revision extension.msg,Extension of due date request.,Industrial Pretreatment Program (IPP),"4/4/2024 12:00:00 AM",-5361236644085330885,WRD - NPDES,Compliance Action,VN-012230,Violation Notice
"https://mienviro.michigan.gov/ncore/downloadpdf/2761365522297909421",RE_ IPP Revision extension.msg,Extension approval.,Industrial Pretreatment Program (IPP),"4/4/2024 12:00:00 AM",2761365522297909421,WRD - NPDES,Compliance Action,VN-012230,Violation Notice
"https://mienviro.michigan.gov/ncore/downloadpdf/-1920710798673030611",IPP Annual Report.msg,Comments on IPP Annual Report.,Industrial Pretreatment Program (IPP),"4/10/2024 12:00:00 AM",-1920710798673030611,WRD - NPDES,Application/Request,HQ2-3J17-F59S4,Schedule - Michigan Industrial Pretreatment Program (IPP) Annual Report
"https://mienviro.michigan.gov/ncore/downloadpdf/8653999699327277742",MI0020257_2024-03-01_to_2024-03-31_DMR.pdf,,Schedule - DMR Documents,"4/17/2024 12:00:00 AM",8653999699327277742,WRD - NPDES,Permit,MI0020257 v7.0,Schedule - DMR
"https://mienviro.michigan.gov/ncore/downloadpdf/6728668410666358695",2024 Recon Report.docx,,Inspection Report,"4/24/2024 12:00:00 AM",6728668410666358695,WRD - NPDES,Evaluation,E-PN651347951074,NPDES Recon (04/10/2024)
"https://mienviro.michigan.gov/ncore/downloadpdf/597291886414484474",MI0020257_2024-04-01_to_2024-04-30_DMR.pdf,,Schedule - DMR Documents,"5/15/2024 12:00:00 AM",597291886414484474,WRD - NPDES,Permit,MI0020257 v7.0,Schedule - DMR
"https://mienviro.michigan.gov/ncore/downloadpdf/1975340473533412745",RE_ Time delay for IPP information.msg,"Extension request and approval for SUO, IPP manual, and revised IU permits.",Industrial Pretreatment Program (IPP),"5/30/2024 12:00:00 AM",1975340473533412745,WRD - NPDES,Compliance Action,VN-012230,Violation Notice
"https://mienviro.michigan.gov/ncore/downloadpdf/-3078907644679546253",HQ2-3J17-F59S4 v2.pdf,Submission PDF,Form Submission Attachments,"6/14/2024 12:00:00 AM",-3078907644679546253,WRD - NPDES,Application/Request,HQ2-3J17-F59S4,Schedule - Michigan Industrial Pretreatment Program (IPP) Annual Report
"https://mienviro.michigan.gov/ncore/downloadpdf/3873970634705685549",HPS-A3KN-2FH30 v3.pdf,Submission PDF,Form Submission Attachments,"6/14/2024 12:00:00 AM",3873970634705685549,WRD - NPDES,Application/Request,HPS-A3KN-2FH30,Schedule - Michigan Industrial Pretreatment Program (IPP) Annual Report
"https://mienviro.michigan.gov/ncore/downloadpdf/-7872674955440036361",RE_ IPP Program Manual.msg,Extension request and approval for due date to submit the IPP program manual.,Industrial Pretreatment Program (IPP),"6/17/2024 12:00:00 AM",-7872674955440036361,WRD - NPDES,Compliance Action,VN-012230,Violation Notice
"https://mienviro.michigan.gov/ncore/downloadpdf/1513680993316561227",MI0020257_2024-05-01_to_2024-05-31_DMR.pdf,,Schedule - DMR Documents,"6/20/2024 12:00:00 AM",1513680993316561227,WRD - NPDES,Permit,MI0020257 v7.0,Schedule - DMR
"https://mienviro.michigan.gov/ncore/downloadpdf/-1499921416533827855",50374521_frc.pdf,nForm Document,Form Submission Attachments,"7/1/2024 12:00:00 AM",-1499921416533827855,WRD - NPDES,Application/Request,HQ4-SQ4J-259F6,Schedule - PFAS POTW Effluent Monitoring Report
"https://mienviro.michigan.gov/ncore/downloadpdf/5544170528469842000",HQ4-SQ4J-259F6 v1.pdf,Submission PDF,Form Submission Attachments,"7/1/2024 12:00:00 AM",5544170528469842000,WRD - NPDES,Application/Request,HQ4-SQ4J-259F6,Schedule - PFAS POTW Effluent Monitoring Report
"https://mienviro.michigan.gov/ncore/downloadpdf/4670973250636877518",HQ4-SQ4J-259F6 v2.pdf,Submission PDF,Form Submission Attachments,"7/2/2024 12:00:00 AM",4670973250636877518,WRD - NPDES,Application/Request,HQ4-SQ4J-259F6,Schedule - PFAS POTW Effluent Monitoring Report
"https://mienviro.michigan.gov/ncore/downloadpdf/-7142388875090971516",HQ4-SQ4J-259F6 v3.pdf,Submission PDF,Form Submission Attachments,"7/10/2024 12:00:00 AM",-7142388875090971516,WRD - NPDES,Application/Request,HQ4-SQ4J-259F6,Schedule - PFAS POTW Effluent Monitoring Report
"https://mienviro.michigan.gov/ncore/downloadpdf/6990146337876146453",24.05.PFOS.EDD.Pace.xlsx,nForm Document,Form Submission Attachments,"7/10/2024 12:00:00 AM",6990146337876146453,WRD - NPDES,Application/Request,HQ4-SQ4J-259F6,Schedule - PFAS POTW Effluent Monitoring Report
"https://mienviro.michigan.gov/ncore/downloadpdf/7130246730144492849",MI0020257_2024-05-01_to_2024-05-31_2_DMR.pdf,,Schedule - DMR Documents,"7/11/2024 12:00:00 AM",7130246730144492849,WRD - NPDES,Permit,MI0020257 v7.0,Schedule - DMR
"https://mienviro.michigan.gov/ncore/downloadpdf/8052270716262584561",MI0020257_2024-06-01_to_2024-06-30_DMR.pdf,,Schedule - DMR Documents,"7/19/2024 12:00:00 AM",8052270716262584561,WRD - NPDES,Permit,MI0020257 v7.0,Schedule - DMR
"https://mienviro.michigan.gov/ncore/downloadpdf/2563736590353480106",MI0020257_2024-07-01_to_2024-07-31_DMR.pdf,,Schedule - DMR Documents,"8/15/2024 12:00:00 AM",2563736590353480106,WRD - NPDES,Permit,MI0020257 v7.0,Schedule - DMR
"https://mienviro.michigan.gov/ncore/downloadpdf/-4521792806745338433",HQ6-MRKV-Q3MJJ v1.pdf,Submission PDF,Form Submission Attachments,"9/14/2024 12:00:00 AM",-4521792806745338433,WRD - NPDES,Application/Request,HQ6-MRKV-Q3MJJ,Schedule - Certification of Completion of Additional Monitoring Requirements
"https://mienviro.michigan.gov/ncore/downloadpdf/-247854643893151782",24.08.08.AMR.Trace.pdf,nForm Document,Form Submission Attachments,"9/14/2024 12:00:00 AM",-247854643893151782,WRD - NPDES,Application/Request,HQ6-MRKV-Q3MJJ,Schedule - Certification of Completion of Additional Monitoring Requirements
"https://mienviro.michigan.gov/ncore/downloadpdf/1419439410428948197",MI0020257_2024-08-01_to_2024-08-31_DMR.pdf,,Schedule - DMR Documents,"9/17/2024 12:00:00 AM",1419439410428948197,WRD - NPDES,Permit,MI0020257 v7.0,Schedule - DMR
"https://mienviro.michigan.gov/ncore/downloadpdf/-8271012263607576939",HQ7-24YS-A06A1 v1.pdf,Submission PDF,Form Submission Attachments,"10/1/2024 12:00:00 AM",-8271012263607576939,WRD - NPDES,Application/Request,HQ7-24YS-A06A1,Schedule - PFAS POTW Effluent Monitoring Report
"https://mienviro.michigan.gov/ncore/downloadpdf/-4990952383601584011",50381719.xlsx,nForm Document,Form Submission Attachments,"10/1/2024 12:00:00 AM",-4990952383601584011,WRD - NPDES,Application/Request,HQ7-24YS-A06A1,Schedule - PFAS POTW Effluent Monitoring Report
"https://mienviro.michigan.gov/ncore/downloadpdf/395191260386625755",50381719_frc.pdf,nForm Document,Form Submission Attachments,"10/1/2024 12:00:00 AM",395191260386625755,WRD - NPDES,Application/Request,HQ7-24YS-A06A1,Schedule - PFAS POTW Effluent Monitoring Report
"https://mienviro.michigan.gov/ncore/downloadpdf/-369627156666323289",IU Permit notes.msg,Comments on IU permits version 2.,Industrial Pretreatment Program (IPP),"10/9/2024 12:00:00 AM",-369627156666323289,WRD - NPDES,Application/Request,HPV-DHMY-FDEJP,Schedule - Submit draft IU permits
"https://mienviro.michigan.gov/ncore/downloadpdf/5278388822824581116",RE_ Cadillac MAHL revisions.msg,IU Permit review comments/meeting notes - sent to Elaine Venema.,Industrial Pretreatment Program (IPP),"10/9/2024 12:00:00 AM",5278388822824581116,WRD - NPDES,Application/Request,HPV-DHMY-FDEJP,Schedule - Submit draft IU permits
"https://mienviro.michigan.gov/ncore/downloadpdf/6645952068854823121",IU Permit notes_COPY.msg,Comments on IU permits version 2.,Industrial Pretreatment Program (IPP),"10/9/2024 12:00:00 AM",6645952068854823121,WRD - NPDES,Compliance Action,SVN-01952,Second Violation Notice
"https://mienviro.michigan.gov/ncore/downloadpdf/7899524153410466852",MI0020257_2024-09-01_to_2024-09-30_DMR.pdf,,Schedule - DMR Documents,"10/17/2024 12:00:00 AM",7899524153410466852,WRD - NPDES,Permit,MI0020257 v7.0,Schedule - DMR
"https://mienviro.michigan.gov/ncore/downloadpdf/-8627948806872428177",240401.biosolids.pathogens.HML.pdf,nForm Document,Form Submission Attachments,"10/30/2024 12:00:00 AM",-8627948806872428177,WRD - NPDES,Application/Request,HQ7-KAAW-2S9Y5,Schedule - Biosolids Annual Report
"https://mienviro.michigan.gov/ncore/downloadpdf/-8437946533852073880",MI0020257_2023-10-01_to_2024-09-30_DMR.pdf,,Schedule - DMR Documents,"10/30/2024 12:00:00 AM",-8437946533852073880,WRD - NPDES,Permit,MI0020257 v7.0,Schedule - DMR
"https://mienviro.michigan.gov/ncore/downloadpdf/-8364081325262992024",240401.biosolids.chem.PACE.pdf,nForm Document,Form Submission Attachments,"10/30/2024 12:00:00 AM",-8364081325262992024,WRD - NPDES,Application/Request,HQ7-KAAW-2S9Y5,Schedule - Biosolids Annual Report
"https://mienviro.michigan.gov/ncore/downloadpdf/-6011635340153448138",TVS & 38% Reduction 2024.xlsx,nForm Document,Form Submission Attachments,"10/30/2024 12:00:00 AM",-6011635340153448138,WRD - NPDES,Application/Request,HQ7-KAAW-2S9Y5,Schedule - Biosolids Annual Report
"https://mienviro.michigan.gov/ncore/downloadpdf/-5441174763107233264",240401.biosolids.pathogens.HML.pdf,nForm Document,Form Submission Attachments,"10/30/2024 12:00:00 AM",-5441174763107233264,WRD - NPDES,Application/Request,HQ7-KAAW-2S9Y5,Schedule - Biosolids Annual Report
"https://mienviro.michigan.gov/ncore/downloadpdf/-5360080740906900455",Biosoilids Lab&Hauling Sheet Spring 2024.pdf,nForm Document,Form Submission Attachments,"10/30/2024 12:00:00 AM",-5360080740906900455,WRD - NPDES,Application/Request,HQ7-KAAW-2S9Y5,Schedule - Biosolids Annual Report
"https://mienviro.michigan.gov/ncore/downloadpdf/-3266222552542661633",230928.biosolids.chem.PACE.RevRL.pdf,nForm Document,Form Submission Attachments,"10/30/2024 12:00:00 AM",-3266222552542661633,WRD - NPDES,Application/Request,HQ7-KAAW-2S9Y5,Schedule - Biosolids Annual Report
"https://mienviro.michigan.gov/ncore/downloadpdf/-3041292426956319507",Biosolids Land-App Ammounts Fall 2023.docx,nForm Document,Form Submission Attachments,"10/30/2024 12:00:00 AM",-3041292426956319507,WRD - NPDES,Application/Request,HQ7-KAAW-2S9Y5,Schedule - Biosolids Annual Report
"https://mienviro.michigan.gov/ncore/downloadpdf/2088079526050332",Biosolids Land-App Ammounts 2.docx,nForm Document,Form Submission Attachments,"10/30/2024 12:00:00 AM",2088079526050332,WRD - NPDES,Application/Request,HQ7-KAAW-2S9Y5,Schedule - Biosolids Annual Report
"https://mienviro.michigan.gov/ncore/downloadpdf/82358434522651429",240401.biosolids.PFAS.Merit.PDF,nForm Document,Form Submission Attachments,"10/30/2024 12:00:00 AM",82358434522651429,WRD - NPDES,Application/Request,HQ7-KAAW-2S9Y5,Schedule - Biosolids Annual Report
"https://mienviro.michigan.gov/ncore/downloadpdf/1016221546561089184",Biosolids Lab&Hauling Sheet Fall 2023.xlsx,nForm Document,Form Submission Attachments,"10/30/2024 12:00:00 AM",1016221546561089184,WRD - NPDES,Application/Request,HQ7-KAAW-2S9Y5,Schedule - Biosolids Annual Report
"https://mienviro.michigan.gov/ncore/downloadpdf/1093106499317263357",Degester Temps.pdf,nForm Document,Form Submission Attachments,"10/30/2024 12:00:00 AM",1093106499317263357,WRD - NPDES,Application/Request,HQ7-KAAW-2S9Y5,Schedule - Biosolids Annual Report
"https://mienviro.michigan.gov/ncore/downloadpdf/1207437932588016146",Cadillac 2023 Certification.pdf,nForm Document,Form Submission Attachments,"10/30/2024 12:00:00 AM",1207437932588016146,WRD - NPDES,Application/Request,HQ7-KAAW-2S9Y5,Schedule - Biosolids Annual Report
"https://mienviro.michigan.gov/ncore/downloadpdf/1594485611588998726",Biosoilids Lab&Hauling Sheet Spring 2024.pdf,nForm Document,Form Submission Attachments,"10/30/2024 12:00:00 AM",1594485611588998726,WRD - NPDES,Application/Request,HQ7-KAAW-2S9Y5,Schedule - Biosolids Annual Report
"https://mienviro.michigan.gov/ncore/downloadpdf/1817787417347902394",Biosolids Lab&Hauling Sheet Fall 2023.xlsx,nForm Document,Form Submission Attachments,"10/30/2024 12:00:00 AM",1817787417347902394,WRD - NPDES,Application/Request,HQ7-KAAW-2S9Y5,Schedule - Biosolids Annual Report
"https://mienviro.michigan.gov/ncore/downloadpdf/2399809218499427481",HQ7-KAAW-2S9Y5 v1.pdf,Submission PDF,Form Submission Attachments,"10/30/2024 12:00:00 AM",2399809218499427481,WRD - NPDES,Application/Request,HQ7-KAAW-2S9Y5,Schedule - Biosolids Annual Report
"https://mienviro.michigan.gov/ncore/downloadpdf/3365756924658739394",Mgt Practices Certification.doc,nForm Document,Form Submission Attachments,"10/30/2024 12:00:00 AM",3365756924658739394,WRD - NPDES,Application/Request,HQ7-KAAW-2S9Y5,Schedule - Biosolids Annual Report
"https://mienviro.michigan.gov/ncore/downloadpdf/3912111913383129866",TVS & 38% Reduction 2024.xlsx,nForm Document,Form Submission Attachments,"10/30/2024 12:00:00 AM",3912111913383129866,WRD - NPDES,Application/Request,HQ7-KAAW-2S9Y5,Schedule - Biosolids Annual Report
"https://mienviro.michigan.gov/ncore/downloadpdf/5612513914398156745",230928.biosolids.pathogens.HML.pdf,nForm Document,Form Submission Attachments,"10/30/2024 12:00:00 AM",5612513914398156745,WRD - NPDES,Application/Request,HQ7-KAAW-2S9Y5,Schedule - Biosolids Annual Report
"https://mienviro.michigan.gov/ncore/downloadpdf/6377962537871703258",Biosolids Land-App Ammounts 1.docx,nForm Document,Form Submission Attachments,"10/30/2024 12:00:00 AM",6377962537871703258,WRD - NPDES,Application/Request,HQ7-KAAW-2S9Y5,Schedule - Biosolids Annual Report
"https://mienviro.michigan.gov/ncore/downloadpdf/6519947209063911443",230928.biosolids.pathogens.HML.pdf,nForm Document,Form Submission Attachments,"10/30/2024 12:00:00 AM",6519947209063911443,WRD - NPDES,Application/Request,HQ7-KAAW-2S9Y5,Schedule - Biosolids Annual Report
"https://mienviro.michigan.gov/ncore/downloadpdf/4861022496716362318",MI0020257_2024-10-01_to_2024-10-31_DMR.pdf,,Schedule - DMR Documents,"11/19/2024 12:00:00 AM",4861022496716362318,WRD - NPDES,Permit,MI0020257 v7.0,Schedule - DMR
"https://mienviro.michigan.gov/ncore/downloadpdf/-7067429303309482327",854440 Cadillac MAHL Report Dec2024_Combined Final (2).pdf,Revised MAHL submitted under the incorrect schedule.,Industrial Pretreatment Program (IPP),"12/16/2024 12:00:00 AM",-7067429303309482327,WRD - NPDES,Application/Request,HPV-DHMB-MCAGV,Schedule - Submit MAHL and proposed local limits
"https://mienviro.michigan.gov/ncore/downloadpdf/7862861734108588722",MI0020257_2024-11-01_to_2024-11-30_DMR.pdf,,Schedule - DMR Documents,"12/19/2024 12:00:00 AM",7862861734108588722,WRD - NPDES,Permit,MI0020257 v7.0,Schedule - DMR
"https://mienviro.michigan.gov/ncore/downloadpdf/7292030081914521790",Cadillac MAHL - December 2024.msg,Comments on MAHL study revision submitted December 2024.,Industrial Pretreatment Program (IPP),"1/10/2025 12:00:00 AM",7292030081914521790,WRD - NPDES,Application/Request,HPV-DHMB-MCAGV,Schedule - Submit MAHL and proposed local limits
"https://mienviro.michigan.gov/ncore/downloadpdf/-4169784832648480403",HQ9-MNFB-AE3ND_v1.pdf,Submission PDF,Form Submission Attachments,"1/14/2025 12:00:00 AM",-4169784832648480403,WRD - NPDES,Application/Request,HQ9-MNFB-AE3ND,Schedule - Biosolids PFAS Monitoring Report
"https://mienviro.michigan.gov/ncore/downloadpdf/-3398495639330811667",240401.biosolids.PFAS.Merit.PDF,nForm Document,Form Submission Attachments,"1/14/2025 12:00:00 AM",-3398495639330811667,WRD - NPDES,Application/Request,HQ9-MNFB-AE3ND,Schedule - Biosolids PFAS Monitoring Report
"https://mienviro.michigan.gov/ncore/downloadpdf/1478970889339479833",240716.biosolids.PFAS.Merit.PDF,nForm Document,Form Submission Attachments,"1/14/2025 12:00:00 AM",1478970889339479833,WRD - NPDES,Application/Request,HQ9-MNFB-AE3ND,Schedule - Biosolids PFAS Monitoring Report
"https://mienviro.michigan.gov/ncore/downloadpdf/1500028112926484462",240227.biosolids.PFAS.Merit.pdf,nForm Document,Form Submission Attachments,"1/14/2025 12:00:00 AM",1500028112926484462,WRD - NPDES,Application/Request,HQ9-MNFB-AE3ND,Schedule - Biosolids PFAS Monitoring Report
"https://mienviro.michigan.gov/ncore/downloadpdf/5747460297891963847",241008.biosolids.PFAS.Merit.PDF,nForm Document,Form Submission Attachments,"1/14/2025 12:00:00 AM",5747460297891963847,WRD - NPDES,Application/Request,HQ9-MNFB-AE3ND,Schedule - Biosolids PFAS Monitoring Report
"https://mienviro.michigan.gov/ncore/downloadpdf/-6881359030424666038",Digester Detention Times.pdf,nForm Document,Form Submission Attachments,"1/15/2025 12:00:00 AM",-6881359030424666038,WRD - NPDES,Application/Request,HQ7-KAAW-2S9Y5,Schedule - Biosolids Annual Report
"https://mienviro.michigan.gov/ncore/downloadpdf/4156681419211944636",HQ7-KAAW-2S9Y5_v2.pdf,Submission PDF,Form Submission Attachments,"1/15/2025 12:00:00 AM",4156681419211944636,WRD - NPDES,Application/Request,HQ7-KAAW-2S9Y5,Schedule - Biosolids Annual Report
"https://mienviro.michigan.gov/ncore/downloadpdf/-2060283985167062654",MI0020257_2024-12-01_to_2024-12-31_DMR.pdf,,Schedule - DMR Documents,"1/16/2025 12:00:00 AM",-2060283985167062654,WRD - NPDES,Permit,MI0020257 v7.0,Schedule - DMR
"https://mienviro.michigan.gov/ncore/downloadpdf/3889729669385105688",RE_ Cadillac MAHL - December 2024.msg,Response from Cadillac/F&V on comments to the Dec 2024 version of the MAHL.,Industrial Pretreatment Program (IPP),"1/16/2025 12:00:00 AM",3889729669385105688,WRD - NPDES,Application/Request,HPV-DHMB-MCAGV,Schedule - Submit MAHL and proposed local limits
"https://mienviro.michigan.gov/ncore/downloadpdf/-8948881917471742688",RE_ Cadillac MAHL revisions.msg,Comments on use of minimum removal in MAHL.,Industrial Pretreatment Program (IPP),"1/21/2025 12:00:00 AM",-8948881917471742688,WRD - NPDES,Application/Request,HPV-DHMB-MCAGV,Schedule - Submit MAHL and proposed local limits
"https://mienviro.michigan.gov/ncore/downloadpdf/-536555223081369280",RE_ Cadillac MAHL - December 2024.msg,Revised response on MAHL comments.,Industrial Pretreatment Program (IPP),"1/24/2025 12:00:00 AM",-536555223081369280,WRD - NPDES,Application/Request,HPV-DHMB-MCAGV,Schedule - Submit MAHL and proposed local limits
"https://mienviro.michigan.gov/ncore/downloadpdf/-2878420644219278617",25.01.PFOS.Pace.pdf,1/24/2025 WWTP PFAS effluent sample results,Form Submission Attachments,"1/31/2025 12:00:00 AM",-2878420644219278617,WRD - NPDES,Application/Request,HQA-1Y8Z-BBRZS,Schedule - PFAS POTW Effluent Monitoring Report
"https://mienviro.michigan.gov/ncore/downloadpdf/857383557715116487",HQA-1Y8Z-BBRZS_v1.pdf,Submission PDF,Form Submission Attachments,"1/31/2025 12:00:00 AM",857383557715116487,WRD - NPDES,Application/Request,HQA-1Y8Z-BBRZS,Schedule - PFAS POTW Effluent Monitoring Report
"https://mienviro.michigan.gov/ncore/downloadpdf/5742473880199862701",25.01.PFOS.EDD.Pace.xlsx,"EDD file: 1/24/2025 WWTP PFAS effluent sample results",Form Submission Attachments,"1/31/2025 12:00:00 AM",5742473880199862701,WRD - NPDES,Application/Request,HQA-1Y8Z-BBRZS,Schedule - PFAS POTW Effluent Monitoring Report
"https://mienviro.michigan.gov/ncore/downloadpdf/7853322543497302151",MI0020257_2025-01-01_to_2025-01-31_DMR.pdf,,Schedule - DMR Documents,"2/10/2025 12:00:00 AM",7853322543497302151,WRD - NPDES,Permit,MI0020257 v7.0,Schedule - DMR
"https://mienviro.michigan.gov/ncore/downloadpdf/3055689922791814885",Cadillac MAHL.msg,Comments on revised MAHL and proposed local limits.,Industrial Pretreatment Program (IPP),"3/5/2025 12:00:00 AM",3055689922791814885,WRD - NPDES,Application/Request,HPV-DHMB-MCAGV,Schedule - Submit MAHL and proposed local limits
"https://mienviro.michigan.gov/ncore/downloadpdf/6167934285264609791",MI0020257_2025-02-01_to_2025-02-28_DMR.pdf,,Schedule - DMR Documents,"3/11/2025 12:00:00 AM",6167934285264609791,WRD - NPDES,Permit,MI0020257 v7.0,Schedule - DMR
"https://mienviro.michigan.gov/ncore/downloadpdf/4282924020073135452",HQB-6T2F-9M76H_v1.pdf,Submission PDF,Form Submission Attachments,"3/19/2025 12:00:00 AM",4282924020073135452,WRD - NPDES,Application/Request,HQB-6T2F-9M76H,Schedule - Biosolids PFAS Monitoring Report
"https://mienviro.michigan.gov/ncore/downloadpdf/5759077546895716633",250227.biosolids.PFAS.Merit.PDF,nForm Document,Form Submission Attachments,"3/19/2025 12:00:00 AM",5759077546895716633,WRD - NPDES,Application/Request,HQB-6T2F-9M76H,Schedule - Biosolids PFAS Monitoring Report
"https://mienviro.michigan.gov/ncore/downloadpdf/8469828454197728223",HQB-6T2F-9M76H_v1.pdf,Submission PDF,Form Submission Attachments,"3/19/2025 12:00:00 AM",8469828454197728223,WRD - NPDES,Application/Request,HQB-6T2F-9M76H,Schedule - Biosolids PFAS Monitoring Report
"https://mienviro.michigan.gov/ncore/downloadpdf/-1851005839859134110",DMRQA Study 44-Cadillac WWTP_COPY.pdf,"Results Acceptable - No Data Report form, list of labs or signed checklists received as required. Only graded test results received.",Misc. NPDES Evaluation Docs,"3/20/2025 12:00:00 AM",-1851005839859134110,WRD - NPDES,Evaluation,E-PP139012015623,NPDES Compliance Evaluation Inspection (CEI) (06/10/2025)
"https://mienviro.michigan.gov/ncore/downloadpdf/7045747428092139791",DMRQA Study 44-Cadillac WWTP.pdf,"Results Acceptable - No Data Report form, list of labs or signed checklists received as required. Only graded test results received.",NPDES Misc. Site Docs,"3/20/2025 12:00:00 AM",7045747428092139791,n/a,Site,15637,Site
"https://mienviro.michigan.gov/ncore/downloadpdf/-8415402284149542607",Cadillac POTW Oversight 2024.xlsx,nForm Document,Form Submission Attachments,"3/27/2025 12:00:00 AM",-8415402284149542607,WRD - NPDES,Application/Request,HQB-BNKM-1SC3Q,Schedule - Michigan Industrial Pretreatment Program (IPP) Annual Report
"https://mienviro.michigan.gov/ncore/downloadpdf/-7861509141315722088",HQB-BNKM-1SC3Q_v1.pdf,Submission PDF,Form Submission Attachments,"3/27/2025 12:00:00 AM",-7861509141315722088,WRD - NPDES,Application/Request,HQB-BNKM-1SC3Q,Schedule - Michigan Industrial Pretreatment Program (IPP) Annual Report
"https://mienviro.michigan.gov/ncore/downloadpdf/-4041280387536601589",SIU CIU List 2024.xlsx,nForm Document,Form Submission Attachments,"3/27/2025 12:00:00 AM",-4041280387536601589,WRD - NPDES,Application/Request,HQB-BNKM-1SC3Q,Schedule - Michigan Industrial Pretreatment Program (IPP) Annual Report
"https://mienviro.michigan.gov/ncore/downloadpdf/-181957830977451756",Cadillac News Affidavit of Publication 03-19-2025.pdf,nForm Document,Form Submission Attachments,"3/27/2025 12:00:00 AM",-181957830977451756,WRD - NPDES,Application/Request,HQB-BNKM-1SC3Q,Schedule - Michigan Industrial Pretreatment Program (IPP) Annual Report
"https://mienviro.michigan.gov/ncore/downloadpdf/2955929295405056977",Public Notice of IPP Violation 2024.pdf,nForm Document,Form Submission Attachments,"3/27/2025 12:00:00 AM",2955929295405056977,WRD - NPDES,Application/Request,HQB-BNKM-1SC3Q,Schedule - Michigan Industrial Pretreatment Program (IPP) Annual Report
"https://mienviro.michigan.gov/ncore/downloadpdf/4202406131478727568",POTW Monitoring Data Summary 2024.xlsx,nForm Document,Form Submission Attachments,"3/27/2025 12:00:00 AM",4202406131478727568,WRD - NPDES,Application/Request,HQB-BNKM-1SC3Q,Schedule - Michigan Industrial Pretreatment Program (IPP) Annual Report
"https://mienviro.michigan.gov/ncore/downloadpdf/-7015665829450677566",MI0020257_2025-03-01_to_2025-03-31_DMR.pdf,,Schedule - DMR Documents,"4/15/2025 12:00:00 AM",-7015665829450677566,WRD - NPDES,Permit,MI0020257 v7.0,Schedule - DMR
"https://mienviro.michigan.gov/ncore/downloadpdf/-94646851769060147",RE_ Cadillac MAHL.msg,,Industrial Pretreatment Program (IPP),"4/16/2025 12:00:00 AM",-94646851769060147,WRD - NPDES,Application/Request,HPV-DHMB-MCAGV,Schedule - Submit MAHL and proposed local limits
"https://mienviro.michigan.gov/ncore/downloadpdf/3814413274055356023",854440 Cadillac MAHL Report April 2025 - Final Combined.pdf,,Industrial Pretreatment Program (IPP),"4/16/2025 12:00:00 AM",3814413274055356023,WRD - NPDES,Application/Request,HPV-DHMB-MCAGV,Schedule - Submit MAHL and proposed local limits
"https://mienviro.michigan.gov/ncore/downloadpdf/8215308103086839996",IPP Annual Report.msg,,Industrial Pretreatment Program (IPP),"4/16/2025 12:00:00 AM",8215308103086839996,WRD - NPDES,Application/Request,HQB-BNKM-1SC3Q,Schedule - Michigan Industrial Pretreatment Program (IPP) Annual Report
"https://mienviro.michigan.gov/ncore/downloadpdf/-8643712850746890280",Cadillac WWTP 2025 Below 20 Letter Interim Strategy.pdf,,Misc. Submittal Docs,"4/30/2025 12:00:00 AM",-8643712850746890280,WRD - NPDES,Application/Request,HQB-6T2F-9M76H,Schedule - Biosolids PFAS Monitoring Report
"https://mienviro.michigan.gov/ncore/downloadpdf/7982831860443566308",Cadillac WWTP 2025 PFAS Biosolids Letter.msg,,Misc. Submittal Docs,"4/30/2025 12:00:00 AM",7982831860443566308,WRD - NPDES,Application/Request,HQB-6T2F-9M76H,Schedule - Biosolids PFAS Monitoring Report
"https://mienviro.michigan.gov/ncore/downloadpdf/-5034860910529130086",POTW Monitoring Data Summary 2024 (Revised).xlsx,nForm Document,Form Submission Attachments,"5/8/2025 12:00:00 AM",-5034860910529130086,WRD - NPDES,Application/Request,HQB-BNKM-1SC3Q,Schedule - Michigan Industrial Pretreatment Program (IPP) Annual Report
"https://mienviro.michigan.gov/ncore/downloadpdf/6247695824161056764",Cadillac POTW Oversight 2024 (Revised).xlsx,nForm Document,Form Submission Attachments,"5/8/2025 12:00:00 AM",6247695824161056764,WRD - NPDES,Application/Request,HQB-BNKM-1SC3Q,Schedule - Michigan Industrial Pretreatment Program (IPP) Annual Report
"https://mienviro.michigan.gov/ncore/downloadpdf/8455081372316052116",HQB-BNKM-1SC3Q_v2.pdf,Submission PDF,Form Submission Attachments,"5/8/2025 12:00:00 AM",8455081372316052116,WRD - NPDES,Application/Request,HQB-BNKM-1SC3Q,Schedule - Michigan Industrial Pretreatment Program (IPP) Annual Report
"https://mienviro.michigan.gov/ncore/downloadpdf/-626431502200600831",MI0020257_2025-04-01_to_2025-04-30_DMR.pdf,,Schedule - DMR Documents,"5/13/2025 12:00:00 AM",-626431502200600831,WRD - NPDES,Permit,MI0020257 v7.0,Schedule - DMR
"https://mienviro.michigan.gov/ncore/downloadpdf/-6063287590384448481",HQD-8ZEE-2KJD5_v1.pdf,Submission PDF,Form Submission Attachments,"6/11/2025 12:00:00 AM",-6063287590384448481,WRD - NPDES,Application/Request,HQD-8ZEE-2KJD5,Schedule - Certification of Completion of Additional Monitoring Requirements
"https://mienviro.michigan.gov/ncore/downloadpdf/-3242537781810572657",HQD-91C4-TNX99_v1.pdf,May 2025 WWTP effluent PFAS sample results,Form Submission Attachments,"6/11/2025 12:00:00 AM",-3242537781810572657,WRD - NPDES,Application/Request,HQD-91C4-TNX99,Schedule - PFAS POTW Effluent Monitoring Report
"https://mienviro.michigan.gov/ncore/downloadpdf/-2221401634882338637",25.05.PFAS.Pace.pdf,May 2025 WWTP effluent PFAS sample results,Form Submission Attachments,"6/11/2025 12:00:00 AM",-2221401634882338637,WRD - NPDES,Application/Request,HQD-91C4-TNX99,Schedule - PFAS POTW Effluent Monitoring Report
"https://mienviro.michigan.gov/ncore/downloadpdf/4977073668872332252",25.05.22.AMR.Trace.pdf,nForm Document,Form Submission Attachments,"6/11/2025 12:00:00 AM",4977073668872332252,WRD - NPDES,Application/Request,HQD-8ZEE-2KJD5,Schedule - Certification of Completion of Additional Monitoring Requirements
"https://mienviro.michigan.gov/ncore/downloadpdf/7099943325746607091",25.05.PFAS.EDD.Pace.xlsx,May 2025 WWTP effluent PFAS sample results,Form Submission Attachments,"6/11/2025 12:00:00 AM",7099943325746607091,WRD - NPDES,Application/Request,HQD-91C4-TNX99,Schedule - PFAS POTW Effluent Monitoring Report
"https://mienviro.michigan.gov/ncore/downloadpdf/8173427442946719350",MI0020257_2025-05-01_to_2025-05-31_DMR.pdf,,Schedule - DMR Documents,"6/18/2025 12:00:00 AM",8173427442946719350,WRD - NPDES,Permit,MI0020257 v7.0,Schedule - DMR
"https://mienviro.michigan.gov/ncore/downloadpdf/6200779458073406984",MI0020257_2025-06-01_to_2025-06-30_DMR.pdf,,Schedule - DMR Documents,"7/16/2025 12:00:00 AM",6200779458073406984,WRD - NPDES,Permit,MI0020257 v7.0,Schedule - DMR
"https://mienviro.michigan.gov/ncore/downloadpdf/3310026868931260439",Biosolids audit transmittal (word).docx,,NPDES Biosolids Evaluation,"7/23/2025 12:00:00 AM",3310026868931260439,WRD - NPDES,Evaluation,E-PP027995818650,Biosolids Audit (04/29/2025)
"https://mienviro.michigan.gov/ncore/downloadpdf/-510682859352455980",Inspection Report.docx,,Inspection Report,"7/30/2025 12:00:00 AM",-510682859352455980,WRD - NPDES,Evaluation,E-PP139012015623,NPDES Compliance Evaluation Inspection (CEI) (06/10/2025)
"https://mienviro.michigan.gov/ncore/downloadpdf/6467174389828823059",Compliance Communication.docx,,Water Quality Compliance Communication Docs,"7/30/2025 12:00:00 AM",6467174389828823059,WRD - NPDES,Compliance Action,CC-006510,Compliance Communication
"https://mienviro.michigan.gov/ncore/downloadpdf/8598444985671510356",Cadillac WWTP CEI Photos.pdf,,Misc. NPDES Evaluation Docs,"7/30/2025 12:00:00 AM",8598444985671510356,WRD - NPDES,Evaluation,E-PP139012015623,NPDES Compliance Evaluation Inspection (CEI) (06/10/2025)
"https://mienviro.michigan.gov/ncore/downloadpdf/-2789065301880376783",HQE-GX1V-TH10E_v1.pdf,Submission PDF,Form Submission Attachments,"8/1/2025 12:00:00 AM",-2789065301880376783,WRD - NPDES,Application/Request,HQE-GX1V-TH10E,Schedule - Biosolids PFAS Monitoring Report
"https://mienviro.michigan.gov/ncore/downloadpdf/3982269381461444704",250716.biosolids.PFAS.Merit.PDF,nForm Document,Form Submission Attachments,"8/1/2025 12:00:00 AM",3982269381461444704,WRD - NPDES,Application/Request,HQE-GX1V-TH10E,Schedule - Biosolids PFAS Monitoring Report
"https://mienviro.michigan.gov/ncore/downloadpdf/-3417167092726412792",Attachment 1 - Cadillac WWTP Violations.pdf,,Water Quality Compliance Communication Docs,"8/8/2025 12:00:00 AM",-3417167092726412792,WRD - NPDES,Compliance Action,CC-006510,Compliance Communication
"https://mienviro.michigan.gov/ncore/downloadpdf/-1367589943429210076",MI0020257_2025-07-01_to_2025-07-31_DMR.pdf,,Schedule - DMR Documents,"8/12/2025 12:00:00 AM",-1367589943429210076,WRD - NPDES,Permit,MI0020257 v7.0,Schedule - DMR
"https://mienviro.michigan.gov/ncore/downloadpdf/-1369103640106107754",Inspection Report.docx,,Inspection Report,"8/14/2025 12:00:00 AM",-1369103640106107754,WRD - NPDES,Evaluation,E-PP027995818650,Biosolids Audit (04/29/2025)
"https://mienviro.michigan.gov/ncore/downloadpdf/8885463623950106776",EGLE FILE CC No_  Cadillac Wastewater Treatment Plant (WWTP) CC-006510.msg,,Water Quality Compliance Communication Docs,"8/19/2025 12:00:00 AM",8885463623950106776,WRD - NPDES,Compliance Action,CC-006510,Compliance Communication
"https://mienviro.michigan.gov/ncore/downloadpdf/4163983663567910122",Inspection Report.docx,,Inspection Report,"8/26/2025 12:00:00 AM",4163983663567910122,WRD - NPDES,Evaluation,E-PN533182730332,Biosolids Site Inspection (04/29/2025)
"https://mienviro.michigan.gov/ncore/downloadpdf/4478858756949736661",City of Cadillac CEI Response.pdf,,Water Quality Compliance Communication Docs,"9/4/2025 12:00:00 AM",4478858756949736661,WRD - NPDES,Compliance Action,CC-006510,Compliance Communication
"https://mienviro.michigan.gov/ncore/downloadpdf/-6645238760247438612",MI0020257_2025-08-01_to_2025-08-31_DMR.pdf,,Schedule - DMR Documents,"9/15/2025 12:00:00 AM",-6645238760247438612,WRD - NPDES,Permit,MI0020257 v7.0,Schedule - DMR
"https://mienviro.michigan.gov/ncore/downloadpdf/-8482039543770819803",Biosolids Audit Transmittal - Cadillac WWTP.pdf,Signed Biosolids Audit Transittal,NPDES Biosolids Evaluation,"9/16/2025 12:00:00 AM",-8482039543770819803,WRD - NPDES,Evaluation,E-PP027995818650,Biosolids Audit (04/29/2025)
"https://mienviro.michigan.gov/ncore/downloadpdf/-4158673748337869517",EGLE FILE Biosolids Audit letter for Cadillac WWTP.msg,,NPDES Biosolids Evaluation,"9/16/2025 12:00:00 AM",-4158673748337869517,WRD - NPDES,Evaluation,E-PP027995818650,Biosolids Audit (04/29/2025)
"https://mienviro.michigan.gov/ncore/downloadpdf/-8736889914825252154",IPP Local Limits Review.docx,,NPDES Application Docs,"9/30/2025 12:00:00 AM",-8736889914825252154,WRD - NPDES,Application/Request,HQF-TQCJ-GZWEB,Application - IPP Local Limits WQBEL Request Form
"https://mienviro.michigan.gov/ncore/downloadpdf/4944106276029373114",IPP Local Limits PEL_MI0020257_9-30-2025.xls,,Misc. Application and Request Docs,"9/30/2025 12:00:00 AM",4944106276029373114,WRD - NPDES,Application/Request,HQF-TQCJ-GZWEB,Application - IPP Local Limits WQBEL Request Form
"https://mienviro.michigan.gov/ncore/downloadpdf/-1102905466883927159",2025-10-13 Follow-up to VN-012230.pdf,,"Water Quality VNs, SVNs, ENs","10/13/2025 12:00:00 AM",-1102905466883927159,WRD - NPDES,Compliance Action,VN-012230,Violation Notice
"https://mienviro.michigan.gov/ncore/downloadpdf/-4104155551233652870",MI0020257_2025-09-01_to_2025-09-30_DMR.pdf,,Schedule - DMR Documents,"10/20/2025 12:00:00 AM",-4104155551233652870,WRD - NPDES,Permit,MI0020257 v7.0,Schedule - DMR
"https://mienviro.michigan.gov/ncore/downloadpdf/-8955567820652492016",241003.biosolids.chem.PACE.pdf,nForm Document,Form Submission Attachments,"10/21/2025 12:00:00 AM",-8955567820652492016,WRD - NPDES,Application/Request,HQG-GM42-A2DBC,Schedule - Biosolids Annual Report
"https://mienviro.michigan.gov/ncore/downloadpdf/-8440672871505165049",21n09w25-DG01.pdf,nForm Document,Form Submission Attachments,"10/21/2025 12:00:00 AM",-8440672871505165049,WRD - NPDES,Application/Request,HQG-GM42-A2DBC,Schedule - Biosolids Annual Report
"https://mienviro.michigan.gov/ncore/downloadpdf/-8247537671644519013",251001.biosolids.PFASqc.Merit.PDF,nForm Document,Form Submission Attachments,"10/21/2025 12:00:00 AM",-8247537671644519013,WRD - NPDES,Application/Request,HQG-GN3K-JNK5K,Schedule - Biosolids PFAS Monitoring Report
,Biosolids Dry Tons Calc 12.21.24.xls,nForm Document,Form Submission Attachments,"10/21/2025 12:00:00 AM",-7600461906929922773,WRD - NPDES,Application/Request,HQG-GM42-A2DBC,Schedule - Biosolids Annual Report
"https://mienviro.michigan.gov/ncore/downloadpdf/-6880457329183141828",22N11W25-RBL03.pdf,nForm Document,Form Submission Attachments,"10/21/2025 12:00:00 AM",-6880457329183141828,WRD - NPDES,Application/Request,HQG-GM42-A2DBC,Schedule - Biosolids Annual Report
"https://mienviro.michigan.gov/ncore/downloadpdf/-6501159339708416890",21n08w30-AB02.pdf,nForm Document,Form Submission Attachments,"10/21/2025 12:00:00 AM",-6501159339708416890,WRD - NPDES,Application/Request,HQG-GM42-A2DBC,Schedule - Biosolids Annual Report
"https://mienviro.michigan.gov/ncore/downloadpdf/-6374841911455111305",21N09W25-AB01.pdf,nForm Document,Form Submission Attachments,"10/21/2025 12:00:00 AM",-6374841911455111305,WRD - NPDES,Application/Request,HQG-GM42-A2DBC,Schedule - Biosolids Annual Report
"https://mienviro.michigan.gov/ncore/downloadpdf/-6343434200269479220",Biosolids Lab&Hauling Sheet Spring 2025.xlsx,nForm Document,Form Submission Attachments,"10/21/2025 12:00:00 AM",-6343434200269479220,WRD - NPDES,Application/Request,HQG-GM42-A2DBC,Schedule - Biosolids Annual Report
"https://mienviro.michigan.gov/ncore/downloadpdf/-5429584481354854423",250428.biosolids.PFASqc.Merit.PDF,nForm Document,Form Submission Attachments,"10/21/2025 12:00:00 AM",-5429584481354854423,WRD - NPDES,Application/Request,HQG-GN3K-JNK5K,Schedule - Biosolids PFAS Monitoring Report
"https://mienviro.michigan.gov/ncore/downloadpdf/-5185702848276321737",25.09.PFAS.Pace.pdf,September 2025 WWTP effluent PFAS sample results,Form Submission Attachments,"10/21/2025 12:00:00 AM",-5185702848276321737,WRD - NPDES,Application/Request,HQG-GKRH-8B37J,Schedule - PFAS POTW Effluent Monitoring Report
"https://mienviro.michigan.gov/ncore/downloadpdf/-4770863282810476186",21n08w30-AB01.pdf,nForm Document,Form Submission Attachments,"10/21/2025 12:00:00 AM",-4770863282810476186,WRD - NPDES,Application/Request,HQG-GM42-A2DBC,Schedule - Biosolids Annual Report
"https://mienviro.michigan.gov/ncore/downloadpdf/-4309639422885279956",251001.biosolids.PFAS.Merit.PDF,nForm Document,Form Submission Attachments,"10/21/2025 12:00:00 AM",-4309639422885279956,WRD - NPDES,Application/Request,HQG-GN3K-JNK5K,Schedule - Biosolids PFAS Monitoring Report
"https://mienviro.michigan.gov/ncore/downloadpdf/-4090788587239314090",TVS & 38% Reduction 2025.xlsx,nForm Document,Form Submission Attachments,"10/21/2025 12:00:00 AM",-4090788587239314090,WRD - NPDES,Application/Request,HQG-GM42-A2DBC,Schedule - Biosolids Annual Report
"https://mienviro.michigan.gov/ncore/downloadpdf/-2526145117277274167",Digester Detention Times and Temps 2025.xlsx,nForm Document,Form Submission Attachments,"10/21/2025 12:00:00 AM",-2526145117277274167,WRD - NPDES,Application/Request,HQG-GM42-A2DBC,Schedule - Biosolids Annual Report
,Biosolids Dry Tons Calc 12.20.24.xls,nForm Document,Form Submission Attachments,"10/21/2025 12:00:00 AM",-1835786511270239712,WRD - NPDES,Application/Request,HQG-GM42-A2DBC,Schedule - Biosolids Annual Report
,Biosolids Dry Tons Calc 12.18.24.xls,nForm Document,Form Submission Attachments,"10/21/2025 12:00:00 AM",-318807129627192999,WRD - NPDES,Application/Request,HQG-GM42-A2DBC,Schedule - Biosolids Annual Report
"https://mienviro.michigan.gov/ncore/downloadpdf/165898801283931609",250227.biosolids.PFAS.Merit.PDF,nForm Document,Form Submission Attachments,"10/21/2025 12:00:00 AM",165898801283931609,WRD - NPDES,Application/Request,HQG-GM42-A2DBC,Schedule - Biosolids Annual Report
"https://mienviro.michigan.gov/ncore/downloadpdf/562148345479421133",250428.biosolids.PFAS.Merit.PDF,nForm Document,Form Submission Attachments,"10/21/2025 12:00:00 AM",562148345479421133,WRD - NPDES,Application/Request,HQG-GN3K-JNK5K,Schedule - Biosolids PFAS Monitoring Report
"https://mienviro.michigan.gov/ncore/downloadpdf/645872500195507040",T22NR11W-RBL02.pdf,nForm Document,Form Submission Attachments,"10/21/2025 12:00:00 AM",645872500195507040,WRD - NPDES,Application/Request,HQG-GM42-A2DBC,Schedule - Biosolids Annual Report
"https://mienviro.michigan.gov/ncore/downloadpdf/1055859154349255360",HQG-GN3K-JNK5K_v1.pdf,Submission PDF,Form Submission Attachments,"10/21/2025 12:00:00 AM",1055859154349255360,WRD - NPDES,Application/Request,HQG-GN3K-JNK5K,Schedule - Biosolids PFAS Monitoring Report
"https://mienviro.michigan.gov/ncore/downloadpdf/1756584387181983433",21n09w25-AB01.pdf,nForm Document,Form Submission Attachments,"10/21/2025 12:00:00 AM",1756584387181983433,WRD - NPDES,Application/Request,HQG-GM42-A2DBC,Schedule - Biosolids Annual Report
,Biosolids Dry Tons Calc 12.17.24.xls,nForm Document,Form Submission Attachments,"10/21/2025 12:00:00 AM",2858159439342885409,WRD - NPDES,Application/Request,HQG-GM42-A2DBC,Schedule - Biosolids Annual Report
"https://mienviro.michigan.gov/ncore/downloadpdf/3865716950995014409",Biosolids Lab&Hauling Sheet Fall 2024.xlsx,nForm Document,Form Submission Attachments,"10/21/2025 12:00:00 AM",3865716950995014409,WRD - NPDES,Application/Request,HQG-GM42-A2DBC,Schedule - Biosolids Annual Report
"https://mienviro.michigan.gov/ncore/downloadpdf/4091057910215997032",250317.biosolids.chem.PACE.pdf,nForm Document,Form Submission Attachments,"10/21/2025 12:00:00 AM",4091057910215997032,WRD - NPDES,Application/Request,HQG-GM42-A2DBC,Schedule - Biosolids Annual Report
"https://mienviro.michigan.gov/ncore/downloadpdf/4308176365419696393",MI0020257_2024-10-01_to_2025-09-30_DMR.pdf,,Schedule - DMR Documents,"10/21/2025 12:00:00 AM",4308176365419696393,WRD - NPDES,Permit,MI0020257 v7.0,Schedule - DMR
"https://mienviro.michigan.gov/ncore/downloadpdf/5036048420451447716",241003.biosolids.pathogens.HML.pdf,nForm Document,Form Submission Attachments,"10/21/2025 12:00:00 AM",5036048420451447716,WRD - NPDES,Application/Request,HQG-GM42-A2DBC,Schedule - Biosolids Annual Report
,Biosolids Dry Tons Calc 12.16.24a.xls,nForm Document,Form Submission Attachments,"10/21/2025 12:00:00 AM",5265329890212666739,WRD - NPDES,Application/Request,HQG-GM42-A2DBC,Schedule - Biosolids Annual Report
"https://mienviro.michigan.gov/ncore/downloadpdf/5282319378754063253",HQG-GN3K-JNK5K_v2.pdf,Submission PDF,Form Submission Attachments,"10/21/2025 12:00:00 AM",5282319378754063253,WRD - NPDES,Application/Request,HQG-GN3K-JNK5K,Schedule - Biosolids PFAS Monitoring Report
"https://mienviro.michigan.gov/ncore/downloadpdf/5540935925562313424",Biosolids Dry Tons Calc 12.16.24b.xls,nForm Document,Form Submission Attachments,"10/21/2025 12:00:00 AM",5540935925562313424,WRD - NPDES,Application/Request,HQG-GM42-A2DBC,Schedule - Biosolids Annual Report
"https://mienviro.michigan.gov/ncore/downloadpdf/5632388820838511085",241008.biosolids.PFAS.Merit.PDF,nForm Document,Form Submission Attachments,"10/21/2025 12:00:00 AM",5632388820838511085,WRD - NPDES,Application/Request,HQG-GM42-A2DBC,Schedule - Biosolids Annual Report
"https://mienviro.michigan.gov/ncore/downloadpdf/5695653979430565068",HQG-GM42-A2DBC_v1.pdf,Submission PDF,Form Submission Attachments,"10/21/2025 12:00:00 AM",5695653979430565068,WRD - NPDES,Application/Request,HQG-GM42-A2DBC,Schedule - Biosolids Annual Report
,Biosolids Dry Tons Calc 12.19.24.xls,nForm Document,Form Submission Attachments,"10/21/2025 12:00:00 AM",6030908294075137430,WRD - NPDES,Application/Request,HQG-GM42-A2DBC,Schedule - Biosolids Annual Report
"https://mienviro.michigan.gov/ncore/downloadpdf/7158166854189804635",Biosolids Dry Tons Calc 12.13.24.xls,nForm Document,Form Submission Attachments,"10/21/2025 12:00:00 AM",7158166854189804635,WRD - NPDES,Application/Request,HQG-GM42-A2DBC,Schedule - Biosolids Annual Report
"https://mienviro.michigan.gov/ncore/downloadpdf/7159881994930730916",HQG-GKRH-8B37J_v1.pdf,September 2025 WWTP effluent PFAS sample results,Form Submission Attachments,"10/21/2025 12:00:00 AM",7159881994930730916,WRD - NPDES,Application/Request,HQG-GKRH-8B37J,Schedule - PFAS POTW Effluent Monitoring Report
"https://mienviro.michigan.gov/ncore/downloadpdf/7710627415890729851",250317.biosolids.pathogens.HML.pdf,nForm Document,Form Submission Attachments,"10/21/2025 12:00:00 AM",7710627415890729851,WRD - NPDES,Application/Request,HQG-GM42-A2DBC,Schedule - Biosolids Annual Report
"https://mienviro.michigan.gov/ncore/downloadpdf/9174144093660902326",Mgt Practices Certification.doc,nForm Document,Form Submission Attachments,"10/21/2025 12:00:00 AM",9174144093660902326,WRD - NPDES,Application/Request,HQG-GM42-A2DBC,Schedule - Biosolids Annual Report
"https://mienviro.michigan.gov/ncore/downloadpdf/3720641380305327115",HQG-GKRH-8B37J_v2.pdf,September 2025 WWTP effluent PFAS sample result,Form Submission Attachments,"10/24/2025 12:00:00 AM",3720641380305327115,WRD - NPDES,Application/Request,HQG-GKRH-8B37J,Schedule - PFAS POTW Effluent Monitoring Report
"https://mienviro.michigan.gov/ncore/downloadpdf/5490706325301464099",50412958.xlsx,September 2025 WWTP effluent PFAS sample result,Form Submission Attachments,"10/24/2025 12:00:00 AM",5490706325301464099,WRD - NPDES,Application/Request,HQG-GKRH-8B37J,Schedule - PFAS POTW Effluent Monitoring Report
"https://mienviro.michigan.gov/ncore/downloadpdf/-7618620738326605034",RE_ Cadillac Additional Local Limits Parameters - Proposed Sampling Plan.msg,,Industrial Pretreatment Program (IPP),"10/30/2025 12:00:00 AM",-7618620738326605034,WRD - NPDES,Application/Request,HQG-QQ9K-KSZ7V,Schedule - IPP Unscheduled Submissions for Approval
"https://mienviro.michigan.gov/ncore/downloadpdf/-645990763212332188",HQG-QQ9K-KSZ7V_v1.pdf,Submission PDF,Form Submission Attachments,"10/30/2025 12:00:00 AM",-645990763212332188,WRD - NPDES,Application/Request,HQG-QQ9K-KSZ7V,Schedule - IPP Unscheduled Submissions for Approval
"https://mienviro.michigan.gov/ncore/downloadpdf/357373492342145391",FW_ Cadillac Additional Local Limits Parameters - Proposed Sampling Plan.msg,,Industrial Pretreatment Program (IPP),"10/30/2025 12:00:00 AM",357373492342145391,WRD - NPDES,Application/Request,HQG-QQ9K-KSZ7V,Schedule - IPP Unscheduled Submissions for Approval
"https://mienviro.michigan.gov/ncore/downloadpdf/4876017487440937730",Cadillac WWTP MAHL Sampling Plan Additional Parameters Rev.pdf,Revised sampling plan.,Industrial Pretreatment Program (IPP),"10/30/2025 12:00:00 AM",4876017487440937730,WRD - NPDES,Application/Request,HQG-QQ9K-KSZ7V,Schedule - IPP Unscheduled Submissions for Approval
"https://mienviro.michigan.gov/ncore/downloadpdf/8699862027015199493",MI0020257_2025-10-01_to_2025-10-31_DMR.pdf,,Schedule - DMR Documents,"11/17/2025 12:00:00 AM",8699862027015199493,WRD - NPDES,Permit,MI0020257 v7.0,Schedule - DMR
"https://mienviro.michigan.gov/ncore/downloadpdf/2774844551579587410",FW_ Michigan Department of Environment_ Great Lakes_ and Energy - Lab Report 2510354.msg,,Misc. NPDES Evaluation Docs,"11/24/2025 12:00:00 AM",2774844551579587410,WRD - NPDES,Evaluation,E-PP960227970222,Sampling Only (Toxics) (10/22/2025)
"https://mienviro.michigan.gov/ncore/downloadpdf/4688361025082182327",2510354 FINAL EGLE Excel 24 Nov 25 1129.xls,,Misc. NPDES Evaluation Docs,"11/24/2025 12:00:00 AM",4688361025082182327,WRD - NPDES,Evaluation,E-PP960227970222,Sampling Only (Toxics) (10/22/2025)
"https://mienviro.michigan.gov/ncore/downloadpdf/7256004877716821693",2510354_1 ENVReport 11 24 2025 1129.pdf,,Misc. NPDES Evaluation Docs,"11/24/2025 12:00:00 AM",7256004877716821693,WRD - NPDES,Evaluation,E-PP960227970222,Sampling Only (Toxics) (10/22/2025)
"https://mienviro.michigan.gov/ncore/downloadpdf/4931570776904702952",October 2025 PFAS sample results.msg,,Misc. NPDES Evaluation Docs,"11/26/2025 12:00:00 AM",4931570776904702952,WRD - NPDES,Evaluation,E-PP960227970222,Sampling Only (Toxics) (10/22/2025)
"https://mienviro.michigan.gov/ncore/downloadpdf/3158526991311105464",MI0020257_2025-11-01_to_2025-11-30_DMR.pdf,,Schedule - DMR Documents,"12/16/2025 12:00:00 AM",3158526991311105464,WRD - NPDES,Permit,MI0020257 v7.0,Schedule - DMR
"https://mienviro.michigan.gov/ncore/downloadpdf/6508160864504021266",MI0020257_2025-12-01_to_2025-12-31_DMR.pdf,,Schedule - DMR Documents,"1/15/2026 12:00:00 AM",6508160864504021266,WRD - NPDES,Permit,MI0020257 v7.0,Schedule - DMR
"https://mienviro.michigan.gov/ncore/downloadpdf/-5578812166437150195",26.01.PFAS.EDD.Pace.xlsx,January 2026 WWTP effluent PFAS sample results,Form Submission Attachments,"2/12/2026 12:00:00 AM",-5578812166437150195,WRD - NPDES,Application/Request,HQK-A647-67DN7,Schedule - PFAS POTW Effluent Monitoring Report
"https://mienviro.michigan.gov/ncore/downloadpdf/-4926414550211924092",HQK-A647-67DN7_v1.pdf,January 2026 WWTP effluent PFAS sample results,Form Submission Attachments,"2/12/2026 12:00:00 AM",-4926414550211924092,WRD - NPDES,Application/Request,HQK-A647-67DN7,Schedule - PFAS POTW Effluent Monitoring Report
"https://mienviro.michigan.gov/ncore/downloadpdf/1874461106224616627",26.01.PFAS.Pace.pdf,January 2026 WWTP effluent PFAS sample results,Form Submission Attachments,"2/12/2026 12:00:00 AM",1874461106224616627,WRD - NPDES,Application/Request,HQK-A647-67DN7,Schedule - PFAS POTW Effluent Monitoring Report
"https://mienviro.michigan.gov/ncore/downloadpdf/-6034143549699434901",MI0020257_2026-01-01_to_2026-01-31_DMR.pdf,,Schedule - DMR Documents,"2/13/2026 12:00:00 AM",-6034143549699434901,WRD - NPDES,Permit,MI0020257 v7.0,Schedule - DMR
"https://mienviro.michigan.gov/ncore/downloadpdf/-8890797696595488087",Cadillac WWTP - MAHL 2026.msg,Comments on MAHL submitted for review January 2026.,Industrial Pretreatment Program (IPP),"3/9/2026 12:00:00 AM",-8890797696595488087,WRD - NPDES,Application/Request,HQ8-XRFB-J9GAX,Schedule - Local Limits Evaluation (IPP)
"https://mienviro.michigan.gov/ncore/downloadpdf/8102816380018443357",MI0020257_2026-02-01_to_2026-02-28_DMR.pdf,,Schedule - DMR Documents,"3/11/2026 12:00:00 AM",8102816380018443357,WRD - NPDES,Permit,MI0020257 v7.0,Schedule - DMR
"https://mienviro.michigan.gov/ncore/downloadpdf/-807426977827984435",260225.biosolids.PFAS.Merit.PDF,nForm Document,Form Submission Attachments,"3/13/2026 12:00:00 AM",-807426977827984435,WRD - NPDES,Application/Request,HQM-0Z2W-CZ7GW,Schedule - Biosolids PFAS Monitoring Report
"https://mienviro.michigan.gov/ncore/downloadpdf/2211822359886279510",HQM-0Z2W-CZ7GW_v1.pdf,Submission PDF,Form Submission Attachments,"3/13/2026 12:00:00 AM",2211822359886279510,WRD - NPDES,Application/Request,HQM-0Z2W-CZ7GW,Schedule - Biosolids PFAS Monitoring Report
"https://mienviro.michigan.gov/ncore/downloadpdf/-6483532604420044350",Cadillac POTW Oversight 2025.xlsx,nForm Document,Form Submission Attachments,"3/24/2026 12:00:00 AM",-6483532604420044350,WRD - NPDES,Application/Request,HQM-9QCZ-PE5QR,Schedule - Michigan Industrial Pretreatment Program (IPP) Annual Report
"https://mienviro.michigan.gov/ncore/downloadpdf/-3721864453893234678",POTW Monitoring Data Summary 2025.xlsx,nForm Document,Form Submission Attachments,"3/24/2026 12:00:00 AM",-3721864453893234678,WRD - NPDES,Application/Request,HQM-9QCZ-PE5QR,Schedule - Michigan Industrial Pretreatment Program (IPP) Annual Report
"https://mienviro.michigan.gov/ncore/downloadpdf/320030128169425910",SIU CIU List 2025.xlsx,nForm Document,Form Submission Attachments,"3/24/2026 12:00:00 AM",320030128169425910,WRD - NPDES,Application/Request,HQM-9QCZ-PE5QR,Schedule - Michigan Industrial Pretreatment Program (IPP) Annual Report
"https://mienviro.michigan.gov/ncore/downloadpdf/5857446858094699876",Affidavit of Publication.pdf,nForm Document,Form Submission Attachments,"3/24/2026 12:00:00 AM",5857446858094699876,WRD - NPDES,Application/Request,HQM-9QCZ-PE5QR,Schedule - Michigan Industrial Pretreatment Program (IPP) Annual Report
"https://mienviro.michigan.gov/ncore/downloadpdf/6247456133542199927",HQM-9QCZ-PE5QR_v1.pdf,Submission PDF,Form Submission Attachments,"3/24/2026 12:00:00 AM",6247456133542199927,WRD - NPDES,Application/Request,HQM-9QCZ-PE5QR,Schedule - Michigan Industrial Pretreatment Program (IPP) Annual Report
"https://mienviro.michigan.gov/ncore/downloadpdf/-9162074554534653440",25.05.22.AMR.Trace.rev.pdf,nForm Document,Form Submission Attachments,"3/25/2026 12:00:00 AM",-9162074554534653440,WRD - NPDES,Application/Request,HQD-8ZEE-2KJD5,Schedule - Certification of Completion of Additional Monitoring Requirements
"https://mienviro.michigan.gov/ncore/downloadpdf/-7324557563678758195",MI0020257_2025-10-01_to_2025-10-31_2_DMR.pdf,,Schedule - DMR Documents,"3/25/2026 12:00:00 AM",-7324557563678758195,WRD - NPDES,Permit,MI0020257 v7.0,Schedule - DMR
"https://mienviro.michigan.gov/ncore/downloadpdf/-6883744622283512660",MI0020257_2024-10-01_to_2024-10-31_2_DMR.pdf,,Schedule - DMR Documents,"3/25/2026 12:00:00 AM",-6883744622283512660,WRD - NPDES,Permit,MI0020257 v7.0,Schedule - DMR
"https://mienviro.michigan.gov/ncore/downloadpdf/-4858218891363921251",24.08.08.AMR.Trace.rev.pdf,nForm Document,Form Submission Attachments,"3/25/2026 12:00:00 AM",-4858218891363921251,WRD - NPDES,Application/Request,HQ6-MRKV-Q3MJJ,Schedule - Certification of Completion of Additional Monitoring Requirements
"https://mienviro.michigan.gov/ncore/downloadpdf/-4713217909402636999",MI0020257_2025-04-01_to_2025-04-30_2_DMR.pdf,,Schedule - DMR Documents,"3/25/2026 12:00:00 AM",-4713217909402636999,WRD - NPDES,Permit,MI0020257 v7.0,Schedule - DMR
"https://mienviro.michigan.gov/ncore/downloadpdf/-4391327775627724470",26.03.05.AMR.Trace.pdf,nForm Document,Form Submission Attachments,"3/25/2026 12:00:00 AM",-4391327775627724470,WRD - NPDES,Application/Request,HQM-5QVG-V9A98,Schedule - Certification of Completion of Additional Monitoring Requirements
"https://mienviro.michigan.gov/ncore/downloadpdf/-4287516719655978438",MI0020257_2024-04-01_to_2024-04-30_2_DMR.pdf,,Schedule - DMR Documents,"3/25/2026 12:00:00 AM",-4287516719655978438,WRD - NPDES,Permit,MI0020257 v7.0,Schedule - DMR
"https://mienviro.michigan.gov/ncore/downloadpdf/-884835855454563670",MI0020257_2026-01-01_to_2026-01-31_2_DMR.pdf,,Schedule - DMR Documents,"3/25/2026 12:00:00 AM",-884835855454563670,WRD - NPDES,Permit,MI0020257 v7.0,Schedule - DMR
"https://mienviro.michigan.gov/ncore/downloadpdf/-588199248180010083",HQM-5QVG-V9A98_v1.pdf,Submission PDF,Form Submission Attachments,"3/25/2026 12:00:00 AM",-588199248180010083,WRD - NPDES,Application/Request,HQM-5QVG-V9A98,Schedule - Certification of Completion of Additional Monitoring Requirements
"https://mienviro.michigan.gov/ncore/downloadpdf/-367073813989245298",MI0020257_2025-01-01_to_2025-01-31_2_DMR.pdf,,Schedule - DMR Documents,"3/25/2026 12:00:00 AM",-367073813989245298,WRD - NPDES,Permit,MI0020257 v7.0,Schedule - DMR
"https://mienviro.michigan.gov/ncore/downloadpdf/26061418605483136",MI0020257_2025-07-01_to_2025-07-31_2_DMR.pdf,,Schedule - DMR Documents,"3/25/2026 12:00:00 AM",26061418605483136,WRD - NPDES,Permit,MI0020257 v7.0,Schedule - DMR
"https://mienviro.michigan.gov/ncore/downloadpdf/2523134679191929216",MI0020257_2024-01-01_to_2024-01-31_3_DMR.pdf,,Schedule - DMR Documents,"3/25/2026 12:00:00 AM",2523134679191929216,WRD - NPDES,Permit,MI0020257 v7.0,Schedule - DMR
"https://mienviro.michigan.gov/ncore/downloadpdf/5037402671701845309",MI0020257_2024-07-01_to_2024-07-31_2_DMR.pdf,,Schedule - DMR Documents,"3/25/2026 12:00:00 AM",5037402671701845309,WRD - NPDES,Permit,MI0020257 v7.0,Schedule - DMR
"https://mienviro.michigan.gov/ncore/downloadpdf/7169233141793584971",26.03.04.Benzidine.CN.addlAMR.Trace.pdf,nForm Document,Form Submission Attachments,"3/25/2026 12:00:00 AM",7169233141793584971,WRD - NPDES,Application/Request,HQM-5QVG-V9A98,Schedule - Certification of Completion of Additional Monitoring Requirements
"https://mienviro.michigan.gov/ncore/downloadpdf/8471620628372917757",HQD-8ZEE-2KJD5_v2.pdf,Submission PDF,Form Submission Attachments,"3/25/2026 12:00:00 AM",8471620628372917757,WRD - NPDES,Application/Request,HQD-8ZEE-2KJD5,Schedule - Certification of Completion of Additional Monitoring Requirements
"https://mienviro.michigan.gov/ncore/downloadpdf/8769358100661492726",HQ6-MRKV-Q3MJJ_v2.pdf,Submission PDF,Form Submission Attachments,"3/25/2026 12:00:00 AM",8769358100661492726,WRD - NPDES,Application/Request,HQ6-MRKV-Q3MJJ,Schedule - Certification of Completion of Additional Monitoring Requirements
"https://mienviro.michigan.gov/ncore/downloadpdf/-2416974935471009222",HQM-3D1M-M17FW_v1.pdf,Submission PDF,Form Submission Attachments,"3/26/2026 12:00:00 AM",-2416974935471009222,WRD - NPDES,Application/Request,HQM-3D1M-M17FW,Schedule - Industrial Pretreatment Program Profile
"https://mienviro.michigan.gov/ncore/downloadpdf/-1555351778584676093",POTW Monitoring Data Summary 2025.xlsx,nForm Document,Form Submission Attachments,"3/26/2026 12:00:00 AM",-1555351778584676093,WRD - NPDES,Application/Request,HQM-9QCZ-PE5QR,Schedule - Michigan Industrial Pretreatment Program (IPP) Annual Report
"https://mienviro.michigan.gov/ncore/downloadpdf/-493491631835091944",IPP Annual Report.msg,Comments on the annual report.,Industrial Pretreatment Program (IPP),"3/26/2026 12:00:00 AM",-493491631835091944,WRD - NPDES,Application/Request,HQM-9QCZ-PE5QR,Schedule - Michigan Industrial Pretreatment Program (IPP) Annual Report
"https://mienviro.michigan.gov/ncore/downloadpdf/250871982403116597",HQM-9QCZ-PE5QR_v2.pdf,Submission PDF,Form Submission Attachments,"3/26/2026 12:00:00 AM",250871982403116597,WRD - NPDES,Application/Request,HQM-9QCZ-PE5QR,Schedule - Michigan Industrial Pretreatment Program (IPP) Annual Report
"https://mienviro.michigan.gov/ncore/downloadpdf/1716654376011487622",Cadillac WWTP 0257 DMRQA45.pdf,"DMRQA Study 45 - Permit Parameter Results Acceptable- Missing Data Report Form, Lab Checklist, and signed Analyte Checklists.",NPDES Misc. Site Docs,"3/30/2026 12:00:00 AM",1716654376011487622,n/a,Site,15637,Site
"https://mienviro.michigan.gov/ncore/downloadpdf/7207999630428628908",MI0020257_2026-03-01_to_2026-03-31_DMR.pdf,,Schedule - DMR Documents,"4/10/2026 12:00:00 AM",7207999630428628908,WRD - NPDES,Permit,MI0020257 v7.0,Schedule - DMR
"https://mienviro.michigan.gov/ncore/downloadpdf/2546315888356251367",HQN-7PHN-WHK7P_v1.pdf,Submission PDF,Form Submission Attachments,"5/1/2026 12:00:00 AM",2546315888356251367,WRD - NPDES,Application/Request,HQN-7PHN-WHK7P,Service Request - CSO/SSO/RTB/Other Discharge Event
"https://mienviro.michigan.gov/ncore/downloadpdf/4573335286633922747",2026 Cadillac WWTP Biosolids PFAS Letter.msg,,Misc. Submittal Docs,"5/4/2026 12:00:00 AM",4573335286633922747,WRD - NPDES,Application/Request,HQM-0Z2W-CZ7GW,Schedule - Biosolids PFAS Monitoring Report
"https://mienviro.michigan.gov/ncore/downloadpdf/5725793592317696694",Cadillac WWTP Class A EQ Letter_Interim_Strategy_2026.pdf,,Misc. Submittal Docs,"5/4/2026 12:00:00 AM",5725793592317696694,WRD - NPDES,Application/Request,HQM-0Z2W-CZ7GW,Schedule - Biosolids PFAS Monitoring Report
"https://mienviro.michigan.gov/ncore/downloadpdf/207703776627933965",Cadillac WWTP MAHL 2026 vers 2 comments 5-13-26_COPY.docx,MAHL 2026 version 2 WRD comments.,Industrial Pretreatment Program (IPP),"5/13/2026 12:00:00 AM",207703776627933965,WRD - NPDES,Compliance Action,SVN-01952,Second Violation Notice
"https://mienviro.michigan.gov/ncore/downloadpdf/-609203971089774878",MI0020257_2026-04-01_to_2026-04-30_DMR.pdf,,Schedule - DMR Documents,"5/19/2026 12:00:00 AM",-609203971089774878,WRD - NPDES,Permit,MI0020257 v7.0,Schedule - DMR
"https://mienviro.michigan.gov/ncore/downloadpdf/454803594652256667",HQN-NX4Y-ZMB09_v1.pdf,Submission PDF,Form Submission Attachments,"5/19/2026 12:00:00 AM",454803594652256667,WRD - NPDES,Application/Request,HQN-NX4Y-ZMB09,Service Request - Report of Discharge (CSO/SSO/RTB)
"https://mienviro.michigan.gov/ncore/downloadpdf/-1834643150412972249",EGLE WRD Correspondence_  SVN-01952_Cadillac WWTP_COPY.msg,Email transmission of SVN-01952,"Water Quality VNs, SVNs, ENs","5/22/2026 12:00:00 AM",-1834643150412972249,WRD - NPDES,Compliance Action,SVN-01952,Second Violation Notice
"https://mienviro.michigan.gov/ncore/downloadpdf/-1255819534835910397",EGLE WRD Correspondence_  SVN-01952_Cadillac WWTP.msg,Email transmission of SVN-01952,Misc Site Docs,"5/22/2026 12:00:00 AM",-1255819534835910397,n/a,Site,15637,Site
"https://mienviro.michigan.gov/ncore/downloadpdf/5461108364321894572",MI0020257_2026-04-01_to_2026-04-30_2_DMR.pdf,,Schedule - DMR Documents,"5/22/2026 12:00:00 AM",5461108364321894572,WRD - NPDES,Permit,MI0020257 v7.0,Schedule - DMR
"https://mienviro.michigan.gov/ncore/downloadpdf/-4934400107452369809",Violation Notice (VN 019184) Cadillac WWTP.docx,,"Water Quality VNs, SVNs, ENs","5/27/2026 12:00:00 AM",-4934400107452369809,WRD - NPDES,Compliance Action,VN-019184,Violation Notice
"https://mienviro.michigan.gov/ncore/downloadpdf/-4134587087805206304",Cadillac WWTP IPP - Civil and criminal penalties.msg,Comments on civil and criminal penalty required revisions,Industrial Pretreatment Program (IPP),"5/27/2026 12:00:00 AM",-4134587087805206304,WRD - NPDES,Compliance Action,SVN-01952,Second Violation Notice
"https://mienviro.michigan.gov/ncore/downloadpdf/-1595657276095531899",EGLE FILE Violation Notice - VN No_ VN-019184.msg,,"Water Quality VNs, SVNs, ENs","6/10/2026 12:00:00 AM",-1595657276095531899,WRD - NPDES,Compliance Action,VN-019184,Violation Notice
"https://mienviro.michigan.gov/ncore/downloadpdf/-5936415988770754121",HQP-CM46-C1C5E_v1.pdf,May 2026 WWTP effluent PFAS sample results,Form Submission Attachments,"6/17/2026 12:00:00 AM",-5936415988770754121,WRD - NPDES,Application/Request,HQP-CM46-C1C5E,Schedule - PFAS POTW Effluent Monitoring Report
"https://mienviro.michigan.gov/ncore/downloadpdf/2720206187583558296",26.05.PFAS.Pace.pdf,May 2026 WWTP effluent PFAS sample results,Form Submission Attachments,"6/17/2026 12:00:00 AM",2720206187583558296,WRD - NPDES,Application/Request,HQP-CM46-C1C5E,Schedule - PFAS POTW Effluent Monitoring Report
"https://mienviro.michigan.gov/ncore/downloadpdf/4681107026027633042",26.05.PFAS.EDD.Pace.xlsx,May 2026 WWTP effluent PFAS sample results,Form Submission Attachments,"6/17/2026 12:00:00 AM",4681107026027633042,WRD - NPDES,Application/Request,HQP-CM46-C1C5E,Schedule - PFAS POTW Effluent Monitoring Report
"https://mienviro.michigan.gov/ncore/downloadpdf/1959483062303199837",MI0020257_2026-05-01_to_2026-05-31_DMR.pdf,,Schedule - DMR Documents,"6/18/2026 12:00:00 AM",1959483062303199837,WRD - NPDES,Permit,MI0020257 v7.0,Schedule - DMR
"https://mienviro.michigan.gov/ncore/downloadpdf/-8990104727855864312",854440 Cadillac Additional Limits June 2026.pdf,nForm Document,Form Submission Attachments,"6/26/2026 12:00:00 AM",-8990104727855864312,WRD - NPDES,Application/Request,HQP-KKME-72W1M,"Schedule - Updated MAHL Study (Benzidine, Beryllium, and Phenol)"
"https://mienviro.michigan.gov/ncore/downloadpdf/-5182600334400963923",HQP-KKME-72W1M_v1.pdf,Submission PDF,Form Submission Attachments,"6/26/2026 12:00:00 AM",-5182600334400963923,WRD - NPDES,Application/Request,HQP-KKME-72W1M,"Schedule - Updated MAHL Study (Benzidine, Beryllium, and Phenol)"
"https://mienviro.michigan.gov/ncore/downloadpdf/-2335537377096476465",Cadillac SUO w proposed mark ups - jeff 5302024 July2026.pdf,nForm Document,Form Submission Attachments,"7/13/2026 12:00:00 AM",-2335537377096476465,WRD - NPDES,Application/Request,HQQ-0ZQQ-VCZ9T,"Schedule - Submit updated IPP procedures, SUO, and ERP."
"https://mienviro.michigan.gov/ncore/downloadpdf/-724492843495781795",HQQ-0ZQQ-VCZ9T_v1.pdf,Submission PDF,Form Submission Attachments,"7/13/2026 12:00:00 AM",-724492843495781795,WRD - NPDES,Application/Request,HQQ-0ZQQ-VCZ9T,"Schedule - Submit updated IPP procedures, SUO, and ERP."
"https://mienviro.michigan.gov/ncore/downloadpdf/-2130394822376927917",MI0020257_2026-06-01_to_2026-06-30_DMR.pdf,,Schedule - DMR Documents,"7/20/2026 12:00:00 AM",-2130394822376927917,WRD - NPDES,Permit,MI0020257 v7.0,Schedule - DMR
"https://mienviro.michigan.gov/ncore/downloadpdf/-9001675935930886663",260722.biosolids.PFASqc.Merit.PDF,nForm Document,Form Submission Attachments,"8/5/2026 12:00:00 AM",-9001675935930886663,WRD - NPDES,Application/Request,HQQ-JWPA-R1S8B,Schedule - Biosolids PFAS Monitoring Report
"https://mienviro.michigan.gov/ncore/downloadpdf/1188533409975558428",HQQ-JWPA-R1S8B_v1.pdf,Submission PDF,Form Submission Attachments,"8/5/2026 12:00:00 AM",1188533409975558428,WRD - NPDES,Application/Request,HQQ-JWPA-R1S8B,Schedule - Biosolids PFAS Monitoring Report
"https://mienviro.michigan.gov/ncore/downloadpdf/7082440348336298437",260722.biosolids.PFAS.Merit.PDF,nForm Document,Form Submission Attachments,"8/5/2026 12:00:00 AM",7082440348336298437,WRD - NPDES,Application/Request,HQQ-JWPA-R1S8B,Schedule - Biosolids PFAS Monitoring Report
