Document Date,Year,Document Name,Description,Document Class,Priority,Legacy / Hidden Retrieval Flags,MiEnviro Category,Program Area,Functional Area,Source Number,Source Type,Document Mgmt ID,MiEnviro Deep Link,Review / Recovery Status
2010-07-28,2010,2010_0728_Cadillac WWTP_DMR QA-30.pdf,District Scanned,Site / Miscellaneous,Routine,Site 15637 / Site record; District scanned composite,NPDES Misc. Site Docs,,Site,15637,Site,-6937581027589815058,https://mienviro.michigan.gov/ncore/downloadpdf/-6937581027589815058,Indexed in MiEnviro master record; substantive review/copy recovery status not yet independently verified
2010-09-30,2010,Sampling Field Sheet.doc,Sampling Field Sheet,Inspection / Evaluation,High,Conversion - Eval; Evaluation E-3F12-26-C65D,Conversion - Eval,WRD - NPDES,Evaluation,E-3F12-26-C65D,CSI-Conventionals Only (02/03/2011),-2564720546653195197,https://mienviro.michigan.gov/ncore/downloadpdf/-2564720546653195197,Indexed in MiEnviro master record; substantive review/copy recovery status not yet independently verified
2011-02-04,2011,Cadillac WWTP BOD (1).xls,,Inspection / Evaluation,High,Conversion - Application / Request; Evaluation E-3F12-26-C65D,Conversion - Application / Request,WRD - NPDES,Evaluation,E-3F12-26-C65D,CSI-Conventionals Only (02/03/2011),5999969830429433107,https://mienviro.michigan.gov/ncore/downloadpdf/5999969830429433107,Indexed in MiEnviro master record; substantive review/copy recovery status not yet independently verified
2011-02-04,2011,Cadillac WWTP BOD (2).pdf,,Inspection / Evaluation,High,Conversion - Application / Request; Evaluation E-3F12-26-C65D,Conversion - Application / Request,WRD - NPDES,Evaluation,E-3F12-26-C65D,CSI-Conventionals Only (02/03/2011),6336071071605205117,https://mienviro.michigan.gov/ncore/downloadpdf/6336071071605205117,Indexed in MiEnviro master record; substantive review/copy recovery status not yet independently verified
2011-02-04,2011,Cadillac WWTP BOD.pdf,,Inspection / Evaluation,High,Conversion - Application / Request; Evaluation E-3F12-26-C65D,Conversion - Application / Request,WRD - NPDES,Evaluation,E-3F12-26-C65D,CSI-Conventionals Only (02/03/2011),4014902657079641517,https://mienviro.michigan.gov/ncore/downloadpdf/4014902657079641517,Indexed in MiEnviro master record; substantive review/copy recovery status not yet independently verified
2011-02-15,2011,CadillacWWTP lab.PDF,,Inspection / Evaluation,High,Conversion - Application / Request; Evaluation E-3F12-26-C65D,Conversion - Application / Request,WRD - NPDES,Evaluation,E-3F12-26-C65D,CSI-Conventionals Only (02/03/2011),-438405291240013169,https://mienviro.michigan.gov/ncore/downloadpdf/-438405291240013169,Indexed in MiEnviro master record; substantive review/copy recovery status not yet independently verified
2011-02-15,2011,DEQ-Laboratory Report-CDWWTP.txt,,Inspection / Evaluation,High,Conversion - Application / Request; Evaluation E-3F12-26-C65D,Conversion - Application / Request,WRD - NPDES,Evaluation,E-3F12-26-C65D,CSI-Conventionals Only (02/03/2011),-6709596324584446127,https://mienviro.michigan.gov/ncore/downloadpdf/-6709596324584446127,Indexed in MiEnviro master record; substantive review/copy recovery status not yet independently verified
2011-03-09,2011,Cadillac WWTP 0111.xls,,Inspection / Evaluation,High,Conversion - Application / Request; Evaluation E-3F12-26-C65D,Conversion - Application / Request,WRD - NPDES,Evaluation,E-3F12-26-C65D,CSI-Conventionals Only (02/03/2011),8226216266026071417,https://mienviro.michigan.gov/ncore/downloadpdf/8226216266026071417,Indexed in MiEnviro master record; substantive review/copy recovery status not yet independently verified
2011-03-09,2011,Follow-up Letter.doc,Follow-up Letter,Inspection / Evaluation,High,Conversion - Eval; Evaluation E-3F12-26-C65D,Conversion - Eval,WRD - NPDES,Evaluation,E-3F12-26-C65D,CSI-Conventionals Only (02/03/2011),1255616733456315107,https://mienviro.michigan.gov/ncore/downloadpdf/1255616733456315107,Indexed in MiEnviro master record; substantive review/copy recovery status not yet independently verified
2011-04-29,2011,CA Cadillac WWTP IPP Annual Report 2010.pdf,,Industrial Pretreatment / IPP,High,Conversion - Permit,Conversion - Permit,WRD - NPDES,Application/Request,ce_soc_detail-25457,Schedule - Michigan Industrial Pretreatment Program Annual Report,6066649281144654349,https://mienviro.michigan.gov/ncore/downloadpdf/6066649281144654349,Indexed in MiEnviro master record; substantive review/copy recovery status not yet independently verified
2011-08-05,2011,2011_0805_Cadillac WWTP_DMR QA-31.pdf,District Scanned,Site / Miscellaneous,Routine,Site 15637 / Site record; District scanned composite,NPDES Misc. Site Docs,,Site,15637,Site,9070706673294423682,https://mienviro.michigan.gov/ncore/downloadpdf/9070706673294423682,Indexed in MiEnviro master record; substantive review/copy recovery status not yet independently verified
2012-01-18,2012,Cadillac WWTP Must Apply Letter.pdf,,Site / Miscellaneous,Routine,Conversion - SITE; Site 15637 / Site record,Conversion - SITE,,Site,15637,Site,-8849600511584876014,https://mienviro.michigan.gov/ncore/downloadpdf/-8849600511584876014,Indexed in MiEnviro master record; substantive review/copy recovery status not yet independently verified
2012-03-26,2012,Cadillac WWTP Application.pdf,,Compliance / Enforcement,High,Conversion - Compliance Action; Legacy permit version MI0020257 v5.0,Conversion - Compliance Action,WRD - NPDES,Permit,MI0020257 v5.0,NPDES Individual Permit,-7021570928602701902,https://mienviro.michigan.gov/ncore/downloadpdf/-7021570928602701902,Indexed in MiEnviro master record; substantive review/copy recovery status not yet independently verified
2012-03-26,2012,Cadillac WWTP Fish Toxicity Tests.pdf,,Compliance / Enforcement,High,Conversion - Compliance Action; Legacy permit version MI0020257 v5.0,Conversion - Compliance Action,WRD - NPDES,Permit,MI0020257 v5.0,NPDES Individual Permit,-6207937354821693834,https://mienviro.michigan.gov/ncore/downloadpdf/-6207937354821693834,Indexed in MiEnviro master record; substantive review/copy recovery status not yet independently verified
2012-03-26,2012,Cadillac WWTP Maps and Flow.pdf,,Compliance / Enforcement,High,Conversion - Compliance Action; Legacy permit version MI0020257 v5.0,Conversion - Compliance Action,WRD - NPDES,Permit,MI0020257 v5.0,NPDES Individual Permit,-2618602197135988934,https://mienviro.michigan.gov/ncore/downloadpdf/-2618602197135988934,Indexed in MiEnviro master record; substantive review/copy recovery status not yet independently verified
2012-03-26,2012,Cadillac WWTP Mercury Tests.pdf,,Compliance / Enforcement,High,Conversion - Compliance Action; Legacy permit version MI0020257 v5.0,Conversion - Compliance Action,WRD - NPDES,Permit,MI0020257 v5.0,NPDES Individual Permit,-4772999631657362957,https://mienviro.michigan.gov/ncore/downloadpdf/-4772999631657362957,Indexed in MiEnviro master record; substantive review/copy recovery status not yet independently verified
2012-03-26,2012,Cadillac WWTP SIU Information.pdf,,Industrial Pretreatment / IPP,Critical,Conversion - Compliance Action; Legacy permit version MI0020257 v5.0,Conversion - Compliance Action,WRD - NPDES,Permit,MI0020257 v5.0,NPDES Individual Permit,2606761043345214758,https://mienviro.michigan.gov/ncore/downloadpdf/2606761043345214758,2012 Cadillac WWTP SIU Information previously verified top-to-bottom; deep link indexed
2012-03-26,2012,Cadillac WWTP Septage Information.pdf,,Compliance / Enforcement,Critical,Conversion - Compliance Action; Legacy permit version MI0020257 v5.0,Conversion - Compliance Action,WRD - NPDES,Permit,MI0020257 v5.0,NPDES Individual Permit,-605910068122278034,https://mienviro.michigan.gov/ncore/downloadpdf/-605910068122278034,2012 Cadillac WWTP Septage Information previously visually verified; deep link indexed
2012-03-26,2012,Cadillac WWTP Test Results.pdf,,Compliance / Enforcement,High,Conversion - Compliance Action; Legacy permit version MI0020257 v5.0,Conversion - Compliance Action,WRD - NPDES,Permit,MI0020257 v5.0,NPDES Individual Permit,4716295422139915510,https://mienviro.michigan.gov/ncore/downloadpdf/4716295422139915510,Indexed in MiEnviro master record; substantive review/copy recovery status not yet independently verified
2012-04-11,2012,Cadillac WWTP NEC.pdf,,Compliance / Enforcement,High,Conversion - Compliance Action; Legacy permit version MI0020257 v5.0,Conversion - Compliance Action,WRD - NPDES,Permit,MI0020257 v5.0,NPDES Individual Permit,2907549657209812738,https://mienviro.michigan.gov/ncore/downloadpdf/2907549657209812738,Indexed in MiEnviro master record; substantive review/copy recovery status not yet independently verified
2012-08-17,2012,2012_0817_Cadillac WWTP_DMR QA-32.pdf,District Scanned,Site / Miscellaneous,Routine,Site 15637 / Site record; District scanned composite,NPDES Misc. Site Docs,,Site,15637,Site,-2140745704635662606,https://mienviro.michigan.gov/ncore/downloadpdf/-2140745704635662606,Indexed in MiEnviro master record; substantive review/copy recovery status not yet independently verified
2012-11-09,2012,WQBEL Memo - Conventionals.doc,WQBEL Memo - Conventionals,Permit / Application,Medium,Conversion - Permit; Legacy permit version MI0020257 v5.0,Conversion - Permit,WRD - NPDES,Permit,MI0020257 v5.0,NPDES Individual Permit,-2587941060086653778,https://mienviro.michigan.gov/ncore/downloadpdf/-2587941060086653778,Indexed in MiEnviro master record; substantive review/copy recovery status not yet independently verified
2013-03-09,2013,Application Complete Checklist.doc,Application Complete Checklist,Permit / Application,Medium,Conversion - Permit; Legacy permit version MI0020257 v5.0,Conversion - Permit,WRD - NPDES,Permit,MI0020257 v5.0,NPDES Individual Permit,-750857842152552655,https://mienviro.michigan.gov/ncore/downloadpdf/-750857842152552655,Indexed in MiEnviro master record; substantive review/copy recovery status not yet independently verified
2013-04-18,2013,WQBEL Memo - Toxics.doc,WQBEL Memo - Toxics,Permit / Application,Medium,Conversion - Permit; Legacy permit version MI0020257 v5.0,Conversion - Permit,WRD - NPDES,Permit,MI0020257 v5.0,NPDES Individual Permit,-8853155827505618463,https://mienviro.michigan.gov/ncore/downloadpdf/-8853155827505618463,Indexed in MiEnviro master record; substantive review/copy recovery status not yet independently verified
2013-05-02,2013,CadillacWWTP_FS.pdf,WQBEL Toxics Recommendations Fact Sheet,Compliance / Enforcement,High,Conversion - Compliance Action; Legacy permit version MI0020257 v5.0,Conversion - Compliance Action,WRD - NPDES,Permit,MI0020257 v5.0,NPDES Individual Permit,8407029926974047625,https://mienviro.michigan.gov/ncore/downloadpdf/8407029926974047625,Indexed in MiEnviro master record; substantive review/copy recovery status not yet independently verified
2013-05-17,2013,Application Compliance Comments.doc,Application Compliance Comments,Compliance / Enforcement,High,Conversion - Permit; Legacy permit version MI0020257 v5.0,Conversion - Permit,WRD - NPDES,Permit,MI0020257 v5.0,NPDES Individual Permit,-4758370497540417923,https://mienviro.michigan.gov/ncore/downloadpdf/-4758370497540417923,Indexed in MiEnviro master record; substantive review/copy recovery status not yet independently verified
2013-05-20,2013,Permit Template - Municipal.doc,Permit Template - Municipal,Permit / Application,Medium,Conversion - Permit; Legacy permit version MI0020257 v5.0,Conversion - Permit,WRD - NPDES,Permit,MI0020257 v5.0,NPDES Individual Permit,8273775742265584790,https://mienviro.michigan.gov/ncore/downloadpdf/8273775742265584790,Indexed in MiEnviro master record; substantive review/copy recovery status not yet independently verified
2013-05-21,2013,Fact Sheet.doc,Fact Sheet,Permit / Application,Medium,Conversion - Permit; Legacy permit version MI0020257 v5.0,Conversion - Permit,WRD - NPDES,Permit,MI0020257 v5.0,NPDES Individual Permit,103605179192073784,https://mienviro.michigan.gov/ncore/downloadpdf/103605179192073784,Indexed in MiEnviro master record; substantive review/copy recovery status not yet independently verified
2013-05-22,2013,Basis for Decision Memo.doc,Basis for Decision Memo,Permit / Application,Medium,Conversion - Permit; Legacy permit version MI0020257 v5.0,Conversion - Permit,WRD - NPDES,Permit,MI0020257 v5.0,NPDES Individual Permit,6383819432886238526,https://mienviro.michigan.gov/ncore/downloadpdf/6383819432886238526,Indexed in MiEnviro master record; substantive review/copy recovery status not yet independently verified
2013-05-23,2013,Issued Letter - Individual Permit.doc,Issued Letter - Individual Permit,Permit / Application,Medium,Conversion - Permit; Legacy permit version MI0020257 v5.0,Conversion - Permit,WRD - NPDES,Permit,MI0020257 v5.0,NPDES Individual Permit,4068333476844843234,https://mienviro.michigan.gov/ncore/downloadpdf/4068333476844843234,Indexed in MiEnviro master record; substantive review/copy recovery status not yet independently verified
2013-05-23,2013,Pre-Public Notice Letter.doc,Pre-Public Notice Letter,Compliance / Enforcement,High,Conversion - Permit; Legacy permit version MI0020257 v5.0,Conversion - Permit,WRD - NPDES,Permit,MI0020257 v5.0,NPDES Individual Permit,-3570540961383078534,https://mienviro.michigan.gov/ncore/downloadpdf/-3570540961383078534,Indexed in MiEnviro master record; substantive review/copy recovery status not yet independently verified
2013-05-23,2013,Public Notice Document.doc,Public Notice Document,Permit / Application,Medium,Conversion - Permit; Legacy permit version MI0020257 v5.0,Conversion - Permit,WRD - NPDES,Permit,MI0020257 v5.0,NPDES Individual Permit,2042187794808505003,https://mienviro.michigan.gov/ncore/downloadpdf/2042187794808505003,Indexed in MiEnviro master record; substantive review/copy recovery status not yet independently verified
2013-06-07,2013,Cadillac WWTP IPP 2011.pdf,,Industrial Pretreatment / IPP,High,Conversion - Permit,Conversion - Permit,WRD - NPDES,Application/Request,ce_soc_detail-25458,Schedule - Michigan Industrial Pretreatment Program Annual Report,7597357992452969174,https://mienviro.michigan.gov/ncore/downloadpdf/7597357992452969174,Cadillac WWTP IPP 2011 (50 pp) previously reviewed; deep link indexed
2013-07-17,2013,Cadillac PPN Email.pdf,,Compliance / Enforcement,High,Conversion - Compliance Action; Legacy permit version MI0020257 v5.0,Conversion - Compliance Action,WRD - NPDES,Permit,MI0020257 v5.0,NPDES Individual Permit,691496640525586540,https://mienviro.michigan.gov/ncore/downloadpdf/691496640525586540,Indexed in MiEnviro master record; substantive review/copy recovery status not yet independently verified
2013-07-17,2013,Cadillac WWTP Draft Permit.pdf,PPN Permit,Compliance / Enforcement,High,Conversion - Compliance Action; Legacy permit version MI0020257 v5.0,Conversion - Compliance Action,WRD - NPDES,Permit,MI0020257 v5.0,NPDES Individual Permit,6433966495781532147,https://mienviro.michigan.gov/ncore/downloadpdf/6433966495781532147,Indexed in MiEnviro master record; substantive review/copy recovery status not yet independently verified
2013-08-08,2013,CadillacWWTP_ToxicsFactSheet.pdf,Updated WQBEL Toxics Recommendations Fact Sheet,Compliance / Enforcement,High,Conversion - Compliance Action; Legacy permit version MI0020257 v5.0,Conversion - Compliance Action,WRD - NPDES,Permit,MI0020257 v5.0,NPDES Individual Permit,-7691202997137362379,https://mienviro.michigan.gov/ncore/downloadpdf/-7691202997137362379,Indexed in MiEnviro master record; substantive review/copy recovery status not yet independently verified
2013-08-08,2013,General Purpose Memo.doc,General Purpose Memo,Permit / Application,Medium,Conversion - Permit; Legacy permit version MI0020257 v5.0,Conversion - Permit,WRD - NPDES,Permit,MI0020257 v5.0,NPDES Individual Permit,-5476792548719461782,https://mienviro.michigan.gov/ncore/downloadpdf/-5476792548719461782,Indexed in MiEnviro master record; substantive review/copy recovery status not yet independently verified
2013-08-14,2013,2013_0814_Cadillac WWTP_DMR QA-33.pdf,District Scanned,Site / Miscellaneous,Routine,Site 15637 / Site record; District scanned composite,NPDES Misc. Site Docs,,Site,15637,Site,4611196213415728235,https://mienviro.michigan.gov/ncore/downloadpdf/4611196213415728235,Indexed in MiEnviro master record; substantive review/copy recovery status not yet independently verified
2013-08-16,2013,Cadillac WWTP Basis for Decision Memo.pdf,Version as public noticed,Compliance / Enforcement,High,Conversion - Compliance Action; Legacy permit version MI0020257 v5.0,Conversion - Compliance Action,WRD - NPDES,Permit,MI0020257 v5.0,NPDES Individual Permit,-7391325481454595778,https://mienviro.michigan.gov/ncore/downloadpdf/-7391325481454595778,Indexed in MiEnviro master record; substantive review/copy recovery status not yet independently verified
2013-08-16,2013,Cadillac WWTP PPN Comments.pdf,,Compliance / Enforcement,High,Conversion - Compliance Action; Legacy permit version MI0020257 v5.0,Conversion - Compliance Action,WRD - NPDES,Permit,MI0020257 v5.0,NPDES Individual Permit,4017018463330352813,https://mienviro.michigan.gov/ncore/downloadpdf/4017018463330352813,Indexed in MiEnviro master record; substantive review/copy recovery status not yet independently verified
2013-08-16,2013,Cadillac WWTP PPN Email Exchange 2.pdf,,Compliance / Enforcement,High,Conversion - Compliance Action; Legacy permit version MI0020257 v5.0,Conversion - Compliance Action,WRD - NPDES,Permit,MI0020257 v5.0,NPDES Individual Permit,-8309188111481449431,https://mienviro.michigan.gov/ncore/downloadpdf/-8309188111481449431,Indexed in MiEnviro master record; substantive review/copy recovery status not yet independently verified
2013-08-16,2013,Cadillac WWTP PPN Email Exchange.pdf,,Compliance / Enforcement,High,Conversion - Compliance Action; Legacy permit version MI0020257 v5.0,Conversion - Compliance Action,WRD - NPDES,Permit,MI0020257 v5.0,NPDES Individual Permit,-2888412398541189349,https://mienviro.michigan.gov/ncore/downloadpdf/-2888412398541189349,Indexed in MiEnviro master record; substantive review/copy recovery status not yet independently verified
2013-08-16,2013,Cadillac WWTP Public Notice Draft Permit.pdf,,Compliance / Enforcement,High,Conversion - Compliance Action; Legacy permit version MI0020257 v5.0,Conversion - Compliance Action,WRD - NPDES,Permit,MI0020257 v5.0,NPDES Individual Permit,-3380254261609336174,https://mienviro.michigan.gov/ncore/downloadpdf/-3380254261609336174,Indexed in MiEnviro master record; substantive review/copy recovery status not yet independently verified
2013-08-16,2013,Cadillac WWTP Public Notice Email.pdf,,Compliance / Enforcement,High,Conversion - Compliance Action; Legacy permit version MI0020257 v5.0,Conversion - Compliance Action,WRD - NPDES,Permit,MI0020257 v5.0,NPDES Individual Permit,7362722464259672092,https://mienviro.michigan.gov/ncore/downloadpdf/7362722464259672092,Indexed in MiEnviro master record; substantive review/copy recovery status not yet independently verified
2013-08-16,2013,Cadillac WWTP Response to Comments Email.pdf,,Compliance / Enforcement,High,Conversion - Compliance Action; Legacy permit version MI0020257 v5.0,Conversion - Compliance Action,WRD - NPDES,Permit,MI0020257 v5.0,NPDES Individual Permit,-4130029830579911351,https://mienviro.michigan.gov/ncore/downloadpdf/-4130029830579911351,Indexed in MiEnviro master record; substantive review/copy recovery status not yet independently verified
2013-08-16,2013,Cadillac WWTP Response to Comments.pdf,,Compliance / Enforcement,High,Conversion - Compliance Action; Legacy permit version MI0020257 v5.0,Conversion - Compliance Action,WRD - NPDES,Permit,MI0020257 v5.0,NPDES Individual Permit,3731373716033583448,https://mienviro.michigan.gov/ncore/downloadpdf/3731373716033583448,Indexed in MiEnviro master record; substantive review/copy recovery status not yet independently verified
2013-08-16,2013,MDEQ Draft NPDES Response from Cadillac.pdf,,Compliance / Enforcement,High,Conversion - Compliance Action; Legacy permit version MI0020257 v5.0,Conversion - Compliance Action,WRD - NPDES,Permit,MI0020257 v5.0,NPDES Individual Permit,7119989374435100322,https://mienviro.michigan.gov/ncore/downloadpdf/7119989374435100322,Indexed in MiEnviro master record; substantive review/copy recovery status not yet independently verified
2013-08-16,2013,Public Notice Letter.doc,Public Notice Letter,Compliance / Enforcement,High,Conversion - Permit; Legacy permit version MI0020257 v5.0,Conversion - Permit,WRD - NPDES,Permit,MI0020257 v5.0,NPDES Individual Permit,1627519268423672263,https://mienviro.michigan.gov/ncore/downloadpdf/1627519268423672263,Indexed in MiEnviro master record; substantive review/copy recovery status not yet independently verified
2013-08-16,2013,Public Notice Notification.doc,Public Notice Notification,Permit / Application,Medium,Conversion - Permit; Legacy permit version MI0020257 v5.0,Conversion - Permit,WRD - NPDES,Permit,MI0020257 v5.0,NPDES Individual Permit,-6015990787720855289,https://mienviro.michigan.gov/ncore/downloadpdf/-6015990787720855289,Indexed in MiEnviro master record; substantive review/copy recovery status not yet independently verified
2013-08-20,2013,Cadillac WWTP PN Notification Email.pdf,,Compliance / Enforcement,High,Conversion - Compliance Action; Legacy permit version MI0020257 v5.0,Conversion - Compliance Action,WRD - NPDES,Permit,MI0020257 v5.0,NPDES Individual Permit,6362211730533153224,https://mienviro.michigan.gov/ncore/downloadpdf/6362211730533153224,Indexed in MiEnviro master record; substantive review/copy recovery status not yet independently verified
2013-09-04,2013,AvailCyanide Recs.pdf,Revised Recommendation for Available Cyanide,Compliance / Enforcement,High,Conversion - Compliance Action; Legacy permit version MI0020257 v5.0,Conversion - Compliance Action,WRD - NPDES,Permit,MI0020257 v5.0,NPDES Individual Permit,357104448692010328,https://mienviro.michigan.gov/ncore/downloadpdf/357104448692010328,Indexed in MiEnviro master record; substantive review/copy recovery status not yet independently verified
2013-09-13,2013,Pre-Inspection ReportLS.doc,Pre-Inspection ReportLS,Compliance / Enforcement,Critical,Conversion - Eval; Evaluation E-CF37-78-F1CD,Conversion - Eval,WRD - NPDES,Evaluation,E-CF37-78-F1CD,NPDES Compliance Evaluation Inspection (CEI) (09/30/2013),3428788513576669470,https://mienviro.michigan.gov/ncore/downloadpdf/3428788513576669470,2013 CEI pre-inspection record indexed
2013-09-25,2013,QA QC Report - Individual Permit.doc,QA QC Report - Individual Permit,Permit / Application,Medium,Conversion - Permit; Legacy permit version MI0020257 v5.0,Conversion - Permit,WRD - NPDES,Permit,MI0020257 v5.0,NPDES Individual Permit,8003362588879650113,https://mienviro.michigan.gov/ncore/downloadpdf/8003362588879650113,Indexed in MiEnviro master record; substantive review/copy recovery status not yet independently verified
2013-11-13,2013,Cadillac 9-19-13 Letter to Mike Bitondo.pdf,,Compliance / Enforcement,High,Conversion - Compliance Action; Legacy permit version MI0020257 v5.0,Conversion - Compliance Action,WRD - NPDES,Permit,MI0020257 v5.0,NPDES Individual Permit,-4137983880946955700,https://mienviro.michigan.gov/ncore/downloadpdf/-4137983880946955700,Indexed in MiEnviro master record; substantive review/copy recovery status not yet independently verified
2013-11-13,2013,Cadillac WWTP Cover Email 9-19-13.pdf,,Compliance / Enforcement,High,Conversion - Compliance Action; Legacy permit version MI0020257 v5.0,Conversion - Compliance Action,WRD - NPDES,Permit,MI0020257 v5.0,NPDES Individual Permit,330676165036433120,https://mienviro.michigan.gov/ncore/downloadpdf/330676165036433120,Indexed in MiEnviro master record; substantive review/copy recovery status not yet independently verified
2013-11-13,2013,Cadillac WWTP Draft Permit 9-25-13.pdf,With revised Asset Management Lang,Compliance / Enforcement,High,Conversion - Compliance Action; Legacy permit version MI0020257 v5.0,Conversion - Compliance Action,WRD - NPDES,Permit,MI0020257 v5.0,NPDES Individual Permit,-6131834195465596614,https://mienviro.michigan.gov/ncore/downloadpdf/-6131834195465596614,Indexed in MiEnviro master record; substantive review/copy recovery status not yet independently verified
2013-11-13,2013,Cadillac WWTP Email Exchange 9-3-13.pdf,,Compliance / Enforcement,High,Conversion - Compliance Action; Legacy permit version MI0020257 v5.0,Conversion - Compliance Action,WRD - NPDES,Permit,MI0020257 v5.0,NPDES Individual Permit,-8365213610442199787,https://mienviro.michigan.gov/ncore/downloadpdf/-8365213610442199787,Indexed in MiEnviro master record; substantive review/copy recovery status not yet independently verified
2013-11-13,2013,Cadillac WWTP Email Response 9-25-13.pdf,,Compliance / Enforcement,High,Conversion - Compliance Action; Legacy permit version MI0020257 v5.0,Conversion - Compliance Action,WRD - NPDES,Permit,MI0020257 v5.0,NPDES Individual Permit,423116088479995591,https://mienviro.michigan.gov/ncore/downloadpdf/423116088479995591,Indexed in MiEnviro master record; substantive review/copy recovery status not yet independently verified
2013-11-13,2013,Cadillac WWTP Emails about meeting 8-29-13.pdf,,Compliance / Enforcement,High,Conversion - Compliance Action; Legacy permit version MI0020257 v5.0,Conversion - Compliance Action,WRD - NPDES,Permit,MI0020257 v5.0,NPDES Individual Permit,-1880339282009717938,https://mienviro.michigan.gov/ncore/downloadpdf/-1880339282009717938,Indexed in MiEnviro master record; substantive review/copy recovery status not yet independently verified
2013-11-19,2013,Compliance Communication.doc,Compliance Communication,Compliance / Enforcement,High,Conversion - Eval; Evaluation E-CF37-78-F1CD,Conversion - Eval,WRD - NPDES,Evaluation,E-CF37-78-F1CD,NPDES Compliance Evaluation Inspection (CEI) (09/30/2013),8202189061190805836,https://mienviro.michigan.gov/ncore/downloadpdf/8202189061190805836,Indexed in MiEnviro master record; substantive review/copy recovery status not yet independently verified
2014-03-31,2014,Cadillac PMP.pdf,,Permit / Application,Medium,Conversion - Permit,Conversion - Permit,WRD - NPDES,Application/Request,ce_soc_detail-47836,Schedule - Pollutant Minimization Program (PMP) Annual Report,8183547368058181207,https://mienviro.michigan.gov/ncore/downloadpdf/8183547368058181207,Indexed in MiEnviro master record; substantive review/copy recovery status not yet independently verified
2014-07-07,2014,RMP Modification Request-July 2014.pdf,to Surface apply,Biosolids / Land Application,Medium,Site 15637 / Site record,NPDES Biosolids Site Docs,,Site,15637,Site,1301191744469019931,https://mienviro.michigan.gov/ncore/downloadpdf/1301191744469019931,Indexed in MiEnviro master record; substantive review/copy recovery status not yet independently verified
2014-07-10,2014,RMP Modification Approval Letter-2014.pdf,Surface apply with conditions,Biosolids / Land Application,Medium,Site 15637 / Site record,NPDES Biosolids Site Docs,,Site,15637,Site,396256187984330582,https://mienviro.michigan.gov/ncore/downloadpdf/396256187984330582,Indexed in MiEnviro master record; substantive review/copy recovery status not yet independently verified
2014-08-04,2014,Sampling Field Sheet.doc,Sampling Field Sheet,Inspection / Evaluation,High,Conversion - Eval; Evaluation E-832F-E9-D657,Conversion - Eval,WRD - NPDES,Evaluation,E-832F-E9-D657,NPDES CSI-Toxics (10/14/2014),8152724494912613868,https://mienviro.michigan.gov/ncore/downloadpdf/8152724494912613868,Indexed in MiEnviro master record; substantive review/copy recovery status not yet independently verified
2014-08-18,2014,2014_0818_Cadillac WWTP_DMR QA-34.pdf,District Scanned,Site / Miscellaneous,Routine,Site 15637 / Site record; District scanned composite,NPDES Misc. Site Docs,,Site,15637,Site,2417529640713035099,https://mienviro.michigan.gov/ncore/downloadpdf/2417529640713035099,Indexed in MiEnviro master record; substantive review/copy recovery status not yet independently verified
2014-09-03,2014,Cadillac surface application 2014-2.jpg,,Biosolids / Land Application,Medium,Conversion - Application / Request; Evaluation E-8B5C-16-97FE,Conversion - Application / Request,WRD - NPDES,Evaluation,E-8B5C-16-97FE,Biosolids Site Inspection (08/14/2014),6169276037386673226,https://mienviro.michigan.gov/ncore/downloadpdf/6169276037386673226,Indexed in MiEnviro master record; substantive review/copy recovery status not yet independently verified
2014-09-03,2014,Cadillac surface application 2014.jpg,,Biosolids / Land Application,Medium,Conversion - Application / Request; Evaluation E-8B5C-16-97FE,Conversion - Application / Request,WRD - NPDES,Evaluation,E-8B5C-16-97FE,Biosolids Site Inspection (08/14/2014),-5654449704836290694,https://mienviro.michigan.gov/ncore/downloadpdf/-5654449704836290694,Indexed in MiEnviro master record; substantive review/copy recovery status not yet independently verified
2014-10-09,2014,DEQ Test Data Evaluation Form.doc,DEQ Test Data Evaluation Form,Inspection / Evaluation,High,Conversion - Eval; Evaluation E-832F-E9-D657,Conversion - Eval,WRD - NPDES,Evaluation,E-832F-E9-D657,NPDES CSI-Toxics (10/14/2014),6466431524347949415,https://mienviro.michigan.gov/ncore/downloadpdf/6466431524347949415,Indexed in MiEnviro master record; substantive review/copy recovery status not yet independently verified
2014-10-09,2014,Pre-Inspection Report.doc,Pre-Inspection Report,Inspection / Evaluation,Critical,Conversion - Eval; Evaluation E-832F-E9-D657,Conversion - Eval,WRD - NPDES,Evaluation,E-832F-E9-D657,NPDES CSI-Toxics (10/14/2014),6087030119021648324,https://mienviro.michigan.gov/ncore/downloadpdf/6087030119021648324,Indexed in MiEnviro master record; substantive review/copy recovery status not yet independently verified
2014-10-17,2014,Basis for Decision Memo-Classification.doc,Basis for Decision Memo-Classification,Site / Miscellaneous,Routine,Conversion - SITE; Site 15637 / Site record,Conversion - SITE,,Site,15637,Site,3031965344754622253,https://mienviro.michigan.gov/ncore/downloadpdf/3031965344754622253,Indexed in MiEnviro master record; substantive review/copy recovery status not yet independently verified
2014-10-20,2014,Certified Operator Response Form.doc,Certified Operator Response Form,Site / Miscellaneous,Routine,Conversion - SITE; Site 15637 / Site record,Conversion - SITE,,Site,15637,Site,-1554170949448187422,https://mienviro.michigan.gov/ncore/downloadpdf/-1554170949448187422,Indexed in MiEnviro master record; substantive review/copy recovery status not yet independently verified
2014-10-21,2014,56545 Analytical Methodology.pdf,,Inspection / Evaluation,High,Conversion - Application / Request; Evaluation E-832F-E9-D657,Conversion - Application / Request,WRD - NPDES,Evaluation,E-832F-E9-D657,NPDES CSI-Toxics (10/14/2014),-3847456507453624983,https://mienviro.michigan.gov/ncore/downloadpdf/-3847456507453624983,2014 analytical methodology indexed
2014-10-21,2014,56545 Facility Site Review.pdf,,Inspection / Evaluation,High,Conversion - Application / Request; Evaluation E-832F-E9-D657,Conversion - Application / Request,WRD - NPDES,Evaluation,E-832F-E9-D657,NPDES CSI-Toxics (10/14/2014),-4977324678545524248,https://mienviro.michigan.gov/ncore/downloadpdf/-4977324678545524248,2014 CSI-Toxics facility site review indexed
2014-10-21,2014,56545 Pre-Inspection Report.pdf,,Inspection / Evaluation,Critical,Conversion - Application / Request; Evaluation E-832F-E9-D657,Conversion - Application / Request,WRD - NPDES,Evaluation,E-832F-E9-D657,NPDES CSI-Toxics (10/14/2014),4833597761643264099,https://mienviro.michigan.gov/ncore/downloadpdf/4833597761643264099,Indexed in MiEnviro master record; substantive review/copy recovery status not yet independently verified
2014-10-21,2014,56545 Sampling Procedures.pdf,,Inspection / Evaluation,High,Conversion - Application / Request; Evaluation E-832F-E9-D657,Conversion - Application / Request,WRD - NPDES,Evaluation,E-832F-E9-D657,NPDES CSI-Toxics (10/14/2014),6099492185350595096,https://mienviro.michigan.gov/ncore/downloadpdf/6099492185350595096,Indexed in MiEnviro master record; substantive review/copy recovery status not yet independently verified
2014-10-21,2014,56545 Self Monitoring Records.pdf,,Inspection / Evaluation,High,Conversion - Application / Request; Evaluation E-832F-E9-D657,Conversion - Application / Request,WRD - NPDES,Evaluation,E-832F-E9-D657,NPDES CSI-Toxics (10/14/2014),5192314478678825187,https://mienviro.michigan.gov/ncore/downloadpdf/5192314478678825187,Indexed in MiEnviro master record; substantive review/copy recovery status not yet independently verified
2014-10-21,2014,Compliance Communication.doc,Compliance Communication,Compliance / Enforcement,High,Conversion - Eval; Evaluation E-832F-E9-D657,Conversion - Eval,WRD - NPDES,Evaluation,E-832F-E9-D657,NPDES CSI-Toxics (10/14/2014),-4079459079770278084,https://mienviro.michigan.gov/ncore/downloadpdf/-4079459079770278084,2014 CSI-Toxics compliance communication indexed
2014-10-22,2014,2014_1022_Cadillac WWTP_Classification Letter.pdf,District Scanned,Site / Miscellaneous,Routine,Site 15637 / Site record; District scanned composite,NPDES Misc. Site Docs,,Site,15637,Site,5870795035956810268,https://mienviro.michigan.gov/ncore/downloadpdf/5870795035956810268,Indexed in MiEnviro master record; substantive review/copy recovery status not yet independently verified
2014-11-25,2014,Cadillac WWTP1014.xls,CSI Report,Inspection / Evaluation,High,Conversion - Application / Request; Evaluation E-832F-E9-D657,Conversion - Application / Request,WRD - NPDES,Evaluation,E-832F-E9-D657,NPDES CSI-Toxics (10/14/2014),-4058762933703698175,https://mienviro.michigan.gov/ncore/downloadpdf/-4058762933703698175,2014 CSI report spreadsheet indexed
2014-11-26,2014,1410104_1 ENVReport 10 30 2014 1323.pdf,,Inspection / Evaluation,High,Conversion - Application / Request; Evaluation E-832F-E9-D657,Conversion - Application / Request,WRD - NPDES,Evaluation,E-832F-E9-D657,NPDES CSI-Toxics (10/14/2014),-1099212723337640688,https://mienviro.michigan.gov/ncore/downloadpdf/-1099212723337640688,Indexed in MiEnviro master record; substantive review/copy recovery status not yet independently verified
2014-11-26,2014,201411251653.pdf,DEQ Test Data Evaluation,Inspection / Evaluation,High,Conversion - Application / Request; Evaluation E-832F-E9-D657,Conversion - Application / Request,WRD - NPDES,Evaluation,E-832F-E9-D657,NPDES CSI-Toxics (10/14/2014),-668421988306006771,https://mienviro.michigan.gov/ncore/downloadpdf/-668421988306006771,Indexed in MiEnviro master record; substantive review/copy recovery status not yet independently verified
2014-11-26,2014,201411261120.pdf,Cadillac WWTP Inspection Complete Checklist Inspection ID 56545,Inspection / Evaluation,High,Conversion - Application / Request; Evaluation E-832F-E9-D657,Conversion - Application / Request,WRD - NPDES,Evaluation,E-832F-E9-D657,NPDES CSI-Toxics (10/14/2014),-56918685861159494,https://mienviro.michigan.gov/ncore/downloadpdf/-56918685861159494,Indexed in MiEnviro master record; substantive review/copy recovery status not yet independently verified
2014-11-26,2014,CBOD5 Results.pdf,,Inspection / Evaluation,High,Conversion - Application / Request; Evaluation E-832F-E9-D657,Conversion - Application / Request,WRD - NPDES,Evaluation,E-832F-E9-D657,NPDES CSI-Toxics (10/14/2014),274553011904573053,https://mienviro.michigan.gov/ncore/downloadpdf/274553011904573053,Indexed in MiEnviro master record; substantive review/copy recovery status not yet independently verified
2014-11-26,2014,Fecal Coliform Results.pdf,,Inspection / Evaluation,High,Conversion - Application / Request; Evaluation E-832F-E9-D657,Conversion - Application / Request,WRD - NPDES,Evaluation,E-832F-E9-D657,NPDES CSI-Toxics (10/14/2014),44608516278427039,https://mienviro.michigan.gov/ncore/downloadpdf/44608516278427039,Indexed in MiEnviro master record; substantive review/copy recovery status not yet independently verified
2014-11-26,2014,available cyanide.pdf,,Inspection / Evaluation,High,Conversion - Application / Request; Evaluation E-832F-E9-D657,Conversion - Application / Request,WRD - NPDES,Evaluation,E-832F-E9-D657,NPDES CSI-Toxics (10/14/2014),-3695442185476720674,https://mienviro.michigan.gov/ncore/downloadpdf/-3695442185476720674,2014 available cyanide record indexed
2015-03-31,2015,2015_0331_Cadillac WWTP_2014 MMP Yearly Status Report.pdf,District Scanned,Site / Miscellaneous,Routine,Site 15637 / Site record; District scanned composite,NPDES Misc. Site Docs,,Site,15637,Site,1797615431681061467,https://mienviro.michigan.gov/ncore/downloadpdf/1797615431681061467,Indexed in MiEnviro master record; substantive review/copy recovery status not yet independently verified
2015-05-13,2015,Pre-Inspection Report.doc,Pre-Inspection Report,Industrial Pretreatment / IPP,Critical,Conversion - Eval; Evaluation E-91D5-97-E7D2,Conversion - Eval,WRD - NPDES,Evaluation,E-91D5-97-E7D2,Pretreatment Compliance Inspection (05/14/2015),-3430155575482837490,https://mienviro.michigan.gov/ncore/downloadpdf/-3430155575482837490,2015 Pretreatment Compliance Inspection pre-inspection report fully read; hard copy recovered in packet
2015-06-15,2015,IPP Profile.pdf,,Industrial Pretreatment / IPP,Critical,Conversion - Application / Request; Evaluation E-91D5-97-E7D2,Conversion - Application / Request,WRD - NPDES,Evaluation,E-91D5-97-E7D2,Pretreatment Compliance Inspection (05/14/2015),-7233250038345395334,https://mienviro.michigan.gov/ncore/downloadpdf/-7233250038345395334,2015 IPP Profile indexed; separate hard copy not yet recovered
2015-06-15,2015,IU Form 1.pdf,,Industrial Pretreatment / IPP,High,Conversion - Application / Request; Evaluation E-91D5-97-E7D2,Conversion - Application / Request,WRD - NPDES,Evaluation,E-91D5-97-E7D2,Pretreatment Compliance Inspection (05/14/2015),2395269267701377445,https://mienviro.michigan.gov/ncore/downloadpdf/2395269267701377445,2015 IU Form 1 indexed; separate hard copy not yet recovered
2015-06-15,2015,IU Form 2.pdf,,Industrial Pretreatment / IPP,High,Conversion - Application / Request; Evaluation E-91D5-97-E7D2,Conversion - Application / Request,WRD - NPDES,Evaluation,E-91D5-97-E7D2,Pretreatment Compliance Inspection (05/14/2015),2151347118259606317,https://mienviro.michigan.gov/ncore/downloadpdf/2151347118259606317,2015 IU Form 2 indexed; separate hard copy not yet recovered
2015-06-15,2015,Interview Jill Notes.pdf,,Industrial Pretreatment / IPP,High,Conversion - Application / Request; Evaluation E-91D5-97-E7D2,Conversion - Application / Request,WRD - NPDES,Evaluation,E-91D5-97-E7D2,Pretreatment Compliance Inspection (05/14/2015),-3501506775905898877,https://mienviro.michigan.gov/ncore/downloadpdf/-3501506775905898877,2015 Interview Jill Notes indexed; separate hard copy not yet recovered
2015-06-15,2015,Interview Julie Notes.pdf,,Industrial Pretreatment / IPP,High,Conversion - Application / Request; Evaluation E-91D5-97-E7D2,Conversion - Application / Request,WRD - NPDES,Evaluation,E-91D5-97-E7D2,Pretreatment Compliance Inspection (05/14/2015),-2886740339491395619,https://mienviro.michigan.gov/ncore/downloadpdf/-2886740339491395619,2015 Interview Julie Notes indexed; separate hard copy not yet recovered
2015-06-25,2015,Gen'l Inspection Transmittal.doc,Gen'l Inspection Transmittal,Industrial Pretreatment / IPP,High,Conversion - Eval; Evaluation E-91D5-97-E7D2,Conversion - Eval,WRD - NPDES,Evaluation,E-91D5-97-E7D2,Pretreatment Compliance Inspection (05/14/2015),-4772097310601120319,https://mienviro.michigan.gov/ncore/downloadpdf/-4772097310601120319,Indexed in MiEnviro master record; substantive review/copy recovery status not yet independently verified
2015-07-08,2015,Fact Sheet.doc,Fact Sheet,Permit / Application,Medium,Conversion - Permit; Legacy permit version MI0020257 v5.1,Conversion - Permit,WRD - NPDES,Permit,MI0020257 v5.1,NPDES Individual Permit,-8459938767715139506,https://mienviro.michigan.gov/ncore/downloadpdf/-8459938767715139506,Indexed in MiEnviro master record; substantive review/copy recovery status not yet independently verified
2015-08-05,2015,2015_0805_Cadillac WWTP_DMR QA-35.pdf,District Scanned,Site / Miscellaneous,Routine,Site 15637 / Site record; District scanned composite,NPDES Misc. Site Docs,,Site,15637,Site,1276091315669172082,https://mienviro.michigan.gov/ncore/downloadpdf/1276091315669172082,Indexed in MiEnviro master record; substantive review/copy recovery status not yet independently verified
2015-08-28,2015,DMR Daily - MI0020257 _07_01_2015_to_07_31_2015_V1.docx,DMR Daily Data for period 07/01/2015 - 07/31/2015_V1,DMR / Monthly Monitoring,Routine,Legacy permit version MI0020257 v5.0,Schedule - DMR Documents,WRD - NPDES,Permit,MI0020257 v5.0,NPDES Individual Permit,2280799879135776031,https://mienviro.michigan.gov/ncore/downloadpdf/2280799879135776031,Indexed in MiEnviro master record; substantive review/copy recovery status not yet independently verified
2015-08-28,2015,DMR Summary - MI0020257 _07_01_2015_to_07_31_2015_V1.docx,DMR Summary Data for period 07/01/2015 - 07/31/2015_V1,DMR / Monthly Monitoring,Routine,Legacy permit version MI0020257 v5.0,Schedule - DMR Documents,WRD - NPDES,Permit,MI0020257 v5.0,NPDES Individual Permit,-1721928645533378386,https://mienviro.michigan.gov/ncore/downloadpdf/-1721928645533378386,Indexed in MiEnviro master record; substantive review/copy recovery status not yet independently verified
2015-09-18,2015,DMR Daily - MI0020257 _08_01_2015_to_08_31_2015_V1.docx,DMR Daily Data for period 08/01/2015 - 08/31/2015_V1,DMR / Monthly Monitoring,Routine,Legacy permit version MI0020257 v5.0,Schedule - DMR Documents,WRD - NPDES,Permit,MI0020257 v5.0,NPDES Individual Permit,5114320877368267073,https://mienviro.michigan.gov/ncore/downloadpdf/5114320877368267073,Indexed in MiEnviro master record; substantive review/copy recovery status not yet independently verified
2015-09-18,2015,DMR Summary - MI0020257 _08_01_2015_to_08_31_2015_V1.docx,DMR Summary Data for period 08/01/2015 - 08/31/2015_V1,DMR / Monthly Monitoring,Routine,Legacy permit version MI0020257 v5.0,Schedule - DMR Documents,WRD - NPDES,Permit,MI0020257 v5.0,NPDES Individual Permit,1158228285416033370,https://mienviro.michigan.gov/ncore/downloadpdf/1158228285416033370,Indexed in MiEnviro master record; substantive review/copy recovery status not yet independently verified
2015-09-29,2015,Cadillac Mod Public Notice Document.doc,,Permit / Application,Medium,Legacy permit version MI0020257 v5.1,NPDES Individual Permit,WRD - NPDES,Permit,MI0020257 v5.1,NPDES Individual Permit,2634479280526975746,https://mienviro.michigan.gov/ncore/downloadpdf/2634479280526975746,Indexed in MiEnviro master record; substantive review/copy recovery status not yet independently verified
2015-09-29,2015,Cadillac WWTP CCH Petition.pdf,,Permit / Application,Medium,Legacy permit version MI0020257 v5.1,NPDES Individual Permit,WRD - NPDES,Permit,MI0020257 v5.1,NPDES Individual Permit,-264868687133678095,https://mienviro.michigan.gov/ncore/downloadpdf/-264868687133678095,Indexed in MiEnviro master record; substantive review/copy recovery status not yet independently verified
2015-09-30,2015,Cadillac Mod Basis for Decision Memo.doc,,Permit / Application,Medium,Legacy permit version MI0020257 v5.1,NPDES Individual Permit,WRD - NPDES,Permit,MI0020257 v5.1,NPDES Individual Permit,7718544574668863958,https://mienviro.michigan.gov/ncore/downloadpdf/7718544574668863958,Indexed in MiEnviro master record; substantive review/copy recovery status not yet independently verified
2015-10-20,2015,DMR Daily - MI0020257 _09_01_2015_to_09_30_2015_V1.docx,DMR Daily Data for period 09/01/2015 - 09/30/2015_V1,DMR / Monthly Monitoring,Routine,Legacy permit version MI0020257 v5.0,Schedule - DMR Documents,WRD - NPDES,Permit,MI0020257 v5.0,NPDES Individual Permit,1246990738065777350,https://mienviro.michigan.gov/ncore/downloadpdf/1246990738065777350,Indexed in MiEnviro master record; substantive review/copy recovery status not yet independently verified
2015-10-20,2015,DMR Summary - MI0020257 _09_01_2015_to_09_30_2015_V1.docx,DMR Summary Data for period 09/01/2015 - 09/30/2015_V1,DMR / Monthly Monitoring,Routine,Legacy permit version MI0020257 v5.0,Schedule - DMR Documents,WRD - NPDES,Permit,MI0020257 v5.0,NPDES Individual Permit,5720021817529393512,https://mienviro.michigan.gov/ncore/downloadpdf/5720021817529393512,Indexed in MiEnviro master record; substantive review/copy recovery status not yet independently verified
2015-10-30,2015,2A6-E7TC-JQKM1.pdf v1,,Biosolids / Land Application,Medium,,Misc. Application and Request Docs,WRD - NPDES,Application/Request,2A6-E7TC-JQKM,Schedule - Biosolids Annual Report,3772272341703184968,https://mienviro.michigan.gov/ncore/downloadpdf/3772272341703184968,Indexed in MiEnviro master record; substantive review/copy recovery status not yet independently verified
2015-10-30,2015,DMR Summary - MI0020257 _10_01_2014_to_09_30_2015_V1.docx,DMR Summary Data for period 10/01/2014 - 09/30/2015_V1,DMR / Monthly Monitoring,Routine,Legacy permit version MI0020257 v5.0,Schedule - DMR Documents,WRD - NPDES,Permit,MI0020257 v5.0,NPDES Individual Permit,3033334029711207746,https://mienviro.michigan.gov/ncore/downloadpdf/3033334029711207746,Indexed in MiEnviro master record; substantive review/copy recovery status not yet independently verified
2015-11-19,2015,DMR Daily - MI0020257 _10_01_2015_to_10_31_2015_V1.docx,DMR Daily Data for period 10/01/2015 - 10/31/2015_V1,DMR / Monthly Monitoring,Routine,Legacy permit version MI0020257 v5.0,Schedule - DMR Documents,WRD - NPDES,Permit,MI0020257 v5.0,NPDES Individual Permit,-751241790278250853,https://mienviro.michigan.gov/ncore/downloadpdf/-751241790278250853,Indexed in MiEnviro master record; substantive review/copy recovery status not yet independently verified
2015-11-19,2015,DMR Summary - MI0020257 _10_01_2015_to_10_31_2015_V1.docx,DMR Summary Data for period 10/01/2015 - 10/31/2015_V1,DMR / Monthly Monitoring,Routine,Legacy permit version MI0020257 v5.0,Schedule - DMR Documents,WRD - NPDES,Permit,MI0020257 v5.0,NPDES Individual Permit,-4008341624842458816,https://mienviro.michigan.gov/ncore/downloadpdf/-4008341624842458816,Indexed in MiEnviro master record; substantive review/copy recovery status not yet independently verified
2015-12-10,2015,Cadillac Draft Permit for Issue.doc,,Permit / Application,Medium,Legacy permit version MI0020257 v5.1,NPDES Individual Permit,WRD - NPDES,Permit,MI0020257 v5.1,NPDES Individual Permit,344392362451469223,https://mienviro.michigan.gov/ncore/downloadpdf/344392362451469223,Indexed in MiEnviro master record; substantive review/copy recovery status not yet independently verified
2015-12-19,2015,DMR Daily - MI0020257 _11_01_2015_to_11_30_2015_V1.docx,DMR Daily Data for period 11/01/2015 - 11/30/2015_V1,DMR / Monthly Monitoring,Routine,Legacy permit version MI0020257 v5.0,Schedule - DMR Documents,WRD - NPDES,Permit,MI0020257 v5.0,NPDES Individual Permit,-2076524723866920213,https://mienviro.michigan.gov/ncore/downloadpdf/-2076524723866920213,Indexed in MiEnviro master record; substantive review/copy recovery status not yet independently verified
2015-12-19,2015,DMR Summary - MI0020257 _11_01_2015_to_11_30_2015_V1.docx,DMR Summary Data for period 11/01/2015 - 11/30/2015_V1,DMR / Monthly Monitoring,Routine,Legacy permit version MI0020257 v5.0,Schedule - DMR Documents,WRD - NPDES,Permit,MI0020257 v5.0,NPDES Individual Permit,6280680775372517980,https://mienviro.michigan.gov/ncore/downloadpdf/6280680775372517980,Indexed in MiEnviro master record; substantive review/copy recovery status not yet independently verified
2016-01-11,2016,Cadillac WWTP DMRQA 35.pdf,,DMR / Monthly Monitoring,Routine,Site 15637 / Site record,NPDES Misc. Site Docs,,Site,15637,Site,-6731013379800742486,https://mienviro.michigan.gov/ncore/downloadpdf/-6731013379800742486,Indexed in MiEnviro master record; substantive review/copy recovery status not yet independently verified
2016-01-12,2016,2010-2016_Cadillac WWTP_District Compliance File.pdf,District Scanned,Compliance / Enforcement,Critical,Site 15637 / Site record; District scanned composite,NPDES Misc. Site Docs,,Site,15637,Site,-8836688320995793733,https://mienviro.michigan.gov/ncore/downloadpdf/-8836688320995793733,Composite 2010-2016 file previously OCR-reviewed page-by-page (232 pages); original deep link indexed; original PDF not in recovered packet
2016-01-19,2016,DMR Daily - MI0020257 _12_01_2015_to_12_31_2015_V1.docx,DMR Daily Data for period 12/01/2015 - 12/31/2015_V1,DMR / Monthly Monitoring,Routine,Legacy permit version MI0020257 v5.0,Schedule - DMR Documents,WRD - NPDES,Permit,MI0020257 v5.0,NPDES Individual Permit,-5447789093327103036,https://mienviro.michigan.gov/ncore/downloadpdf/-5447789093327103036,Indexed in MiEnviro master record; substantive review/copy recovery status not yet independently verified
2016-01-19,2016,DMR Summary - MI0020257 _12_01_2015_to_12_31_2015_V1.docx,DMR Summary Data for period 12/01/2015 - 12/31/2015_V1,DMR / Monthly Monitoring,Routine,Legacy permit version MI0020257 v5.0,Schedule - DMR Documents,WRD - NPDES,Permit,MI0020257 v5.0,NPDES Individual Permit,-4193025276374184094,https://mienviro.michigan.gov/ncore/downloadpdf/-4193025276374184094,Indexed in MiEnviro master record; substantive review/copy recovery status not yet independently verified
2016-01-25,2016,ByPass notification 12-21-15.pdf,,Site / Miscellaneous,Routine,Site 15637 / Site record,NPDES Misc. Site Docs,,Site,15637,Site,-5568021370246960521,https://mienviro.michigan.gov/ncore/downloadpdf/-5568021370246960521,Indexed in MiEnviro master record; substantive review/copy recovery status not yet independently verified
2016-01-25,2016,Spill notification 1-12-16.pdf,,Site / Miscellaneous,Critical,Site 15637 / Site record,NPDES Misc. Site Docs,,Site,15637,Site,-4582177045037647324,https://mienviro.michigan.gov/ncore/downloadpdf/-4582177045037647324,Standalone 1/12/2016 spill notice indexed; incident also reviewed inside 2010-2016 composite; hard copy still to recover from MiEnviro
2016-02-04,2016,2D2-X9KF-HB6N V2.pdf v1,,Permit / Application,Medium,,Misc. Application and Request Docs,WRD - NPDES,Application/Request,2D2-X9KF-HB6N,Schedule - Pollutant Minimization Program (PMP) Annual Report,449058570274793532,https://mienviro.michigan.gov/ncore/downloadpdf/449058570274793532,Indexed in MiEnviro master record; substantive review/copy recovery status not yet independently verified
2016-02-04,2016,Mercury minimization plan letter revised V2.DOC v1,Mercury minimization plan letter revised.doc,Laboratory / Toxics / WET,High,,Applicant Attachments,WRD - NPDES,Application/Request,2D2-X9KF-HB6N,Schedule - Pollutant Minimization Program (PMP) Annual Report,-7115642780883598587,https://mienviro.michigan.gov/ncore/downloadpdf/-7115642780883598587,Indexed in MiEnviro master record; substantive review/copy recovery status not yet independently verified
2016-02-04,2016,Violation Letter.Cadillac WWTP-Dietlin.pdf,,Compliance / Enforcement,Critical,Compliance action VN-006346,Water Quality C&E Docs,WRD - NPDES,Compliance Action,VN-006346,Violation Notice,-5228663365988565838,https://mienviro.michigan.gov/ncore/downloadpdf/-5228663365988565838,VN-006346 indexed; hard copy still to recover from MiEnviro
2016-02-20,2016,DMR Daily - MI0020257 _01_01_2016_to_01_31_2016_V1.docx,DMR Daily Data for period 01/01/2016 - 01/31/2016_V1,DMR / Monthly Monitoring,Routine,Legacy permit version MI0020257 v5.0,Schedule - DMR Documents,WRD - NPDES,Permit,MI0020257 v5.0,NPDES Individual Permit,6525466383076021292,https://mienviro.michigan.gov/ncore/downloadpdf/6525466383076021292,Indexed in MiEnviro master record; substantive review/copy recovery status not yet independently verified
2016-02-20,2016,DMR Summary - MI0020257 _01_01_2016_to_01_31_2016_V1.docx,DMR Summary Data for period 01/01/2016 - 01/31/2016_V1,DMR / Monthly Monitoring,Routine,Legacy permit version MI0020257 v5.0,Schedule - DMR Documents,WRD - NPDES,Permit,MI0020257 v5.0,NPDES Individual Permit,-3488789892444246103,https://mienviro.michigan.gov/ncore/downloadpdf/-3488789892444246103,Indexed in MiEnviro master record; substantive review/copy recovery status not yet independently verified
2016-02-29,2016,VN response from City.Feb 29 2016.pdf,,Compliance / Enforcement,Critical,Compliance action VN-006346,Water Quality Compliance Communication Docs,WRD - NPDES,Compliance Action,VN-006346,Violation Notice,-6168521012883685018,https://mienviro.michigan.gov/ncore/downloadpdf/-6168521012883685018,City response to VN-006346 indexed; hard copy still to recover from MiEnviro
2016-03-16,2016,DMR Daily - MI0020257 _02_01_2016_to_02_29_2016_V1.docx,DMR Daily Data for period 02/01/2016 - 02/29/2016_V1,DMR / Monthly Monitoring,Routine,Legacy permit version MI0020257 v5.0,Schedule - DMR Documents,WRD - NPDES,Permit,MI0020257 v5.0,NPDES Individual Permit,-6884866009572813818,https://mienviro.michigan.gov/ncore/downloadpdf/-6884866009572813818,Indexed in MiEnviro master record; substantive review/copy recovery status not yet independently verified
2016-03-16,2016,DMR Summary - MI0020257 _02_01_2016_to_02_29_2016_V1.docx,DMR Summary Data for period 02/01/2016 - 02/29/2016_V1,DMR / Monthly Monitoring,Routine,Legacy permit version MI0020257 v5.0,Schedule - DMR Documents,WRD - NPDES,Permit,MI0020257 v5.0,NPDES Individual Permit,-3461689102167870562,https://mienviro.michigan.gov/ncore/downloadpdf/-3461689102167870562,Indexed in MiEnviro master record; substantive review/copy recovery status not yet independently verified
2016-04-18,2016,DMR Daily - MI0020257 _03_01_2016_to_03_31_2016_V1.docx,DMR Daily Data for period 03/01/2016 - 03/31/2016_V1,DMR / Monthly Monitoring,Routine,Legacy permit version MI0020257 v5.0,Schedule - DMR Documents,WRD - NPDES,Permit,MI0020257 v5.0,NPDES Individual Permit,-2502838247090599202,https://mienviro.michigan.gov/ncore/downloadpdf/-2502838247090599202,Indexed in MiEnviro master record; substantive review/copy recovery status not yet independently verified
2016-04-18,2016,DMR Summary - MI0020257 _03_01_2016_to_03_31_2016_V1.docx,DMR Summary Data for period 03/01/2016 - 03/31/2016_V1,DMR / Monthly Monitoring,Routine,Legacy permit version MI0020257 v5.0,Schedule - DMR Documents,WRD - NPDES,Permit,MI0020257 v5.0,NPDES Individual Permit,1049897993402206269,https://mienviro.michigan.gov/ncore/downloadpdf/1049897993402206269,Indexed in MiEnviro master record; substantive review/copy recovery status not yet independently verified
2016-05-16,2016,DMR Daily - MI0020257 _04_01_2016_to_04_30_2016_V1.docx,DMR Daily Data for period 04/01/2016 - 04/30/2016_V1,DMR / Monthly Monitoring,Routine,Legacy permit version MI0020257 v5.0,Schedule - DMR Documents,WRD - NPDES,Permit,MI0020257 v5.0,NPDES Individual Permit,-6425285818055725556,https://mienviro.michigan.gov/ncore/downloadpdf/-6425285818055725556,Indexed in MiEnviro master record; substantive review/copy recovery status not yet independently verified
2016-05-16,2016,DMR Summary - MI0020257 _04_01_2016_to_04_30_2016_V1.docx,DMR Summary Data for period 04/01/2016 - 04/30/2016_V1,DMR / Monthly Monitoring,Routine,Legacy permit version MI0020257 v5.0,Schedule - DMR Documents,WRD - NPDES,Permit,MI0020257 v5.0,NPDES Individual Permit,-4336303018773149137,https://mienviro.michigan.gov/ncore/downloadpdf/-4336303018773149137,Indexed in MiEnviro master record; substantive review/copy recovery status not yet independently verified
2016-05-16,2016,Low Ph notice by City May 16 2016.pdf,"Doug Langworthy called in the exceedance on Thursday, May 12, 2016",Site / Miscellaneous,Routine,Site 15637 / Site record,NPDES Misc. Site Docs,,Site,15637,Site,-4750733240863552693,https://mienviro.michigan.gov/ncore/downloadpdf/-4750733240863552693,Indexed in MiEnviro master record; substantive review/copy recovery status not yet independently verified
2016-06-15,2016,DMR Daily - MI0020257 _05_01_2016_to_05_31_2016_V1.docx,DMR Daily Data for period 05/01/2016 - 05/31/2016_V1,DMR / Monthly Monitoring,Routine,Legacy permit version MI0020257 v5.0,Schedule - DMR Documents,WRD - NPDES,Permit,MI0020257 v5.0,NPDES Individual Permit,6177350560736608063,https://mienviro.michigan.gov/ncore/downloadpdf/6177350560736608063,Indexed in MiEnviro master record; substantive review/copy recovery status not yet independently verified
2016-06-15,2016,DMR Summary - MI0020257 _05_01_2016_to_05_31_2016_V1.docx,DMR Summary Data for period 05/01/2016 - 05/31/2016_V1,DMR / Monthly Monitoring,Routine,Legacy permit version MI0020257 v5.0,Schedule - DMR Documents,WRD - NPDES,Permit,MI0020257 v5.0,NPDES Individual Permit,-9054802322981204104,https://mienviro.michigan.gov/ncore/downloadpdf/-9054802322981204104,Indexed in MiEnviro master record; substantive review/copy recovery status not yet independently verified
2016-07-15,2016,DMR Daily - MI0020257 _06_01_2016_to_06_30_2016_V1.docx,DMR Daily Data for period 06/01/2016 - 06/30/2016_V1,DMR / Monthly Monitoring,Routine,Legacy permit version MI0020257 v5.0,Schedule - DMR Documents,WRD - NPDES,Permit,MI0020257 v5.0,NPDES Individual Permit,-2645731656519523748,https://mienviro.michigan.gov/ncore/downloadpdf/-2645731656519523748,Indexed in MiEnviro master record; substantive review/copy recovery status not yet independently verified
2016-07-15,2016,DMR Summary - MI0020257 _06_01_2016_to_06_30_2016_V1.docx,DMR Summary Data for period 06/01/2016 - 06/30/2016_V1,DMR / Monthly Monitoring,Routine,Legacy permit version MI0020257 v5.0,Schedule - DMR Documents,WRD - NPDES,Permit,MI0020257 v5.0,NPDES Individual Permit,-6126364658004482120,https://mienviro.michigan.gov/ncore/downloadpdf/-6126364658004482120,Indexed in MiEnviro master record; substantive review/copy recovery status not yet independently verified
2016-08-02,2016,2016_0802_Cadillac WWTP_DMR QA-36.pdf,District Scanned,Site / Miscellaneous,Routine,Site 15637 / Site record; District scanned composite,NPDES Misc. Site Docs,,Site,15637,Site,3518176617040371250,https://mienviro.michigan.gov/ncore/downloadpdf/3518176617040371250,Indexed in MiEnviro master record; substantive review/copy recovery status not yet independently verified
2016-08-12,2016,DMR Daily - MI0020257 _07_01_2016_to_07_31_2016_V1.docx,DMR Daily Data for period 07/01/2016 - 07/31/2016_V1,DMR / Monthly Monitoring,Routine,Legacy permit version MI0020257 v5.0,Schedule - DMR Documents,WRD - NPDES,Permit,MI0020257 v5.0,NPDES Individual Permit,1005010368843969925,https://mienviro.michigan.gov/ncore/downloadpdf/1005010368843969925,Indexed in MiEnviro master record; substantive review/copy recovery status not yet independently verified
2016-08-12,2016,DMR Summary - MI0020257 _07_01_2016_to_07_31_2016_V1.docx,DMR Summary Data for period 07/01/2016 - 07/31/2016_V1,DMR / Monthly Monitoring,Routine,Legacy permit version MI0020257 v5.0,Schedule - DMR Documents,WRD - NPDES,Permit,MI0020257 v5.0,NPDES Individual Permit,-41646711706265012,https://mienviro.michigan.gov/ncore/downloadpdf/-41646711706265012,Indexed in MiEnviro master record; substantive review/copy recovery status not yet independently verified
2016-09-16,2016,DMR Daily - MI0020257 _08_01_2016_to_08_31_2016_V1.docx,DMR Daily Data for period 08/01/2016 - 08/31/2016_V1,DMR / Monthly Monitoring,Routine,Legacy permit version MI0020257 v5.0,Schedule - DMR Documents,WRD - NPDES,Permit,MI0020257 v5.0,NPDES Individual Permit,2071454628388704794,https://mienviro.michigan.gov/ncore/downloadpdf/2071454628388704794,Indexed in MiEnviro master record; substantive review/copy recovery status not yet independently verified
2016-09-16,2016,DMR Summary - MI0020257 _08_01_2016_to_08_31_2016_V1.docx,DMR Summary Data for period 08/01/2016 - 08/31/2016_V1,DMR / Monthly Monitoring,Routine,Legacy permit version MI0020257 v5.0,Schedule - DMR Documents,WRD - NPDES,Permit,MI0020257 v5.0,NPDES Individual Permit,-8864258566189946951,https://mienviro.michigan.gov/ncore/downloadpdf/-8864258566189946951,Indexed in MiEnviro master record; substantive review/copy recovery status not yet independently verified
2016-10-18,2016,DMR Daily - MI0020257 _09_01_2016_to_09_30_2016_V1.docx,DMR Daily Data for period 09/01/2016 - 09/30/2016_V1,DMR / Monthly Monitoring,Routine,Legacy permit version MI0020257 v5.0,Schedule - DMR Documents,WRD - NPDES,Permit,MI0020257 v5.0,NPDES Individual Permit,-7163848156117307736,https://mienviro.michigan.gov/ncore/downloadpdf/-7163848156117307736,Indexed in MiEnviro master record; substantive review/copy recovery status not yet independently verified
2016-10-18,2016,DMR Summary - MI0020257 _09_01_2016_to_09_30_2016_V1.docx,DMR Summary Data for period 09/01/2016 - 09/30/2016_V1,DMR / Monthly Monitoring,Routine,Legacy permit version MI0020257 v5.0,Schedule - DMR Documents,WRD - NPDES,Permit,MI0020257 v5.0,NPDES Individual Permit,-5500870070273347359,https://mienviro.michigan.gov/ncore/downloadpdf/-5500870070273347359,Indexed in MiEnviro master record; substantive review/copy recovery status not yet independently verified
2016-10-25,2016,2KJ-C2SF-H1BF V1.pdf v1,,Biosolids / Land Application,Medium,,Misc. Application and Request Docs,WRD - NPDES,Application/Request,2KJ-C2SF-H1BF,Schedule - Biosolids Annual Report,-3521121797145537515,https://mienviro.michigan.gov/ncore/downloadpdf/-3521121797145537515,Indexed in MiEnviro master record; substantive review/copy recovery status not yet independently verified
2016-10-25,2016,DMR Summary - MI0020257 _10_01_2015_to_09_30_2016_V1.docx,DMR Summary Data for period 10/01/2015 - 09/30/2016_V1,DMR / Monthly Monitoring,Routine,Legacy permit version MI0020257 v5.0,Schedule - DMR Documents,WRD - NPDES,Permit,MI0020257 v5.0,NPDES Individual Permit,-8068360832484337569,https://mienviro.michigan.gov/ncore/downloadpdf/-8068360832484337569,Indexed in MiEnviro master record; substantive review/copy recovery status not yet independently verified
2016-11-17,2016,DMR Daily - MI0020257 _10_01_2016_to_10_31_2016_V1.docx,DMR Daily Data for period 10/01/2016 - 10/31/2016_V1,DMR / Monthly Monitoring,Routine,Legacy permit version MI0020257 v5.0,Schedule - DMR Documents,WRD - NPDES,Permit,MI0020257 v5.0,NPDES Individual Permit,1524244019210258858,https://mienviro.michigan.gov/ncore/downloadpdf/1524244019210258858,Indexed in MiEnviro master record; substantive review/copy recovery status not yet independently verified
2016-11-17,2016,DMR Summary - MI0020257 _10_01_2016_to_10_31_2016_V1.docx,DMR Summary Data for period 10/01/2016 - 10/31/2016_V1,DMR / Monthly Monitoring,Routine,Legacy permit version MI0020257 v5.0,Schedule - DMR Documents,WRD - NPDES,Permit,MI0020257 v5.0,NPDES Individual Permit,5880887913847657693,https://mienviro.michigan.gov/ncore/downloadpdf/5880887913847657693,Indexed in MiEnviro master record; substantive review/copy recovery status not yet independently verified
2016-12-06,2016,DMRQA 36.Cadillac WWTP.pdf,,DMR / Monthly Monitoring,Routine,Site 15637 / Site record,NPDES Misc. Site Docs,,Site,15637,Site,4594408055865795856,https://mienviro.michigan.gov/ncore/downloadpdf/4594408055865795856,Indexed in MiEnviro master record; substantive review/copy recovery status not yet independently verified
2016-12-16,2016,DMR Daily - MI0020257 _11_01_2016_to_11_30_2016_V1.docx,DMR Daily Data for period 11/01/2016 - 11/30/2016_V1,DMR / Monthly Monitoring,Routine,Legacy permit version MI0020257 v5.0,Schedule - DMR Documents,WRD - NPDES,Permit,MI0020257 v5.0,NPDES Individual Permit,-570299436410721715,https://mienviro.michigan.gov/ncore/downloadpdf/-570299436410721715,Indexed in MiEnviro master record; substantive review/copy recovery status not yet independently verified
2016-12-16,2016,DMR Summary - MI0020257 _11_01_2016_to_11_30_2016_V1.docx,DMR Summary Data for period 11/01/2016 - 11/30/2016_V1,DMR / Monthly Monitoring,Routine,Legacy permit version MI0020257 v5.0,Schedule - DMR Documents,WRD - NPDES,Permit,MI0020257 v5.0,NPDES Individual Permit,8936787219842147076,https://mienviro.michigan.gov/ncore/downloadpdf/8936787219842147076,Indexed in MiEnviro master record; substantive review/copy recovery status not yet independently verified
2017-01-19,2017,DMR Daily - MI0020257 _12_01_2016_to_12_31_2016_V1.docx,DMR Daily Data for period 12/01/2016 - 12/31/2016_V1,DMR / Monthly Monitoring,Routine,Legacy permit version MI0020257 v5.1,Schedule - DMR Documents,WRD - NPDES,Permit,MI0020257 v5.1,NPDES Individual Permit,4872492887140551247,https://mienviro.michigan.gov/ncore/downloadpdf/4872492887140551247,Indexed in MiEnviro master record; substantive review/copy recovery status not yet independently verified
2017-01-19,2017,DMR Summary - MI0020257 _12_01_2016_to_12_31_2016_V1.docx,DMR Summary Data for period 12/01/2016 - 12/31/2016_V1,DMR / Monthly Monitoring,Routine,Legacy permit version MI0020257 v5.1,Schedule - DMR Documents,WRD - NPDES,Permit,MI0020257 v5.1,NPDES Individual Permit,-7309370182573156453,https://mienviro.michigan.gov/ncore/downloadpdf/-7309370182573156453,Indexed in MiEnviro master record; substantive review/copy recovery status not yet independently verified
2017-02-14,2017,DMR Daily - MI0020257 _01_01_2017_to_01_31_2017_V1.docx,DMR Daily Data for period 01/01/2017 - 01/31/2017_V1,DMR / Monthly Monitoring,Routine,Legacy permit version MI0020257 v5.1,Schedule - DMR Documents,WRD - NPDES,Permit,MI0020257 v5.1,NPDES Individual Permit,-563435129997574625,https://mienviro.michigan.gov/ncore/downloadpdf/-563435129997574625,Indexed in MiEnviro master record; substantive review/copy recovery status not yet independently verified
2017-02-14,2017,DMR Summary - MI0020257 _01_01_2017_to_01_31_2017_V1.docx,DMR Summary Data for period 01/01/2017 - 01/31/2017_V1,DMR / Monthly Monitoring,Routine,Legacy permit version MI0020257 v5.1,Schedule - DMR Documents,WRD - NPDES,Permit,MI0020257 v5.1,NPDES Individual Permit,-241954493317709276,https://mienviro.michigan.gov/ncore/downloadpdf/-241954493317709276,Indexed in MiEnviro master record; substantive review/copy recovery status not yet independently verified
2017-03-16,2017,DMR Daily - MI0020257 _02_01_2017_to_02_28_2017_V1.docx,DMR Daily Data for period 02/01/2017 - 02/28/2017_V1,DMR / Monthly Monitoring,Routine,Legacy permit version MI0020257 v5.1,Schedule - DMR Documents,WRD - NPDES,Permit,MI0020257 v5.1,NPDES Individual Permit,-5281439668552468208,https://mienviro.michigan.gov/ncore/downloadpdf/-5281439668552468208,Indexed in MiEnviro master record; substantive review/copy recovery status not yet independently verified
2017-03-16,2017,DMR Summary - MI0020257 _02_01_2017_to_02_28_2017_V1.docx,DMR Summary Data for period 02/01/2017 - 02/28/2017_V1,DMR / Monthly Monitoring,Routine,Legacy permit version MI0020257 v5.1,Schedule - DMR Documents,WRD - NPDES,Permit,MI0020257 v5.1,NPDES Individual Permit,6361322379720926853,https://mienviro.michigan.gov/ncore/downloadpdf/6361322379720926853,Indexed in MiEnviro master record; substantive review/copy recovery status not yet independently verified
2017-04-03,2017,0P1-01 Process Flow.pdf v1,0P1-01 Process Flow.pdf,Permit / Application,Medium,,Applicant Attachments,WRD - NPDES,Application/Request,2Q7-HQ21-P66B,Permit Change - National Pollutant Discharge Elimination System (NPDES) Municipal Application Form (Reissuance),-4571421296266695594,https://mienviro.michigan.gov/ncore/downloadpdf/-4571421296266695594,Indexed in MiEnviro master record; substantive review/copy recovery status not yet independently verified
2017-04-03,2017,0P1-02 Process Flow.pdf v1,0P1-02 Process Flow.pdf,Permit / Application,Medium,,Applicant Attachments,WRD - NPDES,Application/Request,2Q7-HQ21-P66B,Permit Change - National Pollutant Discharge Elimination System (NPDES) Municipal Application Form (Reissuance),-9090737734205945229,https://mienviro.michigan.gov/ncore/downloadpdf/-9090737734205945229,Indexed in MiEnviro master record; substantive review/copy recovery status not yet independently verified
2017-04-03,2017,0P1-03 Process Flow.pdf v1,0P1-03 Process Flow.pdf,Permit / Application,Medium,,Applicant Attachments,WRD - NPDES,Application/Request,2Q7-HQ21-P66B,Permit Change - National Pollutant Discharge Elimination System (NPDES) Municipal Application Form (Reissuance),8306099835625514154,https://mienviro.michigan.gov/ncore/downloadpdf/8306099835625514154,Indexed in MiEnviro master record; substantive review/copy recovery status not yet independently verified
2017-04-03,2017,AAR 6th.docx v1,AAR 6th.docx,Permit / Application,Medium,,Applicant Attachments,WRD - NPDES,Application/Request,2Q7-HQ21-P66B,Permit Change - National Pollutant Discharge Elimination System (NPDES) Municipal Application Form (Reissuance),-5693104588523843213,https://mienviro.michigan.gov/ncore/downloadpdf/-5693104588523843213,Indexed in MiEnviro master record; substantive review/copy recovery status not yet independently verified
2017-04-03,2017,AAR Facility.docx v1,AAR Facility.docx,Permit / Application,Medium,,Applicant Attachments,WRD - NPDES,Application/Request,2Q7-HQ21-P66B,Permit Change - National Pollutant Discharge Elimination System (NPDES) Municipal Application Form (Reissuance),-910355065678437940,https://mienviro.michigan.gov/ncore/downloadpdf/-910355065678437940,Indexed in MiEnviro master record; substantive review/copy recovery status not yet independently verified
2017-04-03,2017,AAR Rinse Tank.docx v1,AAR Rinse Tank.docx,Permit / Application,Medium,,Applicant Attachments,WRD - NPDES,Application/Request,2Q7-HQ21-P66B,Permit Change - National Pollutant Discharge Elimination System (NPDES) Municipal Application Form (Reissuance),4079635351094952055,https://mienviro.michigan.gov/ncore/downloadpdf/4079635351094952055,Indexed in MiEnviro master record; substantive review/copy recovery status not yet independently verified
2017-04-03,2017,ARVCO.docx v1,ARVCO.docx,Permit / Application,Medium,,Applicant Attachments,WRD - NPDES,Application/Request,2Q7-HQ21-P66B,Permit Change - National Pollutant Discharge Elimination System (NPDES) Municipal Application Form (Reissuance),-5800382166597688800,https://mienviro.michigan.gov/ncore/downloadpdf/-5800382166597688800,Indexed in MiEnviro master record; substantive review/copy recovery status not yet independently verified
2017-04-03,2017,AVON 2 5th St Manhole.docx v1,AVON 2 5th St Manhole.docx,Permit / Application,Medium,,Applicant Attachments,WRD - NPDES,Application/Request,2Q7-HQ21-P66B,Permit Change - National Pollutant Discharge Elimination System (NPDES) Municipal Application Form (Reissuance),3858403373487489303,https://mienviro.michigan.gov/ncore/downloadpdf/3858403373487489303,Indexed in MiEnviro master record; substantive review/copy recovery status not yet independently verified
2017-04-03,2017,AVON Protection.docx v1,AVON Protection.docx,Permit / Application,Medium,,Applicant Attachments,WRD - NPDES,Application/Request,2Q7-HQ21-P66B,Permit Change - National Pollutant Discharge Elimination System (NPDES) Municipal Application Form (Reissuance),-5563635413840106744,https://mienviro.michigan.gov/ncore/downloadpdf/-5563635413840106744,Indexed in MiEnviro master record; substantive review/copy recovery status not yet independently verified
2017-04-03,2017,AVON.docx v1,AVON.docx,Permit / Application,Medium,,Applicant Attachments,WRD - NPDES,Application/Request,2Q7-HQ21-P66B,Permit Change - National Pollutant Discharge Elimination System (NPDES) Municipal Application Form (Reissuance),-9118125169549468879,https://mienviro.michigan.gov/ncore/downloadpdf/-9118125169549468879,Indexed in MiEnviro master record; substantive review/copy recovery status not yet independently verified
2017-04-03,2017,Borg Warner.docx v1,Borg Warner.docx,Permit / Application,Medium,,Applicant Attachments,WRD - NPDES,Application/Request,2Q7-HQ21-P66B,Permit Change - National Pollutant Discharge Elimination System (NPDES) Municipal Application Form (Reissuance),-8499150955445776749,https://mienviro.michigan.gov/ncore/downloadpdf/-8499150955445776749,Indexed in MiEnviro master record; substantive review/copy recovery status not yet independently verified
2017-04-03,2017,CCI.docx v1,CCI.docx,Permit / Application,Medium,,Applicant Attachments,WRD - NPDES,Application/Request,2Q7-HQ21-P66B,Permit Change - National Pollutant Discharge Elimination System (NPDES) Municipal Application Form (Reissuance),6710410934790894908,https://mienviro.michigan.gov/ncore/downloadpdf/6710410934790894908,Indexed in MiEnviro master record; substantive review/copy recovery status not yet independently verified
2017-04-03,2017,CRE.docx v1,CRE.docx,Permit / Application,Medium,,Applicant Attachments,WRD - NPDES,Application/Request,2Q7-HQ21-P66B,Permit Change - National Pollutant Discharge Elimination System (NPDES) Municipal Application Form (Reissuance),-5332488901169956875,https://mienviro.michigan.gov/ncore/downloadpdf/-5332488901169956875,Indexed in MiEnviro master record; substantive review/copy recovery status not yet independently verified
2017-04-03,2017,FIAMM.docx v1,FIAMM.docx,Permit / Application,Medium,,Applicant Attachments,WRD - NPDES,Application/Request,2Q7-HQ21-P66B,Permit Change - National Pollutant Discharge Elimination System (NPDES) Municipal Application Form (Reissuance),5769919426026990647,https://mienviro.michigan.gov/ncore/downloadpdf/5769919426026990647,Indexed in MiEnviro master record; substantive review/copy recovery status not yet independently verified
2017-04-03,2017,Hutchinson.docx v1,Hutchinson.docx,Permit / Application,Medium,,Applicant Attachments,WRD - NPDES,Application/Request,2Q7-HQ21-P66B,Permit Change - National Pollutant Discharge Elimination System (NPDES) Municipal Application Form (Reissuance),-1348128324309124463,https://mienviro.michigan.gov/ncore/downloadpdf/-1348128324309124463,Indexed in MiEnviro master record; substantive review/copy recovery status not yet independently verified
2017-04-03,2017,Kar Lab Biosolids 3-14-2016.pdf v1,Kar Lab Biosolids 3-14-2016.pdf,Biosolids / Land Application,Medium,,Applicant Attachments,WRD - NPDES,Application/Request,2Q7-HQ21-P66B,Permit Change - National Pollutant Discharge Elimination System (NPDES) Municipal Application Form (Reissuance),-308826788854237261,https://mienviro.michigan.gov/ncore/downloadpdf/-308826788854237261,Indexed in MiEnviro master record; substantive review/copy recovery status not yet independently verified
2017-04-03,2017,Kar Lab Biosolids 9-12-2016.pdf v1,Kar Lab Biosolids 9-12-2016.pdf,Biosolids / Land Application,Medium,,Applicant Attachments,WRD - NPDES,Application/Request,2Q7-HQ21-P66B,Permit Change - National Pollutant Discharge Elimination System (NPDES) Municipal Application Form (Reissuance),-3238540496460905709,https://mienviro.michigan.gov/ncore/downloadpdf/-3238540496460905709,Indexed in MiEnviro master record; substantive review/copy recovery status not yet independently verified
2017-04-03,2017,Michigan Rubber.docx v1,Michigan Rubber.docx,Permit / Application,Medium,,Applicant Attachments,WRD - NPDES,Application/Request,2Q7-HQ21-P66B,Permit Change - National Pollutant Discharge Elimination System (NPDES) Municipal Application Form (Reissuance),832209690549104746,https://mienviro.michigan.gov/ncore/downloadpdf/832209690549104746,Indexed in MiEnviro master record; substantive review/copy recovery status not yet independently verified
2017-04-03,2017,Munson.docx v1,Munson.docx,Permit / Application,Medium,,Applicant Attachments,WRD - NPDES,Application/Request,2Q7-HQ21-P66B,Permit Change - National Pollutant Discharge Elimination System (NPDES) Municipal Application Form (Reissuance),-4576801597538136401,https://mienviro.michigan.gov/ncore/downloadpdf/-4576801597538136401,Indexed in MiEnviro master record; substantive review/copy recovery status not yet independently verified
2017-04-03,2017,NPDES.pdf v1,NPDES.pdf,Permit / Application,Medium,,Applicant Attachments,WRD - NPDES,Application/Request,2Q7-HQ21-P66B,Permit Change - National Pollutant Discharge Elimination System (NPDES) Municipal Application Form (Reissuance),4641308164668318184,https://mienviro.michigan.gov/ncore/downloadpdf/4641308164668318184,Indexed in MiEnviro master record; substantive review/copy recovery status not yet independently verified
2017-04-03,2017,PIRANHA.docx v1,PIRANHA.docx,Permit / Application,Medium,,Applicant Attachments,WRD - NPDES,Application/Request,2Q7-HQ21-P66B,Permit Change - National Pollutant Discharge Elimination System (NPDES) Municipal Application Form (Reissuance),-4580690770354640221,https://mienviro.michigan.gov/ncore/downloadpdf/-4580690770354640221,Indexed in MiEnviro master record; substantive review/copy recovery status not yet independently verified
2017-04-03,2017,Paragon Wet Test (1).pdf v1,Paragon Wet Test (1).pdf,Permit / Application,Medium,,Applicant Attachments,WRD - NPDES,Application/Request,2Q7-HQ21-P66B,Permit Change - National Pollutant Discharge Elimination System (NPDES) Municipal Application Form (Reissuance),1852969813164958154,https://mienviro.michigan.gov/ncore/downloadpdf/1852969813164958154,Indexed in MiEnviro master record; substantive review/copy recovery status not yet independently verified
2017-04-03,2017,Paragon Wet Test (3).pdf v1,Paragon Wet Test (3).pdf,Permit / Application,Medium,,Applicant Attachments,WRD - NPDES,Application/Request,2Q7-HQ21-P66B,Permit Change - National Pollutant Discharge Elimination System (NPDES) Municipal Application Form (Reissuance),-8713293357649151288,https://mienviro.michigan.gov/ncore/downloadpdf/-8713293357649151288,Indexed in MiEnviro master record; substantive review/copy recovery status not yet independently verified
2017-04-03,2017,Paragon Wet Test.pdf v1,Paragon Wet Test.pdf,Permit / Application,Medium,,Applicant Attachments,WRD - NPDES,Application/Request,2Q7-HQ21-P66B,Permit Change - National Pollutant Discharge Elimination System (NPDES) Municipal Application Form (Reissuance),6932780206728288696,https://mienviro.michigan.gov/ncore/downloadpdf/6932780206728288696,Indexed in MiEnviro master record; substantive review/copy recovery status not yet independently verified
2017-04-03,2017,Plant Brochure.pdf v1,Plant Brochure.pdf,Permit / Application,Medium,,Applicant Attachments,WRD - NPDES,Application/Request,2Q7-HQ21-P66B,Permit Change - National Pollutant Discharge Elimination System (NPDES) Municipal Application Form (Reissuance),3937714205518051674,https://mienviro.michigan.gov/ncore/downloadpdf/3937714205518051674,Indexed in MiEnviro master record; substantive review/copy recovery status not yet independently verified
2017-04-03,2017,REC BOAT CABINETRY.docx v1,REC BOAT CABINETRY.docx,Permit / Application,Medium,,Applicant Attachments,WRD - NPDES,Application/Request,2Q7-HQ21-P66B,Permit Change - National Pollutant Discharge Elimination System (NPDES) Municipal Application Form (Reissuance),-6842767691186545255,https://mienviro.michigan.gov/ncore/downloadpdf/-6842767691186545255,Indexed in MiEnviro master record; substantive review/copy recovery status not yet independently verified
2017-04-03,2017,REC BOAT CRUISER.docx v1,REC BOAT CRUISER.docx,Permit / Application,Medium,,Applicant Attachments,WRD - NPDES,Application/Request,2Q7-HQ21-P66B,Permit Change - National Pollutant Discharge Elimination System (NPDES) Municipal Application Form (Reissuance),-123817907349178312,https://mienviro.michigan.gov/ncore/downloadpdf/-123817907349178312,Indexed in MiEnviro master record; substantive review/copy recovery status not yet independently verified
2017-04-03,2017,REC BOAT SPORT.docx v1,REC BOAT SPORT.docx,Permit / Application,Medium,,Applicant Attachments,WRD - NPDES,Application/Request,2Q7-HQ21-P66B,Permit Change - National Pollutant Discharge Elimination System (NPDES) Municipal Application Form (Reissuance),-6756834478233780033,https://mienviro.michigan.gov/ncore/downloadpdf/-6756834478233780033,Indexed in MiEnviro master record; substantive review/copy recovery status not yet independently verified
2017-04-03,2017,REC BOAT TRAILER.docx v1,REC BOAT TRAILER.docx,Permit / Application,Medium,,Applicant Attachments,WRD - NPDES,Application/Request,2Q7-HQ21-P66B,Permit Change - National Pollutant Discharge Elimination System (NPDES) Municipal Application Form (Reissuance),-505155985048363429,https://mienviro.michigan.gov/ncore/downloadpdf/-505155985048363429,Indexed in MiEnviro master record; substantive review/copy recovery status not yet independently verified
2017-04-03,2017,SPENCER.docx v1,SPENCER.docx,Permit / Application,Medium,,Applicant Attachments,WRD - NPDES,Application/Request,2Q7-HQ21-P66B,Permit Change - National Pollutant Discharge Elimination System (NPDES) Municipal Application Form (Reissuance),1829985439158043192,https://mienviro.michigan.gov/ncore/downloadpdf/1829985439158043192,Indexed in MiEnviro master record; substantive review/copy recovery status not yet independently verified
2017-04-03,2017,WEXFORD LANDFILL.docx v1,WEXFORD LANDFILL.docx,Permit / Application,Critical,,Applicant Attachments,WRD - NPDES,Application/Request,2Q7-HQ21-P66B,Permit Change - National Pollutant Discharge Elimination System (NPDES) Municipal Application Form (Reissuance),2929107239418671816,https://mienviro.michigan.gov/ncore/downloadpdf/2929107239418671816,2017 Wexford Landfill SIU attachment fully read; hard copy recovered in packet
2017-04-03,2017,Wet Test ERM 2-2-2017.pdf v1,Wet Test ERM 2-2-2017.pdf,Permit / Application,Medium,,Applicant Attachments,WRD - NPDES,Application/Request,2Q7-HQ21-P66B,Permit Change - National Pollutant Discharge Elimination System (NPDES) Municipal Application Form (Reissuance),-4072267205926815735,https://mienviro.michigan.gov/ncore/downloadpdf/-4072267205926815735,Indexed in MiEnviro master record; substantive review/copy recovery status not yet independently verified
2017-04-05,2017,Application_2Q7-HQ21-P66B V1.pdf v1,,Permit / Application,Medium,,Misc. Application and Request Docs,WRD - NPDES,Application/Request,2Q7-HQ21-P66B,Permit Change - National Pollutant Discharge Elimination System (NPDES) Municipal Application Form (Reissuance),-4194105337445403259,https://mienviro.michigan.gov/ncore/downloadpdf/-4194105337445403259,2017 NPDES application fully read; hard copy recovered in packet
2017-04-19,2017,DMR Daily - MI0020257 _03_01_2017_to_03_31_2017_V1.docx,DMR Daily Data for period 03/01/2017 - 03/31/2017_V1,DMR / Monthly Monitoring,Routine,Legacy permit version MI0020257 v5.1,Schedule - DMR Documents,WRD - NPDES,Permit,MI0020257 v5.1,NPDES Individual Permit,5374658919181652521,https://mienviro.michigan.gov/ncore/downloadpdf/5374658919181652521,Indexed in MiEnviro master record; substantive review/copy recovery status not yet independently verified
2017-04-19,2017,DMR Summary - MI0020257 _03_01_2017_to_03_31_2017_V1.docx,DMR Summary Data for period 03/01/2017 - 03/31/2017_V1,DMR / Monthly Monitoring,Routine,Legacy permit version MI0020257 v5.1,Schedule - DMR Documents,WRD - NPDES,Permit,MI0020257 v5.1,NPDES Individual Permit,-2462697300358445557,https://mienviro.michigan.gov/ncore/downloadpdf/-2462697300358445557,Indexed in MiEnviro master record; substantive review/copy recovery status not yet independently verified
2017-05-09,2017,emails regd verbal notify BOD exceed 050917 ul MiW.msg,,Laboratory / Toxics / WET,High,Site 15637 / Site record,NPDES Misc. Site Docs,,Site,15637,Site,7735398460674456608,https://mienviro.michigan.gov/ncore/downloadpdf/7735398460674456608,Indexed in MiEnviro master record; substantive review/copy recovery status not yet independently verified
2017-05-12,2017,written rpt BOD exceed 051217 ul MiW.msg,,Laboratory / Toxics / WET,High,Site 15637 / Site record,NPDES Misc. Site Docs,,Site,15637,Site,3141508032254302466,https://mienviro.michigan.gov/ncore/downloadpdf/3141508032254302466,Indexed in MiEnviro master record; substantive review/copy recovery status not yet independently verified
2017-05-17,2017,DMR Daily - MI0020257 _04_01_2017_to_04_30_2017_V1.docx,DMR Daily Data for period 04/01/2017 - 04/30/2017_V1,DMR / Monthly Monitoring,Routine,Legacy permit version MI0020257 v5.1,Schedule - DMR Documents,WRD - NPDES,Permit,MI0020257 v5.1,NPDES Individual Permit,-6506352065203311462,https://mienviro.michigan.gov/ncore/downloadpdf/-6506352065203311462,Indexed in MiEnviro master record; substantive review/copy recovery status not yet independently verified
2017-05-17,2017,DMR Summary - MI0020257 _04_01_2017_to_04_30_2017_V1.docx,DMR Summary Data for period 04/01/2017 - 04/30/2017_V1,DMR / Monthly Monitoring,Routine,Legacy permit version MI0020257 v5.1,Schedule - DMR Documents,WRD - NPDES,Permit,MI0020257 v5.1,NPDES Individual Permit,7441804851118153573,https://mienviro.michigan.gov/ncore/downloadpdf/7441804851118153573,Indexed in MiEnviro master record; substantive review/copy recovery status not yet independently verified
2017-05-17,2017,email addn reporting BOD exceed 051717 ul MiW.msg,,Laboratory / Toxics / WET,High,Site 15637 / Site record,NPDES Misc. Site Docs,,Site,15637,Site,-389607197290388061,https://mienviro.michigan.gov/ncore/downloadpdf/-389607197290388061,Indexed in MiEnviro master record; substantive review/copy recovery status not yet independently verified
2017-05-19,2017,written rpt ammonia NPDES exceedance 051917.msg,,Laboratory / Toxics / WET,High,Site 15637 / Site record,NPDES Misc. Site Docs,,Site,15637,Site,-7534533116651044102,https://mienviro.michigan.gov/ncore/downloadpdf/-7534533116651044102,Indexed in MiEnviro master record; substantive review/copy recovery status not yet independently verified
2017-05-24,2017,written report BOD exceedance #2 052417.msg,,Laboratory / Toxics / WET,High,Site 15637 / Site record,NPDES Misc. Site Docs,,Site,15637,Site,-1358521760501568481,https://mienviro.michigan.gov/ncore/downloadpdf/-1358521760501568481,Indexed in MiEnviro master record; substantive review/copy recovery status not yet independently verified
2017-06-13,2017,DMR Daily - MI0020257 _05_01_2017_to_05_31_2017_V1.docx,DMR Daily Data for period 05/01/2017 - 05/31/2017_V1,DMR / Monthly Monitoring,Routine,Legacy permit version MI0020257 v5.1,Schedule - DMR Documents,WRD - NPDES,Permit,MI0020257 v5.1,NPDES Individual Permit,-3514350148586469102,https://mienviro.michigan.gov/ncore/downloadpdf/-3514350148586469102,Indexed in MiEnviro master record; substantive review/copy recovery status not yet independently verified
2017-06-13,2017,DMR Summary - MI0020257 _05_01_2017_to_05_31_2017_V1.docx,DMR Summary Data for period 05/01/2017 - 05/31/2017_V1,DMR / Monthly Monitoring,Routine,Legacy permit version MI0020257 v5.1,Schedule - DMR Documents,WRD - NPDES,Permit,MI0020257 v5.1,NPDES Individual Permit,-1817143456933767821,https://mienviro.michigan.gov/ncore/downloadpdf/-1817143456933767821,Indexed in MiEnviro master record; substantive review/copy recovery status not yet independently verified
2017-06-15,2017,written report BOD exceedance 061517.msg,,Laboratory / Toxics / WET,High,Site 15637 / Site record,NPDES Misc. Site Docs,,Site,15637,Site,5876564337621442480,https://mienviro.michigan.gov/ncore/downloadpdf/5876564337621442480,Indexed in MiEnviro master record; substantive review/copy recovery status not yet independently verified
2017-07-12,2017,written report BOD exceedance 071217.msg,,Laboratory / Toxics / WET,High,Site 15637 / Site record,NPDES Misc. Site Docs,,Site,15637,Site,-5622633242256800541,https://mienviro.michigan.gov/ncore/downloadpdf/-5622633242256800541,Indexed in MiEnviro master record; substantive review/copy recovery status not yet independently verified
2017-07-18,2017,DMR Daily - MI0020257 _06_01_2017_to_06_30_2017_V1.docx,DMR Daily Data for period 06/01/2017 - 06/30/2017_V1,DMR / Monthly Monitoring,Routine,Legacy permit version MI0020257 v5.1,Schedule - DMR Documents,WRD - NPDES,Permit,MI0020257 v5.1,NPDES Individual Permit,2596891981566435001,https://mienviro.michigan.gov/ncore/downloadpdf/2596891981566435001,Indexed in MiEnviro master record; substantive review/copy recovery status not yet independently verified
2017-07-18,2017,DMR Summary - MI0020257 _06_01_2017_to_06_30_2017_V1.docx,DMR Summary Data for period 06/01/2017 - 06/30/2017_V1,DMR / Monthly Monitoring,Routine,Legacy permit version MI0020257 v5.1,Schedule - DMR Documents,WRD - NPDES,Permit,MI0020257 v5.1,NPDES Individual Permit,-8542276497179018047,https://mienviro.michigan.gov/ncore/downloadpdf/-8542276497179018047,Indexed in MiEnviro master record; substantive review/copy recovery status not yet independently verified
2017-08-17,2017,DMR Daily - MI0020257 _05_01_2017_to_05_31_2017_V2.docx,DMR Daily Data for period 05/01/2017 - 05/31/2017_V2,DMR / Monthly Monitoring,Routine,Legacy permit version MI0020257 v5.1,Schedule - DMR Documents,WRD - NPDES,Permit,MI0020257 v5.1,NPDES Individual Permit,-486435104065967818,https://mienviro.michigan.gov/ncore/downloadpdf/-486435104065967818,Indexed in MiEnviro master record; substantive review/copy recovery status not yet independently verified
2017-08-17,2017,DMR Daily - MI0020257 _07_01_2017_to_07_31_2017_V1.docx,DMR Daily Data for period 07/01/2017 - 07/31/2017_V1,DMR / Monthly Monitoring,Routine,Legacy permit version MI0020257 v5.1,Schedule - DMR Documents,WRD - NPDES,Permit,MI0020257 v5.1,NPDES Individual Permit,-111396327202170199,https://mienviro.michigan.gov/ncore/downloadpdf/-111396327202170199,Indexed in MiEnviro master record; substantive review/copy recovery status not yet independently verified
2017-08-17,2017,DMR Summary - MI0020257 _05_01_2017_to_05_31_2017_V2.docx,DMR Summary Data for period 05/01/2017 - 05/31/2017_V2,DMR / Monthly Monitoring,Routine,Legacy permit version MI0020257 v5.1,Schedule - DMR Documents,WRD - NPDES,Permit,MI0020257 v5.1,NPDES Individual Permit,-3743271668249773176,https://mienviro.michigan.gov/ncore/downloadpdf/-3743271668249773176,Indexed in MiEnviro master record; substantive review/copy recovery status not yet independently verified
2017-08-17,2017,DMR Summary - MI0020257 _07_01_2017_to_07_31_2017_V1.docx,DMR Summary Data for period 07/01/2017 - 07/31/2017_V1,DMR / Monthly Monitoring,Routine,Legacy permit version MI0020257 v5.1,Schedule - DMR Documents,WRD - NPDES,Permit,MI0020257 v5.1,NPDES Individual Permit,1920013186052737041,https://mienviro.michigan.gov/ncore/downloadpdf/1920013186052737041,Indexed in MiEnviro master record; substantive review/copy recovery status not yet independently verified
2017-08-31,2017,Cadillac WWTP DMRQA 37 083117.pdf,,DMR / Monthly Monitoring,Routine,Site 15637 / Site record,NPDES Misc. Site Docs,,Site,15637,Site,-4403402754038879326,https://mienviro.michigan.gov/ncore/downloadpdf/-4403402754038879326,Indexed in MiEnviro master record; substantive review/copy recovery status not yet independently verified
2017-09-15,2017,DMR Daily - MI0020257 _08_01_2017_to_08_31_2017_V1.docx,DMR Daily Data for period 08/01/2017 - 08/31/2017_V1,DMR / Monthly Monitoring,Routine,Legacy permit version MI0020257 v5.1,Schedule - DMR Documents,WRD - NPDES,Permit,MI0020257 v5.1,NPDES Individual Permit,7005832042046937184,https://mienviro.michigan.gov/ncore/downloadpdf/7005832042046937184,Indexed in MiEnviro master record; substantive review/copy recovery status not yet independently verified
2017-09-15,2017,DMR Summary - MI0020257 _08_01_2017_to_08_31_2017_V1.docx,DMR Summary Data for period 08/01/2017 - 08/31/2017_V1,DMR / Monthly Monitoring,Routine,Legacy permit version MI0020257 v5.1,Schedule - DMR Documents,WRD - NPDES,Permit,MI0020257 v5.1,NPDES Individual Permit,8461445828922893016,https://mienviro.michigan.gov/ncore/downloadpdf/8461445828922893016,Indexed in MiEnviro master record; substantive review/copy recovery status not yet independently verified
2017-10-13,2017,2017 As Applied - 17EK01.xlsx v1,Land App Site - April 2017,Biosolids / Land Application,Medium,,Applicant Attachments,WRD - NPDES,Application/Request,HN8-AEB3-S8NKF,Schedule - Biosolids Annual Report,7951970310208812203,https://mienviro.michigan.gov/ncore/downloadpdf/7951970310208812203,Indexed in MiEnviro master record; substantive review/copy recovery status not yet independently verified
2017-10-13,2017,2017 As Applied - 17RW01.xlsx v1,Land app Site - April 2017,Biosolids / Land Application,Medium,,Applicant Attachments,WRD - NPDES,Application/Request,HN8-AEB3-S8NKF,Schedule - Biosolids Annual Report,-1675409833587234275,https://mienviro.michigan.gov/ncore/downloadpdf/-1675409833587234275,Indexed in MiEnviro master record; substantive review/copy recovery status not yet independently verified
2017-10-13,2017,2017 As Applied - 30GR01.xlsx v1,Land App Site - Oct 2016,Biosolids / Land Application,Medium,,Applicant Attachments,WRD - NPDES,Application/Request,HN8-AEB3-S8NKF,Schedule - Biosolids Annual Report,-5897892034958233867,https://mienviro.michigan.gov/ncore/downloadpdf/-5897892034958233867,Indexed in MiEnviro master record; substantive review/copy recovery status not yet independently verified
2017-10-13,2017,2017 As Applied - 31DG01.xlsx v1,Land App site - April 2017,Biosolids / Land Application,Medium,,Applicant Attachments,WRD - NPDES,Application/Request,HN8-AEB3-S8NKF,Schedule - Biosolids Annual Report,-4564688140221150418,https://mienviro.michigan.gov/ncore/downloadpdf/-4564688140221150418,Indexed in MiEnviro master record; substantive review/copy recovery status not yet independently verified
2017-10-13,2017,"31DG01, 17EK01, 17RW01 - Analytical.pdf v1","FY17 Results - March 2017 - Metals, Nutrients & Volatiles",Biosolids / Land Application,Medium,,Applicant Attachments,WRD - NPDES,Application/Request,HN8-AEB3-S8NKF,Schedule - Biosolids Annual Report,1336509163278193309,https://mienviro.michigan.gov/ncore/downloadpdf/1336509163278193309,Indexed in MiEnviro master record; substantive review/copy recovery status not yet independently verified
2017-10-13,2017,31GR01 - Analytical.pdf v1,Sept. 2016 test for haul in Oct. 2016 - Metals & Nutrients,Biosolids / Land Application,Medium,,Applicant Attachments,WRD - NPDES,Application/Request,HN8-AEB3-S8NKF,Schedule - Biosolids Annual Report,-2488798986427058681,https://mienviro.michigan.gov/ncore/downloadpdf/-2488798986427058681,Indexed in MiEnviro master record; substantive review/copy recovery status not yet independently verified
2017-10-13,2017,Applier Cert. of Pathogens and Vector Attraction Reduction.doc v1,Applier - Cert. of Pathogens & VARs,Biosolids / Land Application,Medium,,Applicant Attachments,WRD - NPDES,Application/Request,HN8-AEB3-S8NKF,Schedule - Biosolids Annual Report,-1688568603305138344,https://mienviro.michigan.gov/ncore/downloadpdf/-1688568603305138344,Indexed in MiEnviro master record; substantive review/copy recovery status not yet independently verified
2017-10-13,2017,Class B Site Restrictions Certification.doc v1,Applier Site Restr. Certification,Biosolids / Land Application,Medium,,Applicant Attachments,WRD - NPDES,Application/Request,HN8-AEB3-S8NKF,Schedule - Biosolids Annual Report,1498609859186270953,https://mienviro.michigan.gov/ncore/downloadpdf/1498609859186270953,Indexed in MiEnviro master record; substantive review/copy recovery status not yet independently verified
2017-10-13,2017,DMR Daily - MI0020257 _09_01_2017_to_09_30_2017_V1.docx,DMR Daily Data for period 09/01/2017 - 09/30/2017_V1,DMR / Monthly Monitoring,Routine,Legacy permit version MI0020257 v5.1,Schedule - DMR Documents,WRD - NPDES,Permit,MI0020257 v5.1,NPDES Individual Permit,865533459970142181,https://mienviro.michigan.gov/ncore/downloadpdf/865533459970142181,Indexed in MiEnviro master record; substantive review/copy recovery status not yet independently verified
2017-10-13,2017,DMR Summary - MI0020257 _09_01_2017_to_09_30_2017_V1.docx,DMR Summary Data for period 09/01/2017 - 09/30/2017_V1,DMR / Monthly Monitoring,Routine,Legacy permit version MI0020257 v5.1,Schedule - DMR Documents,WRD - NPDES,Permit,MI0020257 v5.1,NPDES Individual Permit,1351029181868169986,https://mienviro.michigan.gov/ncore/downloadpdf/1351029181868169986,Indexed in MiEnviro master record; substantive review/copy recovery status not yet independently verified
2017-10-13,2017,DMR Summary - MI0020257 _10_01_2016_to_09_30_2017_V1.docx,DMR Summary Data for period 10/01/2016 - 09/30/2017_V1,DMR / Monthly Monitoring,Routine,Legacy permit version MI0020257 v5.1,Schedule - DMR Documents,WRD - NPDES,Permit,MI0020257 v5.1,NPDES Individual Permit,6182107663604652349,https://mienviro.michigan.gov/ncore/downloadpdf/6182107663604652349,Indexed in MiEnviro master record; substantive review/copy recovery status not yet independently verified
2017-10-13,2017,HML Fall 2016.pdf v1,Sept. test for haul in Oct. - Class A Pathogen results,Biosolids / Land Application,Medium,,Applicant Attachments,WRD - NPDES,Application/Request,HN8-AEB3-S8NKF,Schedule - Biosolids Annual Report,-4030890897963029912,https://mienviro.michigan.gov/ncore/downloadpdf/-4030890897963029912,Indexed in MiEnviro master record; substantive review/copy recovery status not yet independently verified
2017-10-13,2017,HN8-AEB3-S8NKF V1.pdf v1,FY17 Biosolids Annual Report.,Biosolids / Land Application,Medium,,Misc. Application and Request Docs,WRD - NPDES,Application/Request,HN8-AEB3-S8NKF,Schedule - Biosolids Annual Report,8416368693200764668,https://mienviro.michigan.gov/ncore/downloadpdf/8416368693200764668,Indexed in MiEnviro master record; substantive review/copy recovery status not yet independently verified
2017-10-13,2017,Mgt Practices Certification.doc v1,Applier Cert. - Mgt Practices,Biosolids / Land Application,Medium,,Applicant Attachments,WRD - NPDES,Application/Request,HN8-AEB3-S8NKF,Schedule - Biosolids Annual Report,8684882921218429674,https://mienviro.michigan.gov/ncore/downloadpdf/8684882921218429674,Indexed in MiEnviro master record; substantive review/copy recovery status not yet independently verified
2017-10-13,2017,Spring Biosolids HML 2017.pdf v1,FY17 - Class A Pathogen results - Mar. 2017,Biosolids / Land Application,Medium,,Applicant Attachments,WRD - NPDES,Application/Request,HN8-AEB3-S8NKF,Schedule - Biosolids Annual Report,-7940855265872368210,https://mienviro.michigan.gov/ncore/downloadpdf/-7940855265872368210,Indexed in MiEnviro master record; substantive review/copy recovery status not yet independently verified
2017-10-25,2017,Cadillac WWTP Oct 2017 BOD email 102517.msg,NPDES limit exceedance correspondence,Laboratory / Toxics / WET,High,Site 15637 / Site record,Misc Site Docs,,Site,15637,Site,-919100790848612757,https://mienviro.michigan.gov/ncore/downloadpdf/-919100790848612757,Indexed in MiEnviro master record; substantive review/copy recovery status not yet independently verified
2017-10-25,2017,Cadillac WWTP Oct 2017 BOD notice 102517.msg,NPDES limit exceedance correspondence,Laboratory / Toxics / WET,High,Site 15637 / Site record,Misc Site Docs,,Site,15637,Site,850609280377440890,https://mienviro.michigan.gov/ncore/downloadpdf/850609280377440890,Indexed in MiEnviro master record; substantive review/copy recovery status not yet independently verified
2017-10-30,2017,Cadillac WWTP Oct 2017 BOD email 103017.msg,NPDES limit exceedance correspondence,Laboratory / Toxics / WET,High,Site 15637 / Site record,Misc Site Docs,,Site,15637,Site,-6671969809514163421,https://mienviro.michigan.gov/ncore/downloadpdf/-6671969809514163421,Indexed in MiEnviro master record; substantive review/copy recovery status not yet independently verified
2017-11-16,2017,DMR Daily - MI0020257 _10_01_2017_to_10_31_2017_V1.docx,DMR Daily Data for period 10/01/2017 - 10/31/2017_V1,DMR / Monthly Monitoring,Routine,Legacy permit version MI0020257 v5.1,Schedule - DMR Documents,WRD - NPDES,Permit,MI0020257 v5.1,NPDES Individual Permit,-739207244620603055,https://mienviro.michigan.gov/ncore/downloadpdf/-739207244620603055,Indexed in MiEnviro master record; substantive review/copy recovery status not yet independently verified
2017-11-16,2017,DMR Summary - MI0020257 _10_01_2017_to_10_31_2017_V1.docx,DMR Summary Data for period 10/01/2017 - 10/31/2017_V1,DMR / Monthly Monitoring,Routine,Legacy permit version MI0020257 v5.1,Schedule - DMR Documents,WRD - NPDES,Permit,MI0020257 v5.1,NPDES Individual Permit,-5037797726850269844,https://mienviro.michigan.gov/ncore/downloadpdf/-5037797726850269844,Indexed in MiEnviro master record; substantive review/copy recovery status not yet independently verified
2017-12-04,2017,Cadillac WWTP Nov 2017 BOD Notice 120417.msg,NPDES limit exceedance correspondence,Laboratory / Toxics / WET,High,Site 15637 / Site record,Misc Site Docs,,Site,15637,Site,-6334666196725602947,https://mienviro.michigan.gov/ncore/downloadpdf/-6334666196725602947,Indexed in MiEnviro master record; substantive review/copy recovery status not yet independently verified
2017-12-15,2017,DMR Daily - MI0020257 _11_01_2017_to_11_30_2017_V1.docx,DMR Daily Data for period 11/01/2017 - 11/30/2017_V1,DMR / Monthly Monitoring,Routine,Legacy permit version MI0020257 v5.1,Schedule - DMR Documents,WRD - NPDES,Permit,MI0020257 v5.1,NPDES Individual Permit,2472286616657780651,https://mienviro.michigan.gov/ncore/downloadpdf/2472286616657780651,Indexed in MiEnviro master record; substantive review/copy recovery status not yet independently verified
2017-12-15,2017,DMR Summary - MI0020257 _11_01_2017_to_11_30_2017_V1.docx,DMR Summary Data for period 11/01/2017 - 11/30/2017_V1,DMR / Monthly Monitoring,Routine,Legacy permit version MI0020257 v5.1,Schedule - DMR Documents,WRD - NPDES,Permit,MI0020257 v5.1,NPDES Individual Permit,-8814440160125396713,https://mienviro.michigan.gov/ncore/downloadpdf/-8814440160125396713,Indexed in MiEnviro master record; substantive review/copy recovery status not yet independently verified
2018-01-18,2018,DMR Daily - MI0020257 _12_01_2017_to_12_31_2017_V1.docx,DMR Daily Data for period 12/01/2017 - 12/31/2017_V1,DMR / Monthly Monitoring,Routine,Legacy permit version MI0020257 v5.1,Schedule - DMR Documents,WRD - NPDES,Permit,MI0020257 v5.1,NPDES Individual Permit,6383006232820553511,https://mienviro.michigan.gov/ncore/downloadpdf/6383006232820553511,Indexed in MiEnviro master record; substantive review/copy recovery status not yet independently verified
2018-01-18,2018,DMR Summary - MI0020257 _12_01_2017_to_12_31_2017_V1.docx,DMR Summary Data for period 12/01/2017 - 12/31/2017_V1,DMR / Monthly Monitoring,Routine,Legacy permit version MI0020257 v5.1,Schedule - DMR Documents,WRD - NPDES,Permit,MI0020257 v5.1,NPDES Individual Permit,5351587946243598793,https://mienviro.michigan.gov/ncore/downloadpdf/5351587946243598793,Indexed in MiEnviro master record; substantive review/copy recovery status not yet independently verified
2018-01-30,2018,WQBELBiologistFactSheet_MI0020257_1-30-2018.pdf,WQBEL Biologist Recommendations Fact/Decision Sheet,Permit / Application,Medium,,Misc. Application and Request Docs,WRD - NPDES,Application/Request,2Q7-HQ21-P66B,Permit Change - National Pollutant Discharge Elimination System (NPDES) Municipal Application Form (Reissuance),4396568221413786777,https://mienviro.michigan.gov/ncore/downloadpdf/4396568221413786777,Indexed in MiEnviro master record; substantive review/copy recovery status not yet independently verified
2018-01-30,2018,WQBELBiologistReview_MI0020257_1-30-2018.doc,WQBEL Biologist Recommendations Memo,Permit / Application,Medium,,Misc. Application and Request Docs,WRD - NPDES,Application/Request,2Q7-HQ21-P66B,Permit Change - National Pollutant Discharge Elimination System (NPDES) Municipal Application Form (Reissuance),9173363052273315993,https://mienviro.michigan.gov/ncore/downloadpdf/9173363052273315993,Indexed in MiEnviro master record; substantive review/copy recovery status not yet independently verified
2018-02-14,2018,Cadillac WWTP Ammonia Method 021418 email.msg,,Laboratory / Toxics / WET,High,Site 15637 / Site record,NPDES Misc. Site Docs,,Site,15637,Site,-7195529521434838094,https://mienviro.michigan.gov/ncore/downloadpdf/-7195529521434838094,Indexed in MiEnviro master record; substantive review/copy recovery status not yet independently verified
2018-02-19,2018,DMR Daily - MI0020257 _01_01_2018_to_01_31_2018_V1.docx,DMR Daily Data for period 01/01/2018 - 01/31/2018_V1,DMR / Monthly Monitoring,Routine,Legacy permit version MI0020257 v5.1,Schedule - DMR Documents,WRD - NPDES,Permit,MI0020257 v5.1,NPDES Individual Permit,-1122778753452821851,https://mienviro.michigan.gov/ncore/downloadpdf/-1122778753452821851,Indexed in MiEnviro master record; substantive review/copy recovery status not yet independently verified
2018-02-19,2018,DMR Summary - MI0020257 _01_01_2018_to_01_31_2018_V1.docx,DMR Summary Data for period 01/01/2018 - 01/31/2018_V1,DMR / Monthly Monitoring,Routine,Legacy permit version MI0020257 v5.1,Schedule - DMR Documents,WRD - NPDES,Permit,MI0020257 v5.1,NPDES Individual Permit,9121072629286172709,https://mienviro.michigan.gov/ncore/downloadpdf/9121072629286172709,Indexed in MiEnviro master record; substantive review/copy recovery status not yet independently verified
2018-03-01,2018,MI0020257 PFAS-IPP Letter 2-20-2018.pdf,,Industrial Pretreatment / IPP,High,Site 15637 / Site record,Industrial Pretreatment Program (IPP),,Site,15637,Site,1950215384933042828,https://mienviro.michigan.gov/ncore/downloadpdf/1950215384933042828,Indexed in MiEnviro master record; substantive review/copy recovery status not yet independently verified
2018-03-15,2018,Cadillac WWTP Ammonia Method 031518 email.msg,,Laboratory / Toxics / WET,High,Site 15637 / Site record,NPDES Misc. Site Docs,,Site,15637,Site,-2361783230760937000,https://mienviro.michigan.gov/ncore/downloadpdf/-2361783230760937000,Indexed in MiEnviro master record; substantive review/copy recovery status not yet independently verified
2018-03-16,2018,AlternateTestMethod-Ammonia_MI0020257_3-2-2018.msg,,Laboratory / Toxics / WET,High,Site 15637 / Site record,Misc Site Docs,,Site,15637,Site,-6162908203363123759,https://mienviro.michigan.gov/ncore/downloadpdf/-6162908203363123759,Indexed in MiEnviro master record; substantive review/copy recovery status not yet independently verified
2018-03-19,2018,DMR Daily - MI0020257 _02_01_2018_to_02_28_2018_V1.docx,DMR Daily Data for period 02/01/2018 - 02/28/2018_V1,DMR / Monthly Monitoring,Routine,Legacy permit version MI0020257 v5.1,Schedule - DMR Documents,WRD - NPDES,Permit,MI0020257 v5.1,NPDES Individual Permit,8672164108555213315,https://mienviro.michigan.gov/ncore/downloadpdf/8672164108555213315,Indexed in MiEnviro master record; substantive review/copy recovery status not yet independently verified
2018-03-19,2018,DMR Summary - MI0020257 _02_01_2018_to_02_28_2018_V1.docx,DMR Summary Data for period 02/01/2018 - 02/28/2018_V1,DMR / Monthly Monitoring,Routine,Legacy permit version MI0020257 v5.1,Schedule - DMR Documents,WRD - NPDES,Permit,MI0020257 v5.1,NPDES Individual Permit,-6076810724525433677,https://mienviro.michigan.gov/ncore/downloadpdf/-6076810724525433677,Indexed in MiEnviro master record; substantive review/copy recovery status not yet independently verified
2018-03-28,2018,HNB-J69X-W1FHA V1.pdf v1,,Industrial Pretreatment / IPP,High,,Misc. Application and Request Docs,WRD - NPDES,Application/Request,HNB-J69X-W1FHA,Schedule - Michigan Industrial Pretreatment Program Annual Report,-6666933816233107755,https://mienviro.michigan.gov/ncore/downloadpdf/-6666933816233107755,Indexed in MiEnviro master record; substantive review/copy recovery status not yet independently verified
2018-03-28,2018,Notice of SNC.jpg v1,Notice of SNC.jpg,Industrial Pretreatment / IPP,High,,Applicant Attachments,WRD - NPDES,Application/Request,HNB-J69X-W1FHA,Schedule - Michigan Industrial Pretreatment Program Annual Report,-3545021326186909476,https://mienviro.michigan.gov/ncore/downloadpdf/-3545021326186909476,Indexed in MiEnviro master record; substantive review/copy recovery status not yet independently verified
2018-03-28,2018,POTW_Monitoring_Data_Summary.xlsx v1,POTW_Monitoring_Data_Summary.xlsx,Industrial Pretreatment / IPP,High,,Applicant Attachments,WRD - NPDES,Application/Request,HNB-J69X-W1FHA,Schedule - Michigan Industrial Pretreatment Program Annual Report,-6012504194437617428,https://mienviro.michigan.gov/ncore/downloadpdf/-6012504194437617428,Indexed in MiEnviro master record; substantive review/copy recovery status not yet independently verified
2018-03-28,2018,POTW_Oversight_Table.xlsx v1,POTW_Oversight_Table.xlsx,Industrial Pretreatment / IPP,High,,Applicant Attachments,WRD - NPDES,Application/Request,HNB-J69X-W1FHA,Schedule - Michigan Industrial Pretreatment Program Annual Report,-2139264245510326741,https://mienviro.michigan.gov/ncore/downloadpdf/-2139264245510326741,2018 POTW oversight table previously verified; deep link indexed
2018-03-28,2018,SIU-CIU_List.xlsx v1,SIU-CIU_List.xlsx,Industrial Pretreatment / IPP,High,,Applicant Attachments,WRD - NPDES,Application/Request,HNB-J69X-W1FHA,Schedule - Michigan Industrial Pretreatment Program Annual Report,4593201925321274393,https://mienviro.michigan.gov/ncore/downloadpdf/4593201925321274393,2018 SIU/CIU list previously verified; deep link indexed
2018-04-13,2018,DMR Daily - MI0020257 _03_01_2018_to_03_31_2018_V1.docx,DMR Daily Data for period 03/01/2018 - 03/31/2018_V1,DMR / Monthly Monitoring,Routine,Legacy permit version MI0020257 v5.1,Schedule - DMR Documents,WRD - NPDES,Permit,MI0020257 v5.1,NPDES Individual Permit,-8199773167501560754,https://mienviro.michigan.gov/ncore/downloadpdf/-8199773167501560754,Indexed in MiEnviro master record; substantive review/copy recovery status not yet independently verified
2018-04-13,2018,DMR Summary - MI0020257 _03_01_2018_to_03_31_2018_V1.docx,DMR Summary Data for period 03/01/2018 - 03/31/2018_V1,DMR / Monthly Monitoring,Routine,Legacy permit version MI0020257 v5.1,Schedule - DMR Documents,WRD - NPDES,Permit,MI0020257 v5.1,NPDES Individual Permit,-6721065085631102069,https://mienviro.michigan.gov/ncore/downloadpdf/-6721065085631102069,Indexed in MiEnviro master record; substantive review/copy recovery status not yet independently verified
2018-04-17,2018,Cadillac WWTP Fecal Method email 041718.msg,,Site / Miscellaneous,Routine,Site 15637 / Site record,NPDES Misc. Site Docs,,Site,15637,Site,4841671392581047597,https://mienviro.michigan.gov/ncore/downloadpdf/4841671392581047597,Indexed in MiEnviro master record; substantive review/copy recovery status not yet independently verified
2018-04-18,2018,PFAS.msg,,Industrial Pretreatment / IPP,High,Site 15637 / Site record,Industrial Pretreatment Program (IPP),,Site,15637,Site,1922698188754231116,https://mienviro.michigan.gov/ncore/downloadpdf/1922698188754231116,Indexed in MiEnviro master record; substantive review/copy recovery status not yet independently verified
2018-04-19,2018,RE_ PFAS.msg,,Industrial Pretreatment / IPP,High,Site 15637 / Site record,Industrial Pretreatment Program (IPP),,Site,15637,Site,3538327832857428719,https://mienviro.michigan.gov/ncore/downloadpdf/3538327832857428719,Indexed in MiEnviro master record; substantive review/copy recovery status not yet independently verified
2018-05-07,2018,Cadillac WWTP May CBOD Exceed 050718.msg,,Laboratory / Toxics / WET,High,Site 15637 / Site record,NPDES Misc. Site Docs,,Site,15637,Site,-4662633947220908881,https://mienviro.michigan.gov/ncore/downloadpdf/-4662633947220908881,Indexed in MiEnviro master record; substantive review/copy recovery status not yet independently verified
2018-05-08,2018,Cadillac WWTP May CBOD Exceed 050818.msg,,Laboratory / Toxics / WET,High,Site 15637 / Site record,NPDES Misc. Site Docs,,Site,15637,Site,9085707484366763135,https://mienviro.michigan.gov/ncore/downloadpdf/9085707484366763135,Indexed in MiEnviro master record; substantive review/copy recovery status not yet independently verified
2018-05-08,2018,EM-Hauling Info.msg,from Fac. Cont./Cert. Oper.,Biosolids / Land Application,Medium,Evaluation E-DHWW-FYB-ZBN,NPDES Biosolids Evaluation,WRD - NPDES,Evaluation,E-DHWW-FYB-ZBN,Biosolids Audit (05/11/2018),-6061985621999773483,https://mienviro.michigan.gov/ncore/downloadpdf/-6061985621999773483,Indexed in MiEnviro master record; substantive review/copy recovery status not yet independently verified
2018-05-08,2018,IMG951506.jpg,came w/ email (loading up),Biosolids / Land Application,Medium,Evaluation E-DHWW-FYB-ZBN,NPDES Biosolids Evaluation,WRD - NPDES,Evaluation,E-DHWW-FYB-ZBN,Biosolids Audit (05/11/2018),4140922109563058919,https://mienviro.michigan.gov/ncore/downloadpdf/4140922109563058919,Indexed in MiEnviro master record; substantive review/copy recovery status not yet independently verified
2018-05-08,2018,IMG951507.jpg,came w/ email (off loading of the tanker),Biosolids / Land Application,Medium,Evaluation E-DHWW-FYB-ZBN,NPDES Biosolids Evaluation,WRD - NPDES,Evaluation,E-DHWW-FYB-ZBN,Biosolids Audit (05/11/2018),-5157977368029054289,https://mienviro.michigan.gov/ncore/downloadpdf/-5157977368029054289,Indexed in MiEnviro master record; substantive review/copy recovery status not yet independently verified
2018-05-08,2018,IMG_0011-cas.JPG,taken during field inspection,Biosolids / Land Application,Medium,Evaluation E-DHWW-FYB-ZBN,NPDES Biosolids Evaluation,WRD - NPDES,Evaluation,E-DHWW-FYB-ZBN,Biosolids Audit (05/11/2018),-4934672298598036191,https://mienviro.michigan.gov/ncore/downloadpdf/-4934672298598036191,Indexed in MiEnviro master record; substantive review/copy recovery status not yet independently verified
2018-05-08,2018,IMG_0012-cas.JPG,taken during field inspection,Biosolids / Land Application,Medium,Evaluation E-DHWW-FYB-ZBN,NPDES Biosolids Evaluation,WRD - NPDES,Evaluation,E-DHWW-FYB-ZBN,Biosolids Audit (05/11/2018),-4387202925376745449,https://mienviro.michigan.gov/ncore/downloadpdf/-4387202925376745449,Indexed in MiEnviro master record; substantive review/copy recovery status not yet independently verified
2018-05-08,2018,IMG_0013-cas.JPG,taken during field inspection,Biosolids / Land Application,Medium,Evaluation E-DHWW-FYB-ZBN,NPDES Biosolids Evaluation,WRD - NPDES,Evaluation,E-DHWW-FYB-ZBN,Biosolids Audit (05/11/2018),-2399458598275382685,https://mienviro.michigan.gov/ncore/downloadpdf/-2399458598275382685,Indexed in MiEnviro master record; substantive review/copy recovery status not yet independently verified
2018-05-08,2018,IMG_0014-cas.JPG,taken during field inspection,Biosolids / Land Application,Medium,Evaluation E-DHWW-FYB-ZBN,NPDES Biosolids Evaluation,WRD - NPDES,Evaluation,E-DHWW-FYB-ZBN,Biosolids Audit (05/11/2018),3366351575304018828,https://mienviro.michigan.gov/ncore/downloadpdf/3366351575304018828,Indexed in MiEnviro master record; substantive review/copy recovery status not yet independently verified
2018-05-08,2018,IMG_0015-cas.JPG,taken during field inspection,Biosolids / Land Application,Medium,Evaluation E-DHWW-FYB-ZBN,NPDES Biosolids Evaluation,WRD - NPDES,Evaluation,E-DHWW-FYB-ZBN,Biosolids Audit (05/11/2018),4102871430425855324,https://mienviro.michigan.gov/ncore/downloadpdf/4102871430425855324,Indexed in MiEnviro master record; substantive review/copy recovery status not yet independently verified
2018-05-08,2018,IMG_0016-cas.JPG,taken during field inspection,Biosolids / Land Application,Medium,Evaluation E-DHWW-FYB-ZBN,NPDES Biosolids Evaluation,WRD - NPDES,Evaluation,E-DHWW-FYB-ZBN,Biosolids Audit (05/11/2018),1705061446773818631,https://mienviro.michigan.gov/ncore/downloadpdf/1705061446773818631,Indexed in MiEnviro master record; substantive review/copy recovery status not yet independently verified
2018-05-08,2018,IMG_0017-cas.JPG,taken during field inspection,Biosolids / Land Application,Medium,Evaluation E-DHWW-FYB-ZBN,NPDES Biosolids Evaluation,WRD - NPDES,Evaluation,E-DHWW-FYB-ZBN,Biosolids Audit (05/11/2018),8003210494888166808,https://mienviro.michigan.gov/ncore/downloadpdf/8003210494888166808,Indexed in MiEnviro master record; substantive review/copy recovery status not yet independently verified
2018-05-08,2018,IMG_0018-cas.JPG,taken during field inspection,Biosolids / Land Application,Medium,Evaluation E-DHWW-FYB-ZBN,NPDES Biosolids Evaluation,WRD - NPDES,Evaluation,E-DHWW-FYB-ZBN,Biosolids Audit (05/11/2018),-5904639892816440015,https://mienviro.michigan.gov/ncore/downloadpdf/-5904639892816440015,Indexed in MiEnviro master record; substantive review/copy recovery status not yet independently verified
2018-05-08,2018,IMG_0019-cas.JPG,taken during field inspection,Biosolids / Land Application,Medium,Evaluation E-DHWW-FYB-ZBN,NPDES Biosolids Evaluation,WRD - NPDES,Evaluation,E-DHWW-FYB-ZBN,Biosolids Audit (05/11/2018),8660571482855999230,https://mienviro.michigan.gov/ncore/downloadpdf/8660571482855999230,Indexed in MiEnviro master record; substantive review/copy recovery status not yet independently verified
2018-05-08,2018,IMG_0020-cas.JPG,taken during field inspection,Biosolids / Land Application,Medium,Evaluation E-DHWW-FYB-ZBN,NPDES Biosolids Evaluation,WRD - NPDES,Evaluation,E-DHWW-FYB-ZBN,Biosolids Audit (05/11/2018),1584946013011353055,https://mienviro.michigan.gov/ncore/downloadpdf/1584946013011353055,Indexed in MiEnviro master record; substantive review/copy recovery status not yet independently verified
2018-05-08,2018,IMG_0021-cas.JPG,taken during field inspection,Biosolids / Land Application,Medium,Evaluation E-DHWW-FYB-ZBN,NPDES Biosolids Evaluation,WRD - NPDES,Evaluation,E-DHWW-FYB-ZBN,Biosolids Audit (05/11/2018),-4086204810433318992,https://mienviro.michigan.gov/ncore/downloadpdf/-4086204810433318992,Indexed in MiEnviro master record; substantive review/copy recovery status not yet independently verified
2018-05-08,2018,IMG_0022-cas.JPG,taken during field inspection,Biosolids / Land Application,Medium,Evaluation E-DHWW-FYB-ZBN,NPDES Biosolids Evaluation,WRD - NPDES,Evaluation,E-DHWW-FYB-ZBN,Biosolids Audit (05/11/2018),842608613722601915,https://mienviro.michigan.gov/ncore/downloadpdf/842608613722601915,Indexed in MiEnviro master record; substantive review/copy recovery status not yet independently verified
2018-05-08,2018,IMG_0023-cas.JPG,taken during field inspection,Biosolids / Land Application,Medium,Evaluation E-DHWW-FYB-ZBN,NPDES Biosolids Evaluation,WRD - NPDES,Evaluation,E-DHWW-FYB-ZBN,Biosolids Audit (05/11/2018),6450893892153400972,https://mienviro.michigan.gov/ncore/downloadpdf/6450893892153400972,Indexed in MiEnviro master record; substantive review/copy recovery status not yet independently verified
2018-05-08,2018,IMG_0024-cas.JPG,taken during field inspection,Biosolids / Land Application,Medium,Evaluation E-DHWW-FYB-ZBN,NPDES Biosolids Evaluation,WRD - NPDES,Evaluation,E-DHWW-FYB-ZBN,Biosolids Audit (05/11/2018),-2399497788243427344,https://mienviro.michigan.gov/ncore/downloadpdf/-2399497788243427344,Indexed in MiEnviro master record; substantive review/copy recovery status not yet independently verified
2018-05-08,2018,IMG_0025-cas.JPG,taken during field inspection,Biosolids / Land Application,Medium,Evaluation E-DHWW-FYB-ZBN,NPDES Biosolids Evaluation,WRD - NPDES,Evaluation,E-DHWW-FYB-ZBN,Biosolids Audit (05/11/2018),-5444929977877672875,https://mienviro.michigan.gov/ncore/downloadpdf/-5444929977877672875,Indexed in MiEnviro master record; substantive review/copy recovery status not yet independently verified
2018-05-08,2018,IMG_0026-cas.JPG,taken during field inspection,Biosolids / Land Application,Medium,Evaluation E-DHWW-FYB-ZBN,NPDES Biosolids Evaluation,WRD - NPDES,Evaluation,E-DHWW-FYB-ZBN,Biosolids Audit (05/11/2018),7088981037234495432,https://mienviro.michigan.gov/ncore/downloadpdf/7088981037234495432,Indexed in MiEnviro master record; substantive review/copy recovery status not yet independently verified
2018-05-08,2018,IMG_0027-cas.JPG,taken during field inspection,Biosolids / Land Application,Medium,Evaluation E-DHWW-FYB-ZBN,NPDES Biosolids Evaluation,WRD - NPDES,Evaluation,E-DHWW-FYB-ZBN,Biosolids Audit (05/11/2018),-28324926175105492,https://mienviro.michigan.gov/ncore/downloadpdf/-28324926175105492,Indexed in MiEnviro master record; substantive review/copy recovery status not yet independently verified
2018-05-08,2018,IMG_0028-cas.JPG,taken during field inspection,Biosolids / Land Application,Medium,Evaluation E-DHWW-FYB-ZBN,NPDES Biosolids Evaluation,WRD - NPDES,Evaluation,E-DHWW-FYB-ZBN,Biosolids Audit (05/11/2018),6747494849719470224,https://mienviro.michigan.gov/ncore/downloadpdf/6747494849719470224,Indexed in MiEnviro master record; substantive review/copy recovery status not yet independently verified
2018-05-08,2018,IMG_0029-cas.JPG,taken during field inspection,Biosolids / Land Application,Medium,Evaluation E-DHWW-FYB-ZBN,NPDES Biosolids Evaluation,WRD - NPDES,Evaluation,E-DHWW-FYB-ZBN,Biosolids Audit (05/11/2018),-3373831412953128423,https://mienviro.michigan.gov/ncore/downloadpdf/-3373831412953128423,Indexed in MiEnviro master record; substantive review/copy recovery status not yet independently verified
2018-05-08,2018,IMG_0030-cas.JPG,taken during field inspection,Biosolids / Land Application,Medium,Evaluation E-DHWW-FYB-ZBN,NPDES Biosolids Evaluation,WRD - NPDES,Evaluation,E-DHWW-FYB-ZBN,Biosolids Audit (05/11/2018),3535436455339375991,https://mienviro.michigan.gov/ncore/downloadpdf/3535436455339375991,Indexed in MiEnviro master record; substantive review/copy recovery status not yet independently verified
2018-05-08,2018,IMG_0031-cas.JPG,taken during field inspection,Biosolids / Land Application,Medium,Evaluation E-DHWW-FYB-ZBN,NPDES Biosolids Evaluation,WRD - NPDES,Evaluation,E-DHWW-FYB-ZBN,Biosolids Audit (05/11/2018),-8093064571610602919,https://mienviro.michigan.gov/ncore/downloadpdf/-8093064571610602919,Indexed in MiEnviro master record; substantive review/copy recovery status not yet independently verified
2018-05-08,2018,Pace Biosolids 3-28-2018 Sampling results.pdf,"came w/ email (VOCs, metals, nutrients, etc.)",Biosolids / Land Application,Medium,Evaluation E-DHWW-FYB-ZBN,NPDES Biosolids Evaluation,WRD - NPDES,Evaluation,E-DHWW-FYB-ZBN,Biosolids Audit (05/11/2018),4273878836246250660,https://mienviro.michigan.gov/ncore/downloadpdf/4273878836246250660,Indexed in MiEnviro master record; substantive review/copy recovery status not yet independently verified
2018-05-09,2018,Cadillac WWTP May CBOD Exceed 050918.msg,,Laboratory / Toxics / WET,High,Site 15637 / Site record,Misc Site Docs,,Site,15637,Site,-3670737727367029737,https://mienviro.michigan.gov/ncore/downloadpdf/-3670737727367029737,Indexed in MiEnviro master record; substantive review/copy recovery status not yet independently verified
2018-05-15,2018,Docs from WWTP.pdf,rec'd from operator during audit,Biosolids / Land Application,Medium,Evaluation E-DHWW-FYB-ZBN,NPDES Biosolids Evaluation,WRD - NPDES,Evaluation,E-DHWW-FYB-ZBN,Biosolids Audit (05/11/2018),8194633805971928943,https://mienviro.michigan.gov/ncore/downloadpdf/8194633805971928943,Indexed in MiEnviro master record; substantive review/copy recovery status not yet independently verified
2018-05-15,2018,IMG_0032-cas.JPG,Biosolids hauling lab data - Oct. 2017,Biosolids / Land Application,Medium,Evaluation E-DHWW-FYB-ZBN,NPDES Biosolids Evaluation,WRD - NPDES,Evaluation,E-DHWW-FYB-ZBN,Biosolids Audit (05/11/2018),7845561818448436059,https://mienviro.michigan.gov/ncore/downloadpdf/7845561818448436059,Indexed in MiEnviro master record; substantive review/copy recovery status not yet independently verified
2018-05-15,2018,IMG_0033-cas.JPG,"TSS and TVS Lab Data-Sept. 28, 2017",Biosolids / Land Application,Medium,Evaluation E-DHWW-FYB-ZBN,NPDES Biosolids Evaluation,WRD - NPDES,Evaluation,E-DHWW-FYB-ZBN,Biosolids Audit (05/11/2018),1278932597267227932,https://mienviro.michigan.gov/ncore/downloadpdf/1278932597267227932,Indexed in MiEnviro master record; substantive review/copy recovery status not yet independently verified
2018-05-16,2018,DMR Daily - MI0020257 _04_01_2018_to_04_30_2018_V1.docx,DMR Daily Data for period 04/01/2018 - 04/30/2018_V1,DMR / Monthly Monitoring,Routine,Legacy permit version MI0020257 v5.1,Schedule - DMR Documents,WRD - NPDES,Permit,MI0020257 v5.1,NPDES Individual Permit,-8678962175045195900,https://mienviro.michigan.gov/ncore/downloadpdf/-8678962175045195900,Indexed in MiEnviro master record; substantive review/copy recovery status not yet independently verified
2018-05-16,2018,DMR Summary - MI0020257 _04_01_2018_to_04_30_2018_V1.docx,DMR Summary Data for period 04/01/2018 - 04/30/2018_V1,DMR / Monthly Monitoring,Routine,Legacy permit version MI0020257 v5.1,Schedule - DMR Documents,WRD - NPDES,Permit,MI0020257 v5.1,NPDES Individual Permit,939677057579643182,https://mienviro.michigan.gov/ncore/downloadpdf/939677057579643182,Indexed in MiEnviro master record; substantive review/copy recovery status not yet independently verified
2018-05-17,2018,EM-Pathogen results.msg,from Fac. Oper.,Biosolids / Land Application,Medium,Evaluation E-DHWW-FYB-ZBN,NPDES Biosolids Evaluation,WRD - NPDES,Evaluation,E-DHWW-FYB-ZBN,Biosolids Audit (05/11/2018),317370923758052594,https://mienviro.michigan.gov/ncore/downloadpdf/317370923758052594,Indexed in MiEnviro master record; substantive review/copy recovery status not yet independently verified
2018-05-17,2018,Spring 2018-Pathogen results.pdf,came w/ Email,Biosolids / Land Application,Medium,Evaluation E-DHWW-FYB-ZBN,NPDES Biosolids Evaluation,WRD - NPDES,Evaluation,E-DHWW-FYB-ZBN,Biosolids Audit (05/11/2018),-2173118411864624684,https://mienviro.michigan.gov/ncore/downloadpdf/-2173118411864624684,Indexed in MiEnviro master record; substantive review/copy recovery status not yet independently verified
2018-05-18,2018,Cadillac WWTP 2nd PFAS-IPP Mailing.pdf,,Industrial Pretreatment / IPP,High,Site 15637 / Site record,Industrial Pretreatment Program (IPP),,Site,15637,Site,-739906742778535660,https://mienviro.michigan.gov/ncore/downloadpdf/-739906742778535660,Indexed in MiEnviro master record; substantive review/copy recovery status not yet independently verified
2018-05-21,2018,April 2018-RJ02 Soils Test.pdf,Actual doc; goes w/ field inspection conducted w/ audit,Biosolids / Land Application,Medium,Evaluation E-DHWW-FYB-ZBN,NPDES Biosolids Evaluation,WRD - NPDES,Evaluation,E-DHWW-FYB-ZBN,Biosolids Audit (05/11/2018),-8954288284284844625,https://mienviro.michigan.gov/ncore/downloadpdf/-8954288284284844625,Indexed in MiEnviro master record; substantive review/copy recovery status not yet independently verified
2018-05-21,2018,EM Tr-Land app rates and info.msg,from Fac. Oper.,Biosolids / Land Application,Medium,Evaluation E-DHWW-FYB-ZBN,NPDES Biosolids Evaluation,WRD - NPDES,Evaluation,E-DHWW-FYB-ZBN,Biosolids Audit (05/11/2018),-766849109262881587,https://mienviro.michigan.gov/ncore/downloadpdf/-766849109262881587,Indexed in MiEnviro master record; substantive review/copy recovery status not yet independently verified
2018-05-23,2018,Cadillac WWTP_PFAS Extension Approval FINAL.docx,IPP PFAS extension approval letter,Industrial Pretreatment / IPP,High,,Industrial Pretreatment Program (IPP),WRD - NPDES,Application/Request,HND-N47D-M65XQ,Schedule - IPP Modification Request or New Program Approval Request,2280393261818424283,https://mienviro.michigan.gov/ncore/downloadpdf/2280393261818424283,Indexed in MiEnviro master record; substantive review/copy recovery status not yet independently verified
2018-06-12,2018,DMR Daily - MI0020257 _05_01_2018_to_05_31_2018_V1.docx,DMR Daily Data for period 05/01/2018 - 05/31/2018_V1,DMR / Monthly Monitoring,Routine,Legacy permit version MI0020257 v5.1,Schedule - DMR Documents,WRD - NPDES,Permit,MI0020257 v5.1,NPDES Individual Permit,7087999755524318816,https://mienviro.michigan.gov/ncore/downloadpdf/7087999755524318816,Indexed in MiEnviro master record; substantive review/copy recovery status not yet independently verified
2018-06-12,2018,DMR Summary - MI0020257 _05_01_2018_to_05_31_2018_V1.docx,DMR Summary Data for period 05/01/2018 - 05/31/2018_V1,DMR / Monthly Monitoring,Routine,Legacy permit version MI0020257 v5.1,Schedule - DMR Documents,WRD - NPDES,Permit,MI0020257 v5.1,NPDES Individual Permit,-7282561946599079844,https://mienviro.michigan.gov/ncore/downloadpdf/-7282561946599079844,Indexed in MiEnviro master record; substantive review/copy recovery status not yet independently verified
2018-06-13,2018,FW_ City of Cadillac Letter.msg,,Industrial Pretreatment / IPP,High,Site 15637 / Site record,Industrial Pretreatment Program (IPP),,Site,15637,Site,-8619958092011217786,https://mienviro.michigan.gov/ncore/downloadpdf/-8619958092011217786,Indexed in MiEnviro master record; substantive review/copy recovery status not yet independently verified
2018-06-13,2018,WQBEL Memo - Conventionals (WORD).docx,,Permit / Application,Medium,,Misc. NPDES Permit Docs,WRD - NPDES,Permit,MI0020257 v6.0,NPDES Individual Permit,3628686366959490149,https://mienviro.michigan.gov/ncore/downloadpdf/3628686366959490149,Indexed in MiEnviro master record; substantive review/copy recovery status not yet independently verified
2018-06-14,2018,NPDES Permit-FINAL_Cadillac WWTP.docx,,Permit / Application,Medium,,NPDES Individual Permit,WRD - NPDES,Permit,MI0020257 v6.0,NPDES Individual Permit,5107184373189296510,https://mienviro.michigan.gov/ncore/downloadpdf/5107184373189296510,Indexed in MiEnviro master record; substantive review/copy recovery status not yet independently verified
2018-06-15,2018,Cadillac WWTP 2018 CSI Final Sampling Report 061518.msg,CSI sampling report,Inspection / Evaluation,High,Evaluation E-R7AN-XJE-F29,NPDES Majors and Minors Evaluation,WRD - NPDES,Evaluation,E-R7AN-XJE-F29,NPDES CSI-Conventionals Only (05/17/2018),-4108818268125140750,https://mienviro.michigan.gov/ncore/downloadpdf/-4108818268125140750,Indexed in MiEnviro master record; substantive review/copy recovery status not yet independently verified
2018-06-27,2018,AAR Mobility Maps and Flow.pdf,IPP PFAS Interim Rpt discussion correspondence,Industrial Pretreatment / IPP,High,,Industrial Pretreatment Program (IPP),WRD - NPDES,Application/Request,HNF-P7H3-DCN87,Schedule - IPP PFAS Interim Report-1,6364498015414189768,https://mienviro.michigan.gov/ncore/downloadpdf/6364498015414189768,Indexed in MiEnviro master record; substantive review/copy recovery status not yet independently verified
2018-07-20,2018,DMR Daily - MI0020257 _06_01_2018_to_06_30_2018_V1.docx,DMR Daily Data for period 06/01/2018 - 06/30/2018_V1,DMR / Monthly Monitoring,Routine,Legacy permit version MI0020257 v5.1,Schedule - DMR Documents,WRD - NPDES,Permit,MI0020257 v5.1,NPDES Individual Permit,8924536267863581754,https://mienviro.michigan.gov/ncore/downloadpdf/8924536267863581754,Indexed in MiEnviro master record; substantive review/copy recovery status not yet independently verified
2018-07-20,2018,DMR Summary - MI0020257 _06_01_2018_to_06_30_2018_V1.docx,DMR Summary Data for period 06/01/2018 - 06/30/2018_V1,DMR / Monthly Monitoring,Routine,Legacy permit version MI0020257 v5.1,Schedule - DMR Documents,WRD - NPDES,Permit,MI0020257 v5.1,NPDES Individual Permit,937337554834513897,https://mienviro.michigan.gov/ncore/downloadpdf/937337554834513897,Indexed in MiEnviro master record; substantive review/copy recovery status not yet independently verified
2018-07-26,2018,Compliance Correspondence_Cadillac WWTP - Updated Narrative and Flow Diagram.msg,-Facility providing disinfection update in narrative description to mention UV,Compliance / Enforcement,High,,NPDES Application Docs,WRD - NPDES,Application/Request,2Q7-HQ21-P66B,Permit Change - National Pollutant Discharge Elimination System (NPDES) Municipal Application Form (Reissuance),7890631484964037993,https://mienviro.michigan.gov/ncore/downloadpdf/7890631484964037993,Indexed in MiEnviro master record; substantive review/copy recovery status not yet independently verified
2018-07-30,2018,2018 IPP Screening - Monitoring Plan.180627modif.pdf v1,2018 IPP Screening - Monitoring Plan.180627modif.pdf,Industrial Pretreatment / IPP,High,,Applicant Attachments,WRD - NPDES,Application/Request,HNF-P7H3-DCN87,Schedule - IPP PFAS Interim Report-1,3843258762491556904,https://mienviro.michigan.gov/ncore/downloadpdf/3843258762491556904,Indexed in MiEnviro master record; substantive review/copy recovery status not yet independently verified
2018-07-30,2018,AAR PFAS Survey.pdf v1,AAR PFAS Survey.pdf,Industrial Pretreatment / IPP,High,,Applicant Attachments,WRD - NPDES,Application/Request,HNF-P7H3-DCN87,Schedule - IPP PFAS Interim Report-1,4911742624297732370,https://mienviro.michigan.gov/ncore/downloadpdf/4911742624297732370,Indexed in MiEnviro master record; substantive review/copy recovery status not yet independently verified
2018-07-30,2018,APS PFAS Screening.pdf v1,APS PFAS Screening.pdf,Industrial Pretreatment / IPP,High,,Applicant Attachments,WRD - NPDES,Application/Request,HNF-P7H3-DCN87,Schedule - IPP PFAS Interim Report-1,-7526274208066539815,https://mienviro.michigan.gov/ncore/downloadpdf/-7526274208066539815,Indexed in MiEnviro master record; substantive review/copy recovery status not yet independently verified
2018-07-30,2018,American Waste PFAS Survey.pdf v1,American Waste PFAS Survey.pdf,Industrial Pretreatment / IPP,High,,Applicant Attachments,WRD - NPDES,Application/Request,HNF-P7H3-DCN87,Schedule - IPP PFAS Interim Report-1,5907977853460013045,https://mienviro.michigan.gov/ncore/downloadpdf/5907977853460013045,2018 American Waste PFAS Survey fully read; hard copy recovered in packet
2018-07-30,2018,Arvco PFAS Survey.pdf v1,Arvco PFAS Survey.pdf,Industrial Pretreatment / IPP,High,,Applicant Attachments,WRD - NPDES,Application/Request,HNF-P7H3-DCN87,Schedule - IPP PFAS Interim Report-1,9098738459686432357,https://mienviro.michigan.gov/ncore/downloadpdf/9098738459686432357,Indexed in MiEnviro master record; substantive review/copy recovery status not yet independently verified
2018-07-30,2018,Avon PFAS Survey.pdf v1,Avon PFAS Survey.pdf,Industrial Pretreatment / IPP,High,,Applicant Attachments,WRD - NPDES,Application/Request,HNF-P7H3-DCN87,Schedule - IPP PFAS Interim Report-1,63610395187544635,https://mienviro.michigan.gov/ncore/downloadpdf/63610395187544635,Indexed in MiEnviro master record; substantive review/copy recovery status not yet independently verified
2018-07-30,2018,CCI PFAS Survey.pdf v1,CCI PFAS Survey.pdf,Industrial Pretreatment / IPP,High,,Applicant Attachments,WRD - NPDES,Application/Request,HNF-P7H3-DCN87,Schedule - IPP PFAS Interim Report-1,-2532227711322477530,https://mienviro.michigan.gov/ncore/downloadpdf/-2532227711322477530,Indexed in MiEnviro master record; substantive review/copy recovery status not yet independently verified
2018-07-30,2018,FIAMM PFAS Survey.pdf v1,FIAMM PFAS Survey.pdf,Industrial Pretreatment / IPP,High,,Applicant Attachments,WRD - NPDES,Application/Request,HNF-P7H3-DCN87,Schedule - IPP PFAS Interim Report-1,-5118843658505132177,https://mienviro.michigan.gov/ncore/downloadpdf/-5118843658505132177,Indexed in MiEnviro master record; substantive review/copy recovery status not yet independently verified
2018-07-30,2018,HAVS PFAS Survey.docx v1,HAVS PFAS Survey.docx,Industrial Pretreatment / IPP,High,,Applicant Attachments,WRD - NPDES,Application/Request,HNF-P7H3-DCN87,Schedule - IPP PFAS Interim Report-1,-4128789177103566747,https://mienviro.michigan.gov/ncore/downloadpdf/-4128789177103566747,Indexed in MiEnviro master record; substantive review/copy recovery status not yet independently verified
2018-07-30,2018,HNF-P7H3-DCN87 V1.pdf v1,,Industrial Pretreatment / IPP,High,,Misc. Application and Request Docs,WRD - NPDES,Application/Request,HNF-P7H3-DCN87,Schedule - IPP PFAS Interim Report-1,-2838228056125865720,https://mienviro.michigan.gov/ncore/downloadpdf/-2838228056125865720,2018 IPP PFAS Interim Report fully read; hard copy recovered in packet
2018-07-30,2018,Mich Rubber PFAS Survey.pdf v1,Mich Rubber PFAS Survey.pdf,Industrial Pretreatment / IPP,High,,Applicant Attachments,WRD - NPDES,Application/Request,HNF-P7H3-DCN87,Schedule - IPP PFAS Interim Report-1,-1446023942601055554,https://mienviro.michigan.gov/ncore/downloadpdf/-1446023942601055554,Indexed in MiEnviro master record; substantive review/copy recovery status not yet independently verified
2018-07-30,2018,Mich Rubber Response.pdf v1,Mich Rubber Response.pdf,Industrial Pretreatment / IPP,High,,Applicant Attachments,WRD - NPDES,Application/Request,HNF-P7H3-DCN87,Schedule - IPP PFAS Interim Report-1,-6363618274501369148,https://mienviro.michigan.gov/ncore/downloadpdf/-6363618274501369148,Indexed in MiEnviro master record; substantive review/copy recovery status not yet independently verified
2018-07-30,2018,Piranha PFAS Survey.pdf v1,Piranha PFAS Survey.pdf,Industrial Pretreatment / IPP,High,,Applicant Attachments,WRD - NPDES,Application/Request,HNF-P7H3-DCN87,Schedule - IPP PFAS Interim Report-1,-7794513103865681017,https://mienviro.michigan.gov/ncore/downloadpdf/-7794513103865681017,Indexed in MiEnviro master record; substantive review/copy recovery status not yet independently verified
2018-07-30,2018,Rec Boat PFAS Survey.pdf v1,Rec Boat PFAS Survey.pdf,Industrial Pretreatment / IPP,High,,Applicant Attachments,WRD - NPDES,Application/Request,HNF-P7H3-DCN87,Schedule - IPP PFAS Interim Report-1,3440402819179881000,https://mienviro.michigan.gov/ncore/downloadpdf/3440402819179881000,Indexed in MiEnviro master record; substantive review/copy recovery status not yet independently verified
2018-07-30,2018,Spencer Plastic PFAS Survey.pdf v1,Spencer Plastic PFAS Survey.pdf,Industrial Pretreatment / IPP,High,,Applicant Attachments,WRD - NPDES,Application/Request,HNF-P7H3-DCN87,Schedule - IPP PFAS Interim Report-1,4128855838564109461,https://mienviro.michigan.gov/ncore/downloadpdf/4128855838564109461,Indexed in MiEnviro master record; substantive review/copy recovery status not yet independently verified
2018-07-31,2018,Application Incomplete Ltr-Compliance_Cadillac WWTP_Final Narrative and Flow Diagram.msg,-Narrative and Flow Diagram updated to include UV,Compliance / Enforcement,High,,NPDES Application Docs,WRD - NPDES,Application/Request,2Q7-HQ21-P66B,Permit Change - National Pollutant Discharge Elimination System (NPDES) Municipal Application Form (Reissuance),8260746469098060718,https://mienviro.michigan.gov/ncore/downloadpdf/8260746469098060718,Indexed in MiEnviro master record; substantive review/copy recovery status not yet independently verified
2018-08-02,2018,Basis for Decision Memo-FINAL_Cadillac WWTP.docx,,Permit / Application,Medium,,NPDES Individual Permit,WRD - NPDES,Permit,MI0020257 v6.0,NPDES Individual Permit,-6957847096866406337,https://mienviro.michigan.gov/ncore/downloadpdf/-6957847096866406337,Indexed in MiEnviro master record; substantive review/copy recovery status not yet independently verified
2018-08-02,2018,Fact Sheet_Cadillac WWTP.docx,,Permit / Application,Medium,,NPDES Individual Permit,WRD - NPDES,Permit,MI0020257 v6.0,NPDES Individual Permit,-5308550134164369318,https://mienviro.michigan.gov/ncore/downloadpdf/-5308550134164369318,Indexed in MiEnviro master record; substantive review/copy recovery status not yet independently verified
2018-08-02,2018,Public Notice Document_Cadillac WWTP.docx,,Permit / Application,Medium,,Misc. NPDES Permit Docs,WRD - NPDES,Permit,MI0020257 v6.0,NPDES Individual Permit,-4635650844082025800,https://mienviro.michigan.gov/ncore/downloadpdf/-4635650844082025800,Indexed in MiEnviro master record; substantive review/copy recovery status not yet independently verified
2018-08-14,2018,DMR Daily - MI0020257 _07_01_2018_to_07_31_2018_V1.docx,DMR Daily Data for period 07/01/2018 - 07/31/2018_V1,DMR / Monthly Monitoring,Routine,Legacy permit version MI0020257 v5.1,Schedule - DMR Documents,WRD - NPDES,Permit,MI0020257 v5.1,NPDES Individual Permit,-3619680789938111605,https://mienviro.michigan.gov/ncore/downloadpdf/-3619680789938111605,Indexed in MiEnviro master record; substantive review/copy recovery status not yet independently verified
2018-08-14,2018,DMR Summary - MI0020257 _07_01_2018_to_07_31_2018_V1.docx,DMR Summary Data for period 07/01/2018 - 07/31/2018_V1,DMR / Monthly Monitoring,Routine,Legacy permit version MI0020257 v5.1,Schedule - DMR Documents,WRD - NPDES,Permit,MI0020257 v5.1,NPDES Individual Permit,3024585747262726508,https://mienviro.michigan.gov/ncore/downloadpdf/3024585747262726508,Indexed in MiEnviro master record; substantive review/copy recovery status not yet independently verified
2018-08-31,2018,Cadillac WWTP DMRQA 38 083118.pdf,,DMR / Monthly Monitoring,Routine,Site 15637 / Site record,NPDES Misc. Site Docs,,Site,15637,Site,-295355443072597213,https://mienviro.michigan.gov/ncore/downloadpdf/-295355443072597213,Indexed in MiEnviro master record; substantive review/copy recovery status not yet independently verified
2018-09-12,2018,Additional Email Correspondence_Asset Management Conversation.msg,-Asking about Cadillac Asset Management and updated maps,Permit / Application,Medium,,Misc. NPDES Permit Docs,WRD - NPDES,Permit,MI0020257 v6.0,NPDES Individual Permit,9171882716938331285,https://mienviro.michigan.gov/ncore/downloadpdf/9171882716938331285,Indexed in MiEnviro master record; substantive review/copy recovery status not yet independently verified
2018-09-19,2018,DMR Daily - MI0020257 _08_01_2018_to_08_31_2018_V1.docx,DMR Daily Data for period 08/01/2018 - 08/31/2018_V1,DMR / Monthly Monitoring,Routine,Legacy permit version MI0020257 v5.1,Schedule - DMR Documents,WRD - NPDES,Permit,MI0020257 v5.1,NPDES Individual Permit,7058332325169357574,https://mienviro.michigan.gov/ncore/downloadpdf/7058332325169357574,Indexed in MiEnviro master record; substantive review/copy recovery status not yet independently verified
2018-09-19,2018,DMR Summary - MI0020257 _08_01_2018_to_08_31_2018_V1.docx,DMR Summary Data for period 08/01/2018 - 08/31/2018_V1,DMR / Monthly Monitoring,Routine,Legacy permit version MI0020257 v5.1,Schedule - DMR Documents,WRD - NPDES,Permit,MI0020257 v5.1,NPDES Individual Permit,3274353425299284275,https://mienviro.michigan.gov/ncore/downloadpdf/3274353425299284275,Indexed in MiEnviro master record; substantive review/copy recovery status not yet independently verified
2018-09-19,2018,RE_ Cadillac WWTP - IPP PFAS Interim Report Review (1).msg,,Industrial Pretreatment / IPP,High,Site 15637 / Site record,Industrial Pretreatment Program (IPP),,Site,15637,Site,-343730904032096154,https://mienviro.michigan.gov/ncore/downloadpdf/-343730904032096154,Indexed in MiEnviro master record; substantive review/copy recovery status not yet independently verified
2018-09-19,2018,RE_ Cadillac WWTP - IPP PFAS Interim Report Review.msg,IPP PFAS Summ Rpt discussion documents,Industrial Pretreatment / IPP,High,,Industrial Pretreatment Program (IPP),WRD - NPDES,Application/Request,HNJ-P0ZX-8AVDS,Schedule - IPP PFAS Summary Report,6449269443969004594,https://mienviro.michigan.gov/ncore/downloadpdf/6449269443969004594,Indexed in MiEnviro master record; substantive review/copy recovery status not yet independently verified
2018-09-20,2018,Additional Email Correspondence_Chlorine and UV Inquiry.msg,,Permit / Application,Medium,,Misc. NPDES Permit Docs,WRD - NPDES,Permit,MI0020257 v6.0,NPDES Individual Permit,4781418742612633433,https://mienviro.michigan.gov/ncore/downloadpdf/4781418742612633433,Indexed in MiEnviro master record; substantive review/copy recovery status not yet independently verified
2018-09-20,2018,RE_ Cadillac WWTP - IPP PFAS Interim Report Review.msg,,Industrial Pretreatment / IPP,High,Site 15637 / Site record,Industrial Pretreatment Program (IPP),,Site,15637,Site,4951764546287509111,https://mienviro.michigan.gov/ncore/downloadpdf/4951764546287509111,Indexed in MiEnviro master record; substantive review/copy recovery status not yet independently verified
2018-09-21,2018,FY18 Biosolids Audit Report.docx,Audit report from nSpect,Biosolids / Land Application,Medium,Evaluation E-DHWW-FYB-ZBN,Inspection Report,WRD - NPDES,Evaluation,E-DHWW-FYB-ZBN,Biosolids Audit (05/11/2018),-4405780203920524018,https://mienviro.michigan.gov/ncore/downloadpdf/-4405780203920524018,Indexed in MiEnviro master record; substantive review/copy recovery status not yet independently verified
2018-09-24,2018,Cadillac WWTP Letter to DEQ - Biosolids Incorporation.pdf,came w/ email from facility operator,Biosolids / Land Application,Medium,Site 15637 / Site record,NPDES Biosolids Site Docs,,Site,15637,Site,4078388779723838203,https://mienviro.michigan.gov/ncore/downloadpdf/4078388779723838203,Indexed in MiEnviro master record; substantive review/copy recovery status not yet independently verified
2018-09-24,2018,EM Tr-Biosolids Incorp Letters.msg,DEQ responds,Biosolids / Land Application,Medium,Site 15637 / Site record,NPDES Biosolids Site Docs,,Site,15637,Site,-7264173746534175124,https://mienviro.michigan.gov/ncore/downloadpdf/-7264173746534175124,Indexed in MiEnviro master record; substantive review/copy recovery status not yet independently verified
2018-09-24,2018,EM-Biosolids Incorp Letters.msg,from facility operator,Biosolids / Land Application,Medium,Site 15637 / Site record,NPDES Biosolids Site Docs,,Site,15637,Site,-7043507367343532193,https://mienviro.michigan.gov/ncore/downloadpdf/-7043507367343532193,Indexed in MiEnviro master record; substantive review/copy recovery status not yet independently verified
2018-09-24,2018,MII Letter to Cadillac WWTP - Biosolids Incorporation.pdf,came w/ email from facility operator,Biosolids / Land Application,Medium,Site 15637 / Site record,NPDES Biosolids Site Docs,,Site,15637,Site,-6232070511699409849,https://mienviro.michigan.gov/ncore/downloadpdf/-6232070511699409849,Indexed in MiEnviro master record; substantive review/copy recovery status not yet independently verified
2018-10-01,2018,Additional Email Correspondence_Asset Management Conversation.msg,-Asking about Cadillac Asset Management and updated maps,Permit / Application,Medium,,NPDES Application Docs,WRD - NPDES,Application/Request,2Q7-HQ21-P66B,Permit Change - National Pollutant Discharge Elimination System (NPDES) Municipal Application Form (Reissuance),5826779191242185880,https://mienviro.michigan.gov/ncore/downloadpdf/5826779191242185880,Indexed in MiEnviro master record; substantive review/copy recovery status not yet independently verified
2018-10-10,2018,FY18 Biosolids Audit Transmittal.docx,Audit Letter - Inspection from May 2018,Biosolids / Land Application,Medium,Evaluation E-DHWW-FYB-ZBN,NPDES Biosolids Evaluation,WRD - NPDES,Evaluation,E-DHWW-FYB-ZBN,Biosolids Audit (05/11/2018),8887558777852619651,https://mienviro.michigan.gov/ncore/downloadpdf/8887558777852619651,Indexed in MiEnviro master record; substantive review/copy recovery status not yet independently verified
2018-10-11,2018,Cadillac Asset Mngmnt Email 101118.msg,,Site / Miscellaneous,Routine,Site 15637 / Site record,NPDES Misc. Site Docs,,Site,15637,Site,5868232613343772688,https://mienviro.michigan.gov/ncore/downloadpdf/5868232613343772688,Indexed in MiEnviro master record; substantive review/copy recovery status not yet independently verified
2018-10-15,2018,Arvco email.pdf,IPP PFAS Interim Rpt discussion correspondence,Industrial Pretreatment / IPP,High,,Industrial Pretreatment Program (IPP),WRD - NPDES,Application/Request,HNF-P7H3-DCN87,Schedule - IPP PFAS Interim Report-1,1259500000165986272,https://mienviro.michigan.gov/ncore/downloadpdf/1259500000165986272,Indexed in MiEnviro master record; substantive review/copy recovery status not yet independently verified
2018-10-15,2018,RE_ Cadillac WWTP - IPP PFAS Interim Report Review1.msg,IPP PFAS Interim Rpt discussion correspondence,Industrial Pretreatment / IPP,High,,Industrial Pretreatment Program (IPP),WRD - NPDES,Application/Request,HNF-P7H3-DCN87,Schedule - IPP PFAS Interim Report-1,4248551297065010540,https://mienviro.michigan.gov/ncore/downloadpdf/4248551297065010540,Indexed in MiEnviro master record; substantive review/copy recovery status not yet independently verified
2018-10-18,2018,DMR Daily - MI0020257 _09_01_2018_to_09_30_2018_V1.docx,DMR Daily Data for period 09/01/2018 - 09/30/2018_V1,DMR / Monthly Monitoring,Routine,Legacy permit version MI0020257 v5.1,Schedule - DMR Documents,WRD - NPDES,Permit,MI0020257 v5.1,NPDES Individual Permit,-5369706285084473786,https://mienviro.michigan.gov/ncore/downloadpdf/-5369706285084473786,Indexed in MiEnviro master record; substantive review/copy recovery status not yet independently verified
2018-10-18,2018,DMR Summary - MI0020257 _09_01_2018_to_09_30_2018_V1.docx,DMR Summary Data for period 09/01/2018 - 09/30/2018_V1,DMR / Monthly Monitoring,Routine,Legacy permit version MI0020257 v5.1,Schedule - DMR Documents,WRD - NPDES,Permit,MI0020257 v5.1,NPDES Individual Permit,-1700270472071699743,https://mienviro.michigan.gov/ncore/downloadpdf/-1700270472071699743,Indexed in MiEnviro master record; substantive review/copy recovery status not yet independently verified
2018-10-23,2018,EM-CCd Correspondence Biosolids Audit Letter FY18.msg,Email to DEQ Staff,Biosolids / Land Application,Medium,Evaluation E-DHWW-FYB-ZBN,NPDES Majors and Minors Evaluation,WRD - NPDES,Evaluation,E-DHWW-FYB-ZBN,Biosolids Audit (05/11/2018),2463402374930903482,https://mienviro.michigan.gov/ncore/downloadpdf/2463402374930903482,Indexed in MiEnviro master record; substantive review/copy recovery status not yet independently verified
2018-10-29,2018,Additional Email Correspondence_Storm Water Coverage.msg,,Permit / Application,Medium,,NPDES Application Docs,WRD - NPDES,Application/Request,2Q7-HQ21-P66B,Permit Change - National Pollutant Discharge Elimination System (NPDES) Municipal Application Form (Reissuance),7290824506602760518,https://mienviro.michigan.gov/ncore/downloadpdf/7290824506602760518,Indexed in MiEnviro master record; substantive review/copy recovery status not yet independently verified
2018-10-29,2018,DMR Summary - MI0020257 _10_01_2017_to_09_30_2018_V1.docx,DMR Summary Data for period 10/01/2017 - 09/30/2018_V1,DMR / Monthly Monitoring,Routine,Legacy permit version MI0020257 v5.1,Schedule - DMR Documents,WRD - NPDES,Permit,MI0020257 v5.1,NPDES Individual Permit,-6472403507316648453,https://mienviro.michigan.gov/ncore/downloadpdf/-6472403507316648453,Indexed in MiEnviro master record; substantive review/copy recovery status not yet independently verified
2018-10-29,2018,Dyneon discussion Cadillac.docx,IPP PFAS Interim Rpt discussion correspondence,Industrial Pretreatment / IPP,High,,Industrial Pretreatment Program (IPP),WRD - NPDES,Application/Request,HNF-P7H3-DCN87,Schedule - IPP PFAS Interim Report-1,-3935179264562711398,https://mienviro.michigan.gov/ncore/downloadpdf/-3935179264562711398,Indexed in MiEnviro master record; substantive review/copy recovery status not yet independently verified
2018-10-29,2018,FW_ TestAmerica invoice and report files from 190-17646-1 City of Cadillac.msg,,Industrial Pretreatment / IPP,High,Site 15637 / Site record,Industrial Pretreatment Program (IPP),,Site,15637,Site,7777500079687113609,https://mienviro.michigan.gov/ncore/downloadpdf/7777500079687113609,Indexed in MiEnviro master record; substantive review/copy recovery status not yet independently verified
2018-10-29,2018,FY18 Applier Certification-Management Practices.pdf v1,Land App-Management Practices.pdf; signed,Biosolids / Land Application,Medium,,Applicant Attachments,WRD - NPDES,Application/Request,HNH-M790-67ZPK,Schedule - Biosolids Annual Report,-301703658211288257,https://mienviro.michigan.gov/ncore/downloadpdf/-301703658211288257,Indexed in MiEnviro master record; substantive review/copy recovery status not yet independently verified
2018-10-29,2018,FY18 Applier-Class B Pathogen and Site Restriction Cert-Spring 2018.pdf v1,Class B Pathogen Reduction and Site Restriction.pdf; Certification form.,Biosolids / Land Application,Medium,,Applicant Attachments,WRD - NPDES,Application/Request,HNH-M790-67ZPK,Schedule - Biosolids Annual Report,-2132341974653224993,https://mienviro.michigan.gov/ncore/downloadpdf/-2132341974653224993,Indexed in MiEnviro master record; substantive review/copy recovery status not yet independently verified
2018-10-29,2018,FY18 Applier-Class B Site Restrictions Cert-Fall 2017.doc v1,Class B Site Restrictions Certification.doc;,Biosolids / Land Application,Medium,,Applicant Attachments,WRD - NPDES,Application/Request,HNH-M790-67ZPK,Schedule - Biosolids Annual Report,2347978798435200639,https://mienviro.michigan.gov/ncore/downloadpdf/2347978798435200639,Indexed in MiEnviro master record; substantive review/copy recovery status not yet independently verified
2018-10-29,2018,FY18 Applier-Mgt Practices Cert-Fall 2017.doc v1,Mgt Practices Certification.doc;,Biosolids / Land Application,Medium,,Applicant Attachments,WRD - NPDES,Application/Request,HNH-M790-67ZPK,Schedule - Biosolids Annual Report,-685056191163607732,https://mienviro.michigan.gov/ncore/downloadpdf/-685056191163607732,Indexed in MiEnviro master record; substantive review/copy recovery status not yet independently verified
2018-10-29,2018,FY18 Applier-VAR Certification-Spring 2018.pdf v1,Land App-Vector Attraction Reduction.pdf,Biosolids / Land Application,Medium,,Applicant Attachments,WRD - NPDES,Application/Request,HNH-M790-67ZPK,Schedule - Biosolids Annual Report,-9056692038543053966,https://mienviro.michigan.gov/ncore/downloadpdf/-9056692038543053966,Indexed in MiEnviro master record; substantive review/copy recovery status not yet independently verified
2018-10-29,2018,FY18 As Applied 20N07W07-RJ02.pdf v1,As Applied 20N7W7RJ02.pdf,Biosolids / Land Application,Medium,,Applicant Attachments,WRD - NPDES,Application/Request,HNH-M790-67ZPK,Schedule - Biosolids Annual Report,6403317132604385721,https://mienviro.michigan.gov/ncore/downloadpdf/6403317132604385721,Indexed in MiEnviro master record; substantive review/copy recovery status not yet independently verified
2018-10-29,2018,FY18 As Applied 21N09W19-TC01.pdf v1,As Applied 21N9W19TC01.pdf,Biosolids / Land Application,Medium,,Applicant Attachments,WRD - NPDES,Application/Request,HNH-M790-67ZPK,Schedule - Biosolids Annual Report,4146064223203263226,https://mienviro.michigan.gov/ncore/downloadpdf/4146064223203263226,Indexed in MiEnviro master record; substantive review/copy recovery status not yet independently verified
2018-10-29,2018,FY18 As Applied 21N09W20-TC01.pdf v1,As Applied 21N9W20TC01.pdf,Biosolids / Land Application,Medium,,Applicant Attachments,WRD - NPDES,Application/Request,HNH-M790-67ZPK,Schedule - Biosolids Annual Report,7576125700585566965,https://mienviro.michigan.gov/ncore/downloadpdf/7576125700585566965,Indexed in MiEnviro master record; substantive review/copy recovery status not yet independently verified
2018-10-29,2018,FY18 As Applied 21N09W30-GR01.pdf v1,As Applied 21N9W30GR01.pdf,Biosolids / Land Application,Medium,,Applicant Attachments,WRD - NPDES,Application/Request,HNH-M790-67ZPK,Schedule - Biosolids Annual Report,-7032330395000084913,https://mienviro.michigan.gov/ncore/downloadpdf/-7032330395000084913,Indexed in MiEnviro master record; substantive review/copy recovery status not yet independently verified
2018-10-29,2018,FY18 As Applied 23N10W29-NS01.xlsx v1,2018 As Applied-29NS01.xlsx; Fall 2018;,Biosolids / Land Application,Medium,,Applicant Attachments,WRD - NPDES,Application/Request,HNH-M790-67ZPK,Schedule - Biosolids Annual Report,2645334160893073868,https://mienviro.michigan.gov/ncore/downloadpdf/2645334160893073868,Indexed in MiEnviro master record; substantive review/copy recovery status not yet independently verified
2018-10-29,2018,FY18 Biosolids Metals and Nutrient Results.pdf v1,Kar Lab Biosolids 9-11-2017.pdf; Fall 2017 (Sept.);,Biosolids / Land Application,Medium,,Applicant Attachments,WRD - NPDES,Application/Request,HNH-M790-67ZPK,Schedule - Biosolids Annual Report,-4976390370056266928,https://mienviro.michigan.gov/ncore/downloadpdf/-4976390370056266928,Indexed in MiEnviro master record; substantive review/copy recovery status not yet independently verified
2018-10-29,2018,FY18 Biosolids Metals and Nutrient Results.pdf v1,Pace Biosolids 3-28-2018.pdf; Spring 2018 (March);,Biosolids / Land Application,Medium,,Applicant Attachments,WRD - NPDES,Application/Request,HNH-M790-67ZPK,Schedule - Biosolids Annual Report,-276971073099901928,https://mienviro.michigan.gov/ncore/downloadpdf/-276971073099901928,Indexed in MiEnviro master record; substantive review/copy recovery status not yet independently verified
2018-10-29,2018,FY18 Daily Solids Log.pdf v1,Spring 2018 Lab Daily Solids.pdf; Spring 2018 - Total and Volatile;,Biosolids / Land Application,Medium,,Applicant Attachments,WRD - NPDES,Application/Request,HNH-M790-67ZPK,Schedule - Biosolids Annual Report,-8344340778069091413,https://mienviro.michigan.gov/ncore/downloadpdf/-8344340778069091413,Indexed in MiEnviro master record; substantive review/copy recovery status not yet independently verified
2018-10-29,2018,FY18 Daily Total Solids log.pdf v1,Fall 2017 Lab Daily Solids.pdf; Fall 2017 - Total and Volatile;,Biosolids / Land Application,Medium,,Applicant Attachments,WRD - NPDES,Application/Request,HNH-M790-67ZPK,Schedule - Biosolids Annual Report,-2551312139639093636,https://mienviro.michigan.gov/ncore/downloadpdf/-2551312139639093636,Indexed in MiEnviro master record; substantive review/copy recovery status not yet independently verified
2018-10-29,2018,FY18 Fecal-Enteric-Etc Results.pdf v1,HML Biosolids 9-11-2017.pdf; Fall 2017 (Sept.);,Biosolids / Land Application,Medium,,Applicant Attachments,WRD - NPDES,Application/Request,HNH-M790-67ZPK,Schedule - Biosolids Annual Report,1281372020643953927,https://mienviro.michigan.gov/ncore/downloadpdf/1281372020643953927,Indexed in MiEnviro master record; substantive review/copy recovery status not yet independently verified
2018-10-29,2018,FY18 Fecal-Enteric-Etc Results.pdf v1,HML Biosolids 5-9-2018.pdf; Spring 2018 (March);,Biosolids / Land Application,Medium,,Applicant Attachments,WRD - NPDES,Application/Request,HNH-M790-67ZPK,Schedule - Biosolids Annual Report,2125445999343170799,https://mienviro.michigan.gov/ncore/downloadpdf/2125445999343170799,Indexed in MiEnviro master record; substantive review/copy recovery status not yet independently verified
2018-10-29,2018,FY18 Generator-Pathogen Reduction Process Cert.pdf v1,Proof of Path Reduction Process.pdf; Certification form,Biosolids / Land Application,Medium,,Applicant Attachments,WRD - NPDES,Application/Request,HNH-M790-67ZPK,Schedule - Biosolids Annual Report,-3217469014007656711,https://mienviro.michigan.gov/ncore/downloadpdf/-3217469014007656711,Indexed in MiEnviro master record; substantive review/copy recovery status not yet independently verified
2018-10-29,2018,FY18 LA Site Information.pdf v1,Land App Site Descriptions.pdf; 4 sites;,Biosolids / Land Application,Medium,,Applicant Attachments,WRD - NPDES,Application/Request,HNH-M790-67ZPK,Schedule - Biosolids Annual Report,1580110436075585993,https://mienviro.michigan.gov/ncore/downloadpdf/1580110436075585993,Indexed in MiEnviro master record; substantive review/copy recovery status not yet independently verified
2018-10-29,2018,FY18 Temp Logs.pdf v1,5-18 Temp Logs.pdf; Spring 2018;,Biosolids / Land Application,Medium,,Applicant Attachments,WRD - NPDES,Application/Request,HNH-M790-67ZPK,Schedule - Biosolids Annual Report,6596682446003695951,https://mienviro.michigan.gov/ncore/downloadpdf/6596682446003695951,Indexed in MiEnviro master record; substantive review/copy recovery status not yet independently verified
2018-10-29,2018,FY18 Temp Logs.pdf v1,11-17 Temp Logs.pdf; Fall 2017,Biosolids / Land Application,Medium,,Applicant Attachments,WRD - NPDES,Application/Request,HNH-M790-67ZPK,Schedule - Biosolids Annual Report,7591858704755305697,https://mienviro.michigan.gov/ncore/downloadpdf/7591858704755305697,Indexed in MiEnviro master record; substantive review/copy recovery status not yet independently verified
2018-10-29,2018,HNH-M790-67ZPK V1.pdf v1,FY18 Biosolids Annual Report,Biosolids / Land Application,Medium,,Misc. Application and Request Docs,WRD - NPDES,Application/Request,HNH-M790-67ZPK,Schedule - Biosolids Annual Report,-4484987493854053281,https://mienviro.michigan.gov/ncore/downloadpdf/-4484987493854053281,Indexed in MiEnviro master record; substantive review/copy recovery status not yet independently verified
2018-11-01,2018,RE_ Cadillac WWTP - IPP PFAS Interim Report Review.msg,,Industrial Pretreatment / IPP,High,Site 15637 / Site record,Industrial Pretreatment Program (IPP),,Site,15637,Site,-5755238388065931422,https://mienviro.michigan.gov/ncore/downloadpdf/-5755238388065931422,Indexed in MiEnviro master record; substantive review/copy recovery status not yet independently verified
2018-11-01,2018,RE_ Cadillac WWTP - IPP PFAS Interim Report Review2.msg,IPP PFAS Summ Rpt discussion documents,Industrial Pretreatment / IPP,High,,Industrial Pretreatment Program (IPP),WRD - NPDES,Application/Request,HNJ-P0ZX-8AVDS,Schedule - IPP PFAS Summary Report,-7625399138862663878,https://mienviro.michigan.gov/ncore/downloadpdf/-7625399138862663878,Indexed in MiEnviro master record; substantive review/copy recovery status not yet independently verified
2018-11-05,2018,HNH-YJTD-MY6A8 V1.pdf v1,,Permit / Application,Medium,,Misc. Application and Request Docs,WRD - NPDES,Application/Request,HNH-YJTD-MY6A8,Application - No Exposure Certification (NEC) for Exclusion of Coverage under the NPDES Stormwater Discharges Associated with Industrial Activity,8236365490693403605,https://mienviro.michigan.gov/ncore/downloadpdf/8236365490693403605,Indexed in MiEnviro master record; substantive review/copy recovery status not yet independently verified
2018-11-07,2018,FW_ TestAmerica invoice and report files from 190-17646-1 City of Cadillac.msg,IPP PFAS Interim Rpt discussion correspondence,Industrial Pretreatment / IPP,High,,Industrial Pretreatment Program (IPP),WRD - NPDES,Application/Request,HNF-P7H3-DCN87,Schedule - IPP PFAS Interim Report-1,-1449555407544169069,https://mienviro.michigan.gov/ncore/downloadpdf/-1449555407544169069,Indexed in MiEnviro master record; substantive review/copy recovery status not yet independently verified
2018-11-13,2018,DMR Daily - MI0020257 _10_01_2018_to_10_31_2018_V1.docx,DMR Daily Data for period 10/01/2018 - 10/31/2018_V1,DMR / Monthly Monitoring,Routine,Legacy permit version MI0020257 v5.1,Schedule - DMR Documents,WRD - NPDES,Permit,MI0020257 v5.1,NPDES Individual Permit,4483220564335637102,https://mienviro.michigan.gov/ncore/downloadpdf/4483220564335637102,Indexed in MiEnviro master record; substantive review/copy recovery status not yet independently verified
2018-11-13,2018,DMR Summary - MI0020257 _10_01_2018_to_10_31_2018_V1.docx,DMR Summary Data for period 10/01/2018 - 10/31/2018_V1,DMR / Monthly Monitoring,Routine,Legacy permit version MI0020257 v5.1,Schedule - DMR Documents,WRD - NPDES,Permit,MI0020257 v5.1,NPDES Individual Permit,8871183022449392714,https://mienviro.michigan.gov/ncore/downloadpdf/8871183022449392714,Indexed in MiEnviro master record; substantive review/copy recovery status not yet independently verified
2018-11-15,2018,EM-FY18 LA docs and DTs submitted for Biosolids AR - Questions.msg,DEQ to facility,Biosolids / Land Application,Medium,,NPDES Submittal Docs,WRD - NPDES,Application/Request,HNH-M790-67ZPK,Schedule - Biosolids Annual Report,-277633430264230949,https://mienviro.michigan.gov/ncore/downloadpdf/-277633430264230949,Indexed in MiEnviro master record; substantive review/copy recovery status not yet independently verified
2018-11-15,2018,should have picked this one.jpg,attached to DEQ email,Biosolids / Land Application,Medium,,NPDES Submittal Docs,WRD - NPDES,Application/Request,HNH-M790-67ZPK,Schedule - Biosolids Annual Report,3140966257682029726,https://mienviro.michigan.gov/ncore/downloadpdf/3140966257682029726,Indexed in MiEnviro master record; substantive review/copy recovery status not yet independently verified
2018-11-26,2018,Cadillac WWTP BOD Exceed 112618.msg,,Laboratory / Toxics / WET,High,Site 15637 / Site record,NPDES Misc. Site Docs,,Site,15637,Site,-463334436691465071,https://mienviro.michigan.gov/ncore/downloadpdf/-463334436691465071,Indexed in MiEnviro master record; substantive review/copy recovery status not yet independently verified
2018-11-28,2018,EM-FY18 LA docs and DTs submitted for Biosolids AR - revised certification.msg,from facility,Biosolids / Land Application,Medium,,NPDES Submittal Docs,WRD - NPDES,Application/Request,HNH-M790-67ZPK,Schedule - Biosolids Annual Report,7983495502099291771,https://mienviro.michigan.gov/ncore/downloadpdf/7983495502099291771,Indexed in MiEnviro master record; substantive review/copy recovery status not yet independently verified
2018-11-28,2018,FY18 Applier Certification - Revised.pdf,came w/ facility email (not signed),Biosolids / Land Application,Medium,,NPDES Submittal Docs,WRD - NPDES,Application/Request,HNH-M790-67ZPK,Schedule - Biosolids Annual Report,2316673613866669392,https://mienviro.michigan.gov/ncore/downloadpdf/2316673613866669392,Indexed in MiEnviro master record; substantive review/copy recovery status not yet independently verified
2018-11-29,2018,2018 IPP Screening - Monitoring Plan.Update181130.pdf v1,2018 IPP Screening - Monitoring Plan.Update181130.pdf,Industrial Pretreatment / IPP,High,,Applicant Attachments,WRD - NPDES,Application/Request,HNJ-P0ZX-8AVDS,Schedule - IPP PFAS Summary Report,7542728895285267816,https://mienviro.michigan.gov/ncore/downloadpdf/7542728895285267816,Indexed in MiEnviro master record; substantive review/copy recovery status not yet independently verified
2018-11-29,2018,HNJ-P0ZX-8AVDS V1.pdf v1,,Industrial Pretreatment / IPP,High,,Misc. Application and Request Docs,WRD - NPDES,Application/Request,HNJ-P0ZX-8AVDS,Schedule - IPP PFAS Summary Report,3092683663291337793,https://mienviro.michigan.gov/ncore/downloadpdf/3092683663291337793,2018 IPP PFAS Summary Report fully read; hard copy recovered in packet
2018-11-29,2018,J17646-1 UDS Level 2 Report Final Report (Leachate).pdf v1,J17646-1 UDS Level 2 Report Final Report (Leachate).pdf,Industrial Pretreatment / IPP,High,,Applicant Attachments,WRD - NPDES,Application/Request,HNJ-P0ZX-8AVDS,Schedule - IPP PFAS Summary Report,792182164173532957,https://mienviro.michigan.gov/ncore/downloadpdf/792182164173532957,"2018 J17646-1 leachate PFAS laboratory report fully read, including blanks/QC/COC; hard copy recovered in packet"
2018-12-05,2018,EM-FY18 LA docs and DTs submitted for Biosolids AR-revsd cert-needs applier signature....msg,DEQ responds,Biosolids / Land Application,Medium,,NPDES Submittal Docs,WRD - NPDES,Application/Request,HNH-M790-67ZPK,Schedule - Biosolids Annual Report,7128560501718319606,https://mienviro.michigan.gov/ncore/downloadpdf/7128560501718319606,Indexed in MiEnviro master record; substantive review/copy recovery status not yet independently verified
2018-12-10,2018,EM-FY18 Biosolids DT numbers - plus info.msg,DEQ responds,Biosolids / Land Application,Medium,,NPDES Submittal Docs,WRD - NPDES,Application/Request,HNH-M790-67ZPK,Schedule - Biosolids Annual Report,6582700003823858583,https://mienviro.michigan.gov/ncore/downloadpdf/6582700003823858583,Indexed in MiEnviro master record; substantive review/copy recovery status not yet independently verified
2018-12-12,2018,Cadillac_PFAS RE_ Voicemail Message.msg,IPP PFAS Summ Rpt discussion documents,Industrial Pretreatment / IPP,High,,Industrial Pretreatment Program (IPP),WRD - NPDES,Application/Request,HNJ-P0ZX-8AVDS,Schedule - IPP PFAS Summary Report,-6300108423290621305,https://mienviro.michigan.gov/ncore/downloadpdf/-6300108423290621305,Indexed in MiEnviro master record; substantive review/copy recovery status not yet independently verified
2018-12-12,2018,RE_ Voicemail Message.msg,,Industrial Pretreatment / IPP,High,Site 15637 / Site record,Industrial Pretreatment Program (IPP),,Site,15637,Site,-3859762491865917202,https://mienviro.michigan.gov/ncore/downloadpdf/-3859762491865917202,Indexed in MiEnviro master record; substantive review/copy recovery status not yet independently verified
2018-12-14,2018,Cadillac_PFAS RE_ Voicemail Message.msg,IPP PFAS Interim Rpt discussion correspondence,Industrial Pretreatment / IPP,High,,Industrial Pretreatment Program (IPP),WRD - NPDES,Application/Request,HNF-P7H3-DCN87,Schedule - IPP PFAS Interim Report-1,-7023703655846332926,https://mienviro.michigan.gov/ncore/downloadpdf/-7023703655846332926,Indexed in MiEnviro master record; substantive review/copy recovery status not yet independently verified
2018-12-17,2018,DMR Daily - MI0020257 _11_01_2018_to_11_30_2018_V1.docx,DMR Daily Data for period 11/01/2018 - 11/30/2018_V1,DMR / Monthly Monitoring,Routine,Legacy permit version MI0020257 v5.1,Schedule - DMR Documents,WRD - NPDES,Permit,MI0020257 v5.1,NPDES Individual Permit,9001640786026547344,https://mienviro.michigan.gov/ncore/downloadpdf/9001640786026547344,Indexed in MiEnviro master record; substantive review/copy recovery status not yet independently verified
2018-12-17,2018,DMR Summary - MI0020257 _11_01_2018_to_11_30_2018_V1.docx,DMR Summary Data for period 11/01/2018 - 11/30/2018_V1,DMR / Monthly Monitoring,Routine,Legacy permit version MI0020257 v5.1,Schedule - DMR Documents,WRD - NPDES,Permit,MI0020257 v5.1,NPDES Individual Permit,10391921127036499,https://mienviro.michigan.gov/ncore/downloadpdf/10391921127036499,Indexed in MiEnviro master record; substantive review/copy recovery status not yet independently verified
2018-12-18,2018,EM Tr-FY18 Applier Certification-revised 2-signed.msg,DEQ responds,Biosolids / Land Application,Medium,,NPDES Submittal Docs,WRD - NPDES,Application/Request,HNH-M790-67ZPK,Schedule - Biosolids Annual Report,-5194609860685770564,https://mienviro.michigan.gov/ncore/downloadpdf/-5194609860685770564,Indexed in MiEnviro master record; substantive review/copy recovery status not yet independently verified
2018-12-18,2018,EM-FY18 Applier Certification-revised 2-signed.msg,from facility,Biosolids / Land Application,Medium,,NPDES Submittal Docs,WRD - NPDES,Application/Request,HNH-M790-67ZPK,Schedule - Biosolids Annual Report,-3951802162146228519,https://mienviro.michigan.gov/ncore/downloadpdf/-3951802162146228519,Indexed in MiEnviro master record; substantive review/copy recovery status not yet independently verified
2018-12-18,2018,FY18 Applier Certification-Revised 2-signed.pdf,came w/ facility email,Biosolids / Land Application,Medium,,NPDES Submittal Docs,WRD - NPDES,Application/Request,HNH-M790-67ZPK,Schedule - Biosolids Annual Report,9075597598235972281,https://mienviro.michigan.gov/ncore/downloadpdf/9075597598235972281,Indexed in MiEnviro master record; substantive review/copy recovery status not yet independently verified
2018-12-19,2018,RE_ IPP PFAS Initiative Sampling Guidance_ Suggested Analytes.msg,,Industrial Pretreatment / IPP,High,Site 15637 / Site record,Industrial Pretreatment Program (IPP),,Site,15637,Site,-6931018798791595252,https://mienviro.michigan.gov/ncore/downloadpdf/-6931018798791595252,Indexed in MiEnviro master record; substantive review/copy recovery status not yet independently verified
2018-12-19,2018,RE_ IPP PFAS Initiative Sampling Guidance_ Suggested Analytes.msg,IPP PFAS Summ Rpt discussion documents,Industrial Pretreatment / IPP,High,,Industrial Pretreatment Program (IPP),WRD - NPDES,Application/Request,HNJ-P0ZX-8AVDS,Schedule - IPP PFAS Summary Report,8864365913634161414,https://mienviro.michigan.gov/ncore/downloadpdf/8864365913634161414,Indexed in MiEnviro master record; substantive review/copy recovery status not yet independently verified
