DocMgmtDocurl,DocMgmtDocName,DocMgmtDocDescr,DocMgmtCategory,DocMgmtDocRvcdCreatedDate,DocMgmtDocMgmtId,DocMgmtSourceprogramarea,DocMgmtSourcefunctionalarea,DocMgmtSourcenumber,DocMgmtSourcetype
"<a href=""https://mienviro.michigan.gov/ncore/downloadpdf/7207999630428628908"">Link</a>",MI0020257_2026-03-01_to_2026-03-31_DMR.pdf,,Schedule - DMR Documents,4/10/2026 13:38,7.208E+18,WRD - NPDES,Permit,MI0020257 v7.0,Schedule - DMR
"<a href=""https://mienviro.michigan.gov/ncore/downloadpdf/1716654376011487622"">Link</a>",Cadillac WWTP 0257 DMRQA45.pdf,"DMRQA Study 45 - Permit Parameter Results Acceptable- Missing Data Report Form, Lab Checklist, and signed Analyte Checklists.",NPDES Misc. Site Docs,3/30/2026 11:27,1.71665E+18,n/a,Site,15637,Site
"<a href=""https://mienviro.michigan.gov/ncore/downloadpdf/250871982403116597"">Link</a>",HQM-9QCZ-PE5QR_v2.pdf,Submission PDF,Form Submission Attachments,3/26/2026 12:58,2.50872E+17,WRD - NPDES,Application/Request,HQM-9QCZ-PE5QR,Schedule - Michigan Industrial Pretreatment Program (IPP) Annual Report
"<a href=""https://mienviro.michigan.gov/ncore/downloadpdf/-1555351778584676093"">Link</a>",POTW Monitoring Data Summary 2025.xlsx,nForm Document,Form Submission Attachments,3/26/2026 12:58,-1.55535E+18,WRD - NPDES,Application/Request,HQM-9QCZ-PE5QR,Schedule - Michigan Industrial Pretreatment Program (IPP) Annual Report
"<a href=""https://mienviro.michigan.gov/ncore/downloadpdf/-493491631835091944"">Link</a>",IPP Annual Report.msg,Comments on the annual report.,Industrial Pretreatment Program (IPP),3/26/2026 11:34,-4.93492E+17,WRD - NPDES,Application/Request,HQM-9QCZ-PE5QR,Schedule - Michigan Industrial Pretreatment Program (IPP) Annual Report
"<a href=""https://mienviro.michigan.gov/ncore/downloadpdf/-2416974935471009222"">Link</a>",HQM-3D1M-M17FW_v1.pdf,Submission PDF,Form Submission Attachments,3/26/2026 10:33,-2.41697E+18,WRD - NPDES,Application/Request,HQM-3D1M-M17FW,Schedule - Industrial Pretreatment Program Profile
"<a href=""https://mienviro.michigan.gov/ncore/downloadpdf/8471620628372917757"">Link</a>",HQD-8ZEE-2KJD5_v2.pdf,Submission PDF,Form Submission Attachments,3/25/2026 9:39,8.47162E+18,WRD - NPDES,Application/Request,HQD-8ZEE-2KJD5,Schedule - Certification of Completion of Additional Monitoring Requirements
"<a href=""https://mienviro.michigan.gov/ncore/downloadpdf/-9162074554534653440"">Link</a>",25.05.22.AMR.Trace.rev.pdf,nForm Document,Form Submission Attachments,3/25/2026 9:38,-9.16207E+18,WRD - NPDES,Application/Request,HQD-8ZEE-2KJD5,Schedule - Certification of Completion of Additional Monitoring Requirements
"<a href=""https://mienviro.michigan.gov/ncore/downloadpdf/8769358100661492726"">Link</a>",HQ6-MRKV-Q3MJJ_v2.pdf,Submission PDF,Form Submission Attachments,3/25/2026 9:38,8.76936E+18,WRD - NPDES,Application/Request,HQ6-MRKV-Q3MJJ,Schedule - Certification of Completion of Additional Monitoring Requirements
"<a href=""https://mienviro.michigan.gov/ncore/downloadpdf/-4858218891363921251"">Link</a>",24.08.08.AMR.Trace.rev.pdf,nForm Document,Form Submission Attachments,3/25/2026 9:38,-4.85822E+18,WRD - NPDES,Application/Request,HQ6-MRKV-Q3MJJ,Schedule - Certification of Completion of Additional Monitoring Requirements
"<a href=""https://mienviro.michigan.gov/ncore/downloadpdf/-884835855454563670"">Link</a>",MI0020257_2026-01-01_to_2026-01-31_2_DMR.pdf,,Schedule - DMR Documents,3/25/2026 9:36,-8.84836E+17,WRD - NPDES,Permit,MI0020257 v7.0,Schedule - DMR
"<a href=""https://mienviro.michigan.gov/ncore/downloadpdf/-7324557563678758195"">Link</a>",MI0020257_2025-10-01_to_2025-10-31_2_DMR.pdf,,Schedule - DMR Documents,3/25/2026 9:35,-7.32456E+18,WRD - NPDES,Permit,MI0020257 v7.0,Schedule - DMR
"<a href=""https://mienviro.michigan.gov/ncore/downloadpdf/26061418605483136"">Link</a>",MI0020257_2025-07-01_to_2025-07-31_2_DMR.pdf,,Schedule - DMR Documents,3/25/2026 9:33,2.60614E+16,WRD - NPDES,Permit,MI0020257 v7.0,Schedule - DMR
"<a href=""https://mienviro.michigan.gov/ncore/downloadpdf/-4713217909402636999"">Link</a>",MI0020257_2025-04-01_to_2025-04-30_2_DMR.pdf,,Schedule - DMR Documents,3/25/2026 9:32,-4.71322E+18,WRD - NPDES,Permit,MI0020257 v7.0,Schedule - DMR
"<a href=""https://mienviro.michigan.gov/ncore/downloadpdf/-367073813989245298"">Link</a>",MI0020257_2025-01-01_to_2025-01-31_2_DMR.pdf,,Schedule - DMR Documents,3/25/2026 9:31,-3.67074E+17,WRD - NPDES,Permit,MI0020257 v7.0,Schedule - DMR
"<a href=""https://mienviro.michigan.gov/ncore/downloadpdf/-6883744622283512660"">Link</a>",MI0020257_2024-10-01_to_2024-10-31_2_DMR.pdf,,Schedule - DMR Documents,3/25/2026 9:30,-6.88374E+18,WRD - NPDES,Permit,MI0020257 v7.0,Schedule - DMR
"<a href=""https://mienviro.michigan.gov/ncore/downloadpdf/5037402671701845309"">Link</a>",MI0020257_2024-07-01_to_2024-07-31_2_DMR.pdf,,Schedule - DMR Documents,3/25/2026 9:29,5.0374E+18,WRD - NPDES,Permit,MI0020257 v7.0,Schedule - DMR
"<a href=""https://mienviro.michigan.gov/ncore/downloadpdf/-4287516719655978438"">Link</a>",MI0020257_2024-04-01_to_2024-04-30_2_DMR.pdf,,Schedule - DMR Documents,3/25/2026 9:27,-4.28752E+18,WRD - NPDES,Permit,MI0020257 v7.0,Schedule - DMR
"<a href=""https://mienviro.michigan.gov/ncore/downloadpdf/2523134679191929216"">Link</a>",MI0020257_2024-01-01_to_2024-01-31_3_DMR.pdf,,Schedule - DMR Documents,3/25/2026 9:26,2.52313E+18,WRD - NPDES,Permit,MI0020257 v7.0,Schedule - DMR
"<a href=""https://mienviro.michigan.gov/ncore/downloadpdf/-588199248180010083"">Link</a>",HQM-5QVG-V9A98_v1.pdf,Submission PDF,Form Submission Attachments,3/25/2026 9:15,-5.88199E+17,WRD - NPDES,Application/Request,HQM-5QVG-V9A98,Schedule - Certification of Completion of Additional Monitoring Requirements
"<a href=""https://mienviro.michigan.gov/ncore/downloadpdf/7169233141793584971"">Link</a>",26.03.04.Benzidine.CN.addlAMR.Trace.pdf,nForm Document,Form Submission Attachments,3/25/2026 9:14,7.16923E+18,WRD - NPDES,Application/Request,HQM-5QVG-V9A98,Schedule - Certification of Completion of Additional Monitoring Requirements
"<a href=""https://mienviro.michigan.gov/ncore/downloadpdf/-4391327775627724470"">Link</a>",26.03.05.AMR.Trace.pdf,nForm Document,Form Submission Attachments,3/25/2026 9:14,-4.39133E+18,WRD - NPDES,Application/Request,HQM-5QVG-V9A98,Schedule - Certification of Completion of Additional Monitoring Requirements
"<a href=""https://mienviro.michigan.gov/ncore/downloadpdf/6247456133542199927"">Link</a>",HQM-9QCZ-PE5QR_v1.pdf,Submission PDF,Form Submission Attachments,3/24/2026 11:44,6.24746E+18,WRD - NPDES,Application/Request,HQM-9QCZ-PE5QR,Schedule - Michigan Industrial Pretreatment Program (IPP) Annual Report
"<a href=""https://mienviro.michigan.gov/ncore/downloadpdf/5857446858094699876"">Link</a>",Affidavit of Publication.pdf,nForm Document,Form Submission Attachments,3/24/2026 11:44,5.85745E+18,WRD - NPDES,Application/Request,HQM-9QCZ-PE5QR,Schedule - Michigan Industrial Pretreatment Program (IPP) Annual Report
"<a href=""https://mienviro.michigan.gov/ncore/downloadpdf/-6483532604420044350"">Link</a>",Cadillac POTW Oversight 2025.xlsx,nForm Document,Form Submission Attachments,3/24/2026 11:44,-6.48353E+18,WRD - NPDES,Application/Request,HQM-9QCZ-PE5QR,Schedule - Michigan Industrial Pretreatment Program (IPP) Annual Report
"<a href=""https://mienviro.michigan.gov/ncore/downloadpdf/320030128169425910"">Link</a>",SIU CIU List 2025.xlsx,nForm Document,Form Submission Attachments,3/24/2026 11:44,3.2003E+17,WRD - NPDES,Application/Request,HQM-9QCZ-PE5QR,Schedule - Michigan Industrial Pretreatment Program (IPP) Annual Report
"<a href=""https://mienviro.michigan.gov/ncore/downloadpdf/-3721864453893234678"">Link</a>",POTW Monitoring Data Summary 2025.xlsx,nForm Document,Form Submission Attachments,3/24/2026 11:44,-3.72186E+18,WRD - NPDES,Application/Request,HQM-9QCZ-PE5QR,Schedule - Michigan Industrial Pretreatment Program (IPP) Annual Report
"<a href=""https://mienviro.michigan.gov/ncore/downloadpdf/2211822359886279510"">Link</a>",HQM-0Z2W-CZ7GW_v1.pdf,Submission PDF,Form Submission Attachments,3/13/2026 8:09,2.21182E+18,WRD - NPDES,Application/Request,HQM-0Z2W-CZ7GW,Schedule - Biosolids PFAS Monitoring Report
"<a href=""https://mienviro.michigan.gov/ncore/downloadpdf/-807426977827984435"">Link</a>",260225.biosolids.PFAS.Merit.PDF,nForm Document,Form Submission Attachments,3/13/2026 8:09,-8.07427E+17,WRD - NPDES,Application/Request,HQM-0Z2W-CZ7GW,Schedule - Biosolids PFAS Monitoring Report
"<a href=""https://mienviro.michigan.gov/ncore/downloadpdf/8102816380018443357"">Link</a>",MI0020257_2026-02-01_to_2026-02-28_DMR.pdf,,Schedule - DMR Documents,3/11/2026 13:26,8.10282E+18,WRD - NPDES,Permit,MI0020257 v7.0,Schedule - DMR
"<a href=""https://mienviro.michigan.gov/ncore/downloadpdf/-8890797696595488087"">Link</a>",Cadillac WWTP - MAHL 2026.msg,Comments on MAHL submitted for review January 2026.,Industrial Pretreatment Program (IPP),3/9/2026 14:59,-8.8908E+18,WRD - NPDES,Application/Request,HQ8-XRFB-J9GAX,Schedule - Local Limits Evaluation (IPP)
"<a href=""https://mienviro.michigan.gov/ncore/downloadpdf/-6034143549699434901"">Link</a>",MI0020257_2026-01-01_to_2026-01-31_DMR.pdf,,Schedule - DMR Documents,2/13/2026 9:53,-6.03414E+18,WRD - NPDES,Permit,MI0020257 v7.0,Schedule - DMR
"<a href=""https://mienviro.michigan.gov/ncore/downloadpdf/-4926414550211924092"">Link</a>",HQK-A647-67DN7_v1.pdf,January 2026 WWTP effluent PFAS sample results,Form Submission Attachments,2/12/2026 7:46,-4.92641E+18,WRD - NPDES,Application/Request,HQK-A647-67DN7,Schedule - PFAS POTW Effluent Monitoring Report
"<a href=""https://mienviro.michigan.gov/ncore/downloadpdf/-5578812166437150195"">Link</a>",26.01.PFAS.EDD.Pace.xlsx,January 2026 WWTP effluent PFAS sample results,Form Submission Attachments,2/12/2026 7:45,-5.57881E+18,WRD - NPDES,Application/Request,HQK-A647-67DN7,Schedule - PFAS POTW Effluent Monitoring Report
"<a href=""https://mienviro.michigan.gov/ncore/downloadpdf/1874461106224616627"">Link</a>",26.01.PFAS.Pace.pdf,January 2026 WWTP effluent PFAS sample results,Form Submission Attachments,2/12/2026 7:45,1.87446E+18,WRD - NPDES,Application/Request,HQK-A647-67DN7,Schedule - PFAS POTW Effluent Monitoring Report
"<a href=""https://mienviro.michigan.gov/ncore/downloadpdf/6508160864504021266"">Link</a>",MI0020257_2025-12-01_to_2025-12-31_DMR.pdf,,Schedule - DMR Documents,1/15/2026 7:17,6.50816E+18,WRD - NPDES,Permit,MI0020257 v7.0,Schedule - DMR
"<a href=""https://mienviro.michigan.gov/ncore/downloadpdf/3158526991311105464"">Link</a>",MI0020257_2025-11-01_to_2025-11-30_DMR.pdf,,Schedule - DMR Documents,12/16/2025 11:34,3.15853E+18,WRD - NPDES,Permit,MI0020257 v7.0,Schedule - DMR
"<a href=""https://mienviro.michigan.gov/ncore/downloadpdf/4931570776904702952"">Link</a>",October 2025 PFAS sample results.msg,,Misc. NPDES Evaluation Docs,11/26/2025 9:08,4.93157E+18,WRD - NPDES,Evaluation,E-PP960227970222,Sampling Only (Toxics) (10/22/2025)
"<a href=""https://mienviro.michigan.gov/ncore/downloadpdf/4688361025082182327"">Link</a>",2510354 FINAL EGLE Excel 24 Nov 25 1129.xls,,Misc. NPDES Evaluation Docs,11/24/2025 0:00,4.68836E+18,WRD - NPDES,Evaluation,E-PP960227970222,Sampling Only (Toxics) (10/22/2025)
"<a href=""https://mienviro.michigan.gov/ncore/downloadpdf/2774844551579587410"">Link</a>",FW_ Michigan Department of Environment_ Great Lakes_ and Energy - Lab Report 2510354.msg,,Misc. NPDES Evaluation Docs,11/24/2025 0:00,2.77484E+18,WRD - NPDES,Evaluation,E-PP960227970222,Sampling Only (Toxics) (10/22/2025)
"<a href=""https://mienviro.michigan.gov/ncore/downloadpdf/7256004877716821693"">Link</a>",2510354_1 ENVReport 11 24 2025 1129.pdf,,Misc. NPDES Evaluation Docs,11/24/2025 0:00,7.256E+18,WRD - NPDES,Evaluation,E-PP960227970222,Sampling Only (Toxics) (10/22/2025)
"<a href=""https://mienviro.michigan.gov/ncore/downloadpdf/8699862027015199493"">Link</a>",MI0020257_2025-10-01_to_2025-10-31_DMR.pdf,,Schedule - DMR Documents,11/17/2025 11:47,8.69986E+18,WRD - NPDES,Permit,MI0020257 v7.0,Schedule - DMR
"<a href=""https://mienviro.michigan.gov/ncore/downloadpdf/-7618620738326605034"">Link</a>",RE_ Cadillac Additional Local Limits Parameters - Proposed Sampling Plan.msg,,Industrial Pretreatment Program (IPP),10/30/2025 15:32,-7.61862E+18,WRD - NPDES,Application/Request,HQG-QQ9K-KSZ7V,Schedule - IPP Unscheduled Submissions for Approval
"<a href=""https://mienviro.michigan.gov/ncore/downloadpdf/357373492342145391"">Link</a>",FW_ Cadillac Additional Local Limits Parameters - Proposed Sampling Plan.msg,,Industrial Pretreatment Program (IPP),10/30/2025 15:32,3.57373E+17,WRD - NPDES,Application/Request,HQG-QQ9K-KSZ7V,Schedule - IPP Unscheduled Submissions for Approval
"<a href=""https://mienviro.michigan.gov/ncore/downloadpdf/4876017487440937730"">Link</a>",Cadillac WWTP MAHL Sampling Plan Additional Parameters Rev.pdf,Revised sampling plan.,Industrial Pretreatment Program (IPP),10/30/2025 15:28,4.87602E+18,WRD - NPDES,Application/Request,HQG-QQ9K-KSZ7V,Schedule - IPP Unscheduled Submissions for Approval
"<a href=""https://mienviro.michigan.gov/ncore/downloadpdf/-645990763212332188"">Link</a>",HQG-QQ9K-KSZ7V_v1.pdf,Submission PDF,Form Submission Attachments,10/30/2025 9:45,-6.45991E+17,WRD - NPDES,Application/Request,HQG-QQ9K-KSZ7V,Schedule - IPP Unscheduled Submissions for Approval
"<a href=""https://mienviro.michigan.gov/ncore/downloadpdf/3720641380305327115"">Link</a>",HQG-GKRH-8B37J_v2.pdf,September 2025 WWTP effluent PFAS sample result,Form Submission Attachments,10/24/2025 13:06,3.72064E+18,WRD - NPDES,Application/Request,HQG-GKRH-8B37J,Schedule - PFAS POTW Effluent Monitoring Report
"<a href=""https://mienviro.michigan.gov/ncore/downloadpdf/5490706325301464099"">Link</a>",50412958.xlsx,September 2025 WWTP effluent PFAS sample result,Form Submission Attachments,10/24/2025 13:05,5.49071E+18,WRD - NPDES,Application/Request,HQG-GKRH-8B37J,Schedule - PFAS POTW Effluent Monitoring Report
"<a href=""https://mienviro.michigan.gov/ncore/downloadpdf/5282319378754063253"">Link</a>",HQG-GN3K-JNK5K_v2.pdf,Submission PDF,Form Submission Attachments,10/21/2025 10:10,5.28232E+18,WRD - NPDES,Application/Request,HQG-GN3K-JNK5K,Schedule - Biosolids PFAS Monitoring Report
"<a href=""https://mienviro.michigan.gov/ncore/downloadpdf/562148345479421133"">Link</a>",250428.biosolids.PFAS.Merit.PDF,nForm Document,Form Submission Attachments,10/21/2025 10:10,5.62148E+17,WRD - NPDES,Application/Request,HQG-GN3K-JNK5K,Schedule - Biosolids PFAS Monitoring Report
"<a href=""https://mienviro.michigan.gov/ncore/downloadpdf/-5429584481354854423"">Link</a>",250428.biosolids.PFASqc.Merit.PDF,nForm Document,Form Submission Attachments,10/21/2025 10:10,-5.42958E+18,WRD - NPDES,Application/Request,HQG-GN3K-JNK5K,Schedule - Biosolids PFAS Monitoring Report
"<a href=""https://mienviro.michigan.gov/ncore/downloadpdf/1055859154349255360"">Link</a>",HQG-GN3K-JNK5K_v1.pdf,Submission PDF,Form Submission Attachments,10/21/2025 9:56,1.05586E+18,WRD - NPDES,Application/Request,HQG-GN3K-JNK5K,Schedule - Biosolids PFAS Monitoring Report
"<a href=""https://mienviro.michigan.gov/ncore/downloadpdf/-4309639422885279956"">Link</a>",251001.biosolids.PFAS.Merit.PDF,nForm Document,Form Submission Attachments,10/21/2025 9:56,-4.30964E+18,WRD - NPDES,Application/Request,HQG-GN3K-JNK5K,Schedule - Biosolids PFAS Monitoring Report
"<a href=""https://mienviro.michigan.gov/ncore/downloadpdf/-8247537671644519013"">Link</a>",251001.biosolids.PFASqc.Merit.PDF,nForm Document,Form Submission Attachments,10/21/2025 9:56,-8.24754E+18,WRD - NPDES,Application/Request,HQG-GN3K-JNK5K,Schedule - Biosolids PFAS Monitoring Report
"<a href=""https://mienviro.michigan.gov/ncore/downloadpdf/4308176365419696393"">Link</a>",MI0020257_2024-10-01_to_2025-09-30_DMR.pdf,,Schedule - DMR Documents,10/21/2025 9:42,4.30818E+18,WRD - NPDES,Permit,MI0020257 v7.0,Schedule - DMR
"<a href=""https://mienviro.michigan.gov/ncore/downloadpdf/5695653979430565068"">Link</a>",HQG-GM42-A2DBC_v1.pdf,Submission PDF,Form Submission Attachments,10/21/2025 9:30,5.69565E+18,WRD - NPDES,Application/Request,HQG-GM42-A2DBC,Schedule - Biosolids Annual Report
"<a href=""https://mienviro.michigan.gov/ncore/downloadpdf/9174144093660902326"">Link</a>",Mgt Practices Certification.doc,nForm Document,Form Submission Attachments,10/21/2025 9:30,9.17414E+18,WRD - NPDES,Application/Request,HQG-GM42-A2DBC,Schedule - Biosolids Annual Report
"<a href=""https://mienviro.michigan.gov/ncore/downloadpdf/7710627415890729851"">Link</a>",250317.biosolids.pathogens.HML.pdf,nForm Document,Form Submission Attachments,10/21/2025 9:30,7.71063E+18,WRD - NPDES,Application/Request,HQG-GM42-A2DBC,Schedule - Biosolids Annual Report
,Biosolids Dry Tons Calc 12.19.24.xls,nForm Document,Form Submission Attachments,10/21/2025 9:30,6.03091E+18,WRD - NPDES,Application/Request,HQG-GM42-A2DBC,Schedule - Biosolids Annual Report
"<a href=""https://mienviro.michigan.gov/ncore/downloadpdf/7158166854189804635"">Link</a>",Biosolids Dry Tons Calc 12.13.24.xls,nForm Document,Form Submission Attachments,10/21/2025 9:30,7.15817E+18,WRD - NPDES,Application/Request,HQG-GM42-A2DBC,Schedule - Biosolids Annual Report
,Biosolids Dry Tons Calc 12.17.24.xls,nForm Document,Form Submission Attachments,10/21/2025 9:30,2.85816E+18,WRD - NPDES,Application/Request,HQG-GM42-A2DBC,Schedule - Biosolids Annual Report
"<a href=""https://mienviro.michigan.gov/ncore/downloadpdf/3865716950995014409"">Link</a>",Biosolids Lab&Hauling Sheet Fall 2024.xlsx,nForm Document,Form Submission Attachments,10/21/2025 9:30,3.86572E+18,WRD - NPDES,Application/Request,HQG-GM42-A2DBC,Schedule - Biosolids Annual Report
"<a href=""https://mienviro.michigan.gov/ncore/downloadpdf/4091057910215997032"">Link</a>",250317.biosolids.chem.PACE.pdf,nForm Document,Form Submission Attachments,10/21/2025 9:30,4.09106E+18,WRD - NPDES,Application/Request,HQG-GM42-A2DBC,Schedule - Biosolids Annual Report
"<a href=""https://mienviro.michigan.gov/ncore/downloadpdf/5036048420451447716"">Link</a>",241003.biosolids.pathogens.HML.pdf,nForm Document,Form Submission Attachments,10/21/2025 9:30,5.03605E+18,WRD - NPDES,Application/Request,HQG-GM42-A2DBC,Schedule - Biosolids Annual Report
,Biosolids Dry Tons Calc 12.16.24a.xls,nForm Document,Form Submission Attachments,10/21/2025 9:30,5.26533E+18,WRD - NPDES,Application/Request,HQG-GM42-A2DBC,Schedule - Biosolids Annual Report
"<a href=""https://mienviro.michigan.gov/ncore/downloadpdf/5540935925562313424"">Link</a>",Biosolids Dry Tons Calc 12.16.24b.xls,nForm Document,Form Submission Attachments,10/21/2025 9:30,5.54094E+18,WRD - NPDES,Application/Request,HQG-GM42-A2DBC,Schedule - Biosolids Annual Report
"<a href=""https://mienviro.michigan.gov/ncore/downloadpdf/5632388820838511085"">Link</a>",241008.biosolids.PFAS.Merit.PDF,nForm Document,Form Submission Attachments,10/21/2025 9:30,5.63239E+18,WRD - NPDES,Application/Request,HQG-GM42-A2DBC,Schedule - Biosolids Annual Report
"<a href=""https://mienviro.michigan.gov/ncore/downloadpdf/-4770863282810476186"">Link</a>",21n08w30-AB01.pdf,nForm Document,Form Submission Attachments,10/21/2025 9:30,-4.77086E+18,WRD - NPDES,Application/Request,HQG-GM42-A2DBC,Schedule - Biosolids Annual Report
"<a href=""https://mienviro.michigan.gov/ncore/downloadpdf/-4090788587239314090"">Link</a>",TVS & 38% Reduction 2025.xlsx,nForm Document,Form Submission Attachments,10/21/2025 9:30,-4.09079E+18,WRD - NPDES,Application/Request,HQG-GM42-A2DBC,Schedule - Biosolids Annual Report
"<a href=""https://mienviro.michigan.gov/ncore/downloadpdf/-2526145117277274167"">Link</a>",Digester Detention Times and Temps 2025.xlsx,nForm Document,Form Submission Attachments,10/21/2025 9:30,-2.52615E+18,WRD - NPDES,Application/Request,HQG-GM42-A2DBC,Schedule - Biosolids Annual Report
,Biosolids Dry Tons Calc 12.20.24.xls,nForm Document,Form Submission Attachments,10/21/2025 9:30,-1.83579E+18,WRD - NPDES,Application/Request,HQG-GM42-A2DBC,Schedule - Biosolids Annual Report
,Biosolids Dry Tons Calc 12.18.24.xls,nForm Document,Form Submission Attachments,10/21/2025 9:30,-3.18807E+17,WRD - NPDES,Application/Request,HQG-GM42-A2DBC,Schedule - Biosolids Annual Report
"<a href=""https://mienviro.michigan.gov/ncore/downloadpdf/165898801283931609"">Link</a>",250227.biosolids.PFAS.Merit.PDF,nForm Document,Form Submission Attachments,10/21/2025 9:30,1.65899E+17,WRD - NPDES,Application/Request,HQG-GM42-A2DBC,Schedule - Biosolids Annual Report
"<a href=""https://mienviro.michigan.gov/ncore/downloadpdf/645872500195507040"">Link</a>",T22NR11W-RBL02.pdf,nForm Document,Form Submission Attachments,10/21/2025 9:30,6.45873E+17,WRD - NPDES,Application/Request,HQG-GM42-A2DBC,Schedule - Biosolids Annual Report
"<a href=""https://mienviro.michigan.gov/ncore/downloadpdf/1756584387181983433"">Link</a>",21n09w25-AB01.pdf,nForm Document,Form Submission Attachments,10/21/2025 9:30,1.75658E+18,WRD - NPDES,Application/Request,HQG-GM42-A2DBC,Schedule - Biosolids Annual Report
"<a href=""https://mienviro.michigan.gov/ncore/downloadpdf/-8955567820652492016"">Link</a>",241003.biosolids.chem.PACE.pdf,nForm Document,Form Submission Attachments,10/21/2025 9:30,-8.95557E+18,WRD - NPDES,Application/Request,HQG-GM42-A2DBC,Schedule - Biosolids Annual Report
"<a href=""https://mienviro.michigan.gov/ncore/downloadpdf/-8440672871505165049"">Link</a>",21n09w25-DG01.pdf,nForm Document,Form Submission Attachments,10/21/2025 9:30,-8.44067E+18,WRD - NPDES,Application/Request,HQG-GM42-A2DBC,Schedule - Biosolids Annual Report
,Biosolids Dry Tons Calc 12.21.24.xls,nForm Document,Form Submission Attachments,10/21/2025 9:30,-7.60046E+18,WRD - NPDES,Application/Request,HQG-GM42-A2DBC,Schedule - Biosolids Annual Report
"<a href=""https://mienviro.michigan.gov/ncore/downloadpdf/-6880457329183141828"">Link</a>",22N11W25-RBL03.pdf,nForm Document,Form Submission Attachments,10/21/2025 9:30,-6.88046E+18,WRD - NPDES,Application/Request,HQG-GM42-A2DBC,Schedule - Biosolids Annual Report
"<a href=""https://mienviro.michigan.gov/ncore/downloadpdf/-6501159339708416890"">Link</a>",21n08w30-AB02.pdf,nForm Document,Form Submission Attachments,10/21/2025 9:30,-6.50116E+18,WRD - NPDES,Application/Request,HQG-GM42-A2DBC,Schedule - Biosolids Annual Report
"<a href=""https://mienviro.michigan.gov/ncore/downloadpdf/-6374841911455111305"">Link</a>",21N09W25-AB01.pdf,nForm Document,Form Submission Attachments,10/21/2025 9:30,-6.37484E+18,WRD - NPDES,Application/Request,HQG-GM42-A2DBC,Schedule - Biosolids Annual Report
"<a href=""https://mienviro.michigan.gov/ncore/downloadpdf/-6343434200269479220"">Link</a>",Biosolids Lab&Hauling Sheet Spring 2025.xlsx,nForm Document,Form Submission Attachments,10/21/2025 9:30,-6.34343E+18,WRD - NPDES,Application/Request,HQG-GM42-A2DBC,Schedule - Biosolids Annual Report
"<a href=""https://mienviro.michigan.gov/ncore/downloadpdf/7159881994930730916"">Link</a>",HQG-GKRH-8B37J_v1.pdf,September 2025 WWTP effluent PFAS sample results,Form Submission Attachments,10/21/2025 8:50,7.15988E+18,WRD - NPDES,Application/Request,HQG-GKRH-8B37J,Schedule - PFAS POTW Effluent Monitoring Report
"<a href=""https://mienviro.michigan.gov/ncore/downloadpdf/-5185702848276321737"">Link</a>",25.09.PFAS.Pace.pdf,September 2025 WWTP effluent PFAS sample results,Form Submission Attachments,10/21/2025 8:50,-5.1857E+18,WRD - NPDES,Application/Request,HQG-GKRH-8B37J,Schedule - PFAS POTW Effluent Monitoring Report
"<a href=""https://mienviro.michigan.gov/ncore/downloadpdf/-4104155551233652870"">Link</a>",MI0020257_2025-09-01_to_2025-09-30_DMR.pdf,,Schedule - DMR Documents,10/20/2025 6:46,-4.10416E+18,WRD - NPDES,Permit,MI0020257 v7.0,Schedule - DMR
"<a href=""https://mienviro.michigan.gov/ncore/downloadpdf/-1102905466883927159"">Link</a>",2025-10-13 Follow-up to VN-012230.pdf,,"Water Quality VNs, SVNs, ENs",10/13/2025 14:49,-1.10291E+18,WRD - NPDES,Compliance Action,VN-012230,Violation Notice
"<a href=""https://mienviro.michigan.gov/ncore/downloadpdf/-8736889914825252154"">Link</a>",IPP Local Limits Review.docx,,NPDES Application Docs,9/30/2025 7:45,-8.73689E+18,WRD - NPDES,Application/Request,HQF-TQCJ-GZWEB,Application - IPP Local Limits WQBEL Request Form
"<a href=""https://mienviro.michigan.gov/ncore/downloadpdf/4944106276029373114"">Link</a>",IPP Local Limits PEL_MI0020257_9-30-2025.xls,,Misc. Application and Request Docs,9/30/2025 7:42,4.94411E+18,WRD - NPDES,Application/Request,HQF-TQCJ-GZWEB,Application - IPP Local Limits WQBEL Request Form
"<a href=""https://mienviro.michigan.gov/ncore/downloadpdf/-4158673748337869517"">Link</a>",EGLE FILE Biosolids Audit letter for Cadillac WWTP.msg,,NPDES Biosolids Evaluation,9/16/2025 11:33,-4.15867E+18,WRD - NPDES,Evaluation,E-PP027995818650,Biosolids Audit (04/29/2025)
"<a href=""https://mienviro.michigan.gov/ncore/downloadpdf/-8482039543770819803"">Link</a>",Biosolids Audit Transmittal - Cadillac WWTP.pdf,Signed Biosolids Audit Transittal,NPDES Biosolids Evaluation,9/16/2025 11:32,-8.48204E+18,WRD - NPDES,Evaluation,E-PP027995818650,Biosolids Audit (04/29/2025)
"<a href=""https://mienviro.michigan.gov/ncore/downloadpdf/-6645238760247438612"">Link</a>",MI0020257_2025-08-01_to_2025-08-31_DMR.pdf,,Schedule - DMR Documents,9/15/2025 9:08,-6.64524E+18,WRD - NPDES,Permit,MI0020257 v7.0,Schedule - DMR
"<a href=""https://mienviro.michigan.gov/ncore/downloadpdf/4478858756949736661"">Link</a>",City of Cadillac CEI Response.pdf,,Water Quality Compliance Communication Docs,9/4/2025 14:05,4.47886E+18,WRD - NPDES,Compliance Action,CC-006510,Compliance Communication
"<a href=""https://mienviro.michigan.gov/ncore/downloadpdf/4163983663567910122"">Link</a>",Inspection Report.docx,,Inspection Report,8/26/2025 14:16,4.16398E+18,WRD - NPDES,Evaluation,E-PN533182730332,Biosolids Site Inspection (04/29/2025)
"<a href=""https://mienviro.michigan.gov/ncore/downloadpdf/8885463623950106776"">Link</a>",EGLE FILE CC No_  Cadillac Wastewater Treatment Plant (WWTP) CC-006510.msg,,Water Quality Compliance Communication Docs,8/19/2025 15:01,8.88546E+18,WRD - NPDES,Compliance Action,CC-006510,Compliance Communication
"<a href=""https://mienviro.michigan.gov/ncore/downloadpdf/-1369103640106107754"">Link</a>",Inspection Report.docx,,Inspection Report,8/14/2025 12:06,-1.3691E+18,WRD - NPDES,Evaluation,E-PP027995818650,Biosolids Audit (04/29/2025)
"<a href=""https://mienviro.michigan.gov/ncore/downloadpdf/-1367589943429210076"">Link</a>",MI0020257_2025-07-01_to_2025-07-31_DMR.pdf,,Schedule - DMR Documents,8/12/2025 10:47,-1.36759E+18,WRD - NPDES,Permit,MI0020257 v7.0,Schedule - DMR
"<a href=""https://mienviro.michigan.gov/ncore/downloadpdf/-3417167092726412792"">Link</a>",Attachment 1 - Cadillac WWTP Violations.pdf,,Water Quality Compliance Communication Docs,8/8/2025 10:06,-3.41717E+18,WRD - NPDES,Compliance Action,CC-006510,Compliance Communication
"<a href=""https://mienviro.michigan.gov/ncore/downloadpdf/-2789065301880376783"">Link</a>",HQE-GX1V-TH10E_v1.pdf,Submission PDF,Form Submission Attachments,8/1/2025 7:02,-2.78907E+18,WRD - NPDES,Application/Request,HQE-GX1V-TH10E,Schedule - Biosolids PFAS Monitoring Report
"<a href=""https://mienviro.michigan.gov/ncore/downloadpdf/3982269381461444704"">Link</a>",250716.biosolids.PFAS.Merit.PDF,nForm Document,Form Submission Attachments,8/1/2025 7:01,3.98227E+18,WRD - NPDES,Application/Request,HQE-GX1V-TH10E,Schedule - Biosolids PFAS Monitoring Report
"<a href=""https://mienviro.michigan.gov/ncore/downloadpdf/-510682859352455980"">Link</a>",Inspection Report.docx,,Inspection Report,7/30/2025 11:14,-5.10683E+17,WRD - NPDES,Evaluation,E-PP139012015623,NPDES Compliance Evaluation Inspection (CEI) (06/10/2025)
"<a href=""https://mienviro.michigan.gov/ncore/downloadpdf/8598444985671510356"">Link</a>",Cadillac WWTP CEI Photos.pdf,,Misc. NPDES Evaluation Docs,7/30/2025 10:19,8.59844E+18,WRD - NPDES,Evaluation,E-PP139012015623,NPDES Compliance Evaluation Inspection (CEI) (06/10/2025)
"<a href=""https://mienviro.michigan.gov/ncore/downloadpdf/6467174389828823059"">Link</a>",Compliance Communication.docx,,Water Quality Compliance Communication Docs,7/30/2025 9:55,6.46717E+18,WRD - NPDES,Compliance Action,CC-006510,Compliance Communication
"<a href=""https://mienviro.michigan.gov/ncore/downloadpdf/3310026868931260439"">Link</a>",Biosolids audit transmittal (word).docx,,NPDES Biosolids Evaluation,7/23/2025 13:03,3.31003E+18,WRD - NPDES,Evaluation,E-PP027995818650,Biosolids Audit (04/29/2025)
"<a href=""https://mienviro.michigan.gov/ncore/downloadpdf/6200779458073406984"">Link</a>",MI0020257_2025-06-01_to_2025-06-30_DMR.pdf,,Schedule - DMR Documents,7/16/2025 16:36,6.20078E+18,WRD - NPDES,Permit,MI0020257 v7.0,Schedule - DMR
"<a href=""https://mienviro.michigan.gov/ncore/downloadpdf/8173427442946719350"">Link</a>",MI0020257_2025-05-01_to_2025-05-31_DMR.pdf,,Schedule - DMR Documents,6/18/2025 17:00,8.17343E+18,WRD - NPDES,Permit,MI0020257 v7.0,Schedule - DMR
"<a href=""https://mienviro.michigan.gov/ncore/downloadpdf/-3242537781810572657"">Link</a>",HQD-91C4-TNX99_v1.pdf,May 2025 WWTP effluent PFAS sample results,Form Submission Attachments,6/11/2025 14:00,-3.24254E+18,WRD - NPDES,Application/Request,HQD-91C4-TNX99,Schedule - PFAS POTW Effluent Monitoring Report
"<a href=""https://mienviro.michigan.gov/ncore/downloadpdf/-2221401634882338637"">Link</a>",25.05.PFAS.Pace.pdf,May 2025 WWTP effluent PFAS sample results,Form Submission Attachments,6/11/2025 13:59,-2.2214E+18,WRD - NPDES,Application/Request,HQD-91C4-TNX99,Schedule - PFAS POTW Effluent Monitoring Report
"<a href=""https://mienviro.michigan.gov/ncore/downloadpdf/7099943325746607091"">Link</a>",25.05.PFAS.EDD.Pace.xlsx,May 2025 WWTP effluent PFAS sample results,Form Submission Attachments,6/11/2025 13:59,7.09994E+18,WRD - NPDES,Application/Request,HQD-91C4-TNX99,Schedule - PFAS POTW Effluent Monitoring Report
"<a href=""https://mienviro.michigan.gov/ncore/downloadpdf/-6063287590384448481"">Link</a>",HQD-8ZEE-2KJD5_v1.pdf,Submission PDF,Form Submission Attachments,6/11/2025 11:22,-6.06329E+18,WRD - NPDES,Application/Request,HQD-8ZEE-2KJD5,Schedule - Certification of Completion of Additional Monitoring Requirements
"<a href=""https://mienviro.michigan.gov/ncore/downloadpdf/4977073668872332252"">Link</a>",25.05.22.AMR.Trace.pdf,nForm Document,Form Submission Attachments,6/11/2025 11:21,4.97707E+18,WRD - NPDES,Application/Request,HQD-8ZEE-2KJD5,Schedule - Certification of Completion of Additional Monitoring Requirements
"<a href=""https://mienviro.michigan.gov/ncore/downloadpdf/-626431502200600831"">Link</a>",MI0020257_2025-04-01_to_2025-04-30_DMR.pdf,,Schedule - DMR Documents,5/13/2025 14:47,-6.26432E+17,WRD - NPDES,Permit,MI0020257 v7.0,Schedule - DMR
"<a href=""https://mienviro.michigan.gov/ncore/downloadpdf/8455081372316052116"">Link</a>",HQB-BNKM-1SC3Q_v2.pdf,Submission PDF,Form Submission Attachments,5/8/2025 13:46,8.45508E+18,WRD - NPDES,Application/Request,HQB-BNKM-1SC3Q,Schedule - Michigan Industrial Pretreatment Program (IPP) Annual Report
"<a href=""https://mienviro.michigan.gov/ncore/downloadpdf/6247695824161056764"">Link</a>",Cadillac POTW Oversight 2024 (Revised).xlsx,nForm Document,Form Submission Attachments,5/8/2025 13:46,6.2477E+18,WRD - NPDES,Application/Request,HQB-BNKM-1SC3Q,Schedule - Michigan Industrial Pretreatment Program (IPP) Annual Report
"<a href=""https://mienviro.michigan.gov/ncore/downloadpdf/-5034860910529130086"">Link</a>",POTW Monitoring Data Summary 2024 (Revised).xlsx,nForm Document,Form Submission Attachments,5/8/2025 13:46,-5.03486E+18,WRD - NPDES,Application/Request,HQB-BNKM-1SC3Q,Schedule - Michigan Industrial Pretreatment Program (IPP) Annual Report
"<a href=""https://mienviro.michigan.gov/ncore/downloadpdf/7982831860443566308"">Link</a>",Cadillac WWTP 2025 PFAS Biosolids Letter.msg,,Misc. Submittal Docs,4/30/2025 14:19,7.98283E+18,WRD - NPDES,Application/Request,HQB-6T2F-9M76H,Schedule - Biosolids PFAS Monitoring Report
"<a href=""https://mienviro.michigan.gov/ncore/downloadpdf/-8643712850746890280"">Link</a>",Cadillac WWTP 2025 Below 20 Letter Interim Strategy.pdf,,Misc. Submittal Docs,4/30/2025 14:19,-8.64371E+18,WRD - NPDES,Application/Request,HQB-6T2F-9M76H,Schedule - Biosolids PFAS Monitoring Report
"<a href=""https://mienviro.michigan.gov/ncore/downloadpdf/8215308103086839996"">Link</a>",IPP Annual Report.msg,,Industrial Pretreatment Program (IPP),4/16/2025 11:19,8.21531E+18,WRD - NPDES,Application/Request,HQB-BNKM-1SC3Q,Schedule - Michigan Industrial Pretreatment Program (IPP) Annual Report
"<a href=""https://mienviro.michigan.gov/ncore/downloadpdf/3814413274055356023"">Link</a>",854440 Cadillac MAHL Report April 2025 - Final Combined.pdf,,Industrial Pretreatment Program (IPP),4/16/2025 0:00,3.81441E+18,WRD - NPDES,Application/Request,HPV-DHMB-MCAGV,Schedule - Submit MAHL and proposed local limits
"<a href=""https://mienviro.michigan.gov/ncore/downloadpdf/-94646851769060147"">Link</a>",RE_ Cadillac MAHL.msg,,Industrial Pretreatment Program (IPP),4/16/2025 0:00,-9.46469E+16,WRD - NPDES,Application/Request,HPV-DHMB-MCAGV,Schedule - Submit MAHL and proposed local limits
"<a href=""https://mienviro.michigan.gov/ncore/downloadpdf/-7015665829450677566"">Link</a>",MI0020257_2025-03-01_to_2025-03-31_DMR.pdf,,Schedule - DMR Documents,4/15/2025 13:35,-7.01567E+18,WRD - NPDES,Permit,MI0020257 v7.0,Schedule - DMR
"<a href=""https://mienviro.michigan.gov/ncore/downloadpdf/-7861509141315722088"">Link</a>",HQB-BNKM-1SC3Q_v1.pdf,Submission PDF,Form Submission Attachments,3/27/2025 14:34,-7.86151E+18,WRD - NPDES,Application/Request,HQB-BNKM-1SC3Q,Schedule - Michigan Industrial Pretreatment Program (IPP) Annual Report
"<a href=""https://mienviro.michigan.gov/ncore/downloadpdf/-8415402284149542607"">Link</a>",Cadillac POTW Oversight 2024.xlsx,nForm Document,Form Submission Attachments,3/27/2025 14:33,-8.4154E+18,WRD - NPDES,Application/Request,HQB-BNKM-1SC3Q,Schedule - Michigan Industrial Pretreatment Program (IPP) Annual Report
"<a href=""https://mienviro.michigan.gov/ncore/downloadpdf/4202406131478727568"">Link</a>",POTW Monitoring Data Summary 2024.xlsx,nForm Document,Form Submission Attachments,3/27/2025 14:33,4.20241E+18,WRD - NPDES,Application/Request,HQB-BNKM-1SC3Q,Schedule - Michigan Industrial Pretreatment Program (IPP) Annual Report
"<a href=""https://mienviro.michigan.gov/ncore/downloadpdf/2955929295405056977"">Link</a>",Public Notice of IPP Violation 2024.pdf,nForm Document,Form Submission Attachments,3/27/2025 14:33,2.95593E+18,WRD - NPDES,Application/Request,HQB-BNKM-1SC3Q,Schedule - Michigan Industrial Pretreatment Program (IPP) Annual Report
"<a href=""https://mienviro.michigan.gov/ncore/downloadpdf/-4041280387536601589"">Link</a>",SIU CIU List 2024.xlsx,nForm Document,Form Submission Attachments,3/27/2025 14:33,-4.04128E+18,WRD - NPDES,Application/Request,HQB-BNKM-1SC3Q,Schedule - Michigan Industrial Pretreatment Program (IPP) Annual Report
"<a href=""https://mienviro.michigan.gov/ncore/downloadpdf/-181957830977451756"">Link</a>",Cadillac News Affidavit of Publication 03-19-2025.pdf,nForm Document,Form Submission Attachments,3/27/2025 14:33,-1.81958E+17,WRD - NPDES,Application/Request,HQB-BNKM-1SC3Q,Schedule - Michigan Industrial Pretreatment Program (IPP) Annual Report
"<a href=""https://mienviro.michigan.gov/ncore/downloadpdf/7045747428092139791"">Link</a>",DMRQA Study 44-Cadillac WWTP.pdf,"Results Acceptable - No Data Report form, list of labs or signed checklists received as required. Only graded test results received.",NPDES Misc. Site Docs,3/20/2025 15:41,7.04575E+18,n/a,Site,15637,Site
"<a href=""https://mienviro.michigan.gov/ncore/downloadpdf/-1851005839859134110"">Link</a>",DMRQA Study 44-Cadillac WWTP_COPY.pdf,"Results Acceptable - No Data Report form, list of labs or signed checklists received as required. Only graded test results received.",Misc. NPDES Evaluation Docs,3/20/2025 0:00,-1.85101E+18,WRD - NPDES,Evaluation,E-PP139012015623,NPDES Compliance Evaluation Inspection (CEI) (06/10/2025)
"<a href=""https://mienviro.michigan.gov/ncore/downloadpdf/4282924020073135452"">Link</a>",HQB-6T2F-9M76H_v1.pdf,Submission PDF,Form Submission Attachments,3/19/2025 6:32,4.28292E+18,WRD - NPDES,Application/Request,HQB-6T2F-9M76H,Schedule - Biosolids PFAS Monitoring Report
"<a href=""https://mienviro.michigan.gov/ncore/downloadpdf/8469828454197728223"">Link</a>",HQB-6T2F-9M76H_v1.pdf,Submission PDF,Form Submission Attachments,3/19/2025 6:32,8.46983E+18,WRD - NPDES,Application/Request,HQB-6T2F-9M76H,Schedule - Biosolids PFAS Monitoring Report
"<a href=""https://mienviro.michigan.gov/ncore/downloadpdf/5759077546895716633"">Link</a>",250227.biosolids.PFAS.Merit.PDF,nForm Document,Form Submission Attachments,3/19/2025 6:32,5.75908E+18,WRD - NPDES,Application/Request,HQB-6T2F-9M76H,Schedule - Biosolids PFAS Monitoring Report
"<a href=""https://mienviro.michigan.gov/ncore/downloadpdf/6167934285264609791"">Link</a>",MI0020257_2025-02-01_to_2025-02-28_DMR.pdf,,Schedule - DMR Documents,3/11/2025 10:14,6.16793E+18,WRD - NPDES,Permit,MI0020257 v7.0,Schedule - DMR
"<a href=""https://mienviro.michigan.gov/ncore/downloadpdf/3055689922791814885"">Link</a>",Cadillac MAHL.msg,Comments on revised MAHL and proposed local limits.,Industrial Pretreatment Program (IPP),3/5/2025 15:19,3.05569E+18,WRD - NPDES,Application/Request,HPV-DHMB-MCAGV,Schedule - Submit MAHL and proposed local limits
"<a href=""https://mienviro.michigan.gov/ncore/downloadpdf/7853322543497302151"">Link</a>",MI0020257_2025-01-01_to_2025-01-31_DMR.pdf,,Schedule - DMR Documents,2/10/2025 8:52,7.85332E+18,WRD - NPDES,Permit,MI0020257 v7.0,Schedule - DMR
"<a href=""https://mienviro.michigan.gov/ncore/downloadpdf/857383557715116487"">Link</a>",HQA-1Y8Z-BBRZS_v1.pdf,Submission PDF,Form Submission Attachments,1/31/2025 7:40,8.57384E+17,WRD - NPDES,Application/Request,HQA-1Y8Z-BBRZS,Schedule - PFAS POTW Effluent Monitoring Report
"<a href=""https://mienviro.michigan.gov/ncore/downloadpdf/-2878420644219278617"">Link</a>",25.01.PFOS.Pace.pdf,1/24/2025 WWTP PFAS effluent sample results,Form Submission Attachments,1/31/2025 7:39,-2.87842E+18,WRD - NPDES,Application/Request,HQA-1Y8Z-BBRZS,Schedule - PFAS POTW Effluent Monitoring Report
"<a href=""https://mienviro.michigan.gov/ncore/downloadpdf/5742473880199862701"">Link</a>",25.01.PFOS.EDD.Pace.xlsx,EDD file: 1/24/2025 WWTP PFAS effluent sample results,Form Submission Attachments,1/31/2025 7:39,5.74247E+18,WRD - NPDES,Application/Request,HQA-1Y8Z-BBRZS,Schedule - PFAS POTW Effluent Monitoring Report
"<a href=""https://mienviro.michigan.gov/ncore/downloadpdf/-536555223081369280"">Link</a>",RE_ Cadillac MAHL - December 2024.msg,Revised response on MAHL comments.,Industrial Pretreatment Program (IPP),1/24/2025 14:14,-5.36555E+17,WRD - NPDES,Application/Request,HPV-DHMB-MCAGV,Schedule - Submit MAHL and proposed local limits
"<a href=""https://mienviro.michigan.gov/ncore/downloadpdf/-8948881917471742688"">Link</a>",RE_ Cadillac MAHL revisions.msg,Comments on use of minimum removal in MAHL.,Industrial Pretreatment Program (IPP),1/21/2025 0:00,-8.94888E+18,WRD - NPDES,Application/Request,HPV-DHMB-MCAGV,Schedule - Submit MAHL and proposed local limits
"<a href=""https://mienviro.michigan.gov/ncore/downloadpdf/-2060283985167062654"">Link</a>",MI0020257_2024-12-01_to_2024-12-31_DMR.pdf,,Schedule - DMR Documents,1/16/2025 15:01,-2.06028E+18,WRD - NPDES,Permit,MI0020257 v7.0,Schedule - DMR
"<a href=""https://mienviro.michigan.gov/ncore/downloadpdf/3889729669385105688"">Link</a>",RE_ Cadillac MAHL - December 2024.msg,Response from Cadillac/F&V on comments to the Dec 2024 version of the MAHL.,Industrial Pretreatment Program (IPP),1/16/2025 0:00,3.88973E+18,WRD - NPDES,Application/Request,HPV-DHMB-MCAGV,Schedule - Submit MAHL and proposed local limits
"<a href=""https://mienviro.michigan.gov/ncore/downloadpdf/4156681419211944636"">Link</a>",HQ7-KAAW-2S9Y5_v2.pdf,Submission PDF,Form Submission Attachments,1/15/2025 10:05,4.15668E+18,WRD - NPDES,Application/Request,HQ7-KAAW-2S9Y5,Schedule - Biosolids Annual Report
"<a href=""https://mienviro.michigan.gov/ncore/downloadpdf/-6881359030424666038"">Link</a>",Digester Detention Times.pdf,nForm Document,Form Submission Attachments,1/15/2025 10:05,-6.88136E+18,WRD - NPDES,Application/Request,HQ7-KAAW-2S9Y5,Schedule - Biosolids Annual Report
"<a href=""https://mienviro.michigan.gov/ncore/downloadpdf/-4169784832648480403"">Link</a>",HQ9-MNFB-AE3ND_v1.pdf,Submission PDF,Form Submission Attachments,1/14/2025 10:34,-4.16978E+18,WRD - NPDES,Application/Request,HQ9-MNFB-AE3ND,Schedule - Biosolids PFAS Monitoring Report
"<a href=""https://mienviro.michigan.gov/ncore/downloadpdf/-3398495639330811667"">Link</a>",240401.biosolids.PFAS.Merit.PDF,nForm Document,Form Submission Attachments,1/14/2025 10:33,-3.3985E+18,WRD - NPDES,Application/Request,HQ9-MNFB-AE3ND,Schedule - Biosolids PFAS Monitoring Report
"<a href=""https://mienviro.michigan.gov/ncore/downloadpdf/1478970889339479833"">Link</a>",240716.biosolids.PFAS.Merit.PDF,nForm Document,Form Submission Attachments,1/14/2025 10:33,1.47897E+18,WRD - NPDES,Application/Request,HQ9-MNFB-AE3ND,Schedule - Biosolids PFAS Monitoring Report
"<a href=""https://mienviro.michigan.gov/ncore/downloadpdf/1500028112926484462"">Link</a>",240227.biosolids.PFAS.Merit.pdf,nForm Document,Form Submission Attachments,1/14/2025 10:33,1.50003E+18,WRD - NPDES,Application/Request,HQ9-MNFB-AE3ND,Schedule - Biosolids PFAS Monitoring Report
"<a href=""https://mienviro.michigan.gov/ncore/downloadpdf/5747460297891963847"">Link</a>",241008.biosolids.PFAS.Merit.PDF,nForm Document,Form Submission Attachments,1/14/2025 10:33,5.74746E+18,WRD - NPDES,Application/Request,HQ9-MNFB-AE3ND,Schedule - Biosolids PFAS Monitoring Report
"<a href=""https://mienviro.michigan.gov/ncore/downloadpdf/7292030081914521790"">Link</a>",Cadillac MAHL - December 2024.msg,Comments on MAHL study revision submitted December 2024.,Industrial Pretreatment Program (IPP),1/10/2025 11:02,7.29203E+18,WRD - NPDES,Application/Request,HPV-DHMB-MCAGV,Schedule - Submit MAHL and proposed local limits
"<a href=""https://mienviro.michigan.gov/ncore/downloadpdf/7862861734108588722"">Link</a>",MI0020257_2024-11-01_to_2024-11-30_DMR.pdf,,Schedule - DMR Documents,12/19/2024 14:23,7.86286E+18,WRD - NPDES,Permit,MI0020257 v7.0,Schedule - DMR
"<a href=""https://mienviro.michigan.gov/ncore/downloadpdf/-7067429303309482327"">Link</a>",854440 Cadillac MAHL Report Dec2024_Combined Final (2).pdf,Revised MAHL submitted under the incorrect schedule.,Industrial Pretreatment Program (IPP),12/16/2024 0:00,-7.06743E+18,WRD - NPDES,Application/Request,HPV-DHMB-MCAGV,Schedule - Submit MAHL and proposed local limits
"<a href=""https://mienviro.michigan.gov/ncore/downloadpdf/4861022496716362318"">Link</a>",MI0020257_2024-10-01_to_2024-10-31_DMR.pdf,,Schedule - DMR Documents,11/19/2024 11:36,4.86102E+18,WRD - NPDES,Permit,MI0020257 v7.0,Schedule - DMR
"<a href=""https://mienviro.michigan.gov/ncore/downloadpdf/2399809218499427481"">Link</a>",HQ7-KAAW-2S9Y5 v1.pdf,Submission PDF,Form Submission Attachments,10/30/2024 22:58,2.39981E+18,WRD - NPDES,Application/Request,HQ7-KAAW-2S9Y5,Schedule - Biosolids Annual Report
"<a href=""https://mienviro.michigan.gov/ncore/downloadpdf/3365756924658739394"">Link</a>",Mgt Practices Certification.doc,nForm Document,Form Submission Attachments,10/30/2024 22:57,3.36576E+18,WRD - NPDES,Application/Request,HQ7-KAAW-2S9Y5,Schedule - Biosolids Annual Report
"<a href=""https://mienviro.michigan.gov/ncore/downloadpdf/5612513914398156745"">Link</a>",230928.biosolids.pathogens.HML.pdf,nForm Document,Form Submission Attachments,10/30/2024 22:57,5.61251E+18,WRD - NPDES,Application/Request,HQ7-KAAW-2S9Y5,Schedule - Biosolids Annual Report
"<a href=""https://mienviro.michigan.gov/ncore/downloadpdf/3912111913383129866"">Link</a>",TVS & 38% Reduction 2024.xlsx,nForm Document,Form Submission Attachments,10/30/2024 22:57,3.91211E+18,WRD - NPDES,Application/Request,HQ7-KAAW-2S9Y5,Schedule - Biosolids Annual Report
"<a href=""https://mienviro.michigan.gov/ncore/downloadpdf/6377962537871703258"">Link</a>",Biosolids Land-App Ammounts 1.docx,nForm Document,Form Submission Attachments,10/30/2024 22:57,6.37796E+18,WRD - NPDES,Application/Request,HQ7-KAAW-2S9Y5,Schedule - Biosolids Annual Report
"<a href=""https://mienviro.michigan.gov/ncore/downloadpdf/6519947209063911443"">Link</a>",230928.biosolids.pathogens.HML.pdf,nForm Document,Form Submission Attachments,10/30/2024 22:57,6.51995E+18,WRD - NPDES,Application/Request,HQ7-KAAW-2S9Y5,Schedule - Biosolids Annual Report
"<a href=""https://mienviro.michigan.gov/ncore/downloadpdf/1093106499317263357"">Link</a>",Degester Temps.pdf,nForm Document,Form Submission Attachments,10/30/2024 22:57,1.09311E+18,WRD - NPDES,Application/Request,HQ7-KAAW-2S9Y5,Schedule - Biosolids Annual Report
"<a href=""https://mienviro.michigan.gov/ncore/downloadpdf/1207437932588016146"">Link</a>",Cadillac 2023 Certification.pdf,nForm Document,Form Submission Attachments,10/30/2024 22:57,1.20744E+18,WRD - NPDES,Application/Request,HQ7-KAAW-2S9Y5,Schedule - Biosolids Annual Report
"<a href=""https://mienviro.michigan.gov/ncore/downloadpdf/1016221546561089184"">Link</a>",Biosolids Lab&Hauling Sheet Fall 2023.xlsx,nForm Document,Form Submission Attachments,10/30/2024 22:57,1.01622E+18,WRD - NPDES,Application/Request,HQ7-KAAW-2S9Y5,Schedule - Biosolids Annual Report
"<a href=""https://mienviro.michigan.gov/ncore/downloadpdf/1594485611588998726"">Link</a>",Biosoilids Lab&Hauling Sheet Spring 2024.pdf,nForm Document,Form Submission Attachments,10/30/2024 22:57,1.59449E+18,WRD - NPDES,Application/Request,HQ7-KAAW-2S9Y5,Schedule - Biosolids Annual Report
"<a href=""https://mienviro.michigan.gov/ncore/downloadpdf/1817787417347902394"">Link</a>",Biosolids Lab&Hauling Sheet Fall 2023.xlsx,nForm Document,Form Submission Attachments,10/30/2024 22:57,1.81779E+18,WRD - NPDES,Application/Request,HQ7-KAAW-2S9Y5,Schedule - Biosolids Annual Report
"<a href=""https://mienviro.michigan.gov/ncore/downloadpdf/2088079526050332"">Link</a>",Biosolids Land-App Ammounts 2.docx,nForm Document,Form Submission Attachments,10/30/2024 22:57,2.08808E+15,WRD - NPDES,Application/Request,HQ7-KAAW-2S9Y5,Schedule - Biosolids Annual Report
"<a href=""https://mienviro.michigan.gov/ncore/downloadpdf/82358434522651429"">Link</a>",240401.biosolids.PFAS.Merit.PDF,nForm Document,Form Submission Attachments,10/30/2024 22:57,8.23584E+16,WRD - NPDES,Application/Request,HQ7-KAAW-2S9Y5,Schedule - Biosolids Annual Report
"<a href=""https://mienviro.michigan.gov/ncore/downloadpdf/-3041292426956319507"">Link</a>",Biosolids Land-App Ammounts Fall 2023.docx,nForm Document,Form Submission Attachments,10/30/2024 22:57,-3.04129E+18,WRD - NPDES,Application/Request,HQ7-KAAW-2S9Y5,Schedule - Biosolids Annual Report
"<a href=""https://mienviro.michigan.gov/ncore/downloadpdf/-3266222552542661633"">Link</a>",230928.biosolids.chem.PACE.RevRL.pdf,nForm Document,Form Submission Attachments,10/30/2024 22:57,-3.26622E+18,WRD - NPDES,Application/Request,HQ7-KAAW-2S9Y5,Schedule - Biosolids Annual Report
"<a href=""https://mienviro.michigan.gov/ncore/downloadpdf/-6011635340153448138"">Link</a>",TVS & 38% Reduction 2024.xlsx,nForm Document,Form Submission Attachments,10/30/2024 22:57,-6.01164E+18,WRD - NPDES,Application/Request,HQ7-KAAW-2S9Y5,Schedule - Biosolids Annual Report
"<a href=""https://mienviro.michigan.gov/ncore/downloadpdf/-5441174763107233264"">Link</a>",240401.biosolids.pathogens.HML.pdf,nForm Document,Form Submission Attachments,10/30/2024 22:57,-5.44117E+18,WRD - NPDES,Application/Request,HQ7-KAAW-2S9Y5,Schedule - Biosolids Annual Report
"<a href=""https://mienviro.michigan.gov/ncore/downloadpdf/-5360080740906900455"">Link</a>",Biosoilids Lab&Hauling Sheet Spring 2024.pdf,nForm Document,Form Submission Attachments,10/30/2024 22:57,-5.36008E+18,WRD - NPDES,Application/Request,HQ7-KAAW-2S9Y5,Schedule - Biosolids Annual Report
"<a href=""https://mienviro.michigan.gov/ncore/downloadpdf/-8364081325262992024"">Link</a>",240401.biosolids.chem.PACE.pdf,nForm Document,Form Submission Attachments,10/30/2024 22:57,-8.36408E+18,WRD - NPDES,Application/Request,HQ7-KAAW-2S9Y5,Schedule - Biosolids Annual Report
"<a href=""https://mienviro.michigan.gov/ncore/downloadpdf/-8627948806872428177"">Link</a>",240401.biosolids.pathogens.HML.pdf,nForm Document,Form Submission Attachments,10/30/2024 22:57,-8.62795E+18,WRD - NPDES,Application/Request,HQ7-KAAW-2S9Y5,Schedule - Biosolids Annual Report
"<a href=""https://mienviro.michigan.gov/ncore/downloadpdf/-8437946533852073880"">Link</a>",MI0020257_2023-10-01_to_2024-09-30_DMR.pdf,,Schedule - DMR Documents,10/30/2024 22:56,-8.43795E+18,WRD - NPDES,Permit,MI0020257 v7.0,Schedule - DMR
"<a href=""https://mienviro.michigan.gov/ncore/downloadpdf/7899524153410466852"">Link</a>",MI0020257_2024-09-01_to_2024-09-30_DMR.pdf,,Schedule - DMR Documents,10/17/2024 10:54,7.89952E+18,WRD - NPDES,Permit,MI0020257 v7.0,Schedule - DMR
"<a href=""https://mienviro.michigan.gov/ncore/downloadpdf/5278388822824581116"">Link</a>",RE_ Cadillac MAHL revisions.msg,IU Permit review comments/meeting notes - sent to Elaine Venema.,Industrial Pretreatment Program (IPP),10/9/2024 0:00,5.27839E+18,WRD - NPDES,Application/Request,HPV-DHMY-FDEJP,Schedule - Submit draft IU permits
"<a href=""https://mienviro.michigan.gov/ncore/downloadpdf/-369627156666323289"">Link</a>",IU Permit notes.msg,Comments on IU permits version 2.,Industrial Pretreatment Program (IPP),10/9/2024 0:00,-3.69627E+17,WRD - NPDES,Application/Request,HPV-DHMY-FDEJP,Schedule - Submit draft IU permits
"<a href=""https://mienviro.michigan.gov/ncore/downloadpdf/-8271012263607576939"">Link</a>",HQ7-24YS-A06A1 v1.pdf,Submission PDF,Form Submission Attachments,10/1/2024 10:53,-8.27101E+18,WRD - NPDES,Application/Request,HQ7-24YS-A06A1,Schedule - PFAS POTW Effluent Monitoring Report
"<a href=""https://mienviro.michigan.gov/ncore/downloadpdf/-4990952383601584011"">Link</a>",50381719.xlsx,nForm Document,Form Submission Attachments,10/1/2024 10:52,-4.99095E+18,WRD - NPDES,Application/Request,HQ7-24YS-A06A1,Schedule - PFAS POTW Effluent Monitoring Report
"<a href=""https://mienviro.michigan.gov/ncore/downloadpdf/395191260386625755"">Link</a>",50381719_frc.pdf,nForm Document,Form Submission Attachments,10/1/2024 10:52,3.95191E+17,WRD - NPDES,Application/Request,HQ7-24YS-A06A1,Schedule - PFAS POTW Effluent Monitoring Report
"<a href=""https://mienviro.michigan.gov/ncore/downloadpdf/1419439410428948197"">Link</a>",MI0020257_2024-08-01_to_2024-08-31_DMR.pdf,,Schedule - DMR Documents,9/17/2024 15:59,1.41944E+18,WRD - NPDES,Permit,MI0020257 v7.0,Schedule - DMR
"<a href=""https://mienviro.michigan.gov/ncore/downloadpdf/-4521792806745338433"">Link</a>",HQ6-MRKV-Q3MJJ v1.pdf,Submission PDF,Form Submission Attachments,9/14/2024 9:58,-4.52179E+18,WRD - NPDES,Application/Request,HQ6-MRKV-Q3MJJ,Schedule - Certification of Completion of Additional Monitoring Requirements
"<a href=""https://mienviro.michigan.gov/ncore/downloadpdf/-247854643893151782"">Link</a>",24.08.08.AMR.Trace.pdf,nForm Document,Form Submission Attachments,9/14/2024 9:58,-2.47855E+17,WRD - NPDES,Application/Request,HQ6-MRKV-Q3MJJ,Schedule - Certification of Completion of Additional Monitoring Requirements
"<a href=""https://mienviro.michigan.gov/ncore/downloadpdf/2563736590353480106"">Link</a>",MI0020257_2024-07-01_to_2024-07-31_DMR.pdf,,Schedule - DMR Documents,8/15/2024 14:19,2.56374E+18,WRD - NPDES,Permit,MI0020257 v7.0,Schedule - DMR
"<a href=""https://mienviro.michigan.gov/ncore/downloadpdf/8052270716262584561"">Link</a>",MI0020257_2024-06-01_to_2024-06-30_DMR.pdf,,Schedule - DMR Documents,7/19/2024 10:48,8.05227E+18,WRD - NPDES,Permit,MI0020257 v7.0,Schedule - DMR
"<a href=""https://mienviro.michigan.gov/ncore/downloadpdf/7130246730144492849"">Link</a>",MI0020257_2024-05-01_to_2024-05-31_2_DMR.pdf,,Schedule - DMR Documents,7/11/2024 13:57,7.13025E+18,WRD - NPDES,Permit,MI0020257 v7.0,Schedule - DMR
"<a href=""https://mienviro.michigan.gov/ncore/downloadpdf/-7142388875090971516"">Link</a>",HQ4-SQ4J-259F6 v3.pdf,Submission PDF,Form Submission Attachments,7/10/2024 7:13,-7.14239E+18,WRD - NPDES,Application/Request,HQ4-SQ4J-259F6,Schedule - PFAS POTW Effluent Monitoring Report
"<a href=""https://mienviro.michigan.gov/ncore/downloadpdf/6990146337876146453"">Link</a>",24.05.PFOS.EDD.Pace.xlsx,nForm Document,Form Submission Attachments,7/10/2024 7:12,6.99015E+18,WRD - NPDES,Application/Request,HQ4-SQ4J-259F6,Schedule - PFAS POTW Effluent Monitoring Report
"<a href=""https://mienviro.michigan.gov/ncore/downloadpdf/4670973250636877518"">Link</a>",HQ4-SQ4J-259F6 v2.pdf,Submission PDF,Form Submission Attachments,7/2/2024 10:53,4.67097E+18,WRD - NPDES,Application/Request,HQ4-SQ4J-259F6,Schedule - PFAS POTW Effluent Monitoring Report
"<a href=""https://mienviro.michigan.gov/ncore/downloadpdf/5544170528469842000"">Link</a>",HQ4-SQ4J-259F6 v1.pdf,Submission PDF,Form Submission Attachments,7/1/2024 6:50,5.54417E+18,WRD - NPDES,Application/Request,HQ4-SQ4J-259F6,Schedule - PFAS POTW Effluent Monitoring Report
"<a href=""https://mienviro.michigan.gov/ncore/downloadpdf/-1499921416533827855"">Link</a>",50374521_frc.pdf,nForm Document,Form Submission Attachments,7/1/2024 6:49,-1.49992E+18,WRD - NPDES,Application/Request,HQ4-SQ4J-259F6,Schedule - PFAS POTW Effluent Monitoring Report
"<a href=""https://mienviro.michigan.gov/ncore/downloadpdf/1513680993316561227"">Link</a>",MI0020257_2024-05-01_to_2024-05-31_DMR.pdf,,Schedule - DMR Documents,6/20/2024 10:50,1.51368E+18,WRD - NPDES,Permit,MI0020257 v7.0,Schedule - DMR
"<a href=""https://mienviro.michigan.gov/ncore/downloadpdf/-7872674955440036361"">Link</a>",RE_ IPP Program Manual.msg,Extension request and approval for due date to submit the IPP program manual.,Industrial Pretreatment Program (IPP),6/17/2024 8:52,-7.87267E+18,WRD - NPDES,Compliance Action,VN-012230,Violation Notice
"<a href=""https://mienviro.michigan.gov/ncore/downloadpdf/3873970634705685549"">Link</a>",HPS-A3KN-2FH30 v3.pdf,Submission PDF,Form Submission Attachments,6/14/2024 15:23,3.87397E+18,WRD - NPDES,Application/Request,HPS-A3KN-2FH30,Schedule - Michigan Industrial Pretreatment Program (IPP) Annual Report
"<a href=""https://mienviro.michigan.gov/ncore/downloadpdf/-3078907644679546253"">Link</a>",HQ2-3J17-F59S4 v2.pdf,Submission PDF,Form Submission Attachments,6/14/2024 15:23,-3.07891E+18,WRD - NPDES,Application/Request,HQ2-3J17-F59S4,Schedule - Michigan Industrial Pretreatment Program (IPP) Annual Report
"<a href=""https://mienviro.michigan.gov/ncore/downloadpdf/1975340473533412745"">Link</a>",RE_ Time delay for IPP information.msg,"Extension request and approval for SUO, IPP manual, and revised IU permits.",Industrial Pretreatment Program (IPP),5/30/2024 15:37,1.97534E+18,WRD - NPDES,Compliance Action,VN-012230,Violation Notice
"<a href=""https://mienviro.michigan.gov/ncore/downloadpdf/597291886414484474"">Link</a>",MI0020257_2024-04-01_to_2024-04-30_DMR.pdf,,Schedule - DMR Documents,5/15/2024 11:46,5.97292E+17,WRD - NPDES,Permit,MI0020257 v7.0,Schedule - DMR
"<a href=""https://mienviro.michigan.gov/ncore/downloadpdf/6728668410666358695"">Link</a>",2024 Recon Report.docx,,Inspection Report,4/24/2024 11:10,6.72867E+18,WRD - NPDES,Evaluation,E-PN651347951074,NPDES Recon (04/10/2024)
"<a href=""https://mienviro.michigan.gov/ncore/downloadpdf/8653999699327277742"">Link</a>",MI0020257_2024-03-01_to_2024-03-31_DMR.pdf,,Schedule - DMR Documents,4/17/2024 10:47,8.654E+18,WRD - NPDES,Permit,MI0020257 v7.0,Schedule - DMR
"<a href=""https://mienviro.michigan.gov/ncore/downloadpdf/-1920710798673030611"">Link</a>",IPP Annual Report.msg,Comments on IPP Annual Report.,Industrial Pretreatment Program (IPP),4/10/2024 10:45,-1.92071E+18,WRD - NPDES,Application/Request,HQ2-3J17-F59S4,Schedule - Michigan Industrial Pretreatment Program (IPP) Annual Report
"<a href=""https://mienviro.michigan.gov/ncore/downloadpdf/2761365522297909421"">Link</a>",RE_ IPP Revision extension.msg,Extension approval.,Industrial Pretreatment Program (IPP),4/4/2024 14:54,2.76137E+18,WRD - NPDES,Compliance Action,VN-012230,Violation Notice
"<a href=""https://mienviro.michigan.gov/ncore/downloadpdf/-5361236644085330885"">Link</a>",IPP Revision extension.msg,Extension of due date request.,Industrial Pretreatment Program (IPP),4/4/2024 14:02,-5.36124E+18,WRD - NPDES,Compliance Action,VN-012230,Violation Notice
"<a href=""https://mienviro.michigan.gov/ncore/downloadpdf/-7911758323516852438"">Link</a>",Cadillac WWTP IPP.msg,Reminder of missed submission date.,Industrial Pretreatment Program (IPP),4/4/2024 14:01,-7.91176E+18,WRD - NPDES,Compliance Action,VN-012230,Violation Notice
"<a href=""https://mienviro.michigan.gov/ncore/downloadpdf/-8451675010957020339"">Link</a>",MI0020257_2024-02-01_to_2024-02-29_DMR.pdf,,Schedule - DMR Documents,3/19/2024 11:12,-8.45168E+18,WRD - NPDES,Permit,MI0020257 v7.0,Schedule - DMR
"<a href=""https://mienviro.michigan.gov/ncore/downloadpdf/-2941727261432326363"">Link</a>",HQ2-3J17-F59S4 v1.pdf,Submission PDF,Form Submission Attachments,3/14/2024 14:35,-2.94173E+18,WRD - NPDES,Application/Request,HQ2-3J17-F59S4,Schedule - Michigan Industrial Pretreatment Program (IPP) Annual Report
"<a href=""https://mienviro.michigan.gov/ncore/downloadpdf/-3620922242050658812"">Link</a>",FW_ Box advertisment.msg,nForm Document,Form Submission Attachments,3/14/2024 14:34,-3.62092E+18,WRD - NPDES,Application/Request,HQ2-3J17-F59S4,Schedule - Michigan Industrial Pretreatment Program (IPP) Annual Report
"<a href=""https://mienviro.michigan.gov/ncore/downloadpdf/-4388086132233008333"">Link</a>",SIU CIU List 2023.xlsx,nForm Document,Form Submission Attachments,3/14/2024 14:34,-4.38809E+18,WRD - NPDES,Application/Request,HQ2-3J17-F59S4,Schedule - Michigan Industrial Pretreatment Program (IPP) Annual Report
"<a href=""https://mienviro.michigan.gov/ncore/downloadpdf/-2161533198352051130"">Link</a>",Cadillac POTW Oversight 2023.xlsx,nForm Document,Form Submission Attachments,3/14/2024 14:34,-2.16153E+18,WRD - NPDES,Application/Request,HQ2-3J17-F59S4,Schedule - Michigan Industrial Pretreatment Program (IPP) Annual Report
"<a href=""https://mienviro.michigan.gov/ncore/downloadpdf/287067914951903330"">Link</a>",POTW Monitoring Data Summary 2023.xlsx,nForm Document,Form Submission Attachments,3/14/2024 14:34,2.87068E+17,WRD - NPDES,Application/Request,HQ2-3J17-F59S4,Schedule - Michigan Industrial Pretreatment Program (IPP) Annual Report
"<a href=""https://mienviro.michigan.gov/ncore/downloadpdf/-6270738930326041252"">Link</a>",Public Notice of IPP Violation 2023.pdf,nForm Document,Form Submission Attachments,3/14/2024 14:34,-6.27074E+18,WRD - NPDES,Application/Request,HQ2-3J17-F59S4,Schedule - Michigan Industrial Pretreatment Program (IPP) Annual Report
"<a href=""https://mienviro.michigan.gov/ncore/downloadpdf/-4840329572969354378"">Link</a>",HPS-A3KN-2FH30 v2.pdf,Submission PDF,Form Submission Attachments,3/14/2024 12:01,-4.84033E+18,WRD - NPDES,Application/Request,HPS-A3KN-2FH30,Schedule - Michigan Industrial Pretreatment Program (IPP) Annual Report
"<a href=""https://mienviro.michigan.gov/ncore/downloadpdf/-7896215355329695707"">Link</a>",MI0020257_2024-01-01_to_2024-01-31_2_DMR.pdf,,Schedule - DMR Documents,2/28/2024 11:54,-7.89622E+18,WRD - NPDES,Permit,MI0020257 v7.0,Schedule - DMR
"<a href=""https://mienviro.michigan.gov/ncore/downloadpdf/-8946453493866835799"">Link</a>",HQ1-1PD1-TAM4K v1.pdf,Submission PDF,Form Submission Attachments,2/28/2024 10:08,-8.94645E+18,WRD - NPDES,Application/Request,HQ1-1PD1-TAM4K,Schedule - PFAS POTW Effluent Monitoring Report
"<a href=""https://mienviro.michigan.gov/ncore/downloadpdf/113876732928915668"">Link</a>",24.01.PFOS.Pace.pdf,nForm Document,Form Submission Attachments,2/28/2024 10:07,1.13877E+17,WRD - NPDES,Application/Request,HQ1-1PD1-TAM4K,Schedule - PFAS POTW Effluent Monitoring Report
"<a href=""https://mienviro.michigan.gov/ncore/downloadpdf/-4582637983325779571"">Link</a>",MI0020257_2024-01-01_to_2024-01-31_DMR.pdf,,Schedule - DMR Documents,2/23/2024 14:20,-4.58264E+18,WRD - NPDES,Permit,MI0020257 v7.0,Schedule - DMR
"<a href=""https://mienviro.michigan.gov/ncore/downloadpdf/2890800664751381439"">Link</a>",2024-01-22 Follow-up to VN-012230 IPP Procedures Manual Mod - City of Cadillac.pdf,,"Water Quality VNs, SVNs, ENs",1/22/2024 10:13,2.8908E+18,WRD - NPDES,Compliance Action,VN-012230,Violation Notice
"<a href=""https://mienviro.michigan.gov/ncore/downloadpdf/-7671114250576559038"">Link</a>",MI0020257_2023-12-01_to_2023-12-31_DMR.pdf,,Schedule - DMR Documents,1/18/2024 8:03,-7.67111E+18,WRD - NPDES,Permit,MI0020257 v6.0,Schedule - DMR
"<a href=""https://mienviro.michigan.gov/ncore/downloadpdf/1575329048286160499"">Link</a>",City of Cadillac December DMR .msg,Notification of violation on December DMR,NPDES Misc. Site Docs,1/17/2024 0:00,1.57533E+18,n/a,Site,15637,Site
"<a href=""https://mienviro.michigan.gov/ncore/downloadpdf/-1717711465238624689"">Link</a>",RE_ EGLE WRD Notification of 2024 Biosolids Containing PFAS Interim Strategy - Important Update.msg,Response to 2024 RMP modification notification.,Misc Site Docs,1/4/2024 14:36,-1.71771E+18,n/a,Site,15637,Site
"<a href=""https://mienviro.michigan.gov/ncore/downloadpdf/2384776969229054939"">Link</a>",2024 PFAS RMP Modification Cadillac WWTP.pdf,2024 RMP modification letter,Misc Site Docs,1/2/2024 11:23,2.38478E+18,n/a,Site,15637,Site
"<a href=""https://mienviro.michigan.gov/ncore/downloadpdf/3311213816207012155"">Link</a>",EGLE WRD Notification of 2024 Biosolids Containing PFAS Interim Strategy - Important Update.msg,2024 RMP modification email,Misc Site Docs,1/2/2024 11:23,3.31121E+18,n/a,Site,15637,Site
"<a href=""https://mienviro.michigan.gov/ncore/downloadpdf/-5932251857499979435"">Link</a>",HQ0-715X-88YTN v1.pdf,Submission PDF,Form Submission Attachments,12/27/2023 14:36,-5.93225E+18,WRD - NPDES,Application/Request,HQ0-715X-88YTN,Schedule - PFAS POTW Effluent Monitoring Report
"<a href=""https://mienviro.michigan.gov/ncore/downloadpdf/-5715032538938355155"">Link</a>",23.04.Eff.PFAS.PACEalpha.pdf,nForm Document,Form Submission Attachments,12/27/2023 14:35,-5.71503E+18,WRD - NPDES,Application/Request,HQ0-715X-88YTN,Schedule - PFAS POTW Effluent Monitoring Report
"<a href=""https://mienviro.michigan.gov/ncore/downloadpdf/4818593718558488586"">Link</a>",23.10.Eff.PFAS.PACE.pdf,nForm Document,Form Submission Attachments,12/27/2023 14:35,4.81859E+18,WRD - NPDES,Application/Request,HQ0-715X-88YTN,Schedule - PFAS POTW Effluent Monitoring Report
"<a href=""https://mienviro.michigan.gov/ncore/downloadpdf/706798892213849649"">Link</a>",20231220073633.pdf,Cadillac WWTP Biosolids RMP,NPDES Biosolids Site Docs,12/20/2023 9:07,7.06799E+17,n/a,Site,15637,Site
"<a href=""https://mienviro.michigan.gov/ncore/downloadpdf/-6153695210689889833"">Link</a>",MI0020257_2023-11-01_to_2023-11-30_DMR.pdf,,Schedule - DMR Documents,12/19/2023 9:54,-6.1537E+18,WRD - NPDES,Permit,MI0020257 v6.0,Schedule - DMR
"<a href=""https://mienviro.michigan.gov/ncore/downloadpdf/-8417291737125858667"">Link</a>",IP Issuance Letter_Cadillac WWTP.msg,,Misc. NPDES Permit Docs,12/6/2023 13:15,-8.41729E+18,WRD - NPDES,Permit,MI0020257 v7.0,NPDES Individual Permit
"<a href=""https://mienviro.michigan.gov/ncore/downloadpdf/3424349290255103354"">Link</a>",MI0020257_2023-10-01_to_2023-10-31_DMR.pdf,,Schedule - DMR Documents,11/15/2023 16:59,3.42435E+18,WRD - NPDES,Permit,MI0020257 v6.0,Schedule - DMR
"<a href=""https://mienviro.michigan.gov/ncore/downloadpdf/-2807753579069029758"">Link</a>",QA QC Report_Cadillac WWTP.docx,,Misc. NPDES Permit Docs,11/13/2023 10:01,-2.80775E+18,WRD - NPDES,Permit,MI0020257 v7.0,NPDES Individual Permit
"<a href=""https://mienviro.michigan.gov/ncore/downloadpdf/-5340921174317880270"">Link</a>",RE Cadillac WWTP NH4 Treatment Capacity.msg,,Misc. NPDES Permit Docs,11/9/2023 14:53,-5.34092E+18,WRD - NPDES,Permit,MI0020257 v7.0,NPDES Individual Permit
"<a href=""https://mienviro.michigan.gov/ncore/downloadpdf/-3886276640963097788"">Link</a>",HPY-PZSD-5P4KK v1.pdf,Submission PDF,Form Submission Attachments,10/30/2023 15:25,-3.88628E+18,WRD - NPDES,Application/Request,HPY-PZSD-5P4KK,Schedule - Biosolids Annual Report
"<a href=""https://mienviro.michigan.gov/ncore/downloadpdf/-5094807491365226409"">Link</a>",220908.biosolids.HML.pdf,nForm Document,Form Submission Attachments,10/30/2023 15:24,-5.09481E+18,WRD - NPDES,Application/Request,HPY-PZSD-5P4KK,Schedule - Biosolids Annual Report
"<a href=""https://mienviro.michigan.gov/ncore/downloadpdf/-5819914351835707910"">Link</a>",220308.PFAS.biosolids.Eurofins.pdf,nForm Document,Form Submission Attachments,10/30/2023 15:24,-5.81991E+18,WRD - NPDES,Application/Request,HPY-PZSD-5P4KK,Schedule - Biosolids Annual Report
"<a href=""https://mienviro.michigan.gov/ncore/downloadpdf/-160333847240832666"">Link</a>",230413.biosolids.PACE.pdf,nForm Document,Form Submission Attachments,10/30/2023 15:24,-1.60334E+17,WRD - NPDES,Application/Request,HPY-PZSD-5P4KK,Schedule - Biosolids Annual Report
"<a href=""https://mienviro.michigan.gov/ncore/downloadpdf/-1962674721861553142"">Link</a>",TVS & 38% Reduction 2023.xlsx,nForm Document,Form Submission Attachments,10/30/2023 15:24,-1.96267E+18,WRD - NPDES,Application/Request,HPY-PZSD-5P4KK,Schedule - Biosolids Annual Report
"<a href=""https://mienviro.michigan.gov/ncore/downloadpdf/4645414317850651588"">Link</a>",230413.biosolids.pathogens.HML.pdf,nForm Document,Form Submission Attachments,10/30/2023 15:24,4.64541E+18,WRD - NPDES,Application/Request,HPY-PZSD-5P4KK,Schedule - Biosolids Annual Report
"<a href=""https://mienviro.michigan.gov/ncore/downloadpdf/5524288719980718474"">Link</a>",Biosolids Land-App Ammounts Spring 2023.docx,nForm Document,Form Submission Attachments,10/30/2023 15:24,5.52429E+18,WRD - NPDES,Application/Request,HPY-PZSD-5P4KK,Schedule - Biosolids Annual Report
"<a href=""https://mienviro.michigan.gov/ncore/downloadpdf/3062463628357687507"">Link</a>",Cadillac 2023 Certification.pdf,nForm Document,Form Submission Attachments,10/30/2023 15:24,3.06246E+18,WRD - NPDES,Application/Request,HPY-PZSD-5P4KK,Schedule - Biosolids Annual Report
"<a href=""https://mienviro.michigan.gov/ncore/downloadpdf/3295667852876068635"">Link</a>",220922.biosolids.wHg.PACE.pdf,nForm Document,Form Submission Attachments,10/30/2023 15:24,3.29567E+18,WRD - NPDES,Application/Request,HPY-PZSD-5P4KK,Schedule - Biosolids Annual Report
"<a href=""https://mienviro.michigan.gov/ncore/downloadpdf/2043208135530013588"">Link</a>",220908.biosolids.HML.pdf,nForm Document,Form Submission Attachments,10/30/2023 15:24,2.04321E+18,WRD - NPDES,Application/Request,HPY-PZSD-5P4KK,Schedule - Biosolids Annual Report
"<a href=""https://mienviro.michigan.gov/ncore/downloadpdf/2155700982656304587"">Link</a>",Biosoilids Lab&Hauling Data Fall 22.pdf,nForm Document,Form Submission Attachments,10/30/2023 15:24,2.1557E+18,WRD - NPDES,Application/Request,HPY-PZSD-5P4KK,Schedule - Biosolids Annual Report
"<a href=""https://mienviro.michigan.gov/ncore/downloadpdf/2881992229410529896"">Link</a>",wrd-biosolids-land-application-Fall 2022.docx,nForm Document,Form Submission Attachments,10/30/2023 15:24,2.88199E+18,WRD - NPDES,Application/Request,HPY-PZSD-5P4KK,Schedule - Biosolids Annual Report
"<a href=""https://mienviro.michigan.gov/ncore/downloadpdf/2889346767375100617"">Link</a>",220908.biosolids.PACE(1).pdf,nForm Document,Form Submission Attachments,10/30/2023 15:24,2.88935E+18,WRD - NPDES,Application/Request,HPY-PZSD-5P4KK,Schedule - Biosolids Annual Report
"<a href=""https://mienviro.michigan.gov/ncore/downloadpdf/-6451230067817997181"">Link</a>",230413.biosolids.pathogens.HML.pdf,nForm Document,Form Submission Attachments,10/30/2023 15:24,-6.45123E+18,WRD - NPDES,Application/Request,HPY-PZSD-5P4KK,Schedule - Biosolids Annual Report
"<a href=""https://mienviro.michigan.gov/ncore/downloadpdf/-6824609228541828470"">Link</a>",TVS & 38% Reduction 2023.xlsx,nForm Document,Form Submission Attachments,10/30/2023 15:24,-6.82461E+18,WRD - NPDES,Application/Request,HPY-PZSD-5P4KK,Schedule - Biosolids Annual Report
"<a href=""https://mienviro.michigan.gov/ncore/downloadpdf/-8569167833142375104"">Link</a>",Lab&Hauling Data Spring 2023.pdf,nForm Document,Form Submission Attachments,10/30/2023 15:24,-8.56917E+18,WRD - NPDES,Application/Request,HPY-PZSD-5P4KK,Schedule - Biosolids Annual Report
"<a href=""https://mienviro.michigan.gov/ncore/downloadpdf/-7497999519749080906"">Link</a>",230413.biosolids.PFAS.Eurofins.pdf,nForm Document,Form Submission Attachments,10/30/2023 15:24,-7.498E+18,WRD - NPDES,Application/Request,HPY-PZSD-5P4KK,Schedule - Biosolids Annual Report
"<a href=""https://mienviro.michigan.gov/ncore/downloadpdf/-5425218218864500363"">Link</a>",MI0020257_2022-10-01_to_2023-09-30_DMR.pdf,,Schedule - DMR Documents,10/30/2023 15:22,-5.42522E+18,WRD - NPDES,Permit,MI0020257 v6.0,Schedule - DMR
"<a href=""https://mienviro.michigan.gov/ncore/downloadpdf/-4136545451102060813"">Link</a>",MI0020257_2023-09-01_to_2023-09-30_DMR.pdf,,Schedule - DMR Documents,10/18/2023 10:01,-4.13655E+18,WRD - NPDES,Permit,MI0020257 v6.0,Schedule - DMR
"<a href=""https://mienviro.michigan.gov/ncore/downloadpdf/8376801999318758889"">Link</a>",Public Notice Verification_Cadillac WWTP.msg,,Misc. NPDES Permit Docs,10/10/2023 7:59,8.3768E+18,WRD - NPDES,Permit,MI0020257 v7.0,NPDES Individual Permit
"<a href=""https://mienviro.michigan.gov/ncore/downloadpdf/-6211174137511669758"">Link</a>",Public Notice Notification_Cadillac WWTP.msg,,Misc. NPDES Permit Docs,10/9/2023 8:29,-6.21117E+18,WRD - NPDES,Permit,MI0020257 v7.0,NPDES Individual Permit
"<a href=""https://mienviro.michigan.gov/ncore/downloadpdf/7705666445379538630"">Link</a>",RE Cadillac WWTP - Asset Management.msg,,Misc. NPDES Permit Docs,10/5/2023 13:39,7.70567E+18,WRD - NPDES,Permit,MI0020257 v7.0,NPDES Individual Permit
"<a href=""https://mienviro.michigan.gov/ncore/downloadpdf/2497047599243435925"">Link</a>",FW Ammonia Implementation - FY23 Facility Information_Cadillac WWTP.msg,,Misc. NPDES Permit Docs,10/5/2023 13:36,2.49705E+18,WRD - NPDES,Permit,MI0020257 v7.0,NPDES Individual Permit
"<a href=""https://mienviro.michigan.gov/ncore/downloadpdf/2370249937544737160"">Link</a>",Pre-Public Notice Comments and Response-Third Round_Cadillac WWTP.msg,,Misc. NPDES Permit Docs,10/5/2023 13:36,2.37025E+18,WRD - NPDES,Permit,MI0020257 v7.0,NPDES Individual Permit
"<a href=""https://mienviro.michigan.gov/ncore/downloadpdf/6252796811904198433"">Link</a>",FW Preliminary City of Cadillac Comments on New Draft NPDES permit - Additional Monitoring.msg,,Misc. NPDES Permit Docs,10/5/2023 13:36,6.2528E+18,WRD - NPDES,Permit,MI0020257 v7.0,NPDES Individual Permit
"<a href=""https://mienviro.michigan.gov/ncore/downloadpdf/-7629441400464847672"">Link</a>",Pre-Public Notice Comments and Response-Fourth Round_Cadillac WWTP.msg,,Misc. NPDES Permit Docs,10/5/2023 13:36,-7.62944E+18,WRD - NPDES,Permit,MI0020257 v7.0,NPDES Individual Permit
"<a href=""https://mienviro.michigan.gov/ncore/downloadpdf/-8291667399128555217"">Link</a>",Pre-Public Notice Comments and Response-First Round_Cadillac WWTP.msg,,Misc. NPDES Permit Docs,10/5/2023 13:36,-8.29167E+18,WRD - NPDES,Permit,MI0020257 v7.0,NPDES Individual Permit
"<a href=""https://mienviro.michigan.gov/ncore/downloadpdf/-5468174260920066034"">Link</a>",Fwd Cadillac - Preliminary Pre-Public Notice Discussion Items.msg,,Misc. NPDES Permit Docs,10/5/2023 13:36,-5.46817E+18,WRD - NPDES,Permit,MI0020257 v7.0,NPDES Individual Permit
"<a href=""https://mienviro.michigan.gov/ncore/downloadpdf/600965222148005642"">Link</a>",Pre-Public Notice Comments and Response-Second Round_Cadillac WWTP.msg,,Misc. NPDES Permit Docs,10/5/2023 13:36,6.00965E+17,WRD - NPDES,Permit,MI0020257 v7.0,NPDES Individual Permit
"<a href=""https://mienviro.michigan.gov/ncore/downloadpdf/9048110131299513037"">Link</a>",RE Cadillac WWTP - Facility Upgrade History.msg,,Misc. Application and Request Docs,10/5/2023 13:36,9.04811E+18,WRD - NPDES,Application/Request,HPG-1ZSF-KC99G,Permit Change - National Pollutant Discharge Elimination System (NPDES) Municipal Application Form (Reissuance)
"<a href=""https://mienviro.michigan.gov/ncore/downloadpdf/-3005959437642101164"">Link</a>",RE Cadillac WWTP Application Review - IPP.msg,,Misc. Application and Request Docs,10/5/2023 13:36,-3.00596E+18,WRD - NPDES,Application/Request,HPG-1ZSF-KC99G,Permit Change - National Pollutant Discharge Elimination System (NPDES) Municipal Application Form (Reissuance)
"<a href=""https://mienviro.michigan.gov/ncore/downloadpdf/-825643718394833452"">Link</a>",Public Notice Letter_Cadillac WWTP.msg,,Misc. NPDES Permit Docs,10/5/2023 9:28,-8.25644E+17,WRD - NPDES,Permit,MI0020257 v7.0,NPDES Individual Permit
"<a href=""https://mienviro.michigan.gov/ncore/downloadpdf/5993948840787884044"">Link</a>",NPDES Permit-DRAFT for Public Notice_Cadillac WWTP.pdf,,Misc. NPDES Permit Docs,10/5/2023 9:16,5.99395E+18,WRD - NPDES,Permit,MI0020257 v7.0,NPDES Individual Permit
"<a href=""https://mienviro.michigan.gov/ncore/downloadpdf/6907198657668915430"">Link</a>",Basis for Decision Memo-DRAFT for Public Notice_Cadillac WWTP.pdf,,Misc. NPDES Permit Docs,10/5/2023 9:16,6.9072E+18,WRD - NPDES,Permit,MI0020257 v7.0,NPDES Individual Permit
"<a href=""https://mienviro.michigan.gov/ncore/downloadpdf/658827487378612350"">Link</a>",2023-10-03 NPDES IPP Modification Submittal - Cadillac WWTP.pdf,,Industrial Pretreatment Program (IPP),10/3/2023 14:28,6.58827E+17,WRD - NPDES,Application/Request,HPV-DHMB-MCAGV,Schedule - Submit MAHL and proposed local limits
"<a href=""https://mienviro.michigan.gov/ncore/downloadpdf/-4688409677041119888"">Link</a>",854440 Cadillac MAHL Report 2023_comments_CLL.pdf,,Industrial Pretreatment Program (IPP),10/2/2023 12:56,-4.68841E+18,WRD - NPDES,Application/Request,HPV-DHMB-MCAGV,Schedule - Submit MAHL and proposed local limits
"<a href=""https://mienviro.michigan.gov/ncore/downloadpdf/-7665686165939302867"">Link</a>",Cadillac WWTP  July 10 2023 Inspection Transmit 092923.msg,,NPDES Majors and Minors Evaluation,9/29/2023 12:13,-7.66569E+18,WRD - NPDES,Evaluation,E-11682,NPDES CSI-Conventionals Only (07/10/2023)
"<a href=""https://mienviro.michigan.gov/ncore/downloadpdf/-4700055520337929844"">Link</a>",MI0020257_2023-08-01_to_2023-08-31_DMR.pdf,,Schedule - DMR Documents,9/19/2023 16:13,-4.70006E+18,WRD - NPDES,Permit,MI0020257 v6.0,Schedule - DMR
"<a href=""https://mienviro.michigan.gov/ncore/downloadpdf/3176009271693558800"">Link</a>",2023 Cadillac WWTP CSI Final Sampling Report 082223.pdf,,NPDES Majors and Minors Evaluation,8/22/2023 0:00,3.17601E+18,WRD - NPDES,Evaluation,E-11682,NPDES CSI-Conventionals Only (07/10/2023)
"<a href=""https://mienviro.michigan.gov/ncore/downloadpdf/-6276326128858613540"">Link</a>",MI0020257_2023-07-01_to_2023-07-31_DMR.pdf,,Schedule - DMR Documents,8/15/2023 17:09,-6.27633E+18,WRD - NPDES,Permit,MI0020257 v6.0,Schedule - DMR
"<a href=""https://mienviro.michigan.gov/ncore/downloadpdf/-1172770483702568257"">Link</a>",IPP modification 812023.pdf,,Industrial Pretreatment Program (IPP),8/1/2023 13:47,-1.17277E+18,WRD - NPDES,Compliance Action,VN-012230,Violation Notice
"<a href=""https://mienviro.michigan.gov/ncore/downloadpdf/-1408874561353041047"">Link</a>",WQBELBiologistFactSheet_MI0020257_PFOS_08-01-2023.doc,Updated WQBEL review for PFOS.,Misc. Permit Docs,8/1/2023 8:51,-1.40887E+18,WRD - NPDES,Permit,MI0020257 v7.0,NPDES Individual Permit
"<a href=""https://mienviro.michigan.gov/ncore/downloadpdf/1195067454859372668"">Link</a>",Preliminary Effluent Limits (PEL)_MI0020257_Outfall 001_PFAS_08-01-2023.xls,,Misc. Permit Docs,8/1/2023 7:20,1.19507E+18,WRD - NPDES,Permit,MI0020257 v7.0,NPDES Individual Permit
"<a href=""https://mienviro.michigan.gov/ncore/downloadpdf/6467084543884516640"">Link</a>",Pre-Public Notice Letter_Cadillac WWTP.msg,,Misc. NPDES Permit Docs,7/27/2023 7:28,6.46708E+18,WRD - NPDES,Permit,MI0020257 v7.0,NPDES Individual Permit
"<a href=""https://mienviro.michigan.gov/ncore/downloadpdf/-5546649233492118689"">Link</a>",HPS-NR5G-MY95T v2.pdf,Submission PDF,Form Submission Attachments,7/18/2023 17:05,-5.54665E+18,WRD - NPDES,Application/Request,HPS-NR5G-MY95T,Permit Change - No Exposure Certification (NEC) Renewal for Exclusion of Coverage under the NPDES Stormwater Discharges Associated with Industrial Activity
"<a href=""https://mienviro.michigan.gov/ncore/downloadpdf/8493033564372153818"">Link</a>",MI0020257_2023-06-01_to_2023-06-30_DMR.pdf,,Schedule - DMR Documents,7/18/2023 17:03,8.49303E+18,WRD - NPDES,Permit,MI0020257 v6.0,Schedule - DMR
"<a href=""https://mienviro.michigan.gov/ncore/downloadpdf/-7988070970922691434"">Link</a>",Cadillac WWTP Jul 2023 WRD CSI Inspection Form 071023.pdf,,NPDES Majors and Minors Evaluation,7/10/2023 0:00,-7.98807E+18,WRD - NPDES,Evaluation,E-11682,NPDES CSI-Conventionals Only (07/10/2023)
"<a href=""https://mienviro.michigan.gov/ncore/downloadpdf/-6680653334060657986"">Link</a>",Public Notice Document_Cadillac WWTP.docx,,NPDES Individual Permit,6/29/2023 13:53,-6.68065E+18,WRD - NPDES,Permit,MI0020257 v7.0,NPDES Individual Permit
"<a href=""https://mienviro.michigan.gov/ncore/downloadpdf/848804122887967375"">Link</a>",MI0020257_2023-05-01_to_2023-05-31_DMR.pdf,,Schedule - DMR Documents,6/15/2023 15:21,8.48804E+17,WRD - NPDES,Permit,MI0020257 v6.0,Schedule - DMR
"<a href=""https://mienviro.michigan.gov/ncore/downloadpdf/-5466261733930014819"">Link</a>",Cadillac WWTP 2023 SFS 061223.docx,,Misc. NPDES Evaluation Docs,6/12/2023 16:31,-5.46626E+18,WRD - NPDES,Evaluation,E-11682,NPDES CSI-Conventionals Only (07/10/2023)
"<a href=""https://mienviro.michigan.gov/ncore/downloadpdf/3372222984602268546"">Link</a>",2023-6-12 RE_ Cadillac IPP follow up.msg,Email to City of Cadillac and consultant regarding failure to submit expected response/,"Water Quality VNs, SVNs, ENs",6/12/2023 8:53,3.37222E+18,WRD - NPDES,Compliance Action,VN-012230,Violation Notice
"<a href=""https://mienviro.michigan.gov/ncore/downloadpdf/4352999731468470130"">Link</a>",2023-06-12 RE_ Cadillac IPP follow up.msg,POTW response - late submittal.,Industrial Pretreatment Program (IPP),6/12/2023 0:00,4.353E+18,WRD - NPDES,Compliance Action,VN-012230,Violation Notice
"<a href=""https://mienviro.michigan.gov/ncore/downloadpdf/-9073857214908716294"">Link</a>",HPV-1RCJ-X06GE v1.pdf,Submission PDF,Form Submission Attachments,5/31/2023 7:10,-9.07386E+18,WRD - NPDES,Application/Request,HPV-1RCJ-X06GE,Schedule - PFAS POTW Effluent Monitoring Report
"<a href=""https://mienviro.michigan.gov/ncore/downloadpdf/-8387245820521192173"">Link</a>",23.04.Eff.PFAS.PACEalpha.pdf,nForm Document,Form Submission Attachments,5/31/2023 7:09,-8.38725E+18,WRD - NPDES,Application/Request,HPV-1RCJ-X06GE,Schedule - PFAS POTW Effluent Monitoring Report
"<a href=""https://mienviro.michigan.gov/ncore/downloadpdf/2087007105066150606"">Link</a>",MI0020257_2023-04-01_to_2023-04-30_DMR.pdf,,Schedule - DMR Documents,5/18/2023 14:44,2.08701E+18,WRD - NPDES,Permit,MI0020257 v6.0,Schedule - DMR
"<a href=""https://mienviro.michigan.gov/ncore/downloadpdf/-2349539817018783904"">Link</a>",2023-04-27 SVN-01351 Cadillac WWTP.pdf,,"Water Quality VNs, SVNs, ENs",4/27/2023 9:46,-2.34954E+18,WRD - NPDES,Compliance Action,SVN-01351,Second Violation Notice
"<a href=""https://mienviro.michigan.gov/ncore/downloadpdf/-4803265575480304473"">Link</a>",Fact Sheet for NPDES Permit_Cadillac WWTP.docx,,NPDES Individual Permit,4/27/2023 7:28,-4.80327E+18,WRD - NPDES,Permit,MI0020257 v7.0,NPDES Individual Permit
"<a href=""https://mienviro.michigan.gov/ncore/downloadpdf/3328442549855357227"">Link</a>",NPDES Permit-FINAL_Cadillac WWTP.docx,,NPDES Individual Permit,4/25/2023 12:04,3.32844E+18,WRD - NPDES,Permit,MI0020257 v7.0,NPDES Individual Permit
"<a href=""https://mienviro.michigan.gov/ncore/downloadpdf/-1676672740964083188"">Link</a>",Basis for Decision Memo-FINAL_Cadillac WWTP.docx,,NPDES Individual Permit,4/24/2023 13:05,-1.67667E+18,WRD - NPDES,Permit,MI0020257 v7.0,NPDES Individual Permit
"<a href=""https://mienviro.michigan.gov/ncore/downloadpdf/7751947053449677155"">Link</a>",MI0020257_2023-03-01_to_2023-03-31_DMR.pdf,,Schedule - DMR Documents,4/20/2023 13:47,7.75195E+18,WRD - NPDES,Permit,MI0020257 v6.0,Schedule - DMR
"<a href=""https://mienviro.michigan.gov/ncore/downloadpdf/-3895171563158295781"">Link</a>",HPG-1ZNB-Y56ZQ v3.pdf v3,Submission PDF,Misc. Application and Request Docs,4/20/2023 13:45,-3.89517E+18,WRD - NPDES,Application/Request,HPG-1ZNB-Y56ZQ,Schedule - Michigan Industrial Pretreatment Program (IPP) Annual Report
"<a href=""https://mienviro.michigan.gov/ncore/downloadpdf/5869492236756434666"">Link</a>",SIU-CIU_List 2022.xlsx,nForm Document,Form Submission Attachments,4/20/2023 13:43,5.86949E+18,WRD - NPDES,Application/Request,HPG-1ZNB-Y56ZQ,Schedule - Michigan Industrial Pretreatment Program (IPP) Annual Report
"<a href=""https://mienviro.michigan.gov/ncore/downloadpdf/2369463525612990207"">Link</a>",Application Compliance Comments Memo - NPDES.docx,,Misc. NPDES Permit Docs,4/18/2023 14:13,2.36946E+18,WRD - NPDES,Permit,MI0020257 v7.0,NPDES Individual Permit
"<a href=""https://mienviro.michigan.gov/ncore/downloadpdf/-7396306740027901357"">Link</a>",HPS-A3KN-2FH30 v1.pdf v1,Submission PDF,Misc. Application and Request Docs,4/10/2023 16:50,-7.39631E+18,WRD - NPDES,Application/Request,HPS-A3KN-2FH30,Schedule - Michigan Industrial Pretreatment Program (IPP) Annual Report
"<a href=""https://mienviro.michigan.gov/ncore/downloadpdf/-7854015285679267528"">Link</a>",SIU-CIU_List 2022.xlsx,nForm Document,Form Submission Attachments,4/10/2023 16:45,-7.85402E+18,WRD - NPDES,Application/Request,HPS-A3KN-2FH30,Schedule - Michigan Industrial Pretreatment Program (IPP) Annual Report
"<a href=""https://mienviro.michigan.gov/ncore/downloadpdf/-4325347701521375082"">Link</a>",IPP 2022 News.pdf,nForm Document,Form Submission Attachments,4/10/2023 16:45,-4.32535E+18,WRD - NPDES,Application/Request,HPS-A3KN-2FH30,Schedule - Michigan Industrial Pretreatment Program (IPP) Annual Report
"<a href=""https://mienviro.michigan.gov/ncore/downloadpdf/628790507374549505"">Link</a>",POTW_Monitoring_Data_Summary 2022.xlsx,nForm Document,Form Submission Attachments,4/10/2023 16:45,6.28791E+17,WRD - NPDES,Application/Request,HPS-A3KN-2FH30,Schedule - Michigan Industrial Pretreatment Program (IPP) Annual Report
"<a href=""https://mienviro.michigan.gov/ncore/downloadpdf/6846973406582359"">Link</a>",IPP News Affidavit 2023.pdf,nForm Document,Form Submission Attachments,4/10/2023 16:45,6.84697E+15,WRD - NPDES,Application/Request,HPS-A3KN-2FH30,Schedule - Michigan Industrial Pretreatment Program (IPP) Annual Report
"<a href=""https://mienviro.michigan.gov/ncore/downloadpdf/900324230421960658"">Link</a>",Copy of Copy of Cadillac_POTW_Oversight 2022.xlsx,nForm Document,Form Submission Attachments,4/10/2023 16:45,9.00324E+17,WRD - NPDES,Application/Request,HPS-A3KN-2FH30,Schedule - Michigan Industrial Pretreatment Program (IPP) Annual Report
"<a href=""https://mienviro.michigan.gov/ncore/downloadpdf/6580583183333019148"">Link</a>",2023-03-21 RE_ Cadillac IPP follow up.msg,Extension request approved.,Industrial Pretreatment Program (IPP),3/21/2023 16:49,6.58058E+18,WRD - NPDES,Compliance Action,VN-012230,Violation Notice
"<a href=""https://mienviro.michigan.gov/ncore/downloadpdf/5689250136172512254"">Link</a>",2023-03-21 RE_ Cadillac IPP follow up.msg,Extension request for IPP revisions.,Industrial Pretreatment Program (IPP),3/21/2023 16:12,5.68925E+18,WRD - NPDES,Compliance Action,VN-012230,Violation Notice
"<a href=""https://mienviro.michigan.gov/ncore/downloadpdf/5848440851923005277"">Link</a>",Cadillac IPP follow up.msg,Request for further extension on IPP submissions.,Industrial Pretreatment Program (IPP),3/17/2023 0:00,5.84844E+18,WRD - NPDES,Compliance Action,VN-012230,Violation Notice
"<a href=""https://mienviro.michigan.gov/ncore/downloadpdf/-6731272644299148160"">Link</a>",MI0020257_2023-02-01_to_2023-02-28_DMR.pdf,,Schedule - DMR Documents,3/15/2023 10:45,-6.73127E+18,WRD - NPDES,Permit,MI0020257 v6.0,Schedule - DMR
"<a href=""https://mienviro.michigan.gov/ncore/downloadpdf/6784107865186182958"">Link</a>",2023-03-07 Categorical IU Assessment Request - Cadillac WWTP.pdf,,Industrial Pretreatment Program (IPP),3/7/2023 14:32,6.78411E+18,n/a,Site,15637,Site
"<a href=""https://mienviro.michigan.gov/ncore/downloadpdf/5945261452330875896"">Link</a>",2023-03-03-Cadillac Casting Categorical determination.docx,,Industrial Pretreatment Program (IPP),3/3/2023 0:00,5.94526E+18,n/a,Site,15637,Site
"<a href=""https://mienviro.michigan.gov/ncore/downloadpdf/2550046888663328517"">Link</a>",HPR-V2MX-EVFMF v1.pdf v1,Submission PDF,Misc. Application and Request Docs,3/2/2023 7:05,2.55005E+18,WRD - NPDES,Application/Request,HPR-V2MX-EVFMF,Schedule - Pollutant Minimization Program (PMP) Annual Report
"<a href=""https://mienviro.michigan.gov/ncore/downloadpdf/5005199782516719822"">Link</a>",220922.biosolids.wHg.PACE.pdf,nForm Document,Form Submission Attachments,3/2/2023 7:03,5.0052E+18,WRD - NPDES,Application/Request,HPR-V2MX-EVFMF,Schedule - Pollutant Minimization Program (PMP) Annual Report
"<a href=""https://mienviro.michigan.gov/ncore/downloadpdf/4645671508185599697"">Link</a>",List of Potential Mercury Sources 2022.doc,nForm Document,Form Submission Attachments,3/2/2023 7:03,4.64567E+18,WRD - NPDES,Application/Request,HPR-V2MX-EVFMF,Schedule - Pollutant Minimization Program (PMP) Annual Report
"<a href=""https://mienviro.michigan.gov/ncore/downloadpdf/4481898124785245370"">Link</a>",220308.biosolids.PACE.pdf,nForm Document,Form Submission Attachments,3/2/2023 7:03,4.4819E+18,WRD - NPDES,Application/Request,HPR-V2MX-EVFMF,Schedule - Pollutant Minimization Program (PMP) Annual Report
"<a href=""https://mienviro.michigan.gov/ncore/downloadpdf/-4876625107941421488"">Link</a>",22.01.Inf.Eff.LLHg.Pace.pdf,nForm Document,Form Submission Attachments,3/2/2023 7:03,-4.87663E+18,WRD - NPDES,Application/Request,HPR-V2MX-EVFMF,Schedule - Pollutant Minimization Program (PMP) Annual Report
"<a href=""https://mienviro.michigan.gov/ncore/downloadpdf/-5502699534190531294"">Link</a>",22.10.Inf.Eff.LLHg.Pace.pdf,nForm Document,Form Submission Attachments,3/2/2023 7:03,-5.5027E+18,WRD - NPDES,Application/Request,HPR-V2MX-EVFMF,Schedule - Pollutant Minimization Program (PMP) Annual Report
"<a href=""https://mienviro.michigan.gov/ncore/downloadpdf/-8432930753741426596"">Link</a>",22.07.Inf.Eff.LLHg.Pace.pdf,nForm Document,Form Submission Attachments,3/2/2023 7:03,-8.43293E+18,WRD - NPDES,Application/Request,HPR-V2MX-EVFMF,Schedule - Pollutant Minimization Program (PMP) Annual Report
"<a href=""https://mienviro.michigan.gov/ncore/downloadpdf/-6341729527407241338"">Link</a>",22.04.Inf.Eff.LLHg.Pace.pdf,nForm Document,Form Submission Attachments,3/2/2023 7:03,-6.34173E+18,WRD - NPDES,Application/Request,HPR-V2MX-EVFMF,Schedule - Pollutant Minimization Program (PMP) Annual Report
"<a href=""https://mienviro.michigan.gov/ncore/downloadpdf/4930666656990348064"">Link</a>",Categorical determination - Cadillac casting flow diagram.msg,Flow diagram plus email chain between EGLE and Cadillac Casting,Industrial Pretreatment Program (IPP),2/24/2023 0:00,4.93067E+18,n/a,Site,15637,Site
"<a href=""https://mienviro.michigan.gov/ncore/downloadpdf/-8099930221942787423"">Link</a>",MI0020257_2023-01-01_to_2023-01-31_DMR.pdf,,Schedule - DMR Documents,2/14/2023 10:09,-8.09993E+18,WRD - NPDES,Permit,MI0020257 v6.0,Schedule - DMR
"<a href=""https://mienviro.michigan.gov/ncore/downloadpdf/-8646920525963922439"">Link</a>",Biosolids CPLR 21N08W30-AB01.xls,,NPDES Submittal Docs,2/1/2023 8:32,-8.64692E+18,WRD - NPDES,Application/Request,HPN-5DCS-H4WTR,Schedule - Biosolids Annual Report
,Biosolids CPLR 21N09W27-WR01.xls,,NPDES Submittal Docs,2/1/2023 8:32,1.81329E+18,WRD - NPDES,Application/Request,HPN-5DCS-H4WTR,Schedule - Biosolids Annual Report
,Biosolids CPLR 21N08W30-AB02.xls,,NPDES Submittal Docs,2/1/2023 8:32,-1.97175E+18,WRD - NPDES,Application/Request,HPN-5DCS-H4WTR,Schedule - Biosolids Annual Report
,Biosolids CPLR 21N08W30-AB03.xls,,NPDES Submittal Docs,2/1/2023 8:32,-1.67581E+17,WRD - NPDES,Application/Request,HPN-5DCS-H4WTR,Schedule - Biosolids Annual Report
,Biosolids CPLR 21N09W27-JR01.xls,,NPDES Submittal Docs,2/1/2023 8:32,5.41612E+18,WRD - NPDES,Application/Request,HPN-5DCS-H4WTR,Schedule - Biosolids Annual Report
,Biosolids CPLR 21N08W30-AB04.xls,,NPDES Submittal Docs,2/1/2023 8:32,3.05534E+18,WRD - NPDES,Application/Request,HPN-5DCS-H4WTR,Schedule - Biosolids Annual Report
,Biosolids CPLR 20N09W06-DI01.xls,,NPDES Submittal Docs,2/1/2023 8:32,7.93493E+18,WRD - NPDES,Application/Request,HPN-5DCS-H4WTR,Schedule - Biosolids Annual Report
"<a href=""https://mienviro.michigan.gov/ncore/downloadpdf/2291773997099292855"">Link</a>",Categorical determination - Cadillac casting email chain discussing processes .msg,"Email chain w/requested information provided by Cadillac Casting, internal discussion followed regarding information",Industrial Pretreatment Program (IPP),1/30/2023 0:00,2.29177E+18,n/a,Site,15637,Site
"<a href=""https://mienviro.michigan.gov/ncore/downloadpdf/-2539768404401797754"">Link</a>",2023-01-27 RE_ Timeframe.msg,Extension approval for MAHL/local limits and IPP Program updates.,Industrial Pretreatment Program (IPP),1/27/2023 11:34,-2.53977E+18,WRD - NPDES,Compliance Action,VN-012230,Violation Notice
"<a href=""https://mienviro.michigan.gov/ncore/downloadpdf/7397616175680015486"">Link</a>",Categorical determination - Cadillac casting.msg,Categorical Determination info request from EGLE to Cadillac Casting,Industrial Pretreatment Program (IPP),1/27/2023 0:00,7.39762E+18,n/a,Site,15637,Site
"<a href=""https://mienviro.michigan.gov/ncore/downloadpdf/-1501875472525095997"">Link</a>",HPG-1ZNB-Y56ZQ v2.pdf v2,Submission PDF,Misc. Application and Request Docs,1/26/2023 13:40,-1.50188E+18,WRD - NPDES,Application/Request,HPG-1ZNB-Y56ZQ,Schedule - Michigan Industrial Pretreatment Program (IPP) Annual Report
"<a href=""https://mienviro.michigan.gov/ncore/downloadpdf/-3261503517011531799"">Link</a>",HPN-5DCS-H4WTR v2.pdf v2,Submission PDF,Misc. Application and Request Docs,1/26/2023 13:40,-3.2615E+18,WRD - NPDES,Application/Request,HPN-5DCS-H4WTR,Schedule - Biosolids Annual Report
"<a href=""https://mienviro.michigan.gov/ncore/downloadpdf/-5073065224517371865"">Link</a>",Biosolids Dry Tons Calc Spring 2022.xls,nForm Document,Form Submission Attachments,1/26/2023 13:35,-5.07307E+18,WRD - NPDES,Application/Request,HPN-5DCS-H4WTR,Schedule - Biosolids Annual Report
,Biosolids Dry Tons Calc Fall 2021.xls,nForm Document,Form Submission Attachments,1/26/2023 13:35,-5.331E+18,WRD - NPDES,Application/Request,HPN-5DCS-H4WTR,Schedule - Biosolids Annual Report
"<a href=""https://mienviro.michigan.gov/ncore/downloadpdf/8551113993498243935"">Link</a>",2022 Spring Lab Data.pdf,nForm Document,Form Submission Attachments,1/26/2023 13:35,8.55111E+18,WRD - NPDES,Application/Request,HPN-5DCS-H4WTR,Schedule - Biosolids Annual Report
"<a href=""https://mienviro.michigan.gov/ncore/downloadpdf/5778351404021667404"">Link</a>",Copy of SIU-CIU_List comments Revised.xlsx,nForm Document,Form Submission Attachments,1/26/2023 13:35,5.77835E+18,WRD - NPDES,Application/Request,HPG-1ZNB-Y56ZQ,Schedule - Michigan Industrial Pretreatment Program (IPP) Annual Report
"<a href=""https://mienviro.michigan.gov/ncore/downloadpdf/-2502405131923357677"">Link</a>",Copy of Copy of Cadillac_POTW_Oversight_comments Revised.xlsx,nForm Document,Form Submission Attachments,1/26/2023 13:35,-2.50241E+18,WRD - NPDES,Application/Request,HPG-1ZNB-Y56ZQ,Schedule - Michigan Industrial Pretreatment Program (IPP) Annual Report
"<a href=""https://mienviro.michigan.gov/ncore/downloadpdf/-7866177930338727791"">Link</a>",Copy of Cadillac_POTW_Monitoring_Data_Summary_comments.xlsx,nForm Document,Form Submission Attachments,1/26/2023 13:35,-7.86618E+18,WRD - NPDES,Application/Request,HPG-1ZNB-Y56ZQ,Schedule - Michigan Industrial Pretreatment Program (IPP) Annual Report
"<a href=""https://mienviro.michigan.gov/ncore/downloadpdf/2784982293074044526"">Link</a>",2023-01-26FW_ Timeframe.msg,Proposed schedule for requested extension on response to IPP program updates.,Industrial Pretreatment Program (IPP),1/26/2023 0:00,2.78498E+18,WRD - NPDES,Application/Request,HPQ-9V73-V8DQD,Schedule - Submit MAHL Report and Proposed Local Limits
"<a href=""https://mienviro.michigan.gov/ncore/downloadpdf/-5222364171687714003"">Link</a>",MI0020257_2022-12-01_to_2022-12-31_DMR.pdf,,Schedule - DMR Documents,1/19/2023 11:29,-5.22236E+18,WRD - NPDES,Permit,MI0020257 v6.0,Schedule - DMR
"<a href=""https://mienviro.michigan.gov/ncore/downloadpdf/4932616064872093542"">Link</a>",Cadillac WWTP Pretreatment MAHL.msg,"Correspondence with Jeff Dietlin, City of Cadillac DPW Director, regarding extension of response date for MAHL and IPP Program updates.",Industrial Pretreatment Program (IPP),1/17/2023 14:42,4.93262E+18,WRD - NPDES,Application/Request,HPQ-9V73-V8DQD,Schedule - Submit MAHL Report and Proposed Local Limits
"<a href=""https://mienviro.michigan.gov/ncore/downloadpdf/7493418984917684481"">Link</a>",MI0020257_2022-11-01_to_2022-11-30_DMR.pdf,,Schedule - DMR Documents,12/14/2022 13:55,7.49342E+18,WRD - NPDES,Permit,MI0020257 v6.0,Schedule - DMR
"<a href=""https://mienviro.michigan.gov/ncore/downloadpdf/-6727498971597060316"">Link</a>",PLANT SEWER LINES.pdf,Categorical determination for Cadillac Casting - Sewer Lines document,Industrial Pretreatment Program (IPP),12/5/2022 0:00,-6.7275E+18,n/a,Site,15637,Site
"<a href=""https://mienviro.michigan.gov/ncore/downloadpdf/-4629405798728367349"">Link</a>",FW_ Categorical determination _  CCI plant map with sewer drain lines.msg,Categorical determination for Cadillac Casting request with Plant Sewer Lines attached.,Industrial Pretreatment Program (IPP),12/5/2022 0:00,-4.62941E+18,n/a,Site,15637,Site
"<a href=""https://mienviro.michigan.gov/ncore/downloadpdf/-5544698014196752694"">Link</a>",RE_ Categorical determination _  CCI plant map with sewer drain lines.msg,Revised CCI discharge diagram,Industrial Pretreatment Program (IPP),12/5/2022 0:00,-5.5447E+18,WRD - NPDES,Application/Request,HPP-2KMC-JBEZV,Schedule - Submit information as requested
"<a href=""https://mienviro.michigan.gov/ncore/downloadpdf/-4079014274836137113"">Link</a>",PLANT SEWER LINES.pdf,Document submitted by Erik Olson of Cadillac Casting Inc. showing facility sewer lines.,Industrial Pretreatment Program (IPP),11/30/2022 15:48,-4.07901E+18,WRD - NPDES,Application/Request,HPP-2KMC-JBEZV,Schedule - Submit information as requested
"<a href=""https://mienviro.michigan.gov/ncore/downloadpdf/8779469031468916456"">Link</a>",2022-11-30RE_ Categorical determination _  CCI plant map with sewer drain lines.msg,Request for further information to Cadillac Casting regarding flow diagram.,Industrial Pretreatment Program (IPP),11/30/2022 15:48,8.77947E+18,WRD - NPDES,Application/Request,HPP-2KMC-JBEZV,Schedule - Submit information as requested
"<a href=""https://mienviro.michigan.gov/ncore/downloadpdf/-4226573320530097253"">Link</a>",RE_ Categorical determination meeting_phone call.msg,Follow up email to 11-22-22 meeting requesting facility flow diagram.,Industrial Pretreatment Program (IPP),11/28/2022 14:49,-4.22657E+18,WRD - NPDES,Application/Request,HPP-2KMC-JBEZV,Schedule - Submit information as requested
"<a href=""https://mienviro.michigan.gov/ncore/downloadpdf/-5376236809626939578"">Link</a>",Cadillac Casting Meeting 11-22-22.docx,,Industrial Pretreatment Program (IPP),11/22/2022 17:19,-5.37624E+18,WRD - NPDES,Application/Request,HPP-2KMC-JBEZV,Schedule - Submit information as requested
"<a href=""https://mienviro.michigan.gov/ncore/downloadpdf/-310938013515273317"">Link</a>",Cadillac Casting Meeting 11-22-22.docx,Claire Lowe meeting notes with Cadillac Casting. Information updated on 11/30/22.,Industrial Pretreatment Program (IPP),11/22/2022 0:00,-3.10938E+17,n/a,Site,15637,Site
"<a href=""https://mienviro.michigan.gov/ncore/downloadpdf/9118183799075284971"">Link</a>",MI0020257_2022-10-01_to_2022-10-31_DMR.pdf,,Schedule - DMR Documents,11/9/2022 11:26,9.11818E+18,WRD - NPDES,Permit,MI0020257 v6.0,Schedule - DMR
"<a href=""https://mienviro.michigan.gov/ncore/downloadpdf/6871345741167251834"">Link</a>",HPP-2914-8S45C V1.pdf v1,Submission PDF,Misc. Application and Request Docs,11/9/2022 7:15,6.87135E+18,WRD - NPDES,Application/Request,HPP-2914-8S45C,Schedule - PFAS POTW Effluent Monitoring Report
"<a href=""https://mienviro.michigan.gov/ncore/downloadpdf/3335842116132403673"">Link</a>",22.10.Eff.PFAS.Fibertec.pdf,nForm Document,Form Submission Attachments,11/9/2022 7:13,3.33584E+18,WRD - NPDES,Application/Request,HPP-2914-8S45C,Schedule - PFAS POTW Effluent Monitoring Report
"<a href=""https://mienviro.michigan.gov/ncore/downloadpdf/1665759284824618102"">Link</a>",22.10.Eff.PFASedd.Fibertec.xls,nForm Document,Form Submission Attachments,11/9/2022 7:13,1.66576E+18,WRD - NPDES,Application/Request,HPP-2914-8S45C,Schedule - PFAS POTW Effluent Monitoring Report
"<a href=""https://mienviro.michigan.gov/ncore/downloadpdf/638679157423204646"">Link</a>",22.04.Eff.PFAS.Fibertec.pdf,nForm Document,Form Submission Attachments,11/9/2022 7:13,6.38679E+17,WRD - NPDES,Application/Request,HPP-2914-8S45C,Schedule - PFAS POTW Effluent Monitoring Report
"<a href=""https://mienviro.michigan.gov/ncore/downloadpdf/-6065102162656990709"">Link</a>",22.04.Eff.PFASedd.Fibertec.xls,nForm Document,Form Submission Attachments,11/9/2022 7:13,-6.0651E+18,WRD - NPDES,Application/Request,HPP-2914-8S45C,Schedule - PFAS POTW Effluent Monitoring Report
"<a href=""https://mienviro.michigan.gov/ncore/downloadpdf/3508116555321248913"">Link</a>",MI0020257_2022-05-01_to_2022-05-31_2_DMR.pdf,,Schedule - DMR Documents,11/8/2022 11:53,3.50812E+18,WRD - NPDES,Permit,MI0020257 v6.0,Schedule - DMR
"<a href=""https://mienviro.michigan.gov/ncore/downloadpdf/-5590290295023868628"">Link</a>",MI0020257_2022-04-01_to_2022-04-30_2_DMR.pdf,,Schedule - DMR Documents,11/8/2022 11:52,-5.59029E+18,WRD - NPDES,Permit,MI0020257 v6.0,Schedule - DMR
"<a href=""https://mienviro.michigan.gov/ncore/downloadpdf/6698643745379527068"">Link</a>",HPN-5DCS-H4WTR V1.pdf v1,Submission PDF,Misc. Application and Request Docs,10/28/2022 16:25,6.69864E+18,WRD - NPDES,Application/Request,HPN-5DCS-H4WTR,Schedule - Biosolids Annual Report
"<a href=""https://mienviro.michigan.gov/ncore/downloadpdf/-4786289552379418815"">Link</a>",MI0020257_2021-10-01_to_2022-09-30_DMR.pdf,,Schedule - DMR Documents,10/28/2022 16:22,-4.78629E+18,WRD - NPDES,Permit,MI0020257 v6.0,Schedule - DMR
"<a href=""https://mienviro.michigan.gov/ncore/downloadpdf/6744959516118720964"">Link</a>",Cadillac preops_11-21-21.pdf,nForm Document,Form Submission Attachments,10/28/2022 16:22,6.74496E+18,WRD - NPDES,Application/Request,HPN-5DCS-H4WTR,Schedule - Biosolids Annual Report
"<a href=""https://mienviro.michigan.gov/ncore/downloadpdf/6156821384679455800"">Link</a>",21N08W30-AB01.pdf,nForm Document,Form Submission Attachments,10/28/2022 16:22,6.15682E+18,WRD - NPDES,Application/Request,HPN-5DCS-H4WTR,Schedule - Biosolids Annual Report
"<a href=""https://mienviro.michigan.gov/ncore/downloadpdf/6160475526321207014"">Link</a>",2021 Fall Biosolids Pace.pdf,nForm Document,Form Submission Attachments,10/28/2022 16:22,6.16048E+18,WRD - NPDES,Application/Request,HPN-5DCS-H4WTR,Schedule - Biosolids Annual Report
"<a href=""https://mienviro.michigan.gov/ncore/downloadpdf/6872046597324017931"">Link</a>",20N09W06-DI01.pdf,nForm Document,Form Submission Attachments,10/28/2022 16:22,6.87205E+18,WRD - NPDES,Application/Request,HPN-5DCS-H4WTR,Schedule - Biosolids Annual Report
"<a href=""https://mienviro.michigan.gov/ncore/downloadpdf/6981536826753546736"">Link</a>",21N09W25-AB01.pdf,nForm Document,Form Submission Attachments,10/28/2022 16:22,6.98154E+18,WRD - NPDES,Application/Request,HPN-5DCS-H4WTR,Schedule - Biosolids Annual Report
"<a href=""https://mienviro.michigan.gov/ncore/downloadpdf/8790880448839423536"">Link</a>",220308.biosolids.HML.pdf,nForm Document,Form Submission Attachments,10/28/2022 16:22,8.79088E+18,WRD - NPDES,Application/Request,HPN-5DCS-H4WTR,Schedule - Biosolids Annual Report
"<a href=""https://mienviro.michigan.gov/ncore/downloadpdf/3713988856787110245"">Link</a>",210902.biosolids.HML.pdf,nForm Document,Form Submission Attachments,10/28/2022 16:22,3.71399E+18,WRD - NPDES,Application/Request,HPN-5DCS-H4WTR,Schedule - Biosolids Annual Report
"<a href=""https://mienviro.michigan.gov/ncore/downloadpdf/2472874066259310211"">Link</a>",220308.biosolids.PACE.pdf,nForm Document,Form Submission Attachments,10/28/2022 16:22,2.47287E+18,WRD - NPDES,Application/Request,HPN-5DCS-H4WTR,Schedule - Biosolids Annual Report
"<a href=""https://mienviro.michigan.gov/ncore/downloadpdf/2613312278168314069"">Link</a>",Fall 21 Lab Data.pdf,nForm Document,Form Submission Attachments,10/28/2022 16:22,2.61331E+18,WRD - NPDES,Application/Request,HPN-5DCS-H4WTR,Schedule - Biosolids Annual Report
"<a href=""https://mienviro.michigan.gov/ncore/downloadpdf/2074112032347207439"">Link</a>",21N08W30-AB03.pdf,nForm Document,Form Submission Attachments,10/28/2022 16:22,2.07411E+18,WRD - NPDES,Application/Request,HPN-5DCS-H4WTR,Schedule - Biosolids Annual Report
"<a href=""https://mienviro.michigan.gov/ncore/downloadpdf/2301115461688554716"">Link</a>",Cadillac Haul Summary.pdf,nForm Document,Form Submission Attachments,10/28/2022 16:22,2.30112E+18,WRD - NPDES,Application/Request,HPN-5DCS-H4WTR,Schedule - Biosolids Annual Report
"<a href=""https://mienviro.michigan.gov/ncore/downloadpdf/4512040073876093266"">Link</a>",TVS & 38% Reduction 2022.xlsx,nForm Document,Form Submission Attachments,10/28/2022 16:22,4.51204E+18,WRD - NPDES,Application/Request,HPN-5DCS-H4WTR,Schedule - Biosolids Annual Report
"<a href=""https://mienviro.michigan.gov/ncore/downloadpdf/5340983926300339030"">Link</a>",220308.PFAS.biosolids.Eurofins.pdf,nForm Document,Form Submission Attachments,10/28/2022 16:22,5.34098E+18,WRD - NPDES,Application/Request,HPN-5DCS-H4WTR,Schedule - Biosolids Annual Report
"<a href=""https://mienviro.michigan.gov/ncore/downloadpdf/359721079694276642"">Link</a>",Digester Temps..pdf,nForm Document,Form Submission Attachments,10/28/2022 16:22,3.59721E+17,WRD - NPDES,Application/Request,HPN-5DCS-H4WTR,Schedule - Biosolids Annual Report
"<a href=""https://mienviro.michigan.gov/ncore/downloadpdf/1052343698472846740"">Link</a>",2021 Alan Benson 30-04.pdf,nForm Document,Form Submission Attachments,10/28/2022 16:22,1.05234E+18,WRD - NPDES,Application/Request,HPN-5DCS-H4WTR,Schedule - Biosolids Annual Report
"<a href=""https://mienviro.michigan.gov/ncore/downloadpdf/-2557511827589635905"">Link</a>",21N08W30-AB04.pdf,nForm Document,Form Submission Attachments,10/28/2022 16:22,-2.55751E+18,WRD - NPDES,Application/Request,HPN-5DCS-H4WTR,Schedule - Biosolids Annual Report
"<a href=""https://mienviro.michigan.gov/ncore/downloadpdf/-1522915370808729294"">Link</a>",Fall 21 Lab Data.pdf,nForm Document,Form Submission Attachments,10/28/2022 16:22,-1.52292E+18,WRD - NPDES,Application/Request,HPN-5DCS-H4WTR,Schedule - Biosolids Annual Report
"<a href=""https://mienviro.michigan.gov/ncore/downloadpdf/-656960315240919665"">Link</a>",21N08W30-AB04.pdf,nForm Document,Form Submission Attachments,10/28/2022 16:22,-6.5696E+17,WRD - NPDES,Application/Request,HPN-5DCS-H4WTR,Schedule - Biosolids Annual Report
"<a href=""https://mienviro.michigan.gov/ncore/downloadpdf/-5444812538118836760"">Link</a>",Re_ 2021 Biosolids PFAS Lab Report.msg,nForm Document,Form Submission Attachments,10/28/2022 16:22,-5.44481E+18,WRD - NPDES,Application/Request,HPN-5DCS-H4WTR,Schedule - Biosolids Annual Report
"<a href=""https://mienviro.michigan.gov/ncore/downloadpdf/-5069295854585408995"">Link</a>",21N09W27-JR01.pdf,nForm Document,Form Submission Attachments,10/28/2022 16:22,-5.0693E+18,WRD - NPDES,Application/Request,HPN-5DCS-H4WTR,Schedule - Biosolids Annual Report
"<a href=""https://mienviro.michigan.gov/ncore/downloadpdf/-5711808560365142314"">Link</a>",2021 Alan Benson 30-02.pdf,nForm Document,Form Submission Attachments,10/28/2022 16:22,-5.71181E+18,WRD - NPDES,Application/Request,HPN-5DCS-H4WTR,Schedule - Biosolids Annual Report
"<a href=""https://mienviro.michigan.gov/ncore/downloadpdf/-5893730427306446665"">Link</a>",21N08W30-AB02.pdf,nForm Document,Form Submission Attachments,10/28/2022 16:22,-5.89373E+18,WRD - NPDES,Application/Request,HPN-5DCS-H4WTR,Schedule - Biosolids Annual Report
"<a href=""https://mienviro.michigan.gov/ncore/downloadpdf/-4723721513289652420"">Link</a>",2021 Alan Benson 30-03.pdf,nForm Document,Form Submission Attachments,10/28/2022 16:22,-4.72372E+18,WRD - NPDES,Application/Request,HPN-5DCS-H4WTR,Schedule - Biosolids Annual Report
"<a href=""https://mienviro.michigan.gov/ncore/downloadpdf/-4298928221021636283"">Link</a>",2022 Spring Lab Data.pdf,nForm Document,Form Submission Attachments,10/28/2022 16:22,-4.29893E+18,WRD - NPDES,Application/Request,HPN-5DCS-H4WTR,Schedule - Biosolids Annual Report
"<a href=""https://mienviro.michigan.gov/ncore/downloadpdf/-3834514761618804079"">Link</a>",2021 Alan Benson 30-01.pdf,nForm Document,Form Submission Attachments,10/28/2022 16:22,-3.83451E+18,WRD - NPDES,Application/Request,HPN-5DCS-H4WTR,Schedule - Biosolids Annual Report
"<a href=""https://mienviro.michigan.gov/ncore/downloadpdf/-3748991011777642818"">Link</a>",220308.biosolids.HML.pdf,nForm Document,Form Submission Attachments,10/28/2022 16:22,-3.74899E+18,WRD - NPDES,Application/Request,HPN-5DCS-H4WTR,Schedule - Biosolids Annual Report
"<a href=""https://mienviro.michigan.gov/ncore/downloadpdf/-3379215731425773250"">Link</a>",21N09W27-WR01.pdf,nForm Document,Form Submission Attachments,10/28/2022 16:22,-3.37922E+18,WRD - NPDES,Application/Request,HPN-5DCS-H4WTR,Schedule - Biosolids Annual Report
"<a href=""https://mienviro.michigan.gov/ncore/downloadpdf/-6794089825706926283"">Link</a>",220328.Metals.biosolids.PACE.pdf,nForm Document,Form Submission Attachments,10/28/2022 16:22,-6.79409E+18,WRD - NPDES,Application/Request,HPN-5DCS-H4WTR,Schedule - Biosolids Annual Report
"<a href=""https://mienviro.michigan.gov/ncore/downloadpdf/-7558384777916551667"">Link</a>",HML Fall Biosolids.pdf,nForm Document,Form Submission Attachments,10/28/2022 16:22,-7.55838E+18,WRD - NPDES,Application/Request,HPN-5DCS-H4WTR,Schedule - Biosolids Annual Report
"<a href=""https://mienviro.michigan.gov/ncore/downloadpdf/-9167866091439106840"">Link</a>",Cadillac 2022 Land Ap Certification.pdf,nForm Document,Form Submission Attachments,10/28/2022 16:22,-9.16787E+18,WRD - NPDES,Application/Request,HPN-5DCS-H4WTR,Schedule - Biosolids Annual Report
"<a href=""https://mienviro.michigan.gov/ncore/downloadpdf/-8614765146536661066"">Link</a>",Soil Test Reports - Spring 2022.pdf,nForm Document,Form Submission Attachments,10/28/2022 16:22,-8.61477E+18,WRD - NPDES,Application/Request,HPN-5DCS-H4WTR,Schedule - Biosolids Annual Report
"<a href=""https://mienviro.michigan.gov/ncore/downloadpdf/-2483047203526071080"">Link</a>",MI0020257_2022-09-01_to_2022-09-30_DMR.pdf,,Schedule - DMR Documents,10/19/2022 16:50,-2.48305E+18,WRD - NPDES,Permit,MI0020257 v6.0,Schedule - DMR
"<a href=""https://mienviro.michigan.gov/ncore/downloadpdf/-3253706086432660697"">Link</a>",WQBELBiologistReview_MI0020257_10-17-2022.doc,WQBEL Biologist Recommendations Memo,Misc. Permit Docs,10/17/2022 11:22,-3.25371E+18,WRD - NPDES,Permit,MI0020257 v7.0,NPDES Individual Permit
"<a href=""https://mienviro.michigan.gov/ncore/downloadpdf/5271549274279379575"">Link</a>",WQBELBiologistFactSheet_MI0020257_10-17-2022.pdf,WQBEL Biologist Recommendations Fact/Decision & PEL Sheets,Misc. Permit Docs,10/17/2022 11:21,5.27155E+18,WRD - NPDES,Permit,MI0020257 v7.0,NPDES Individual Permit
"<a href=""https://mienviro.michigan.gov/ncore/downloadpdf/-2695911669999007694"">Link</a>",ConvWQBEL_CadillacWWTP_HaringTwpWWTP_23.docx,Conventional WQBEL Review - Cadillac WWTP and Haring Twp WWTP WLA,Misc. NPDES Permit Docs,10/6/2022 13:12,-2.69591E+18,WRD - NPDES,Permit,MI0020257 v7.0,NPDES Individual Permit
"<a href=""https://mienviro.michigan.gov/ncore/downloadpdf/4402276834753335923"">Link</a>",Cadillac WWTP MI0020257 2022 CEI Transmittal and CC004335 093022.msg,,NPDES Majors and Minors Evaluation,9/30/2022 9:34,4.40228E+18,WRD - NPDES,Evaluation,E-NCAY-4M8R-FG93,NPDES Compliance Evaluation Inspection (CEI) (09/27/2022)
"<a href=""https://mienviro.michigan.gov/ncore/downloadpdf/913622558951974305"">Link</a>",Cadillac WWTP NPDES 2022 CEI Photos 092722.docx,,NPDES Majors and Minors Evaluation,9/29/2022 19:55,9.13623E+17,WRD - NPDES,Evaluation,E-NCAY-4M8R-FG93,NPDES Compliance Evaluation Inspection (CEI) (09/27/2022)
"<a href=""https://mienviro.michigan.gov/ncore/downloadpdf/9109382976863389692"">Link</a>",Cadillac WWTP MI 0020257 CEI Report 092722.docx,,Inspection Report,9/29/2022 19:29,9.10938E+18,WRD - NPDES,Evaluation,E-NCAY-4M8R-FG93,NPDES Compliance Evaluation Inspection (CEI) (09/27/2022)
"<a href=""https://mienviro.michigan.gov/ncore/downloadpdf/-8412550484232206194"">Link</a>",Application_HPG-1ZSF-KC99G V2.pdf v2,Submission PDF,Misc. Application and Request Docs,9/21/2022 8:15,-8.41255E+18,WRD - NPDES,Application/Request,HPG-1ZSF-KC99G,Permit Change - National Pollutant Discharge Elimination System (NPDES) Municipal Application Form (Reissuance)
"<a href=""https://mienviro.michigan.gov/ncore/downloadpdf/-4778943972245778196"">Link</a>",19.10.Eff.AddlMonit.Paragon.revised.pdf,nForm Document,Form Submission Attachments,9/21/2022 8:14,-4.77894E+18,WRD - NPDES,Application/Request,HPG-1ZSF-KC99G,Permit Change - National Pollutant Discharge Elimination System (NPDES) Municipal Application Form (Reissuance)
"<a href=""https://mienviro.michigan.gov/ncore/downloadpdf/-7256055479082035985"">Link</a>",MI0020257_2022-08-01_to_2022-08-31_DMR.pdf,,Schedule - DMR Documents,9/13/2022 12:35,-7.25606E+18,WRD - NPDES,Permit,MI0020257 v6.0,Schedule - DMR
"<a href=""https://mienviro.michigan.gov/ncore/downloadpdf/-3895743267772400781"">Link</a>",MI0020257_2022-07-01_to_2022-07-31_DMR.pdf,,Schedule - DMR Documents,8/17/2022 16:58,-3.89574E+18,WRD - NPDES,Permit,MI0020257 v6.0,Schedule - DMR
"<a href=""https://mienviro.michigan.gov/ncore/downloadpdf/4870446819837315901"">Link</a>",MI0020257_2022-06-01_to_2022-06-30_DMR.pdf,,Schedule - DMR Documents,7/20/2022 13:56,4.87045E+18,WRD - NPDES,Permit,MI0020257 v6.0,Schedule - DMR
"<a href=""https://mienviro.michigan.gov/ncore/downloadpdf/-872813351944594838"">Link</a>",HPJ-N5BJ-2CYH5 V1.pdf v1,Submission PDF,Misc. Application and Request Docs,6/23/2022 15:15,-8.72813E+17,WRD - NPDES,Application/Request,HPJ-N5BJ-2CYH5,Schedule - PFAS POTW Effluent Monitoring Report
"<a href=""https://mienviro.michigan.gov/ncore/downloadpdf/-1514920619837083834"">Link</a>",21.10.Eff.PFAS.Eurofins.pdf,nForm Document,Form Submission Attachments,6/23/2022 15:10,-1.51492E+18,WRD - NPDES,Application/Request,HPJ-N5BJ-2CYH5,Schedule - PFAS POTW Effluent Monitoring Report
"<a href=""https://mienviro.michigan.gov/ncore/downloadpdf/-4359728924631276359"">Link</a>",22.04.Eff.PFAS.Fibertec.pdf,nForm Document,Form Submission Attachments,6/23/2022 15:10,-4.35973E+18,WRD - NPDES,Application/Request,HPJ-N5BJ-2CYH5,Schedule - PFAS POTW Effluent Monitoring Report
"<a href=""https://mienviro.michigan.gov/ncore/downloadpdf/-3360876257724434354"">Link</a>",20.04.Eff.PFAS.TestAm.pdf,nForm Document,Form Submission Attachments,6/23/2022 15:10,-3.36088E+18,WRD - NPDES,Application/Request,HPJ-N5BJ-2CYH5,Schedule - PFAS POTW Effluent Monitoring Report
"<a href=""https://mienviro.michigan.gov/ncore/downloadpdf/4882332167979671814"">Link</a>",21.04.Eff.PFAS.Eurofins.pdf,nForm Document,Form Submission Attachments,6/23/2022 15:10,4.88233E+18,WRD - NPDES,Application/Request,HPJ-N5BJ-2CYH5,Schedule - PFAS POTW Effluent Monitoring Report
"<a href=""https://mienviro.michigan.gov/ncore/downloadpdf/6925668021878723106"">Link</a>",20.10.Eff.PFAS.TestAm.pdf,nForm Document,Form Submission Attachments,6/23/2022 15:10,6.92567E+18,WRD - NPDES,Application/Request,HPJ-N5BJ-2CYH5,Schedule - PFAS POTW Effluent Monitoring Report
"<a href=""https://mienviro.michigan.gov/ncore/downloadpdf/6445624706899949300"">Link</a>",19.10.Eff.PFAS.TestAm.pdf,nForm Document,Form Submission Attachments,6/23/2022 15:10,6.44562E+18,WRD - NPDES,Application/Request,HPJ-N5BJ-2CYH5,Schedule - PFAS POTW Effluent Monitoring Report
"<a href=""https://mienviro.michigan.gov/ncore/downloadpdf/2287533861268370801"">Link</a>",RE_ Concerning your submission #HPC-K20Z-68T3J_ Annual Report Form For Reporting Biosolids.msg,Email reporting a SRT of 20 days,Misc. Submittal Docs,6/23/2022 15:09,2.28753E+18,WRD - NPDES,Application/Request,HPC-K20Z-68T3J,Schedule - Biosolids Annual Report
"<a href=""https://mienviro.michigan.gov/ncore/downloadpdf/-6056841659418736604"">Link</a>",HPC-K20Z-68T3J V2.pdf v2,Submission PDF,Misc. Application and Request Docs,6/23/2022 10:05,-6.05684E+18,WRD - NPDES,Application/Request,HPC-K20Z-68T3J,Schedule - Biosolids Annual Report
"<a href=""https://mienviro.michigan.gov/ncore/downloadpdf/-6976748332576932732"">Link</a>",MI0020257_2022-05-01_to_2022-05-31_DMR.pdf,,Schedule - DMR Documents,6/16/2022 12:43,-6.97675E+18,WRD - NPDES,Permit,MI0020257 v6.0,Schedule - DMR
"<a href=""https://mienviro.michigan.gov/ncore/downloadpdf/970575005377321453"">Link</a>",Application Complete Checklist - Municipal (Word).docx,,NPDES Application Docs,6/6/2022 7:44,9.70575E+17,WRD - NPDES,Application/Request,HPG-1ZSF-KC99G,Permit Change - National Pollutant Discharge Elimination System (NPDES) Municipal Application Form (Reissuance)
"<a href=""https://mienviro.michigan.gov/ncore/downloadpdf/-3945892520899596699"">Link</a>",Biologist Application Complete Checklist - Municipal_MI0020257_6-1-2022.docx,Biologist App Review Checklist of Analytical,Misc. Application and Request Docs,6/1/2022 9:59,-3.94589E+18,WRD - NPDES,Application/Request,HPG-1ZSF-KC99G,Permit Change - National Pollutant Discharge Elimination System (NPDES) Municipal Application Form (Reissuance)
"<a href=""https://mienviro.michigan.gov/ncore/downloadpdf/-2283050594041417352"">Link</a>",Biologist App Review Email_MI0020257_6-1-2022.msg,Biologist App Review Email for Analytical,Misc. Application and Request Docs,6/1/2022 9:58,-2.28305E+18,WRD - NPDES,Application/Request,HPG-1ZSF-KC99G,Permit Change - National Pollutant Discharge Elimination System (NPDES) Municipal Application Form (Reissuance)
"<a href=""https://mienviro.michigan.gov/ncore/downloadpdf/774517763016927145"">Link</a>",MI0020257_2022-04-01_to_2022-04-30_DMR.pdf,,Schedule - DMR Documents,5/27/2022 14:13,7.74518E+17,WRD - NPDES,Permit,MI0020257 v6.0,Schedule - DMR
"<a href=""https://mienviro.michigan.gov/ncore/downloadpdf/5574496772239378194"">Link</a>",2022-05-23 Follow-up to VN-012230 and VN-011108 - Cadillac WWTP.pdf,,Industrial Pretreatment Program (IPP),5/23/2022 15:19,5.5745E+18,WRD - NPDES,Compliance Action,VN-012230,Violation Notice
"<a href=""https://mienviro.michigan.gov/ncore/downloadpdf/-6368852271337137347"">Link</a>",Cadillac WWTP PFAS RMP Modification.pdf,,Misc Site Docs,5/17/2022 16:11,-6.36885E+18,n/a,Site,15637,Site
"<a href=""https://mienviro.michigan.gov/ncore/downloadpdf/7003016327677449564"">Link</a>",FW_ City of Cadillac.msg,,Industrial Pretreatment Program (IPP),5/2/2022 13:56,7.00302E+18,WRD - NPDES,Application/Request,HPH-8HXC-J75GZ,Schedule - Submit Corrective Action Plan
"<a href=""https://mienviro.michigan.gov/ncore/downloadpdf/-7296880298012613526"">Link</a>",05-02-22 Ltr to Clare Lowe - EGLE.PDF,,Industrial Pretreatment Program (IPP),5/2/2022 13:56,-7.29688E+18,WRD - NPDES,Application/Request,HPH-8HXC-J75GZ,Schedule - Submit Corrective Action Plan
"<a href=""https://mienviro.michigan.gov/ncore/downloadpdf/5336563291699515996"">Link</a>",CadillacWWTP_LocalLimitsReview_Convs.docx,"Local Limits Review - CBOD5, NH3-N, DO, TSS",Misc. Application and Request Docs,4/19/2022 16:44,5.33656E+18,WRD - NPDES,Application/Request,HPG-XCC7-NCG09,Application - IPP Local Limits WQBEL Request Form
"<a href=""https://mienviro.michigan.gov/ncore/downloadpdf/7584257851526266595"">Link</a>",MI0020257_2022-03-01_to_2022-03-31_DMR.pdf,,Schedule - DMR Documents,4/19/2022 11:43,7.58426E+18,WRD - NPDES,Permit,MI0020257 v6.0,Schedule - DMR
"<a href=""https://mienviro.michigan.gov/ncore/downloadpdf/-6670479302323436273"">Link</a>",LocalLimitsReview_Cadillac WWTP_4-19-2022.pdf,Local Limits IPP Biologist Memo and PEL Sheets,Misc. Application and Request Docs,4/19/2022 9:00,-6.67048E+18,WRD - NPDES,Application/Request,HPG-XCC7-NCG09,Application - IPP Local Limits WQBEL Request Form
"<a href=""https://mienviro.michigan.gov/ncore/downloadpdf/-3130391630238484165"">Link</a>",LocalLimitsReview_Cadillac WWTP_4-19-2022.doc,Local Limits IPP WQBEL Biologist Memo,Misc. Application and Request Docs,4/19/2022 8:59,-3.13039E+18,WRD - NPDES,Application/Request,HPG-XCC7-NCG09,Application - IPP Local Limits WQBEL Request Form
"<a href=""https://mienviro.michigan.gov/ncore/downloadpdf/4323816041620336930"">Link</a>",2022-04-14 MAHL Plan Review - Cadillac WWTP.pdf,,Industrial Pretreatment Program (IPP),4/14/2022 9:05,4.32382E+18,WRD - NPDES,Compliance Action,VN-012230,Violation Notice
"<a href=""https://mienviro.michigan.gov/ncore/downloadpdf/9165338536597504504"">Link</a>",2022 Biosolids PFAS Monitoring Report Review - Cadillac WWTP.msg,2022 Email Response,Misc. Submittal Docs,3/29/2022 12:00,9.16534E+18,WRD - NPDES,Application/Request,HPG-CXVZ-DDE1A,Schedule - Biosolids PFAS Monitoring Report
"<a href=""https://mienviro.michigan.gov/ncore/downloadpdf/8815045039278668901"">Link</a>",ARVCO.docx,nForm Document,Form Submission Attachments,3/25/2022 14:57,8.81505E+18,WRD - NPDES,Application/Request,HPG-1ZSF-KC99G,Permit Change - National Pollutant Discharge Elimination System (NPDES) Municipal Application Form (Reissuance)
"<a href=""https://mienviro.michigan.gov/ncore/downloadpdf/8907371498125764811"">Link</a>",AKWEL 5th St Manhole.docx,nForm Document,Form Submission Attachments,3/25/2022 14:57,8.90737E+18,WRD - NPDES,Application/Request,HPG-1ZSF-KC99G,Permit Change - National Pollutant Discharge Elimination System (NPDES) Municipal Application Form (Reissuance)
"<a href=""https://mienviro.michigan.gov/ncore/downloadpdf/8761093821144015731"">Link</a>",AAR Rinse Tank.docx,nForm Document,Form Submission Attachments,3/25/2022 14:57,8.76109E+18,WRD - NPDES,Application/Request,HPG-1ZSF-KC99G,Permit Change - National Pollutant Discharge Elimination System (NPDES) Municipal Application Form (Reissuance)
"<a href=""https://mienviro.michigan.gov/ncore/downloadpdf/7575683056928006754"">Link</a>",AAR Facility.docx,nForm Document,Form Submission Attachments,3/25/2022 14:57,7.57568E+18,WRD - NPDES,Application/Request,HPG-1ZSF-KC99G,Permit Change - National Pollutant Discharge Elimination System (NPDES) Municipal Application Form (Reissuance)
"<a href=""https://mienviro.michigan.gov/ncore/downloadpdf/7798043710107434054"">Link</a>",Hutchinson.docx,nForm Document,Form Submission Attachments,3/25/2022 14:57,7.79804E+18,WRD - NPDES,Application/Request,HPG-1ZSF-KC99G,Permit Change - National Pollutant Discharge Elimination System (NPDES) Municipal Application Form (Reissuance)
"<a href=""https://mienviro.michigan.gov/ncore/downloadpdf/6253923130134244300"">Link</a>",AVON Protection.docx,nForm Document,Form Submission Attachments,3/25/2022 14:57,6.25392E+18,WRD - NPDES,Application/Request,HPG-1ZSF-KC99G,Permit Change - National Pollutant Discharge Elimination System (NPDES) Municipal Application Form (Reissuance)
"<a href=""https://mienviro.michigan.gov/ncore/downloadpdf/5352980977156860563"">Link</a>",Borg Warner.docx,nForm Document,Form Submission Attachments,3/25/2022 14:57,5.35298E+18,WRD - NPDES,Application/Request,HPG-1ZSF-KC99G,Permit Change - National Pollutant Discharge Elimination System (NPDES) Municipal Application Form (Reissuance)
"<a href=""https://mienviro.michigan.gov/ncore/downloadpdf/5020368200015356472"">Link</a>",FIAMM.docx,nForm Document,Form Submission Attachments,3/25/2022 14:57,5.02037E+18,WRD - NPDES,Application/Request,HPG-1ZSF-KC99G,Permit Change - National Pollutant Discharge Elimination System (NPDES) Municipal Application Form (Reissuance)
"<a href=""https://mienviro.michigan.gov/ncore/downloadpdf/4297122055300226205"">Link</a>",PIRANHA.docx,nForm Document,Form Submission Attachments,3/25/2022 14:57,4.29712E+18,WRD - NPDES,Application/Request,HPG-1ZSF-KC99G,Permit Change - National Pollutant Discharge Elimination System (NPDES) Municipal Application Form (Reissuance)
"<a href=""https://mienviro.michigan.gov/ncore/downloadpdf/3702501772031474881"">Link</a>",REC BOAT TRAILER.docx,nForm Document,Form Submission Attachments,3/25/2022 14:57,3.7025E+18,WRD - NPDES,Application/Request,HPG-1ZSF-KC99G,Permit Change - National Pollutant Discharge Elimination System (NPDES) Municipal Application Form (Reissuance)
"<a href=""https://mienviro.michigan.gov/ncore/downloadpdf/2977203173047862814"">Link</a>",SPENCER.docx,nForm Document,Form Submission Attachments,3/25/2022 14:57,2.9772E+18,WRD - NPDES,Application/Request,HPG-1ZSF-KC99G,Permit Change - National Pollutant Discharge Elimination System (NPDES) Municipal Application Form (Reissuance)
"<a href=""https://mienviro.michigan.gov/ncore/downloadpdf/-2789951035115288771"">Link</a>",CRE.docx,nForm Document,Form Submission Attachments,3/25/2022 14:57,-2.78995E+18,WRD - NPDES,Application/Request,HPG-1ZSF-KC99G,Permit Change - National Pollutant Discharge Elimination System (NPDES) Municipal Application Form (Reissuance)
"<a href=""https://mienviro.michigan.gov/ncore/downloadpdf/-3145474438009150056"">Link</a>",AAR 6th.docx,nForm Document,Form Submission Attachments,3/25/2022 14:57,-3.14547E+18,WRD - NPDES,Application/Request,HPG-1ZSF-KC99G,Permit Change - National Pollutant Discharge Elimination System (NPDES) Municipal Application Form (Reissuance)
"<a href=""https://mienviro.michigan.gov/ncore/downloadpdf/-4005974298201292411"">Link</a>",21.03.Eff.AddlMonit.ERM.pdf,nForm Document,Form Submission Attachments,3/25/2022 14:57,-4.00597E+18,WRD - NPDES,Application/Request,HPG-1ZSF-KC99G,Permit Change - National Pollutant Discharge Elimination System (NPDES) Municipal Application Form (Reissuance)
"<a href=""https://mienviro.michigan.gov/ncore/downloadpdf/-4206316346880227567"">Link</a>",CCI.docx,nForm Document,Form Submission Attachments,3/25/2022 14:57,-4.20632E+18,WRD - NPDES,Application/Request,HPG-1ZSF-KC99G,Permit Change - National Pollutant Discharge Elimination System (NPDES) Municipal Application Form (Reissuance)
"<a href=""https://mienviro.michigan.gov/ncore/downloadpdf/-5613527384135323207"">Link</a>",Process Flow Diagram.pdf,nForm Document,Form Submission Attachments,3/25/2022 14:57,-5.61353E+18,WRD - NPDES,Application/Request,HPG-1ZSF-KC99G,Permit Change - National Pollutant Discharge Elimination System (NPDES) Municipal Application Form (Reissuance)
"<a href=""https://mienviro.michigan.gov/ncore/downloadpdf/-4261631751625588326"">Link</a>",NPDES Map.pdf,nForm Document,Form Submission Attachments,3/25/2022 14:57,-4.26163E+18,WRD - NPDES,Application/Request,HPG-1ZSF-KC99G,Permit Change - National Pollutant Discharge Elimination System (NPDES) Municipal Application Form (Reissuance)
"<a href=""https://mienviro.michigan.gov/ncore/downloadpdf/-2700478788420225539"">Link</a>",21.08.Eff.AddlMonit.ERM.pdf,nForm Document,Form Submission Attachments,3/25/2022 14:57,-2.70048E+18,WRD - NPDES,Application/Request,HPG-1ZSF-KC99G,Permit Change - National Pollutant Discharge Elimination System (NPDES) Municipal Application Form (Reissuance)
"<a href=""https://mienviro.michigan.gov/ncore/downloadpdf/-1935043363084687865"">Link</a>",Plant Brochure.pdf,nForm Document,Form Submission Attachments,3/25/2022 14:57,-1.93504E+18,WRD - NPDES,Application/Request,HPG-1ZSF-KC99G,Permit Change - National Pollutant Discharge Elimination System (NPDES) Municipal Application Form (Reissuance)
"<a href=""https://mienviro.michigan.gov/ncore/downloadpdf/-1663681396002714125"">Link</a>",20.05.Eff.AddlMonit.ERM.pdf,nForm Document,Form Submission Attachments,3/25/2022 14:57,-1.66368E+18,WRD - NPDES,Application/Request,HPG-1ZSF-KC99G,Permit Change - National Pollutant Discharge Elimination System (NPDES) Municipal Application Form (Reissuance)
"<a href=""https://mienviro.michigan.gov/ncore/downloadpdf/-1609727155324516351"">Link</a>",Michigan Rubber.docx,nForm Document,Form Submission Attachments,3/25/2022 14:57,-1.60973E+18,WRD - NPDES,Application/Request,HPG-1ZSF-KC99G,Permit Change - National Pollutant Discharge Elimination System (NPDES) Municipal Application Form (Reissuance)
"<a href=""https://mienviro.michigan.gov/ncore/downloadpdf/-624552684400765787"">Link</a>",19.10.Eff.AddlMonit.WET.ERM.pdf,nForm Document,Form Submission Attachments,3/25/2022 14:57,-6.24553E+17,WRD - NPDES,Application/Request,HPG-1ZSF-KC99G,Permit Change - National Pollutant Discharge Elimination System (NPDES) Municipal Application Form (Reissuance)
"<a href=""https://mienviro.michigan.gov/ncore/downloadpdf/-590765037392295649"">Link</a>",19.12.Eff.FollowUp.WET.ERM.pdf,nForm Document,Form Submission Attachments,3/25/2022 14:57,-5.90765E+17,WRD - NPDES,Application/Request,HPG-1ZSF-KC99G,Permit Change - National Pollutant Discharge Elimination System (NPDES) Municipal Application Form (Reissuance)
"<a href=""https://mienviro.michigan.gov/ncore/downloadpdf/526960610788760180"">Link</a>",Munson.docx,nForm Document,Form Submission Attachments,3/25/2022 14:57,5.26961E+17,WRD - NPDES,Application/Request,HPG-1ZSF-KC99G,Permit Change - National Pollutant Discharge Elimination System (NPDES) Municipal Application Form (Reissuance)
"<a href=""https://mienviro.michigan.gov/ncore/downloadpdf/-7778014742664487960"">Link</a>",AKWEL.docx,nForm Document,Form Submission Attachments,3/25/2022 14:57,-7.77801E+18,WRD - NPDES,Application/Request,HPG-1ZSF-KC99G,Permit Change - National Pollutant Discharge Elimination System (NPDES) Municipal Application Form (Reissuance)
"<a href=""https://mienviro.michigan.gov/ncore/downloadpdf/-475799617271843387"">Link</a>",HPG-1ZNB-Y56ZQ V1.pdf v1,Submission PDF,Misc. Application and Request Docs,3/24/2022 17:00,-4.758E+17,WRD - NPDES,Application/Request,HPG-1ZNB-Y56ZQ,Schedule - Michigan Industrial Pretreatment Program (IPP) Annual Report
"<a href=""https://mienviro.michigan.gov/ncore/downloadpdf/787138057214835311"">Link</a>",Aff of Pub.pdf,nForm Document,Form Submission Attachments,3/24/2022 16:59,7.87138E+17,WRD - NPDES,Application/Request,HPG-1ZNB-Y56ZQ,Schedule - Michigan Industrial Pretreatment Program (IPP) Annual Report
"<a href=""https://mienviro.michigan.gov/ncore/downloadpdf/-3597137077750831484"">Link</a>",POTW_Monitoring_Data_Summary 2021.xlsx,nForm Document,Form Submission Attachments,3/24/2022 16:59,-3.59714E+18,WRD - NPDES,Application/Request,HPG-1ZNB-Y56ZQ,Schedule - Michigan Industrial Pretreatment Program (IPP) Annual Report
"<a href=""https://mienviro.michigan.gov/ncore/downloadpdf/4974659969152722161"">Link</a>",POTW_Oversight_Table.xlsx,nForm Document,Form Submission Attachments,3/24/2022 16:59,4.97466E+18,WRD - NPDES,Application/Request,HPG-1ZNB-Y56ZQ,Schedule - Michigan Industrial Pretreatment Program (IPP) Annual Report
"<a href=""https://mienviro.michigan.gov/ncore/downloadpdf/8653222852169871792"">Link</a>",SIU-CIU_List.xlsx,nForm Document,Form Submission Attachments,3/24/2022 16:59,8.65322E+18,WRD - NPDES,Application/Request,HPG-1ZNB-Y56ZQ,Schedule - Michigan Industrial Pretreatment Program (IPP) Annual Report
"<a href=""https://mienviro.michigan.gov/ncore/downloadpdf/-1256077365103863283"">Link</a>",HPG-CXVZ-DDE1A V1.pdf v1,Submission PDF,Misc. Application and Request Docs,3/23/2022 13:20,-1.25608E+18,WRD - NPDES,Application/Request,HPG-CXVZ-DDE1A,Schedule - Biosolids PFAS Monitoring Report
"<a href=""https://mienviro.michigan.gov/ncore/downloadpdf/8580242349684844090"">Link</a>",220308.PFAS.biosolids.Eurofins.pdf,nForm Document,Form Submission Attachments,3/23/2022 13:19,8.58024E+18,WRD - NPDES,Application/Request,HPG-CXVZ-DDE1A,Schedule - Biosolids PFAS Monitoring Report
"<a href=""https://mienviro.michigan.gov/ncore/downloadpdf/-3429744774982411880"">Link</a>",MI0020257_2022-02-01_to_2022-02-28_DMR.pdf,,Schedule - DMR Documents,3/9/2022 17:11,-3.42974E+18,WRD - NPDES,Permit,MI0020257 v6.0,Schedule - DMR
"<a href=""https://mienviro.michigan.gov/ncore/downloadpdf/-1732170923419106851"">Link</a>",MI0020257_2022-01-01_to_2022-01-31_DMR.pdf,,Schedule - DMR Documents,2/17/2022 15:36,-1.73217E+18,WRD - NPDES,Permit,MI0020257 v6.0,Schedule - DMR
"<a href=""https://mienviro.michigan.gov/ncore/downloadpdf/3119282448110398396"">Link</a>",MI0020257_2021-12-01_to_2021-12-31_DMR.pdf,,Schedule - DMR Documents,1/19/2022 17:46,3.11928E+18,WRD - NPDES,Permit,MI0020257 v6.0,Schedule - DMR
"<a href=""https://mienviro.michigan.gov/ncore/downloadpdf/8877420906946055825"">Link</a>",MI0020257_2021-11-01_to_2021-11-30_DMR.pdf,,Schedule - DMR Documents,12/17/2021 11:51,8.87742E+18,WRD - NPDES,Permit,MI0020257 v6.0,Schedule - DMR
"<a href=""https://mienviro.michigan.gov/ncore/downloadpdf/5310011562451925486"">Link</a>",RE_ December 2021 PFAS POTW Effluent Monitoring Report.msg,Email to Cadillac WWTP to revise submission of December 2021 PFAS POTW Effluent Monitoring Report,Industrial Pretreatment Program (IPP),12/2/2021 15:50,5.31001E+18,WRD - NPDES,Application/Request,HPD-MWSX-Y48BC,Schedule - PFAS POTW Effluent Monitoring Report
"<a href=""https://mienviro.michigan.gov/ncore/downloadpdf/7929871620943933588"">Link</a>",HPD-MWSX-Y48BC V2.pdf v2,Submission PDF,Misc. Application and Request Docs,12/2/2021 13:31,7.92987E+18,WRD - NPDES,Application/Request,HPD-MWSX-Y48BC,Schedule - PFAS POTW Effluent Monitoring Report
"<a href=""https://mienviro.michigan.gov/ncore/downloadpdf/6509552559668982680"">Link</a>",HPC-RJ1M-FCGM7 V2.pdf v2,Submission PDF,Misc. Application and Request Docs,12/2/2021 13:21,6.50955E+18,WRD - NPDES,Application/Request,HPC-RJ1M-FCGM7,Schedule - NPDES Unscheduled Permit Required Reports
"<a href=""https://mienviro.michigan.gov/ncore/downloadpdf/894307998170732902"">Link</a>",Dental List.docx,nForm Document,Form Submission Attachments,12/2/2021 13:20,8.94308E+17,WRD - NPDES,Application/Request,HPC-RJ1M-FCGM7,Schedule - NPDES Unscheduled Permit Required Reports
"<a href=""https://mienviro.michigan.gov/ncore/downloadpdf/6140963438152350458"">Link</a>",HPD-MWSX-Y48BC V1.pdf v1,Submission PDF,Misc. Application and Request Docs,12/1/2021 15:06,6.14096E+18,WRD - NPDES,Application/Request,HPD-MWSX-Y48BC,Schedule - PFAS POTW Effluent Monitoring Report
"<a href=""https://mienviro.michigan.gov/ncore/downloadpdf/5807004865029102699"">Link</a>",21.04.Eff.PFAS.Eurofins.pdf,nForm Document,Form Submission Attachments,12/1/2021 15:02,5.807E+18,WRD - NPDES,Application/Request,HPD-MWSX-Y48BC,Schedule - PFAS POTW Effluent Monitoring Report
"<a href=""https://mienviro.michigan.gov/ncore/downloadpdf/359672696916305281"">Link</a>",21.10.Eff.PFAS.Eurofins.pdf,nForm Document,Form Submission Attachments,12/1/2021 15:02,3.59673E+17,WRD - NPDES,Application/Request,HPD-MWSX-Y48BC,Schedule - PFAS POTW Effluent Monitoring Report
"<a href=""https://mienviro.michigan.gov/ncore/downloadpdf/1777401984217742158"">Link</a>",Cadillac-FY21 DT determination.xlsx,Cindy's notes so far,Misc. Submittal Docs,11/29/2021 0:00,1.7774E+18,WRD - NPDES,Application/Request,HPC-K20Z-68T3J,Schedule - Biosolids Annual Report
"<a href=""https://mienviro.michigan.gov/ncore/downloadpdf/-7964221357068103056"">Link</a>",MI0020257_2021-10-01_to_2021-10-31_DMR.pdf,,Schedule - DMR Documents,11/18/2021 10:12,-7.96422E+18,WRD - NPDES,Permit,MI0020257 v6.0,Schedule - DMR
"<a href=""https://mienviro.michigan.gov/ncore/downloadpdf/7533708642884943679"">Link</a>",Read Receipt for VN-012230.pdf,,"Water Quality VNs, SVNs, ENs",11/4/2021 14:35,7.53371E+18,WRD - NPDES,Compliance Action,VN-012230,Violation Notice
"<a href=""https://mienviro.michigan.gov/ncore/downloadpdf/-6888435979687265980"">Link</a>",2021-11-04 Follow-up to VN-012230 Extension Request - City of Cadillac.pdf,,"Water Quality VNs, SVNs, ENs",11/4/2021 12:50,-6.88844E+18,WRD - NPDES,Compliance Action,VN-012230,Violation Notice
"<a href=""https://mienviro.michigan.gov/ncore/downloadpdf/2032354698997421530"">Link</a>",2021 Biosolids PFAS Monitoring Report Review - Cadillac WWTP.msg,Email Response,Misc. Submittal Docs,10/29/2021 13:38,2.03235E+18,WRD - NPDES,Application/Request,HPC-F6W0-X1G7P,Schedule - Biosolids PFAS Monitoring Report
"<a href=""https://mienviro.michigan.gov/ncore/downloadpdf/8741003816631086568"">Link</a>",HPC-K20Z-68T3J V1.pdf v1,FY21 Biosolids Annual Report,Misc. Application and Request Docs,10/28/2021 10:31,8.741E+18,WRD - NPDES,Application/Request,HPC-K20Z-68T3J,Schedule - Biosolids Annual Report
"<a href=""https://mienviro.michigan.gov/ncore/downloadpdf/8661271844273540574"">Link</a>",Cadillac 2021 Land Ap Certification.pdf,FY21 Applier Certifications; LA applier - MAS;,Form Submission Attachments,10/28/2021 10:28,8.66127E+18,WRD - NPDES,Application/Request,HPC-K20Z-68T3J,Schedule - Biosolids Annual Report
"<a href=""https://mienviro.michigan.gov/ncore/downloadpdf/6124237801834637487"">Link</a>",Site Info.pdf,FY21 Land Applic Site List-Info; 5 sites listed;,Form Submission Attachments,10/28/2021 10:28,6.12424E+18,WRD - NPDES,Application/Request,HPC-K20Z-68T3J,Schedule - Biosolids Annual Report
"<a href=""https://mienviro.michigan.gov/ncore/downloadpdf/6298732138091894525"">Link</a>",210303.biosolids.PACE.pdf,"FY21 Metals-Nutrient Results-Mar. 3, 2021;",Form Submission Attachments,10/28/2021 10:28,6.29873E+18,WRD - NPDES,Application/Request,HPC-K20Z-68T3J,Schedule - Biosolids Annual Report
"<a href=""https://mienviro.michigan.gov/ncore/downloadpdf/5406302315541864880"">Link</a>",Fall 20 biosolids.HML.pdf,"FY21 Fecal Coliform and Salmonella Results-Aug. 25, 2020;",Form Submission Attachments,10/28/2021 10:28,5.4063E+18,WRD - NPDES,Application/Request,HPC-K20Z-68T3J,Schedule - Biosolids Annual Report
"<a href=""https://mienviro.michigan.gov/ncore/downloadpdf/3866537862984620121"">Link</a>",Lab Data Fall 2020.pdf,FY21 Total Solids Results-Fall hauling events; includes DTs per day.,Form Submission Attachments,10/28/2021 10:28,3.86654E+18,WRD - NPDES,Application/Request,HPC-K20Z-68T3J,Schedule - Biosolids Annual Report
"<a href=""https://mienviro.michigan.gov/ncore/downloadpdf/2908091594482021215"">Link</a>",Spring 21 Lab Data.pdf,FY21 Total Solids Results-Spring hauling event; includes DTS per day;,Form Submission Attachments,10/28/2021 10:28,2.90809E+18,WRD - NPDES,Application/Request,HPC-K20Z-68T3J,Schedule - Biosolids Annual Report
"<a href=""https://mienviro.michigan.gov/ncore/downloadpdf/1684248672901506223"">Link</a>",Cadillac Dry Tons 2021.pdf,FY21 Land Applic Site List Info; haul dates & DTs applied,Form Submission Attachments,10/28/2021 10:28,1.68425E+18,WRD - NPDES,Application/Request,HPC-K20Z-68T3J,Schedule - Biosolids Annual Report
"<a href=""https://mienviro.michigan.gov/ncore/downloadpdf/1519080636172375997"">Link</a>",21N08W30-AB02.pdf,FY21 Land Applic Site ID Packet; site used in the Spring 2021;,Form Submission Attachments,10/28/2021 10:28,1.51908E+18,WRD - NPDES,Application/Request,HPC-K20Z-68T3J,Schedule - Biosolids Annual Report
"<a href=""https://mienviro.michigan.gov/ncore/downloadpdf/455839343080021381"">Link</a>",Fall 20biosolids.PACE.pdf,"FY21 Metals-Nutrient Results-Aug.  25, 2020; for Fall 2020 haul;",Form Submission Attachments,10/28/2021 10:28,4.55839E+17,WRD - NPDES,Application/Request,HPC-K20Z-68T3J,Schedule - Biosolids Annual Report
"<a href=""https://mienviro.michigan.gov/ncore/downloadpdf/-1189789345381575955"">Link</a>",21N08W30-AB04.pdf,FY21 Land Applic Site ID Packet; site used in the Spring 2021;,Form Submission Attachments,10/28/2021 10:28,-1.18979E+18,WRD - NPDES,Application/Request,HPC-K20Z-68T3J,Schedule - Biosolids Annual Report
"<a href=""https://mienviro.michigan.gov/ncore/downloadpdf/-3180384114940849609"">Link</a>",Generators Cert.pdf,FY21 Generator's Certification,Form Submission Attachments,10/28/2021 10:28,-3.18038E+18,WRD - NPDES,Application/Request,HPC-K20Z-68T3J,Schedule - Biosolids Annual Report
"<a href=""https://mienviro.michigan.gov/ncore/downloadpdf/-3298554166669332689"">Link</a>",TVS & 38% Reduction.xlsx,FY21 Solids Retention Time Data Calculations,Form Submission Attachments,10/28/2021 10:28,-3.29855E+18,WRD - NPDES,Application/Request,HPC-K20Z-68T3J,Schedule - Biosolids Annual Report
"<a href=""https://mienviro.michigan.gov/ncore/downloadpdf/-3733560267737762096"">Link</a>",21N08W30-AB01.pdf,FY21 Land Applic Site ID Packet; site used in the Spring 2021;,Form Submission Attachments,10/28/2021 10:28,-3.73356E+18,WRD - NPDES,Application/Request,HPC-K20Z-68T3J,Schedule - Biosolids Annual Report
"<a href=""https://mienviro.michigan.gov/ncore/downloadpdf/-7570309269568142166"">Link</a>",Mangement Practices.pdf,FY21 Applier-Site Restrictions Certifications; Midwest Injection Inc.,Form Submission Attachments,10/28/2021 10:28,-7.57031E+18,WRD - NPDES,Application/Request,HPC-K20Z-68T3J,Schedule - Biosolids Annual Report
"<a href=""https://mienviro.michigan.gov/ncore/downloadpdf/-7489878598942820947"">Link</a>",HML Spring.pdf,"FY21 Fecal Coliform and Salmonella Results-Mar. 3, 2021;",Form Submission Attachments,10/28/2021 10:28,-7.48988E+18,WRD - NPDES,Application/Request,HPC-K20Z-68T3J,Schedule - Biosolids Annual Report
"<a href=""https://mienviro.michigan.gov/ncore/downloadpdf/-7341052496516370424"">Link</a>",Digester Temps.pdf,FY21 Digester Temperature Log; 6 months worth of data;,Form Submission Attachments,10/28/2021 10:28,-7.34105E+18,WRD - NPDES,Application/Request,HPC-K20Z-68T3J,Schedule - Biosolids Annual Report
"<a href=""https://mienviro.michigan.gov/ncore/downloadpdf/-8709036736254824662"">Link</a>",Vector Attraction Reduction.pdf,FY21 Applier Certification-VAR; Midwest Injection Inc.;,Form Submission Attachments,10/28/2021 10:28,-8.70904E+18,WRD - NPDES,Application/Request,HPC-K20Z-68T3J,Schedule - Biosolids Annual Report
"<a href=""https://mienviro.michigan.gov/ncore/downloadpdf/-7680208070141768458"">Link</a>",MI0020257_2020-10-01_to_2021-09-30_DMR.pdf,,Schedule - DMR Documents,10/28/2021 10:13,-7.68021E+18,WRD - NPDES,Permit,MI0020257 v6.0,Schedule - DMR
"<a href=""https://mienviro.michigan.gov/ncore/downloadpdf/3254596432615889974"">Link</a>",HPC-RJ1M-FCGM7 V1.pdf v1,Submission PDF,Misc. Application and Request Docs,10/26/2021 11:01,3.2546E+18,WRD - NPDES,Application/Request,HPC-RJ1M-FCGM7,Schedule - NPDES Unscheduled Permit Required Reports
"<a href=""https://mienviro.michigan.gov/ncore/downloadpdf/2212363529115360305"">Link</a>",Life Smiles Dentistry.pdf,nForm Document,Form Submission Attachments,10/26/2021 10:56,2.21236E+18,WRD - NPDES,Application/Request,HPC-RJ1M-FCGM7,Schedule - NPDES Unscheduled Permit Required Reports
"<a href=""https://mienviro.michigan.gov/ncore/downloadpdf/-1354583974200746964"">Link</a>",Northern Quality Dental.pdf,nForm Document,Form Submission Attachments,10/26/2021 10:56,-1.35458E+18,WRD - NPDES,Application/Request,HPC-RJ1M-FCGM7,Schedule - NPDES Unscheduled Permit Required Reports
"<a href=""https://mienviro.michigan.gov/ncore/downloadpdf/-1290048560639934115"">Link</a>",Brilliant Smiles Family Dentistry.pdf,nForm Document,Form Submission Attachments,10/26/2021 10:56,-1.29005E+18,WRD - NPDES,Application/Request,HPC-RJ1M-FCGM7,Schedule - NPDES Unscheduled Permit Required Reports
"<a href=""https://mienviro.michigan.gov/ncore/downloadpdf/-795255606312594736"">Link</a>",Bright Dental Health.pdf,nForm Document,Form Submission Attachments,10/26/2021 10:56,-7.95256E+17,WRD - NPDES,Application/Request,HPC-RJ1M-FCGM7,Schedule - NPDES Unscheduled Permit Required Reports
"<a href=""https://mienviro.michigan.gov/ncore/downloadpdf/-1100342612453597963"">Link</a>",My Communtiy Dental Center.pdf,nForm Document,Form Submission Attachments,10/26/2021 10:56,-1.10034E+18,WRD - NPDES,Application/Request,HPC-RJ1M-FCGM7,Schedule - NPDES Unscheduled Permit Required Reports
"<a href=""https://mienviro.michigan.gov/ncore/downloadpdf/6499276414308014200"">Link</a>",RE_ City of Cadillac .msg,Initial response to VN-012230.,Industrial Pretreatment Program (IPP),10/25/2021 16:23,6.49928E+18,WRD - NPDES,Compliance Action,VN-012230,Violation Notice
"<a href=""https://mienviro.michigan.gov/ncore/downloadpdf/-895366165129511824"">Link</a>",RE_ IPP Annual report.msg,Data required for the IPP annual report.,Industrial Pretreatment Program (IPP),10/20/2021 0:00,-8.95366E+17,n/a,Site,15637,Site
"<a href=""https://mienviro.michigan.gov/ncore/downloadpdf/-9041157712118940874"">Link</a>",MI0020257_2021-09-01_to_2021-09-30_DMR.pdf,,Schedule - DMR Documents,10/14/2021 15:36,-9.04116E+18,WRD - NPDES,Permit,MI0020257 v6.0,Schedule - DMR
"<a href=""https://mienviro.michigan.gov/ncore/downloadpdf/3492103724352203543"">Link</a>",HPC-F6W0-X1G7P V1.pdf v1,2021 Biosolids PFAS Monitoring Report;,Misc. Application and Request Docs,10/14/2021 13:56,3.4921E+18,WRD - NPDES,Application/Request,HPC-F6W0-X1G7P,Schedule - Biosolids PFAS Monitoring Report
"<a href=""https://mienviro.michigan.gov/ncore/downloadpdf/5592435760858523770"">Link</a>",2021 Biosolids PFAS Results and QC Report.pdf,210720.PFAS.biosolids.TA.pdf; collected on 7/20/2021;,Form Submission Attachments,10/14/2021 13:53,5.59244E+18,WRD - NPDES,Application/Request,HPC-F6W0-X1G7P,Schedule - Biosolids PFAS Monitoring Report
"<a href=""https://mienviro.michigan.gov/ncore/downloadpdf/-5308815659450264794"">Link</a>",Read Receipt of VN-012230.pdf,,Misc Site Docs,9/30/2021 13:04,-5.30882E+18,n/a,Site,15637,Site
"<a href=""https://mienviro.michigan.gov/ncore/downloadpdf/-3489435999352372800"">Link</a>",2021-09-30 VN-012230 Cadillac WWTP.pdf,,"Water Quality VNs, SVNs, ENs",9/30/2021 12:25,-3.48944E+18,WRD - NPDES,Compliance Action,VN-012230,Violation Notice
"<a href=""https://mienviro.michigan.gov/ncore/downloadpdf/4774476861127196487"">Link</a>",Inspection Report.docx,,Inspection Report,9/22/2021 9:20,4.77448E+18,WRD - NPDES,Evaluation,E-3H7H-JCYN-ZXB,Pretreatment Compliance Inspection (08/18/2021)
"<a href=""https://mienviro.michigan.gov/ncore/downloadpdf/4261245958963501496"">Link</a>",MI0020257_2021-08-01_to_2021-08-31_DMR.pdf,,Schedule - DMR Documents,9/16/2021 14:22,4.26125E+18,WRD - NPDES,Permit,MI0020257 v6.0,Schedule - DMR
"<a href=""https://mienviro.michigan.gov/ncore/downloadpdf/8103832926959524260"">Link</a>",HPB-KP8T-GKSNS V1.pdf v1,Submission PDF,Misc. Application and Request Docs,9/9/2021 13:03,8.10383E+18,WRD - NPDES,Application/Request,HPB-KP8T-GKSNS,Schedule - Certification of Completion of Additional Monitoring Requirements
"<a href=""https://mienviro.michigan.gov/ncore/downloadpdf/6574033254126510035"">Link</a>",21.08.Eff.AddlMonit.Fibertec.pdf,nForm Document,Form Submission Attachments,9/9/2021 12:58,6.57403E+18,WRD - NPDES,Application/Request,HPB-KP8T-GKSNS,Schedule - Certification of Completion of Additional Monitoring Requirements
"<a href=""https://mienviro.michigan.gov/ncore/downloadpdf/9125400453898556841"">Link</a>",21.08.16.Eff.AddlMonit.ParagonRepeat.pdf,nForm Document,Form Submission Attachments,9/9/2021 12:58,9.1254E+18,WRD - NPDES,Application/Request,HPB-KP8T-GKSNS,Schedule - Certification of Completion of Additional Monitoring Requirements
"<a href=""https://mienviro.michigan.gov/ncore/downloadpdf/2434142290908894935"">Link</a>",21.08.16.Eff.AddlMonit.Paragon.pdf,nForm Document,Form Submission Attachments,9/9/2021 12:58,2.43414E+18,WRD - NPDES,Application/Request,HPB-KP8T-GKSNS,Schedule - Certification of Completion of Additional Monitoring Requirements
"<a href=""https://mienviro.michigan.gov/ncore/downloadpdf/-1828046107349546245"">Link</a>",21.08.31.Eff.AddlMonit.ParagonRepeat.pdf,nForm Document,Form Submission Attachments,9/9/2021 12:58,-1.82805E+18,WRD - NPDES,Application/Request,HPB-KP8T-GKSNS,Schedule - Certification of Completion of Additional Monitoring Requirements
"<a href=""https://mienviro.michigan.gov/ncore/downloadpdf/138676979288106194"">Link</a>",21.08.31.Eff.AddlMonit.MeritConfirm.pdf,nForm Document,Form Submission Attachments,9/9/2021 12:58,1.38677E+17,WRD - NPDES,Application/Request,HPB-KP8T-GKSNS,Schedule - Certification of Completion of Additional Monitoring Requirements
"<a href=""https://mienviro.michigan.gov/ncore/downloadpdf/1450974773328511929"">Link</a>",21.08.Eff.AddlMonit.ERM.pdf,nForm Document,Form Submission Attachments,9/9/2021 12:58,1.45097E+18,WRD - NPDES,Application/Request,HPB-KP8T-GKSNS,Schedule - Certification of Completion of Additional Monitoring Requirements
"<a href=""https://mienviro.michigan.gov/ncore/downloadpdf/-2335519049487257658"">Link</a>",MI0020257_2021-07-01_to_2021-07-31_1_DMR.pdf,,Schedule - DMR Documents,8/18/2021 16:26,-2.33552E+18,WRD - NPDES,Permit,MI0020257 v6.0,Schedule - DMR
"<a href=""https://mienviro.michigan.gov/ncore/downloadpdf/6056844495337694689"">Link</a>",IPP Profile (word).docx,,Industrial Pretreatment Program (IPP) Evaluations,8/18/2021 14:36,6.05684E+18,WRD - NPDES,Evaluation,E-3H7H-JCYN-ZXB,Pretreatment Compliance Inspection (08/18/2021)
"<a href=""https://mienviro.michigan.gov/ncore/downloadpdf/-6400240489053772159"">Link</a>",MI0020257_2021-06-01_to_2021-06-30_1_DMR.pdf,,Schedule - DMR Documents,7/20/2021 10:24,-6.40024E+18,WRD - NPDES,Permit,MI0020257 v6.0,Schedule - DMR
"<a href=""https://mienviro.michigan.gov/ncore/downloadpdf/-1290401862186501671"">Link</a>",MI0020257_2021-05-01_to_2021-05-31_1_DMR.pdf,,Schedule - DMR Documents,6/16/2021 14:36,-1.2904E+18,WRD - NPDES,Permit,MI0020257 v6.0,Schedule - DMR
"<a href=""https://mienviro.michigan.gov/ncore/downloadpdf/2119075287875955002"">Link</a>",MI0020257_2021-04-01_to_2021-04-30_1_DMR.pdf,,Schedule - DMR Documents,5/17/2021 17:49,2.11908E+18,WRD - NPDES,Permit,MI0020257 v6.0,Schedule - DMR
"<a href=""https://mienviro.michigan.gov/ncore/downloadpdf/-87438577420274852"">Link</a>",Notification of WRDs approach to PFAS in Biosolids – an Interim Strategy.msg,Notification of WRDs approach to PFAS in Biosolids – an Interim Strategy.msg,Misc Site Docs,4/16/2021 12:56,-8.74386E+16,n/a,Site,15637,Site
"<a href=""https://mienviro.michigan.gov/ncore/downloadpdf/-2092231590657635414"">Link</a>",Cadillac WWTP - RMP PFAS Modification 4-5-2021.pdf,Cadillac WWTP - RMP PFAS Modification 4-5-2021.pdf,Misc Site Docs,4/16/2021 12:53,-2.09223E+18,n/a,Site,15637,Site
"<a href=""https://mienviro.michigan.gov/ncore/downloadpdf/-5185417842054396477"">Link</a>",MI0020257_2021-03-01_to_2021-03-31_1_DMR.pdf,,Schedule - DMR Documents,4/13/2021 16:32,-5.18542E+18,WRD - NPDES,Permit,MI0020257 v6.0,Schedule - DMR
"<a href=""https://mienviro.michigan.gov/ncore/downloadpdf/-5015938620228106531"">Link</a>",HP6-YDST-46BJ3 V1.pdf v1,Submission PDF,Misc. Application and Request Docs,3/26/2021 16:51,-5.01594E+18,WRD - NPDES,Application/Request,HP6-YDST-46BJ3,Schedule - Michigan Industrial Pretreatment Program (IPP) Annual Report
"<a href=""https://mienviro.michigan.gov/ncore/downloadpdf/-4393377774059515002"">Link</a>",Affidavit of Publication.pdf,nForm Document,Form Submission Attachments,3/26/2021 16:47,-4.39338E+18,WRD - NPDES,Application/Request,HP6-YDST-46BJ3,Schedule - Michigan Industrial Pretreatment Program (IPP) Annual Report
"<a href=""https://mienviro.michigan.gov/ncore/downloadpdf/-3019964684910016392"">Link</a>",POTW_Oversight_Table.xlsx,nForm Document,Form Submission Attachments,3/26/2021 16:47,-3.01996E+18,WRD - NPDES,Application/Request,HP6-YDST-46BJ3,Schedule - Michigan Industrial Pretreatment Program (IPP) Annual Report
"<a href=""https://mienviro.michigan.gov/ncore/downloadpdf/-1138678306013829471"">Link</a>",POTW_Monitoring_Data_Summary 2020.xlsx,nForm Document,Form Submission Attachments,3/26/2021 16:47,-1.13868E+18,WRD - NPDES,Application/Request,HP6-YDST-46BJ3,Schedule - Michigan Industrial Pretreatment Program (IPP) Annual Report
"<a href=""https://mienviro.michigan.gov/ncore/downloadpdf/3302861723882328898"">Link</a>",SIU-CIU_List.xlsx,nForm Document,Form Submission Attachments,3/26/2021 16:47,3.30286E+18,WRD - NPDES,Application/Request,HP6-YDST-46BJ3,Schedule - Michigan Industrial Pretreatment Program (IPP) Annual Report
"<a href=""https://mienviro.michigan.gov/ncore/downloadpdf/-8362253429290520676"">Link</a>",MI0020257_2021-02-01_to_2021-02-28_1_DMR.pdf,,Schedule - DMR Documents,3/16/2021 14:46,-8.36225E+18,WRD - NPDES,Permit,MI0020257 v6.0,Schedule - DMR
"<a href=""https://mienviro.michigan.gov/ncore/downloadpdf/2774047219998886498"">Link</a>",MI0020257_2021-01-01_to_2021-01-31_1_DMR.pdf,,Schedule - DMR Documents,2/19/2021 15:08,2.77405E+18,WRD - NPDES,Permit,MI0020257 v6.0,Schedule - DMR
"<a href=""https://mienviro.michigan.gov/ncore/downloadpdf/1630500943979458367"">Link</a>",HNT-5SPH-XVKKZ V2.pdf v2,Submission PDF,Misc. Application and Request Docs,1/28/2021 11:11,1.6305E+18,WRD - NPDES,Application/Request,HNT-5SPH-XVKKZ,Schedule - Biosolids Annual Report
"<a href=""https://mienviro.michigan.gov/ncore/downloadpdf/3155049770956466046"">Link</a>",Class B Pathogen Reduction and Site Res..pdf,nForm Document,Form Submission Attachments,1/28/2021 11:07,3.15505E+18,WRD - NPDES,Application/Request,HNT-5SPH-XVKKZ,Schedule - Biosolids Annual Report
"<a href=""https://mienviro.michigan.gov/ncore/downloadpdf/555555133104521288"">Link</a>",EM-Cadillac WWTP-FY19 CPLR Arsenic Exceeded Notification.msg,from WWTP Oper.,NPDES Biosolids Site Docs,1/28/2021 0:00,5.55555E+17,n/a,Site,15637,Site
"<a href=""https://mienviro.michigan.gov/ncore/downloadpdf/697514453136914568"">Link</a>",EM-Cadillac WWTP-FY19 CPLR Arsenic Exceeded Notification - Received.msg,EGLE responds,NPDES Biosolids Site Docs,1/28/2021 0:00,6.97514E+17,n/a,Site,15637,Site
"<a href=""https://mienviro.michigan.gov/ncore/downloadpdf/8791805065657436320"">Link</a>",Cadillac WWTP-FY19 CPLR Arsenic Exceeded Notification.pdf,came w/ email from WWTP Oper.,NPDES Biosolids Site Docs,1/28/2021 0:00,8.79181E+18,n/a,Site,15637,Site
"<a href=""https://mienviro.michigan.gov/ncore/downloadpdf/4873548006900359851"">Link</a>",EM-CPLR Notification examples.msg,EGLE to WWTP Oper.,Misc. Submittal Docs,1/25/2021 11:22,4.87355E+18,WRD - NPDES,Application/Request,HNT-5SPH-XVKKZ,Schedule - Biosolids Annual Report
"<a href=""https://mienviro.michigan.gov/ncore/downloadpdf/5764293174176539684"">Link</a>",Example-CPLR Site Notification Ltr - RH01.pdf,went w/ email from EGLE to WWTP Oper.,Misc. Submittal Docs,1/25/2021 11:22,5.76429E+18,WRD - NPDES,Application/Request,HNT-5SPH-XVKKZ,Schedule - Biosolids Annual Report
"<a href=""https://mienviro.michigan.gov/ncore/downloadpdf/9176220962172897471"">Link</a>",Example-CPLR site - exceeds Copper.pdf,went w/ email from EGLE to WWTP Oper.,Misc. Submittal Docs,1/25/2021 11:22,9.17622E+18,WRD - NPDES,Application/Request,HNT-5SPH-XVKKZ,Schedule - Biosolids Annual Report
"<a href=""https://mienviro.michigan.gov/ncore/downloadpdf/-1540861456886629140"">Link</a>",Example-CPLR Notification Letter-06S06W04-SF01.docx,went w/ email from EGLE to WWTP Oper.,Misc. Submittal Docs,1/25/2021 11:22,-1.54086E+18,WRD - NPDES,Application/Request,HNT-5SPH-XVKKZ,Schedule - Biosolids Annual Report
"<a href=""https://mienviro.michigan.gov/ncore/downloadpdf/-2377671664964831691"">Link</a>",Example-CPLR Notification Letter-06S06W04-SF01.docx,went along with EGLE email to WWTP Oper.,Misc Site Docs,1/25/2021 11:16,-2.37767E+18,n/a,Site,15637,Site
"<a href=""https://mienviro.michigan.gov/ncore/downloadpdf/7655166816613235567"">Link</a>",EM-CPLR Notification examples.msg,EGLE email to WWTP Oper.,Misc Site Docs,1/25/2021 11:16,7.65517E+18,n/a,Site,15637,Site
"<a href=""https://mienviro.michigan.gov/ncore/downloadpdf/3067968206844043988"">Link</a>",Example-CPLR site - exceeds Copper.pdf,went along with EGLE email to WWTP Oper.,Misc Site Docs,1/25/2021 11:16,3.06797E+18,n/a,Site,15637,Site
"<a href=""https://mienviro.michigan.gov/ncore/downloadpdf/-9182293101992928732"">Link</a>",Example-CPLR Site Notification Ltr - RH01.pdf,went along with EGLE email to WWTP Oper.,Misc Site Docs,1/25/2021 11:16,-9.18229E+18,n/a,Site,15637,Site
"<a href=""https://mienviro.michigan.gov/ncore/downloadpdf/-8187359153766679796"">Link</a>",DMR Summary - MI0020257 _12_01_2020_to_12_31_2020_V1.docx,DMR Summary Data for period 12/01/2020 - 12/31/2020_V1,Schedule - DMR Documents,1/14/2021 16:17,-8.18736E+18,WRD - NPDES,Permit,MI0020257 v6.0,NPDES Individual Permit
"<a href=""https://mienviro.michigan.gov/ncore/downloadpdf/-5216939555966009161"">Link</a>",DMR Daily - MI0020257 _12_01_2020_to_12_31_2020_V1.docx,DMR Daily Data for period 12/01/2020 - 12/31/2020_V1,Schedule - DMR Documents,1/14/2021 16:17,-5.21694E+18,WRD - NPDES,Permit,MI0020257 v6.0,NPDES Individual Permit
"<a href=""https://mienviro.michigan.gov/ncore/downloadpdf/6237514284723177011"">Link</a>",EM-FY19 Biosolids LA info - problems.msg,EGLE to WWTP Oper.,Misc. Submittal Docs,1/14/2021 0:00,6.23751E+18,WRD - NPDES,Application/Request,HNT-5SPH-XVKKZ,Schedule - Biosolids Annual Report
"<a href=""https://mienviro.michigan.gov/ncore/downloadpdf/5299583232266631464"">Link</a>",HP5-16GH-VNKPV V1.pdf v1,Submission PDF,Misc. Application and Request Docs,12/15/2020 15:06,5.29958E+18,WRD - NPDES,Application/Request,HP5-16GH-VNKPV,Schedule - Submit revised draft CIU permit
"<a href=""https://mienviro.michigan.gov/ncore/downloadpdf/3516646527834417673"">Link</a>",AAR RT categorical permit (002).docx,Submital Attachments,Form Submission Attachments,12/15/2020 15:01,3.51665E+18,WRD - NPDES,Application/Request,HP5-16GH-VNKPV,Schedule - Submit revised draft CIU permit
"<a href=""https://mienviro.michigan.gov/ncore/downloadpdf/9199088666007251058"">Link</a>",HP5-16EW-CW2T4 V1.pdf v1,Submission PDF,Misc. Application and Request Docs,12/15/2020 15:01,9.19909E+18,WRD - NPDES,Application/Request,HP5-16EW-CW2T4,Schedule - Submit response to required actions
"<a href=""https://mienviro.michigan.gov/ncore/downloadpdf/-4510826923768930961"">Link</a>",DEQ Letter Violation Notice - Claire Lowe - 12152020.doc,Submital Attachments,Form Submission Attachments,12/15/2020 14:59,-4.51083E+18,WRD - NPDES,Application/Request,HP5-16EW-CW2T4,Schedule - Submit response to required actions
"<a href=""https://mienviro.michigan.gov/ncore/downloadpdf/8229030749320318482"">Link</a>",DMR Summary - MI0020257 _11_01_2020_to_11_30_2020_V1.docx,DMR Summary Data for period 11/01/2020 - 11/30/2020_V1,Schedule - DMR Documents,12/9/2020 16:42,8.22903E+18,WRD - NPDES,Permit,MI0020257 v6.0,NPDES Individual Permit
"<a href=""https://mienviro.michigan.gov/ncore/downloadpdf/-271713624464570818"">Link</a>",DMR Daily - MI0020257 _11_01_2020_to_11_30_2020_V1.docx,DMR Daily Data for period 11/01/2020 - 11/30/2020_V1,Schedule - DMR Documents,12/9/2020 16:42,-2.71714E+17,WRD - NPDES,Permit,MI0020257 v6.0,NPDES Individual Permit
"<a href=""https://mienviro.michigan.gov/ncore/downloadpdf/4946311325009739480"">Link</a>",2020-11-25 RE_ EGLE WRD VN-011108 Cadillac WWTP.msg,Request for extension on response due date.,Industrial Pretreatment Program (IPP),11/25/2020 12:00,4.94631E+18,WRD - NPDES,Compliance Action,VN-011108,Violation Notice
"<a href=""https://mienviro.michigan.gov/ncore/downloadpdf/-2325435557703822824"">Link</a>",DMR Daily - MI0020257 _10_01_2020_to_10_31_2020_V1.docx,DMR Daily Data for period 10/01/2020 - 10/31/2020_V1,Schedule - DMR Documents,11/19/2020 11:35,-2.32544E+18,WRD - NPDES,Permit,MI0020257 v6.0,NPDES Individual Permit
"<a href=""https://mienviro.michigan.gov/ncore/downloadpdf/-4968018007594740390"">Link</a>",DMR Summary - MI0020257 _10_01_2020_to_10_31_2020_V1.docx,DMR Summary Data for period 10/01/2020 - 10/31/2020_V1,Schedule - DMR Documents,11/19/2020 11:35,-4.96802E+18,WRD - NPDES,Permit,MI0020257 v6.0,NPDES Individual Permit
"<a href=""https://mienviro.michigan.gov/ncore/downloadpdf/-3373663795635721601"">Link</a>",HP3-HWDR-V8Y73 V1.pdf v1,FY20 Biosolids Annual Report,Misc. Application and Request Docs,10/30/2020 11:01,-3.37366E+18,WRD - NPDES,Application/Request,HP3-HWDR-V8Y73,Schedule - Biosolids Annual Report
"<a href=""https://mienviro.michigan.gov/ncore/downloadpdf/-3061208309596263741"">Link</a>",FY20 Digestor Sludge Temps-Spring 2020.pdf,"Spring 20 Sludge Temps.pdf; Spring Sludge temps, includes:  Mar. - May 2020;",Form Submission Attachments,10/30/2020 11:00,-3.06121E+18,WRD - NPDES,Application/Request,HP3-HWDR-V8Y73,Schedule - Biosolids Annual Report
"<a href=""https://mienviro.michigan.gov/ncore/downloadpdf/-2356150972183489066"">Link</a>",FY20 Pathogen Results-Mar 2020.pdf,Upload Actual Analytical Laboratory Data; HML Results.pdf; collected March 2020;,Form Submission Attachments,10/30/2020 11:00,-2.35615E+18,WRD - NPDES,Application/Request,HP3-HWDR-V8Y73,Schedule - Biosolids Annual Report
"<a href=""https://mienviro.michigan.gov/ncore/downloadpdf/-3595321980453110117"">Link</a>",FY20 Applier Certification-Management Practices.pdf,Management Practice Certification; Management Practices.pdf;,Form Submission Attachments,10/30/2020 11:00,-3.59532E+18,WRD - NPDES,Application/Request,HP3-HWDR-V8Y73,Schedule - Biosolids Annual Report
"<a href=""https://mienviro.michigan.gov/ncore/downloadpdf/-1878291943815829193"">Link</a>",FY20 Metals-Nutrient-VOC Results-March 2020.pdf,"Spring 2020 Pace.pdf; collected Mar. 30, 2020;",Form Submission Attachments,10/30/2020 11:00,-1.87829E+18,WRD - NPDES,Application/Request,HP3-HWDR-V8Y73,Schedule - Biosolids Annual Report
"<a href=""https://mienviro.michigan.gov/ncore/downloadpdf/-1820768598297398743"">Link</a>",FY20 Metals-Nutrient Results-Sept 2019.pdf,Upload Actual Analytical Laboratory Data; Pace Lab Fall Biosolids 2019.pdf;,Form Submission Attachments,10/30/2020 11:00,-1.82077E+18,WRD - NPDES,Application/Request,HP3-HWDR-V8Y73,Schedule - Biosolids Annual Report
"<a href=""https://mienviro.michigan.gov/ncore/downloadpdf/-1465774990016543863"">Link</a>",FY20 Land Appl Sites Listed-Info.pdf,"Site ID Info.pdf; 7 sites total, DTs, acreage used, applic. rates, total DTs",Form Submission Attachments,10/30/2020 11:00,-1.46577E+18,WRD - NPDES,Application/Request,HP3-HWDR-V8Y73,Schedule - Biosolids Annual Report
"<a href=""https://mienviro.michigan.gov/ncore/downloadpdf/-1421922713361138980"">Link</a>",FY20 Lab Log-Solids and DTs-Spring 2020.pdf,Upload Actual Analytical Laboratory Data; Spring 20 Lab Data.pdf; Solids/TVS/DTs;,Form Submission Attachments,10/30/2020 11:00,-1.42192E+18,WRD - NPDES,Application/Request,HP3-HWDR-V8Y73,Schedule - Biosolids Annual Report
"<a href=""https://mienviro.michigan.gov/ncore/downloadpdf/-7995792267920570600"">Link</a>",FY20 Digestor Sludge Temps-Fall 2019.pdf,Vector attraction reduction documentation; Fall 19 Sludge Temps.pdf; Sept. thru Nov. 2019-Digestor sludge temps;,Form Submission Attachments,10/30/2020 11:00,-7.99579E+18,WRD - NPDES,Application/Request,HP3-HWDR-V8Y73,Schedule - Biosolids Annual Report
"<a href=""https://mienviro.michigan.gov/ncore/downloadpdf/-7181669812693631837"">Link</a>",FY20 Land Appl Site Listing-Dry Tonnage Info.pdf,Raw Data Worksheet.pdf; 8 sites used; DT Info and LA dates;,Form Submission Attachments,10/30/2020 11:00,-7.18167E+18,WRD - NPDES,Application/Request,HP3-HWDR-V8Y73,Schedule - Biosolids Annual Report
"<a href=""https://mienviro.michigan.gov/ncore/downloadpdf/-6228740327260048235"">Link</a>",FY20 Applier Certification- VAR.pdf,Vector attraction reduction documentation; Vector Attraction Reduction.pdf;,Form Submission Attachments,10/30/2020 11:00,-6.22874E+18,WRD - NPDES,Application/Request,HP3-HWDR-V8Y73,Schedule - Biosolids Annual Report
"<a href=""https://mienviro.michigan.gov/ncore/downloadpdf/7364327176372798168"">Link</a>",FY20 TVS Reduction Log-Nov 2019 and May 2020.xlsx,TVS & 38% Reduction.xlsx; Data for Fall 2019 (Nov.) and Spring 2020 (May) hauling months;,Form Submission Attachments,10/30/2020 11:00,7.36433E+18,WRD - NPDES,Application/Request,HP3-HWDR-V8Y73,Schedule - Biosolids Annual Report
"<a href=""https://mienviro.michigan.gov/ncore/downloadpdf/6182514467428443791"">Link</a>",FY20 Pathogen Results-Sept 2019.pdf,Upload Actual Analytical Laboratory Data; HML Fall 2019 Biosolids.pdf; collected Sept. 2019;,Form Submission Attachments,10/30/2020 11:00,6.18251E+18,WRD - NPDES,Application/Request,HP3-HWDR-V8Y73,Schedule - Biosolids Annual Report
"<a href=""https://mienviro.michigan.gov/ncore/downloadpdf/6438358885807165188"">Link</a>",FY20 Metals Worksheets.pdf,Upload Actual Analytical Laboratory Data; Metals Worksheets.pdf; Calculations for Ag Rates;,Form Submission Attachments,10/30/2020 11:00,6.43836E+18,WRD - NPDES,Application/Request,HP3-HWDR-V8Y73,Schedule - Biosolids Annual Report
"<a href=""https://mienviro.michigan.gov/ncore/downloadpdf/4435118231646965674"">Link</a>",FY20 Applier Certification-Class B Pathogen Reduction and Site Restrictions.pdf,Pathogen reduction documentation; Class B Pathogen Reduction and Site Res..pdf;,Form Submission Attachments,10/30/2020 11:00,4.43512E+18,WRD - NPDES,Application/Request,HP3-HWDR-V8Y73,Schedule - Biosolids Annual Report
"<a href=""https://mienviro.michigan.gov/ncore/downloadpdf/3940615118159600923"">Link</a>",FY20 Lab Log-Solids and DTs-Fall 2019.pdf,Upload Actual Analytical Laboratory Data; Fall 19 Lab Data.pdf;,Form Submission Attachments,10/30/2020 11:00,3.94062E+18,WRD - NPDES,Application/Request,HP3-HWDR-V8Y73,Schedule - Biosolids Annual Report
"<a href=""https://mienviro.michigan.gov/ncore/downloadpdf/5077630968363806354"">Link</a>",DMR Summary - MI0020257 _10_01_2019_to_09_30_2020_V1.docx,DMR Summary Data for period 10/01/2019 - 09/30/2020_V1,Schedule - DMR Documents,10/30/2020 10:57,5.07763E+18,WRD - NPDES,Permit,MI0020257 v6.0,NPDES Individual Permit
"<a href=""https://mienviro.michigan.gov/ncore/downloadpdf/4001861427588441034"">Link</a>",2020-10-22 VN-011108 Cadillac WWTP.pdf,,Industrial Pretreatment Program (IPP),10/22/2020 15:45,4.00186E+18,WRD - NPDES,Compliance Action,VN-011108,Violation Notice
"<a href=""https://mienviro.michigan.gov/ncore/downloadpdf/6120318385795256851"">Link</a>",DMR Daily - MI0020257 _09_01_2020_to_09_30_2020_V1.docx,DMR Daily Data for period 09/01/2020 - 09/30/2020_V1,Schedule - DMR Documents,10/16/2020 14:57,6.12032E+18,WRD - NPDES,Permit,MI0020257 v6.0,NPDES Individual Permit
"<a href=""https://mienviro.michigan.gov/ncore/downloadpdf/-2495816032889701004"">Link</a>",DMR Summary - MI0020257 _09_01_2020_to_09_30_2020_V1.docx,DMR Summary Data for period 09/01/2020 - 09/30/2020_V1,Schedule - DMR Documents,10/16/2020 14:57,-2.49582E+18,WRD - NPDES,Permit,MI0020257 v6.0,NPDES Individual Permit
"<a href=""https://mienviro.michigan.gov/ncore/downloadpdf/-2594967681375761019"">Link</a>",Cadillac WWTP 4th PFAS IPP Mailing.pdf,,Industrial Pretreatment Program (IPP),10/7/2020 13:50,-2.59497E+18,n/a,Site,15637,Site
"<a href=""https://mienviro.michigan.gov/ncore/downloadpdf/7319678251053000664"">Link</a>",DMR Daily - MI0020257 _08_01_2020_to_08_31_2020_V1.docx,DMR Daily Data for period 08/01/2020 - 08/31/2020_V1,Schedule - DMR Documents,9/11/2020 14:26,7.31968E+18,WRD - NPDES,Permit,MI0020257 v6.0,NPDES Individual Permit
"<a href=""https://mienviro.michigan.gov/ncore/downloadpdf/-7894316523983511702"">Link</a>",DMR Summary - MI0020257 _08_01_2020_to_08_31_2020_V1.docx,DMR Summary Data for period 08/01/2020 - 08/31/2020_V1,Schedule - DMR Documents,9/11/2020 14:26,-7.89432E+18,WRD - NPDES,Permit,MI0020257 v6.0,NPDES Individual Permit
"<a href=""https://mienviro.michigan.gov/ncore/downloadpdf/-603957263521988219"">Link</a>",DMR Daily - MI0020257 _07_01_2020_to_07_31_2020_V1.docx,DMR Daily Data for period 07/01/2020 - 07/31/2020_V1,Schedule - DMR Documents,8/13/2020 9:53,-6.03957E+17,WRD - NPDES,Permit,MI0020257 v6.0,NPDES Individual Permit
"<a href=""https://mienviro.michigan.gov/ncore/downloadpdf/1261659723395150130"">Link</a>",DMR Summary - MI0020257 _07_01_2020_to_07_31_2020_V1.docx,DMR Summary Data for period 07/01/2020 - 07/31/2020_V1,Schedule - DMR Documents,8/13/2020 9:53,1.26166E+18,WRD - NPDES,Permit,MI0020257 v6.0,NPDES Individual Permit
"<a href=""https://mienviro.michigan.gov/ncore/downloadpdf/7621784426946083240"">Link</a>",HP1-NF8B-MDEG6 V1.pdf v1,Submission PDF,Misc. Application and Request Docs,7/31/2020 14:01,7.62178E+18,WRD - NPDES,Application/Request,HP1-NF8B-MDEG6,Schedule - Asset Management Annual Report
"<a href=""https://mienviro.michigan.gov/ncore/downloadpdf/-621303826784066175"">Link</a>",UPDATED Cadillac Waste Water AMP - NPDES permit report document 2020.docx,Submital Attachments,Form Submission Attachments,7/31/2020 13:59,-6.21304E+17,WRD - NPDES,Application/Request,HP1-NF8B-MDEG6,Schedule - Asset Management Annual Report
"<a href=""https://mienviro.michigan.gov/ncore/downloadpdf/8474571005477585786"">Link</a>",DMR Summary - MI0020257 _06_01_2020_to_06_30_2020_V1.docx,DMR Summary Data for period 06/01/2020 - 06/30/2020_V1,Schedule - DMR Documents,7/15/2020 11:56,8.47457E+18,WRD - NPDES,Permit,MI0020257 v6.0,NPDES Individual Permit
"<a href=""https://mienviro.michigan.gov/ncore/downloadpdf/1126698237618620725"">Link</a>",DMR Daily - MI0020257 _06_01_2020_to_06_30_2020_V1.docx,DMR Daily Data for period 06/01/2020 - 06/30/2020_V1,Schedule - DMR Documents,7/15/2020 11:56,1.1267E+18,WRD - NPDES,Permit,MI0020257 v6.0,NPDES Individual Permit
"<a href=""https://mienviro.michigan.gov/ncore/downloadpdf/-2734719407847125814"">Link</a>",DMR Daily - MI0020257 _05_01_2020_to_05_31_2020_V1.docx,DMR Daily Data for period 05/01/2020 - 05/31/2020_V1,Schedule - DMR Documents,6/12/2020 11:10,-2.73472E+18,WRD - NPDES,Permit,MI0020257 v6.0,NPDES Individual Permit
"<a href=""https://mienviro.michigan.gov/ncore/downloadpdf/-8346867488967724727"">Link</a>",DMR Summary - MI0020257 _05_01_2020_to_05_31_2020_V1.docx,DMR Summary Data for period 05/01/2020 - 05/31/2020_V1,Schedule - DMR Documents,6/12/2020 11:10,-8.34687E+18,WRD - NPDES,Permit,MI0020257 v6.0,NPDES Individual Permit
"<a href=""https://mienviro.michigan.gov/ncore/downloadpdf/5359287556564624361"">Link</a>",DMR Daily - MI0020257 _04_01_2020_to_04_30_2020_V1.docx,DMR Daily Data for period 04/01/2020 - 04/30/2020_V1,Schedule - DMR Documents,5/14/2020 10:57,5.35929E+18,WRD - NPDES,Permit,MI0020257 v6.0,NPDES Individual Permit
"<a href=""https://mienviro.michigan.gov/ncore/downloadpdf/714725476643353392"">Link</a>",DMR Summary - MI0020257 _04_01_2020_to_04_30_2020_V1.docx,DMR Summary Data for period 04/01/2020 - 04/30/2020_V1,Schedule - DMR Documents,5/14/2020 10:57,7.14725E+17,WRD - NPDES,Permit,MI0020257 v6.0,NPDES Individual Permit
"<a href=""https://mienviro.michigan.gov/ncore/downloadpdf/-3205026037225796189"">Link</a>",FY20 RMP Mod Approval Letter.pdf,RMP Mod Approval Letter FY20,Misc. Submittal Docs,4/29/2020 0:00,-3.20503E+18,WRD - NPDES,Application/Request,HNX-E8Q7-TQ4BF,Schedule - Biosolids Residuals Management Program (RMP) Submittal or Modification
"<a href=""https://mienviro.michigan.gov/ncore/downloadpdf/-6039639665655559987"">Link</a>",EM-FY20 RMP Mod Approval Letter.msg,RMP Mod Approval Letter FY20 Email Correspondence,Misc. Submittal Docs,4/29/2020 0:00,-6.03964E+18,WRD - NPDES,Application/Request,HNX-E8Q7-TQ4BF,Schedule - Biosolids Residuals Management Program (RMP) Submittal or Modification
"<a href=""https://mienviro.michigan.gov/ncore/downloadpdf/-8688763702920279353"">Link</a>",DMR Daily - MI0020257 _03_01_2020_to_03_31_2020_V1.docx,DMR Daily Data for period 03/01/2020 - 03/31/2020_V1,Schedule - DMR Documents,4/14/2020 11:14,-8.68876E+18,WRD - NPDES,Permit,MI0020257 v6.0,NPDES Individual Permit
"<a href=""https://mienviro.michigan.gov/ncore/downloadpdf/904120559304729915"">Link</a>",DMR Summary - MI0020257 _03_01_2020_to_03_31_2020_V1.docx,DMR Summary Data for period 03/01/2020 - 03/31/2020_V1,Schedule - DMR Documents,4/14/2020 11:14,9.04121E+17,WRD - NPDES,Permit,MI0020257 v6.0,NPDES Individual Permit
"<a href=""https://mienviro.michigan.gov/ncore/downloadpdf/-3131571223960417678"">Link</a>",TVS Sludge-Temp data for 2018 and 2019 - CS.xlsx,EGLE staff determining 38% TVS,Misc. Submittal Docs,4/8/2020 9:34,-3.13157E+18,WRD - NPDES,Application/Request,HNX-E8Q7-TQ4BF,Schedule - Biosolids Residuals Management Program (RMP) Submittal or Modification
"<a href=""https://mienviro.michigan.gov/ncore/downloadpdf/-2402552479564888584"">Link</a>",FY18 Biosolids Lab Data sheet-May.pdf,EGLE info from Cadillac's past biosolids annual reports to help with RMP mod review,Misc. Submittal Docs,4/7/2020 9:25,-2.40255E+18,WRD - NPDES,Application/Request,HNX-E8Q7-TQ4BF,Schedule - Biosolids Residuals Management Program (RMP) Submittal or Modification
"<a href=""https://mienviro.michigan.gov/ncore/downloadpdf/-5300288323518781339"">Link</a>",FY19 Fecal Only result-Spring Pathogen retest.pdf,EGLE info from Cadillac's past biosolids annual reports to help with RMP mod review,Misc. Submittal Docs,4/7/2020 9:25,-5.30029E+18,WRD - NPDES,Application/Request,HNX-E8Q7-TQ4BF,Schedule - Biosolids Residuals Management Program (RMP) Submittal or Modification
"<a href=""https://mienviro.michigan.gov/ncore/downloadpdf/-3616924148492431618"">Link</a>",FY19 Pathogen Results-Spring.pdf,EGLE info from Cadillac's past biosolids annual reports to help with RMP mod review,Misc. Submittal Docs,4/7/2020 9:25,-3.61692E+18,WRD - NPDES,Application/Request,HNX-E8Q7-TQ4BF,Schedule - Biosolids Residuals Management Program (RMP) Submittal or Modification
"<a href=""https://mienviro.michigan.gov/ncore/downloadpdf/6934318977461350840"">Link</a>",FY19 Biosolids Lab Data sheet-Oct.pdf,EGLE info from Cadillac's past biosolids annual reports to help with RMP mod review,Misc. Submittal Docs,4/7/2020 9:25,6.93432E+18,WRD - NPDES,Application/Request,HNX-E8Q7-TQ4BF,Schedule - Biosolids Residuals Management Program (RMP) Submittal or Modification
"<a href=""https://mienviro.michigan.gov/ncore/downloadpdf/8916420307035958490"">Link</a>",FY18 Pathogen Results-Spring.pdf,EGLE info from Cadillac's past biosolids annual reports to help with RMP mod review,Misc. Submittal Docs,4/7/2020 9:25,8.91642E+18,WRD - NPDES,Application/Request,HNX-E8Q7-TQ4BF,Schedule - Biosolids Residuals Management Program (RMP) Submittal or Modification
"<a href=""https://mienviro.michigan.gov/ncore/downloadpdf/2840525739333211318"">Link</a>",FY19 Pathogen results-Fall.pdf,EGLE info from Cadillac's past biosolids annual reports to help with RMP mod review,Misc. Submittal Docs,4/7/2020 9:25,2.84053E+18,WRD - NPDES,Application/Request,HNX-E8Q7-TQ4BF,Schedule - Biosolids Residuals Management Program (RMP) Submittal or Modification
"<a href=""https://mienviro.michigan.gov/ncore/downloadpdf/2380160427227463614"">Link</a>",EM-Documentation to continue the RMP Mod Review - Received.msg,EGLE responds,Misc. Submittal Docs,4/3/2020 9:23,2.38016E+18,WRD - NPDES,Application/Request,HNX-E8Q7-TQ4BF,Schedule - Biosolids Residuals Management Program (RMP) Submittal or Modification
"<a href=""https://mienviro.michigan.gov/ncore/downloadpdf/9121627631978315512"">Link</a>",TVS 38 percent Reduction Formula-Example.xls,came w/ em from WWTP,NPDES Submittal Docs,4/3/2020 9:22,9.12163E+18,WRD - NPDES,Application/Request,HNX-E8Q7-TQ4BF,Schedule - Biosolids Residuals Management Program (RMP) Submittal or Modification
"<a href=""https://mienviro.michigan.gov/ncore/downloadpdf/7466681245637844361"">Link</a>",FY20 Pathogen results-Fall.pdf,came w/ em from WWTP,NPDES Submittal Docs,4/3/2020 9:22,7.46668E+18,WRD - NPDES,Application/Request,HNX-E8Q7-TQ4BF,Schedule - Biosolids Residuals Management Program (RMP) Submittal or Modification
"<a href=""https://mienviro.michigan.gov/ncore/downloadpdf/-3898013246824429371"">Link</a>",FY20 Biosolids Lab data sheet-Nov.pdf,came w/ em from WWTP,NPDES Submittal Docs,4/3/2020 9:22,-3.89801E+18,WRD - NPDES,Application/Request,HNX-E8Q7-TQ4BF,Schedule - Biosolids Residuals Management Program (RMP) Submittal or Modification
"<a href=""https://mienviro.michigan.gov/ncore/downloadpdf/-8226255631460587730"">Link</a>",TVS Sludge-Temp data for 2018 and 2019.xlsx,came w/ em from WWTP,NPDES Submittal Docs,4/3/2020 9:22,-8.22626E+18,WRD - NPDES,Application/Request,HNX-E8Q7-TQ4BF,Schedule - Biosolids Residuals Management Program (RMP) Submittal or Modification
"<a href=""https://mienviro.michigan.gov/ncore/downloadpdf/7830709612651859340"">Link</a>",EM-Documentation to continue the RMP Mod Review.msg,from WWTP,NPDES Submittal Docs,4/3/2020 9:21,7.83071E+18,WRD - NPDES,Application/Request,HNX-E8Q7-TQ4BF,Schedule - Biosolids Residuals Management Program (RMP) Submittal or Modification
"<a href=""https://mienviro.michigan.gov/ncore/downloadpdf/4306864775266012666"">Link</a>",EM-Documentation needed to continue the RMP Mod Review.msg,EGLE to WWTP,Misc. Submittal Docs,4/3/2020 9:20,4.30686E+18,WRD - NPDES,Application/Request,HNX-E8Q7-TQ4BF,Schedule - Biosolids Residuals Management Program (RMP) Submittal or Modification
"<a href=""https://mienviro.michigan.gov/ncore/downloadpdf/7167064064318080607"">Link</a>",TVS Sludge data with June 2019 - CS.xlsx,EGLE staff determining averages,Misc. Submittal Docs,4/2/2020 9:31,7.16706E+18,WRD - NPDES,Application/Request,HNX-E8Q7-TQ4BF,Schedule - Biosolids Residuals Management Program (RMP) Submittal or Modification
"<a href=""https://mienviro.michigan.gov/ncore/downloadpdf/-2306083742306536230"">Link</a>",Map of WWTP-plus....pdf,EGLE info to help w/ RMP Mod review,Misc. Submittal Docs,4/2/2020 9:28,-2.30608E+18,WRD - NPDES,Application/Request,HNX-E8Q7-TQ4BF,Schedule - Biosolids Residuals Management Program (RMP) Submittal or Modification
"<a href=""https://mienviro.michigan.gov/ncore/downloadpdf/-2960176964360922578"">Link</a>",EM-raw sludge data - excel spreadsheet - June 2019 attached.msg,from WWTP,Misc. Submittal Docs,4/2/2020 9:18,-2.96018E+18,WRD - NPDES,Application/Request,HNX-E8Q7-TQ4BF,Schedule - Biosolids Residuals Management Program (RMP) Submittal or Modification
"<a href=""https://mienviro.michigan.gov/ncore/downloadpdf/6333816970892467646"">Link</a>",TVS Sludge-Temp data Mar-Apr-June 2019.xlsx,came w/ em from WWTP,Misc. Submittal Docs,4/2/2020 9:18,6.33382E+18,WRD - NPDES,Application/Request,HNX-E8Q7-TQ4BF,Schedule - Biosolids Residuals Management Program (RMP) Submittal or Modification
"<a href=""https://mienviro.michigan.gov/ncore/downloadpdf/531947349630284964"">Link</a>",EM-raw sludge data - excel spreadsheet - do you have.......msg,EGLE to WWTP,Misc. Submittal Docs,4/1/2020 9:17,5.31947E+17,WRD - NPDES,Application/Request,HNX-E8Q7-TQ4BF,Schedule - Biosolids Residuals Management Program (RMP) Submittal or Modification
"<a href=""https://mienviro.michigan.gov/ncore/downloadpdf/-2865070882730237278"">Link</a>",4-19 Sludge Data.pdf,came w/ em from WWTP,NPDES Submittal Docs,3/30/2020 9:10,-2.86507E+18,WRD - NPDES,Application/Request,HNX-E8Q7-TQ4BF,Schedule - Biosolids Residuals Management Program (RMP) Submittal or Modification
"<a href=""https://mienviro.michigan.gov/ncore/downloadpdf/-2375101511519353358"">Link</a>",TVS Sludge data with June 2019.xlsx,came w/ em from WWTP,NPDES Submittal Docs,3/30/2020 9:10,-2.3751E+18,WRD - NPDES,Application/Request,HNX-E8Q7-TQ4BF,Schedule - Biosolids Residuals Management Program (RMP) Submittal or Modification
"<a href=""https://mienviro.michigan.gov/ncore/downloadpdf/-640586683954684380"">Link</a>",EM-RMP Sludge Data - 38 percent vol sol reduc info.msg,from WWTP,NPDES Submittal Docs,3/30/2020 9:10,-6.40587E+17,WRD - NPDES,Application/Request,HNX-E8Q7-TQ4BF,Schedule - Biosolids Residuals Management Program (RMP) Submittal or Modification
"<a href=""https://mienviro.michigan.gov/ncore/downloadpdf/-8976390437726751257"">Link</a>",3-19 Sludge Data.pdf,came w/ em from WWTP,NPDES Submittal Docs,3/30/2020 9:10,-8.97639E+18,WRD - NPDES,Application/Request,HNX-E8Q7-TQ4BF,Schedule - Biosolids Residuals Management Program (RMP) Submittal or Modification
"<a href=""https://mienviro.michigan.gov/ncore/downloadpdf/-9149089842875174068"">Link</a>",FY19 Biosolids Lab data Sheet-June.pdf,came w/ em from WWTP,NPDES Submittal Docs,3/30/2020 9:10,-9.14909E+18,WRD - NPDES,Application/Request,HNX-E8Q7-TQ4BF,Schedule - Biosolids Residuals Management Program (RMP) Submittal or Modification
"<a href=""https://mienviro.michigan.gov/ncore/downloadpdf/-8585248556278470835"">Link</a>",HNY-0A3C-HVRY7 V1.pdf v1,Submission PDF,Misc. Application and Request Docs,3/24/2020 0:00,-8.58525E+18,WRD - NPDES,Application/Request,HNY-0A3C-HVRY7,Schedule - Michigan Industrial Pretreatment Program (IPP) Annual Report
"<a href=""https://mienviro.michigan.gov/ncore/downloadpdf/-4707268831554083833"">Link</a>",[Untitled].pdf,nForm Document,Form Submission Attachments,3/24/2020 0:00,-4.70727E+18,WRD - NPDES,Application/Request,HNY-0A3C-HVRY7,Schedule - Michigan Industrial Pretreatment Program (IPP) Annual Report
"<a href=""https://mienviro.michigan.gov/ncore/downloadpdf/1611229033523596445"">Link</a>",POTW_Monitoring_Data_Summary 2019.xlsx,nForm Document,Form Submission Attachments,3/24/2020 0:00,1.61123E+18,WRD - NPDES,Application/Request,HNY-0A3C-HVRY7,Schedule - Michigan Industrial Pretreatment Program (IPP) Annual Report
"<a href=""https://mienviro.michigan.gov/ncore/downloadpdf/4473589058410684374"">Link</a>",POTW_Oversight_Table 2019.xlsx,nForm Document,Form Submission Attachments,3/24/2020 0:00,4.47359E+18,WRD - NPDES,Application/Request,HNY-0A3C-HVRY7,Schedule - Michigan Industrial Pretreatment Program (IPP) Annual Report
"<a href=""https://mienviro.michigan.gov/ncore/downloadpdf/7404543692145492921"">Link</a>",SIU-CIU_List.xlsx,nForm Document,Form Submission Attachments,3/24/2020 0:00,7.40454E+18,WRD - NPDES,Application/Request,HNY-0A3C-HVRY7,Schedule - Michigan Industrial Pretreatment Program (IPP) Annual Report
"<a href=""https://mienviro.michigan.gov/ncore/downloadpdf/-3086391385719853857"">Link</a>",DMR Daily - MI0020257 _02_01_2020_to_02_29_2020_V1.docx,DMR Daily Data for period 02/01/2020 - 02/29/2020_V1,Schedule - DMR Documents,3/10/2020 10:36,-3.08639E+18,WRD - NPDES,Permit,MI0020257 v6.0,NPDES Individual Permit
"<a href=""https://mienviro.michigan.gov/ncore/downloadpdf/-8244759568150087056"">Link</a>",DMR Summary - MI0020257 _02_01_2020_to_02_29_2020_V1.docx,DMR Summary Data for period 02/01/2020 - 02/29/2020_V1,Schedule - DMR Documents,3/10/2020 10:36,-8.24476E+18,WRD - NPDES,Permit,MI0020257 v6.0,NPDES Individual Permit
"<a href=""https://mienviro.michigan.gov/ncore/downloadpdf/4971276605776623665"">Link</a>",DMR Daily - MI0020257 _01_01_2020_to_01_31_2020_V1.docx,DMR Daily Data for period 01/01/2020 - 01/31/2020_V1,Schedule - DMR Documents,2/18/2020 11:07,4.97128E+18,WRD - NPDES,Permit,MI0020257 v6.0,NPDES Individual Permit
"<a href=""https://mienviro.michigan.gov/ncore/downloadpdf/7829297075121030860"">Link</a>",DMR Summary - MI0020257 _01_01_2020_to_01_31_2020_V1.docx,DMR Summary Data for period 01/01/2020 - 01/31/2020_V1,Schedule - DMR Documents,2/18/2020 11:07,7.8293E+18,WRD - NPDES,Permit,MI0020257 v6.0,NPDES Individual Permit
"<a href=""https://mienviro.michigan.gov/ncore/downloadpdf/-1004089419836381226"">Link</a>",EM-RMP Modification Applic submitted to Donal Brady.msg,EGLE to EGLE,Misc. Submittal Docs,2/11/2020 9:08,-1.00409E+18,WRD - NPDES,Application/Request,HNX-E8Q7-TQ4BF,Schedule - Biosolids Residuals Management Program (RMP) Submittal or Modification
"<a href=""https://mienviro.michigan.gov/ncore/downloadpdf/6260115591376493978"">Link</a>",EM-RMP Mod Applic submitted.msg,WWTP to EGLE,Misc. Submittal Docs,2/11/2020 9:06,6.26012E+18,WRD - NPDES,Application/Request,HNX-E8Q7-TQ4BF,Schedule - Biosolids Residuals Management Program (RMP) Submittal or Modification
"<a href=""https://mienviro.michigan.gov/ncore/downloadpdf/8000300937872960374"">Link</a>",FY20 RMP Mod Request Letter.doc,2020 RMP Amend.doc; nForm Document;,Form Submission Attachments,2/11/2020 0:00,8.0003E+18,WRD - NPDES,Application/Request,HNX-E8Q7-TQ4BF,Schedule - Biosolids Residuals Management Program (RMP) Submittal or Modification
"<a href=""https://mienviro.michigan.gov/ncore/downloadpdf/-1059360609849530823"">Link</a>",RMP Modification Request-July 2014.doc,Amend RMP.doc; nForm Document,Form Submission Attachments,2/11/2020 0:00,-1.05936E+18,WRD - NPDES,Application/Request,HNX-E8Q7-TQ4BF,Schedule - Biosolids Residuals Management Program (RMP) Submittal or Modification
"<a href=""https://mienviro.michigan.gov/ncore/downloadpdf/-4952532529280965728"">Link</a>",RMP-Class A EQ-DEQ letter.pdf,Class A EQ letter.pdf; nForm Document; letter from Jim Johnson (DEQ) 2004;,Form Submission Attachments,2/11/2020 0:00,-4.95253E+18,WRD - NPDES,Application/Request,HNX-E8Q7-TQ4BF,Schedule - Biosolids Residuals Management Program (RMP) Submittal or Modification
"<a href=""https://mienviro.michigan.gov/ncore/downloadpdf/-4312345816805112594"">Link</a>",HNX-E8Q7-TQ4BF V1.pdf v1,FY20 RMP Mod Applic Request;,Misc. Application and Request Docs,2/11/2020 0:00,-4.31235E+18,WRD - NPDES,Application/Request,HNX-E8Q7-TQ4BF,Schedule - Biosolids Residuals Management Program (RMP) Submittal or Modification
"<a href=""https://mienviro.michigan.gov/ncore/downloadpdf/8695668662734402304"">Link</a>",DMR Summary - MI0020257 _12_01_2019_to_12_31_2019_V1.docx,DMR Summary Data for period 12/01/2019 - 12/31/2019_V1,Schedule - DMR Documents,1/16/2020 15:51,8.69567E+18,WRD - NPDES,Permit,MI0020257 v6.0,NPDES Individual Permit
"<a href=""https://mienviro.michigan.gov/ncore/downloadpdf/6901296223852828324"">Link</a>",DMR Daily - MI0020257 _12_01_2019_to_12_31_2019_V1.docx,DMR Daily Data for period 12/01/2019 - 12/31/2019_V1,Schedule - DMR Documents,1/16/2020 15:51,6.9013E+18,WRD - NPDES,Permit,MI0020257 v6.0,NPDES Individual Permit
"<a href=""https://mienviro.michigan.gov/ncore/downloadpdf/-4555603840963804257"">Link</a>",DMR Summary - MI0020257 _11_01_2019_to_11_30_2019_V1.docx,DMR Summary Data for period 11/01/2019 - 11/30/2019_V1,Schedule - DMR Documents,12/18/2019 13:54,-4.5556E+18,WRD - NPDES,Permit,MI0020257 v6.0,NPDES Individual Permit
"<a href=""https://mienviro.michigan.gov/ncore/downloadpdf/-2546164817888365588"">Link</a>",DMR Daily - MI0020257 _11_01_2019_to_11_30_2019_V1.docx,DMR Daily Data for period 11/01/2019 - 11/30/2019_V1,Schedule - DMR Documents,12/18/2019 13:54,-2.54616E+18,WRD - NPDES,Permit,MI0020257 v6.0,NPDES Individual Permit
"<a href=""https://mienviro.michigan.gov/ncore/downloadpdf/-30690039028977475"">Link</a>",HNV-XK97-EV0GR V1.pdf v1,Submission PDF,Misc. Application and Request Docs,12/18/2019 0:00,-3.069E+16,WRD - NPDES,Application/Request,HNV-XK97-EV0GR,Schedule - IPP PFAS Status Report
"<a href=""https://mienviro.michigan.gov/ncore/downloadpdf/4764663275834837536"">Link</a>",Cadillac WWTP MI0020257 IPP PFAS Dec 2019 Status.pdf,,Industrial Pretreatment Program (IPP),12/6/2019 13:17,4.76466E+18,n/a,Site,15637,Site
"<a href=""https://mienviro.michigan.gov/ncore/downloadpdf/-3775827852740007551"">Link</a>",WETQuestion_MI0020257_11-22-2019.msg,,Misc Site Docs,11/22/2019 0:00,-3.77583E+18,n/a,Site,15637,Site
"<a href=""https://mienviro.michigan.gov/ncore/downloadpdf/4882829427941262775"">Link</a>",DMR Daily - MI0020257 _10_01_2019_to_10_31_2019_V1.docx,DMR Daily Data for period 10/01/2019 - 10/31/2019_V1,Schedule - DMR Documents,11/19/2019 14:42,4.88283E+18,WRD - NPDES,Permit,MI0020257 v6.0,NPDES Individual Permit
"<a href=""https://mienviro.michigan.gov/ncore/downloadpdf/3937238601608414366"">Link</a>",DMR Summary - MI0020257 _10_01_2019_to_10_31_2019_V1.docx,DMR Summary Data for period 10/01/2019 - 10/31/2019_V1,Schedule - DMR Documents,11/19/2019 14:42,3.93724E+18,WRD - NPDES,Permit,MI0020257 v6.0,NPDES Individual Permit
"<a href=""https://mienviro.michigan.gov/ncore/downloadpdf/-9022831803921967807"">Link</a>",EM-RMP modifications - Scheduled Report now in Miwaters.msg,EGLE to WWTP,Misc. Submittal Docs,11/19/2019 9:02,-9.02283E+18,WRD - NPDES,Application/Request,HNX-E8Q7-TQ4BF,Schedule - Biosolids Residuals Management Program (RMP) Submittal or Modification
"<a href=""https://mienviro.michigan.gov/ncore/downloadpdf/8332496224645746748"">Link</a>",EM-Reviewing biosolids annual report and documents.msg,EGLE to WWTP Oper.,NPDES Submittal Docs,11/7/2019 0:00,8.3325E+18,WRD - NPDES,Application/Request,HNT-5SPH-XVKKZ,Schedule - Biosolids Annual Report
"<a href=""https://mienviro.michigan.gov/ncore/downloadpdf/4671505331506101645"">Link</a>",DMR Summary - MI0020257 _10_01_2018_to_09_30_2019_V1.docx,DMR Summary Data for period 10/01/2018 - 09/30/2019_V1,Schedule - DMR Documents,10/28/2019 11:37,4.67151E+18,WRD - NPDES,Permit,MI0020257 v6.0,NPDES Individual Permit
"<a href=""https://mienviro.michigan.gov/ncore/downloadpdf/8793107100625002523"">Link</a>",FY19 Applier-Management Pract Cert.pdf v1,Management Practices.pdf;,Applicant Attachments,10/28/2019 0:00,8.79311E+18,WRD - NPDES,Application/Request,HNT-5SPH-XVKKZ,Schedule - Biosolids Annual Report
"<a href=""https://mienviro.michigan.gov/ncore/downloadpdf/9209529777481977364"">Link</a>",FY19 Lab Sheet-Total Solids and DTs-June.pdf v1,Lab Data Spring Hauling 2019.pdf; June 19' lab info;,Applicant Attachments,10/28/2019 0:00,9.20953E+18,WRD - NPDES,Application/Request,HNT-5SPH-XVKKZ,Schedule - Biosolids Annual Report
"<a href=""https://mienviro.michigan.gov/ncore/downloadpdf/8017569878524048059"">Link</a>",FY19 Fecal Only result-retest.pdf v1,HML Fecals 4-18-2019.pdf; April 19' - Fecal still didn't meet;,Applicant Attachments,10/28/2019 0:00,8.01757E+18,WRD - NPDES,Application/Request,HNT-5SPH-XVKKZ,Schedule - Biosolids Annual Report
"<a href=""https://mienviro.michigan.gov/ncore/downloadpdf/7537303492911861212"">Link</a>",FY19 Land Applic Site List Info.pdf v1,Site Information.pdf; 8 sites used for LA;,Applicant Attachments,10/28/2019 0:00,7.5373E+18,WRD - NPDES,Application/Request,HNT-5SPH-XVKKZ,Schedule - Biosolids Annual Report
"<a href=""https://mienviro.michigan.gov/ncore/downloadpdf/-238039900655589400"">Link</a>",FY19 Metals and Nutrient Results.pdf v1,Pace Biosolids 4-8-2019.pdf; April 19' by PACE;,Applicant Attachments,10/28/2019 0:00,-2.3804E+17,WRD - NPDES,Application/Request,HNT-5SPH-XVKKZ,Schedule - Biosolids Annual Report
"<a href=""https://mienviro.michigan.gov/ncore/downloadpdf/733870788244046309"">Link</a>",FY19 Lab Sheet-Total Solids and DTs-Oct.pdf v1,Solids Lab Data.pdf; Info. for Oct. 2018 haul;,Applicant Attachments,10/28/2019 0:00,7.33871E+17,WRD - NPDES,Application/Request,HNT-5SPH-XVKKZ,Schedule - Biosolids Annual Report
"<a href=""https://mienviro.michigan.gov/ncore/downloadpdf/829100617802768493"">Link</a>",FY19 Land Applic Sites List and Info.pdf v1,DT Applied.pdf; Fall 18' and Summer 19';,Applicant Attachments,10/28/2019 0:00,8.29101E+17,WRD - NPDES,Application/Request,HNT-5SPH-XVKKZ,Schedule - Biosolids Annual Report
"<a href=""https://mienviro.michigan.gov/ncore/downloadpdf/1144882082607395682"">Link</a>",FY19 Applier VAR proof.pdf v1,Vector Attraction Reduction.pdf;,Applicant Attachments,10/28/2019 0:00,1.14488E+18,WRD - NPDES,Application/Request,HNT-5SPH-XVKKZ,Schedule - Biosolids Annual Report
"<a href=""https://mienviro.michigan.gov/ncore/downloadpdf/3268162461128179690"">Link</a>",HNT-5SPH-XVKKZ V1.pdf v1,FY19 Biosolids Annual Report;,Misc. Application and Request Docs,10/28/2019 0:00,3.26816E+18,WRD - NPDES,Application/Request,HNT-5SPH-XVKKZ,Schedule - Biosolids Annual Report
"<a href=""https://mienviro.michigan.gov/ncore/downloadpdf/5122422670812837402"">Link</a>",FY19 Metals and Nutrient Results.pdf v1,Pace Lab Biosolids 9-4-2018.pdf; Sept. 18' by PACE;,Applicant Attachments,10/28/2019 0:00,5.12242E+18,WRD - NPDES,Application/Request,HNT-5SPH-XVKKZ,Schedule - Biosolids Annual Report
"<a href=""https://mienviro.michigan.gov/ncore/downloadpdf/-8194005199149734697"">Link</a>",FY19 Applier-Class B Pathogen Red and Site Restr.pdf v1,Class B Pathogen Reduction and Site Res..pdf;,Applicant Attachments,10/28/2019 0:00,-8.19401E+18,WRD - NPDES,Application/Request,HNT-5SPH-XVKKZ,Schedule - Biosolids Annual Report
"<a href=""https://mienviro.michigan.gov/ncore/downloadpdf/-4976662319602373768"">Link</a>",FY19 Loading Calculations per LA site.pdf v1,Raw Data Metals.pdf;,Applicant Attachments,10/28/2019 0:00,-4.97666E+18,WRD - NPDES,Application/Request,HNT-5SPH-XVKKZ,Schedule - Biosolids Annual Report
"<a href=""https://mienviro.michigan.gov/ncore/downloadpdf/-2310905792227201294"">Link</a>",FY19 Pathogen results-Fall.pdf v1,HML 2018 Fall Biosolids.pdf; late Sept. 18' results for Fall 2018 haul;,Applicant Attachments,10/28/2019 0:00,-2.31091E+18,WRD - NPDES,Application/Request,HNT-5SPH-XVKKZ,Schedule - Biosolids Annual Report
"<a href=""https://mienviro.michigan.gov/ncore/downloadpdf/-2977653288276653769"">Link</a>",FY19 Pathogen Results-Spring.pdf v1,HML 4-8-2019.pdf; April results for summer haul; Fecal didn't meet;,Applicant Attachments,10/28/2019 0:00,-2.97765E+18,WRD - NPDES,Application/Request,HNT-5SPH-XVKKZ,Schedule - Biosolids Annual Report
"<a href=""https://mienviro.michigan.gov/ncore/downloadpdf/7284317847182220886"">Link</a>",Phone Log 10-24-2019.pdf,EGLE & WWTP discussion,Misc. Submittal Docs,10/24/2019 9:03,7.28432E+18,WRD - NPDES,Application/Request,HNX-E8Q7-TQ4BF,Schedule - Biosolids Residuals Management Program (RMP) Submittal or Modification
"<a href=""https://mienviro.michigan.gov/ncore/downloadpdf/4629793855295452425"">Link</a>",DMR Summary - MI0020257 _09_01_2019_to_09_30_2019_V1.docx,DMR Summary Data for period 09/01/2019 - 09/30/2019_V1,Schedule - DMR Documents,10/16/2019 16:10,4.62979E+18,WRD - NPDES,Permit,MI0020257 v6.0,NPDES Individual Permit
"<a href=""https://mienviro.michigan.gov/ncore/downloadpdf/-4190240916929705577"">Link</a>",DMR Daily - MI0020257 _09_01_2019_to_09_30_2019_V1.docx,DMR Daily Data for period 09/01/2019 - 09/30/2019_V1,Schedule - DMR Documents,10/16/2019 16:10,-4.19024E+18,WRD - NPDES,Permit,MI0020257 v6.0,NPDES Individual Permit
"<a href=""https://mienviro.michigan.gov/ncore/downloadpdf/8924430461830557524"">Link</a>",2019-10-16 CC-002274 Cadillac WWTP.pdf,,Industrial Pretreatment Program (IPP),10/16/2019 10:23,8.92443E+18,WRD - NPDES,Compliance Action,CC-002274,Compliance Communication
"<a href=""https://mienviro.michigan.gov/ncore/downloadpdf/160565945375433856"">Link</a>",EM-RMP Question.msg,WWTP to EGLE,Misc. Submittal Docs,10/14/2019 9:03,1.60566E+17,WRD - NPDES,Application/Request,HNX-E8Q7-TQ4BF,Schedule - Biosolids Residuals Management Program (RMP) Submittal or Modification
"<a href=""https://mienviro.michigan.gov/ncore/downloadpdf/-1598855405513453416"">Link</a>",EM-RMP Question and Answer.msg,EGLE responds,Misc. Submittal Docs,10/14/2019 9:03,-1.59886E+18,WRD - NPDES,Application/Request,HNX-E8Q7-TQ4BF,Schedule - Biosolids Residuals Management Program (RMP) Submittal or Modification
"<a href=""https://mienviro.michigan.gov/ncore/downloadpdf/-4965689064233631921"">Link</a>",MI0020257_August2019WET Report_9-10-2019.pdf,,Misc Site Docs,9/13/2019 0:00,-4.96569E+18,n/a,Site,15637,Site
"<a href=""https://mienviro.michigan.gov/ncore/downloadpdf/1925324962544154374"">Link</a>",WET Email_MI0020257_August 2019 WET Report_9-10-2019.msg,,Misc Site Docs,9/13/2019 0:00,1.92532E+18,n/a,Site,15637,Site
"<a href=""https://mienviro.michigan.gov/ncore/downloadpdf/4485625990892266465"">Link</a>",DMR Summary - MI0020257 _08_01_2019_to_08_31_2019_V1.docx,DMR Summary Data for period 08/01/2019 - 08/31/2019_V1,Schedule - DMR Documents,9/11/2019 12:59,4.48563E+18,WRD - NPDES,Permit,MI0020257 v5.1,NPDES Individual Permit
"<a href=""https://mienviro.michigan.gov/ncore/downloadpdf/-3469650607187381381"">Link</a>",DMR Daily - MI0020257 _08_01_2019_to_08_31_2019_V1.docx,DMR Daily Data for period 08/01/2019 - 08/31/2019_V1,Schedule - DMR Documents,9/11/2019 12:59,-3.46965E+18,WRD - NPDES,Permit,MI0020257 v5.1,NPDES Individual Permit
"<a href=""https://mienviro.michigan.gov/ncore/downloadpdf/-8533260144873024140"">Link</a>",Issuance Letter_Cadillac WWTP.msg,,NPDES Individual Permit,8/30/2019 0:00,-8.53326E+18,WRD - NPDES,Permit,MI0020257 v6.0,NPDES Individual Permit
"<a href=""https://mienviro.michigan.gov/ncore/downloadpdf/5280760149616784281"">Link</a>",DMR Daily - MI0020257 _07_01_2019_to_07_31_2019_V1.docx,DMR Daily Data for period 07/01/2019 - 07/31/2019_V1,Schedule - DMR Documents,8/19/2019 10:22,5.28076E+18,WRD - NPDES,Permit,MI0020257 v5.1,NPDES Individual Permit
"<a href=""https://mienviro.michigan.gov/ncore/downloadpdf/-8739884906953414189"">Link</a>",DMR Summary - MI0020257 _07_01_2019_to_07_31_2019_V1.docx,DMR Summary Data for period 07/01/2019 - 07/31/2019_V1,Schedule - DMR Documents,8/19/2019 10:22,-8.73988E+18,WRD - NPDES,Permit,MI0020257 v5.1,NPDES Individual Permit
"<a href=""https://mienviro.michigan.gov/ncore/downloadpdf/-1321137294153054267"">Link</a>",DMR Daily - MI0020257 _06_01_2019_to_06_30_2019_V1.docx,DMR Daily Data for period 06/01/2019 - 06/30/2019_V1,Schedule - DMR Documents,7/18/2019 14:28,-1.32114E+18,WRD - NPDES,Permit,MI0020257 v5.1,NPDES Individual Permit
"<a href=""https://mienviro.michigan.gov/ncore/downloadpdf/-5148257130223295610"">Link</a>",DMR Summary - MI0020257 _06_01_2019_to_06_30_2019_V1.docx,DMR Summary Data for period 06/01/2019 - 06/30/2019_V1,Schedule - DMR Documents,7/18/2019 14:28,-5.14826E+18,WRD - NPDES,Permit,MI0020257 v5.1,NPDES Individual Permit
"<a href=""https://mienviro.michigan.gov/ncore/downloadpdf/-1381733737630238270"">Link</a>",J19915-1 UDS Level 2 Report Final Report.pdf v1,5.a. Upload all contract laboratory reports from POTW effluent and/or Influent sampling that have not yet been submitted.,Applicant Attachments,6/28/2019 15:46,-1.38173E+18,WRD - NPDES,Application/Request,HNQ-VZP8-TWNRX,Schedule - IPP PFAS Status Report
"<a href=""https://mienviro.michigan.gov/ncore/downloadpdf/6286447248229530622"">Link</a>",J17646-1 UDS Level 2 Report Final Report (Leachate).pdf v1,1. Provide a summary of all IU sampling to date under the IPP PFAS Initiative; We have determined Wexford county landfill is our source. They have gone to deep well injection and have told us they will not be bringing it to us anymore.,Applicant Attachments,6/28/2019 15:46,6.28645E+18,WRD - NPDES,Application/Request,HNQ-VZP8-TWNRX,Schedule - IPP PFAS Status Report
"<a href=""https://mienviro.michigan.gov/ncore/downloadpdf/2793559677356639638"">Link</a>",HNQ-VZP8-TWNRX V1.pdf v1,,Misc. Application and Request Docs,6/28/2019 0:00,2.79356E+18,WRD - NPDES,Application/Request,HNQ-VZP8-TWNRX,Schedule - IPP PFAS Status Report
"<a href=""https://mienviro.michigan.gov/ncore/downloadpdf/-7801879100660621655"">Link</a>",DMR Summary - MI0020257 _05_01_2017_to_05_31_2017_V3.docx,DMR Summary Data for period 05/01/2017 - 05/31/2017_V3,Schedule - DMR Documents,6/18/2019 10:16,-7.80188E+18,WRD - NPDES,Permit,MI0020257 v5.1,NPDES Individual Permit
"<a href=""https://mienviro.michigan.gov/ncore/downloadpdf/-6154530361140832098"">Link</a>",DMR Daily - MI0020257 _05_01_2017_to_05_31_2017_V3.docx,DMR Daily Data for period 05/01/2017 - 05/31/2017_V3,Schedule - DMR Documents,6/18/2019 10:16,-6.15453E+18,WRD - NPDES,Permit,MI0020257 v5.1,NPDES Individual Permit
"<a href=""https://mienviro.michigan.gov/ncore/downloadpdf/7770092575462630038"">Link</a>",DMR Summary - MI0020257 _07_01_2017_to_07_31_2017_V2.docx,DMR Summary Data for period 07/01/2017 - 07/31/2017_V2,Schedule - DMR Documents,6/18/2019 10:10,7.77009E+18,WRD - NPDES,Permit,MI0020257 v5.1,NPDES Individual Permit
"<a href=""https://mienviro.michigan.gov/ncore/downloadpdf/-1063545855854767217"">Link</a>",DMR Daily - MI0020257 _07_01_2017_to_07_31_2017_V2.docx,DMR Daily Data for period 07/01/2017 - 07/31/2017_V2,Schedule - DMR Documents,6/18/2019 10:10,-1.06355E+18,WRD - NPDES,Permit,MI0020257 v5.1,NPDES Individual Permit
"<a href=""https://mienviro.michigan.gov/ncore/downloadpdf/-2706824661229254575"">Link</a>",DMR Summary - MI0020257 _10_01_2017_to_10_31_2017_V2.docx,DMR Summary Data for period 10/01/2017 - 10/31/2017_V2,Schedule - DMR Documents,6/18/2019 9:58,-2.70682E+18,WRD - NPDES,Permit,MI0020257 v5.1,NPDES Individual Permit
"<a href=""https://mienviro.michigan.gov/ncore/downloadpdf/-4478719908778367759"">Link</a>",DMR Daily - MI0020257 _10_01_2017_to_10_31_2017_V2.docx,DMR Daily Data for period 10/01/2017 - 10/31/2017_V2,Schedule - DMR Documents,6/18/2019 9:58,-4.47872E+18,WRD - NPDES,Permit,MI0020257 v5.1,NPDES Individual Permit
"<a href=""https://mienviro.michigan.gov/ncore/downloadpdf/-7177345068212001784"">Link</a>",DMR Daily - MI0020257 _05_01_2019_to_05_31_2019_V1.docx,DMR Daily Data for period 05/01/2019 - 05/31/2019_V1,Schedule - DMR Documents,6/17/2019 15:56,-7.17735E+18,WRD - NPDES,Permit,MI0020257 v5.1,NPDES Individual Permit
"<a href=""https://mienviro.michigan.gov/ncore/downloadpdf/-266144883424227380"">Link</a>",DMR Summary - MI0020257 _05_01_2019_to_05_31_2019_V1.docx,DMR Summary Data for period 05/01/2019 - 05/31/2019_V1,Schedule - DMR Documents,6/17/2019 15:56,-2.66145E+17,WRD - NPDES,Permit,MI0020257 v5.1,NPDES Individual Permit
"<a href=""https://mienviro.michigan.gov/ncore/downloadpdf/5411273080965715241"">Link</a>",Public Notice Verification_Cadillac WWTP.msg,,NPDES Individual Permit,6/6/2019 0:00,5.41127E+18,WRD - NPDES,Permit,MI0020257 v6.0,NPDES Individual Permit
"<a href=""https://mienviro.michigan.gov/ncore/downloadpdf/5504019015290538937"">Link</a>",Public Notice Notification_Cadillac WWTP.msg,,NPDES Individual Permit,6/6/2019 0:00,5.50402E+18,WRD - NPDES,Permit,MI0020257 v6.0,NPDES Individual Permit
"<a href=""https://mienviro.michigan.gov/ncore/downloadpdf/4912358191559826487"">Link</a>",Public Notice Ltr_Cadillac WWTP.msg,,Misc. NPDES Permit Docs,6/4/2019 0:00,4.91236E+18,WRD - NPDES,Permit,MI0020257 v6.0,NPDES Individual Permit
"<a href=""https://mienviro.michigan.gov/ncore/downloadpdf/6030670746472801357"">Link</a>",Basis for Decision Memo-DRAFT for Public Notice_Cadillac WWTP.pdf,,Misc. NPDES Permit Docs,6/4/2019 0:00,6.03067E+18,WRD - NPDES,Permit,MI0020257 v6.0,NPDES Individual Permit
"<a href=""https://mienviro.michigan.gov/ncore/downloadpdf/8202905883452332436"">Link</a>",NPDES Permit-DRAFT for Public Notice_Cadillac WWTP.pdf,,Misc. NPDES Permit Docs,6/4/2019 0:00,8.20291E+18,WRD - NPDES,Permit,MI0020257 v6.0,NPDES Individual Permit
"<a href=""https://mienviro.michigan.gov/ncore/downloadpdf/-1302747580337855905"">Link</a>",PPN Correspondence_Cadillac WWTP.msg,,NPDES Individual Permit,5/29/2019 0:00,-1.30275E+18,WRD - NPDES,Permit,MI0020257 v6.0,NPDES Individual Permit
"<a href=""https://mienviro.michigan.gov/ncore/downloadpdf/4475763418117927021"">Link</a>",DMR Daily - MI0020257 _04_01_2019_to_04_30_2019_V1.docx,DMR Daily Data for period 04/01/2019 - 04/30/2019_V1,Schedule - DMR Documents,5/17/2019 11:30,4.47576E+18,WRD - NPDES,Permit,MI0020257 v5.1,NPDES Individual Permit
"<a href=""https://mienviro.michigan.gov/ncore/downloadpdf/2166487144707416457"">Link</a>",DMR Summary - MI0020257 _04_01_2019_to_04_30_2019_V1.docx,DMR Summary Data for period 04/01/2019 - 04/30/2019_V1,Schedule - DMR Documents,5/17/2019 11:30,2.16649E+18,WRD - NPDES,Permit,MI0020257 v5.1,NPDES Individual Permit
"<a href=""https://mienviro.michigan.gov/ncore/downloadpdf/-4898722065399202194"">Link</a>",Department Response to Second Round of PPN Comments_Cadillac WWTP.msg,,NPDES Individual Permit,5/2/2019 0:00,-4.89872E+18,WRD - NPDES,Permit,MI0020257 v6.0,NPDES Individual Permit
"<a href=""https://mienviro.michigan.gov/ncore/downloadpdf/-5678667028443752988"">Link</a>",DMR Daily - MI0020257 _03_01_2019_to_03_31_2019_V1.docx,DMR Daily Data for period 03/01/2019 - 03/31/2019_V1,Schedule - DMR Documents,4/18/2019 15:51,-5.67867E+18,WRD - NPDES,Permit,MI0020257 v5.1,NPDES Individual Permit
"<a href=""https://mienviro.michigan.gov/ncore/downloadpdf/-6347209655776258364"">Link</a>",DMR Summary - MI0020257 _03_01_2019_to_03_31_2019_V1.docx,DMR Summary Data for period 03/01/2019 - 03/31/2019_V1,Schedule - DMR Documents,4/18/2019 15:51,-6.34721E+18,WRD - NPDES,Permit,MI0020257 v5.1,NPDES Individual Permit
"<a href=""https://mienviro.michigan.gov/ncore/downloadpdf/4675487346975424931"">Link</a>",FW Paragon WO 207982 Final Report Result Inquiry.msg,Bis(2-ethylhexyl)phthalate Lab Report,NPDES Application Docs,4/12/2019 0:00,4.67549E+18,WRD - NPDES,Application/Request,2Q7-HQ21-P66B,Permit Change - National Pollutant Discharge Elimination System (NPDES) Municipal Application Form (Reissuance)
"<a href=""https://mienviro.michigan.gov/ncore/downloadpdf/-6616581335313556719"">Link</a>",UpdatedWQBELBiologistReview_MI0020257_4-11-2019.doc,Updated WQBEL Biologist Recommendations Memo dated 4/11/2019,Misc. Application and Request Docs,4/11/2019 0:00,-6.61658E+18,WRD - NPDES,Application/Request,2Q7-HQ21-P66B,Permit Change - National Pollutant Discharge Elimination System (NPDES) Municipal Application Form (Reissuance)
"<a href=""https://mienviro.michigan.gov/ncore/downloadpdf/-6131647309696466399"">Link</a>",UpdatedPELSheet_MI0020257_4-11-2019.pdf,Updated PEL Sheet dated 4/11/2019.,Misc. Application and Request Docs,4/11/2019 0:00,-6.13165E+18,WRD - NPDES,Application/Request,2Q7-HQ21-P66B,Permit Change - National Pollutant Discharge Elimination System (NPDES) Municipal Application Form (Reissuance)
"<a href=""https://mienviro.michigan.gov/ncore/downloadpdf/-5801295826717958227"">Link</a>",HNN-0QFE-AG22Q V1.pdf v1,,Misc. Application and Request Docs,3/20/2019 14:56,-5.8013E+18,WRD - NPDES,Application/Request,HNN-0QFE-AG22Q,Schedule - Michigan Industrial Pretreatment Program (IPP) Annual Report
"<a href=""https://mienviro.michigan.gov/ncore/downloadpdf/-6173827553342443142"">Link</a>",SIU-CIU_List.xlsx v1,1. Please provide a list of all SIUs and CIUs covered by the Control Authority’s pretreatment program. Use the template above.,Applicant Attachments,3/20/2019 14:55,-6.17383E+18,WRD - NPDES,Application/Request,HNN-0QFE-AG22Q,Schedule - Michigan Industrial Pretreatment Program (IPP) Annual Report
"<a href=""https://mienviro.michigan.gov/ncore/downloadpdf/-9071229891747866357"">Link</a>",POTW_Monitoring_Data_Summary 2018.xlsx v1,1. Upload a copy of the annual pollutant monitoring summary.,Applicant Attachments,3/20/2019 14:55,-9.07123E+18,WRD - NPDES,Application/Request,HNN-0QFE-AG22Q,Schedule - Michigan Industrial Pretreatment Program (IPP) Annual Report
"<a href=""https://mienviro.michigan.gov/ncore/downloadpdf/4259306752911727975"">Link</a>",POTW_Oversight_Table.xlsx v1,1. Please upload a table with compliance and enforcement information for each SIU/CIU reported. A template for the table is provided above.,Applicant Attachments,3/20/2019 14:55,4.25931E+18,WRD - NPDES,Application/Request,HNN-0QFE-AG22Q,Schedule - Michigan Industrial Pretreatment Program (IPP) Annual Report
"<a href=""https://mienviro.michigan.gov/ncore/downloadpdf/7180582098187699991"">Link</a>",Proof Of Publication.pdf v1,"3 a. If you indicated ""YES"", please upload proof of publication.",Applicant Attachments,3/20/2019 14:55,7.18058E+18,WRD - NPDES,Application/Request,HNN-0QFE-AG22Q,Schedule - Michigan Industrial Pretreatment Program (IPP) Annual Report
"<a href=""https://mienviro.michigan.gov/ncore/downloadpdf/6719313888538820316"">Link</a>",DMR Daily - MI0020257 _02_01_2019_to_02_28_2019_V1.docx,DMR Daily Data for period 02/01/2019 - 02/28/2019_V1,Schedule - DMR Documents,3/11/2019 13:25,6.71931E+18,WRD - NPDES,Permit,MI0020257 v5.1,NPDES Individual Permit
"<a href=""https://mienviro.michigan.gov/ncore/downloadpdf/8903973979545814533"">Link</a>",DMR Summary - MI0020257 _02_01_2019_to_02_28_2019_V1.docx,DMR Summary Data for period 02/01/2019 - 02/28/2019_V1,Schedule - DMR Documents,3/11/2019 13:25,8.90397E+18,WRD - NPDES,Permit,MI0020257 v5.1,NPDES Individual Permit
"<a href=""https://mienviro.michigan.gov/ncore/downloadpdf/5112104207502533600"">Link</a>",Cadillac WWTP PFAS Letter.msg,IPP PFAS Int and Summ Rpt Approval email,Industrial Pretreatment Program (IPP),3/5/2019 0:00,5.1121E+18,WRD - NPDES,Application/Request,HNJ-P0ZX-8AVDS,Schedule - IPP PFAS Summary Report
"<a href=""https://mienviro.michigan.gov/ncore/downloadpdf/8004028571974457714"">Link</a>",Cadillac WWTP PFAS Interim and Summary Rpt Approval Letter.pdf,IPP PFAS Interim and Summary Report Approval Letter BIN 2,Industrial Pretreatment Program (IPP),3/4/2019 11:11,8.00403E+18,WRD - NPDES,Application/Request,HNF-P7H3-DCN87,Schedule - IPP PFAS Interim Report-1
"<a href=""https://mienviro.michigan.gov/ncore/downloadpdf/-5070374537407687310"">Link</a>",Cadillac WWTP PFAS Letter.msg,IPP PFAS Interim and Summary Report Approval BIN2 Email transmittal,Industrial Pretreatment Program (IPP),3/4/2019 11:11,-5.07037E+18,WRD - NPDES,Application/Request,HNF-P7H3-DCN87,Schedule - IPP PFAS Interim Report-1
"<a href=""https://mienviro.michigan.gov/ncore/downloadpdf/403570696290303528"">Link</a>",Cadillac WWTP PFAS Interim and Summary Rpt Approval Letter.pdf,IPP PFAS Interim and Summary Rpt Approval Letter BIN 2,Industrial Pretreatment Program (IPP),3/4/2019 10:53,4.03571E+17,WRD - NPDES,Application/Request,HNJ-P0ZX-8AVDS,Schedule - IPP PFAS Summary Report
"<a href=""https://mienviro.michigan.gov/ncore/downloadpdf/-1522814933655192300"">Link</a>",Cadillac WWTP PFAS Letter.msg,IPP PFAS Int and Summ Rpt Approval email,Industrial Pretreatment Program (IPP),3/4/2019 10:50,-1.52281E+18,WRD - NPDES,Application/Request,HNF-P7H3-DCN87,Schedule - IPP PFAS Interim Report-1
"<a href=""https://mienviro.michigan.gov/ncore/downloadpdf/2197571042959551007"">Link</a>",Cadillac WWTP PFAS Letter.pdf,Cadillac WWTP PFAS Letter,NPDES Misc. Site Docs,3/4/2019 10:17,2.19757E+18,n/a,Site,15637,Site
"<a href=""https://mienviro.michigan.gov/ncore/downloadpdf/6876433978433285649"">Link</a>",Cadillac WWTP PFAS Letter.msg,IPP PFAS Int Summ Rpt App Email,Industrial Pretreatment Program (IPP),3/4/2019 8:51,6.87643E+18,WRD - NPDES,Application/Request,HNF-P7H3-DCN87,Schedule - IPP PFAS Interim Report-1
"<a href=""https://mienviro.michigan.gov/ncore/downloadpdf/-8513053641259165067"">Link</a>",FW_ Biosolids PFAS - Cadillac.msg,IPP PFAS biosolids sample for IPP PFAS initiative - Dry weight calculations on homogenized (unseparated) sample,Industrial Pretreatment Program (IPP),2/28/2019 15:52,-8.51305E+18,n/a,Site,15637,Site
"<a href=""https://mienviro.michigan.gov/ncore/downloadpdf/1217892730810011742"">Link</a>",FW_ Biosolids PFAS - Cadillac.msg,,Industrial Pretreatment Program (IPP),2/28/2019 0:00,1.21789E+18,n/a,Site,15637,Site
"<a href=""https://mienviro.michigan.gov/ncore/downloadpdf/-150348501006616963"">Link</a>",Pre-Public Note Ltr_Cadillac WWTP.msg,,NPDES Individual Permit,2/27/2019 0:00,-1.50349E+17,WRD - NPDES,Permit,MI0020257 v6.0,NPDES Individual Permit
"<a href=""https://mienviro.michigan.gov/ncore/downloadpdf/-5579286795353343353"">Link</a>",J18036-1 UDS Level 2 Report Final Report.pdf,IPP PFAS Summ Rpt discussion documents,Industrial Pretreatment Program (IPP),2/22/2019 10:56,-5.57929E+18,WRD - NPDES,Application/Request,HNJ-P0ZX-8AVDS,Schedule - IPP PFAS Summary Report
"<a href=""https://mienviro.michigan.gov/ncore/downloadpdf/-5531387920153161894"">Link</a>",RE_ PLEASE look at this - FW_ info on % solids & % moisture - Update.msg,IPP PFAS Summ Rpt discussion documents,Industrial Pretreatment Program (IPP),2/22/2019 10:56,-5.53139E+18,WRD - NPDES,Application/Request,HNJ-P0ZX-8AVDS,Schedule - IPP PFAS Summary Report
"<a href=""https://mienviro.michigan.gov/ncore/downloadpdf/-6674021578952107390"">Link</a>",J17646-1 UDS Level 2 Report Final Report.pdf,IPP PFAS Summ Rpt discussion documents,Industrial Pretreatment Program (IPP),2/22/2019 10:56,-6.67402E+18,WRD - NPDES,Application/Request,HNJ-P0ZX-8AVDS,Schedule - IPP PFAS Summary Report
"<a href=""https://mienviro.michigan.gov/ncore/downloadpdf/-6388272437855274765"">Link</a>",FW_ TestAmerica invoice and report files from 190-18507-1 WWTP - Biosolids.msg,IPP PFAS Summ Rpt discussion documents,Industrial Pretreatment Program (IPP),2/22/2019 10:56,-6.38827E+18,WRD - NPDES,Application/Request,HNJ-P0ZX-8AVDS,Schedule - IPP PFAS Summary Report
"<a href=""https://mienviro.michigan.gov/ncore/downloadpdf/603920706683699626"">Link</a>",deq-tou-WRD-IPP_PFAS_Guidance-ScreeningEvaluation_620434_7.pdf,IPP PFAS Summ Rpt discussion documents,Industrial Pretreatment Program (IPP),2/22/2019 10:56,6.03921E+17,WRD - NPDES,Application/Request,HNJ-P0ZX-8AVDS,Schedule - IPP PFAS Summary Report
"<a href=""https://mienviro.michigan.gov/ncore/downloadpdf/3500148599291228924"">Link</a>",J17993-1 UDS Level 2 Report Final Report.pdf,IPP PFAS Summ Rpt discussion documents,Industrial Pretreatment Program (IPP),2/22/2019 10:56,3.50015E+18,WRD - NPDES,Application/Request,HNJ-P0ZX-8AVDS,Schedule - IPP PFAS Summary Report
"<a href=""https://mienviro.michigan.gov/ncore/downloadpdf/2724813468533962614"">Link</a>",RE_ TestAmerica invoice and report files from 190-17646-1 City of Cadillac.msg,IPP PFAS Interim Rpt discussion correspondence,Industrial Pretreatment Program (IPP),2/21/2019 14:32,2.72481E+18,WRD - NPDES,Application/Request,HNF-P7H3-DCN87,Schedule - IPP PFAS Interim Report-1
"<a href=""https://mienviro.michigan.gov/ncore/downloadpdf/3607057625038900635"">Link</a>",DMR Daily - MI0020257 _01_01_2019_to_01_31_2019_V1.docx,DMR Daily Data for period 01/01/2019 - 01/31/2019_V1,Schedule - DMR Documents,2/15/2019 14:37,3.60706E+18,WRD - NPDES,Permit,MI0020257 v5.1,NPDES Individual Permit
"<a href=""https://mienviro.michigan.gov/ncore/downloadpdf/-2056591895396941169"">Link</a>",DMR Summary - MI0020257 _01_01_2019_to_01_31_2019_V1.docx,DMR Summary Data for period 01/01/2019 - 01/31/2019_V1,Schedule - DMR Documents,2/15/2019 14:37,-2.05659E+18,WRD - NPDES,Permit,MI0020257 v5.1,NPDES Individual Permit
"<a href=""https://mienviro.michigan.gov/ncore/downloadpdf/1324198982679254149"">Link</a>",RE_ PLEASE look at this - FW_ info on % solids & % moisture - Update.msg,IPP PFAS Interim Rpt discussion correspondence,Industrial Pretreatment Program (IPP),2/12/2019 14:32,1.3242E+18,WRD - NPDES,Application/Request,HNF-P7H3-DCN87,Schedule - IPP PFAS Interim Report-1
"<a href=""https://mienviro.michigan.gov/ncore/downloadpdf/1702873664070787395"">Link</a>",FW_ TestAmerica invoice and report files from 190-18507-1 WWTP - Biosolids.msg,IPP PFAS Interim Rpt discussion correspondence,Industrial Pretreatment Program (IPP),2/12/2019 14:32,1.70287E+18,WRD - NPDES,Application/Request,HNF-P7H3-DCN87,Schedule - IPP PFAS Interim Report-1
"<a href=""https://mienviro.michigan.gov/ncore/downloadpdf/5162860766879708910"">Link</a>",RE_ IPP PFAS Initiative Sampling Guidance_ Suggested Analytes.msg,IPP PFAS Interim Rpt discussion correspondence,Industrial Pretreatment Program (IPP),2/12/2019 14:32,5.16286E+18,WRD - NPDES,Application/Request,HNF-P7H3-DCN87,Schedule - IPP PFAS Interim Report-1
"<a href=""https://mienviro.michigan.gov/ncore/downloadpdf/-4031262101571962083"">Link</a>",RE_ Voicemail Message.msg,IPP PFAS Interim Rpt discussion correspondence,Industrial Pretreatment Program (IPP),2/12/2019 14:32,-4.03126E+18,WRD - NPDES,Application/Request,HNF-P7H3-DCN87,Schedule - IPP PFAS Interim Report-1
"<a href=""https://mienviro.michigan.gov/ncore/downloadpdf/-3784595676221306480"">Link</a>",Cadillac WWTP 2018 CSI Trnsmt & VN Crrspnd 020519.msg,,Water Quality Compliance Communication Docs,2/5/2019 17:31,-3.7846E+18,WRD - NPDES,Compliance Action,CC-001808,Compliance Communication
"<a href=""https://mienviro.michigan.gov/ncore/downloadpdf/-4332928990444746313"">Link</a>",Cadillac WWTP 2018 CSI Trnsmt & VN Crrspnd 020519.msg,,NPDES Majors and Minors Evaluation,2/5/2019 17:23,-4.33293E+18,WRD - NPDES,Evaluation,E-R7AN-XJE-F29,NPDES CSI-Conventionals Only (05/17/2018)
"<a href=""https://mienviro.michigan.gov/ncore/downloadpdf/-4807711291401129359"">Link</a>",2018 Cadillac WWTP CSI Final Report.xlsx,,NPDES Majors and Minors Evaluation,2/5/2019 17:23,-4.80771E+18,WRD - NPDES,Evaluation,E-R7AN-XJE-F29,NPDES CSI-Conventionals Only (05/17/2018)
"<a href=""https://mienviro.michigan.gov/ncore/downloadpdf/-1215723651577862901"">Link</a>",Cadillac WWTP_99% Flow Data.xlsx,,NPDES Individual Permit,2/1/2019 0:00,-1.21572E+18,WRD - NPDES,Permit,MI0020257 v6.0,NPDES Individual Permit
,RE_ Cadillac WWTP - IPP PFAS Interim Report Review.msg,IPP PFAS Interim Rpt discussion correspondence,Industrial Pretreatment Program (IPP),1/23/2019 14:32,-4.1759E+18,WRD - NPDES,Application/Request,HNF-P7H3-DCN87,Schedule - IPP PFAS Interim Report-1
"<a href=""https://mienviro.michigan.gov/ncore/downloadpdf/-7912880971146198502"">Link</a>",RE_ Cadillac WWTP - IPP PFAS Interim Report Review2.msg,IPP PFAS Interim Rpt discussion correspondence,Industrial Pretreatment Program (IPP),1/23/2019 14:32,-7.91288E+18,WRD - NPDES,Application/Request,HNF-P7H3-DCN87,Schedule - IPP PFAS Interim Report-1
"<a href=""https://mienviro.michigan.gov/ncore/downloadpdf/583956827072831568"">Link</a>",FW_ TestAmerica invoice and report files from 190-17646-1 City of Cadillac.msg,IPP PFAS Summ Rpt discussion documents,Industrial Pretreatment Program (IPP),1/23/2019 10:56,5.83957E+17,WRD - NPDES,Application/Request,HNJ-P0ZX-8AVDS,Schedule - IPP PFAS Summary Report
"<a href=""https://mienviro.michigan.gov/ncore/downloadpdf/-1715927529024685081"">Link</a>",DMR Summary - MI0020257 _12_01_2018_to_12_31_2018_V1.docx,DMR Summary Data for period 12/01/2018 - 12/31/2018_V1,Schedule - DMR Documents,1/18/2019 11:35,-1.71593E+18,WRD - NPDES,Permit,MI0020257 v5.1,NPDES Individual Permit
"<a href=""https://mienviro.michigan.gov/ncore/downloadpdf/-7243398067994145151"">Link</a>",DMR Daily - MI0020257 _12_01_2018_to_12_31_2018_V1.docx,DMR Daily Data for period 12/01/2018 - 12/31/2018_V1,Schedule - DMR Documents,1/18/2019 11:35,-7.2434E+18,WRD - NPDES,Permit,MI0020257 v5.1,NPDES Individual Permit
"<a href=""https://mienviro.michigan.gov/ncore/downloadpdf/8864365913634161414"">Link</a>",RE_ IPP PFAS Initiative Sampling Guidance_ Suggested Analytes.msg,IPP PFAS Summ Rpt discussion documents,Industrial Pretreatment Program (IPP),12/19/2018 10:56,8.86437E+18,WRD - NPDES,Application/Request,HNJ-P0ZX-8AVDS,Schedule - IPP PFAS Summary Report
"<a href=""https://mienviro.michigan.gov/ncore/downloadpdf/-6931018798791595252"">Link</a>",RE_ IPP PFAS Initiative Sampling Guidance_ Suggested Analytes.msg,,Industrial Pretreatment Program (IPP),12/19/2018 0:00,-6.93102E+18,n/a,Site,15637,Site
"<a href=""https://mienviro.michigan.gov/ncore/downloadpdf/9075597598235972281"">Link</a>",FY18 Applier Certification-Revised 2-signed.pdf,came w/ facility email,NPDES Submittal Docs,12/18/2018 11:45,9.0756E+18,WRD - NPDES,Application/Request,HNH-M790-67ZPK,Schedule - Biosolids Annual Report
"<a href=""https://mienviro.michigan.gov/ncore/downloadpdf/-5194609860685770564"">Link</a>",EM Tr-FY18 Applier Certification-revised 2-signed.msg,DEQ responds,NPDES Submittal Docs,12/18/2018 11:45,-5.19461E+18,WRD - NPDES,Application/Request,HNH-M790-67ZPK,Schedule - Biosolids Annual Report
"<a href=""https://mienviro.michigan.gov/ncore/downloadpdf/-3951802162146228519"">Link</a>",EM-FY18 Applier Certification-revised 2-signed.msg,from facility,NPDES Submittal Docs,12/18/2018 11:45,-3.9518E+18,WRD - NPDES,Application/Request,HNH-M790-67ZPK,Schedule - Biosolids Annual Report
"<a href=""https://mienviro.michigan.gov/ncore/downloadpdf/9001640786026547344"">Link</a>",DMR Daily - MI0020257 _11_01_2018_to_11_30_2018_V1.docx,DMR Daily Data for period 11/01/2018 - 11/30/2018_V1,Schedule - DMR Documents,12/17/2018 14:16,9.00164E+18,WRD - NPDES,Permit,MI0020257 v5.1,NPDES Individual Permit
"<a href=""https://mienviro.michigan.gov/ncore/downloadpdf/10391921127036499"">Link</a>",DMR Summary - MI0020257 _11_01_2018_to_11_30_2018_V1.docx,DMR Summary Data for period 11/01/2018 - 11/30/2018_V1,Schedule - DMR Documents,12/17/2018 14:16,1.03919E+16,WRD - NPDES,Permit,MI0020257 v5.1,NPDES Individual Permit
"<a href=""https://mienviro.michigan.gov/ncore/downloadpdf/-7023703655846332926"">Link</a>",Cadillac_PFAS RE_ Voicemail Message.msg,IPP PFAS Interim Rpt discussion correspondence,Industrial Pretreatment Program (IPP),12/14/2018 14:32,-7.0237E+18,WRD - NPDES,Application/Request,HNF-P7H3-DCN87,Schedule - IPP PFAS Interim Report-1
"<a href=""https://mienviro.michigan.gov/ncore/downloadpdf/-6300108423290621305"">Link</a>",Cadillac_PFAS RE_ Voicemail Message.msg,IPP PFAS Summ Rpt discussion documents,Industrial Pretreatment Program (IPP),12/12/2018 10:56,-6.30011E+18,WRD - NPDES,Application/Request,HNJ-P0ZX-8AVDS,Schedule - IPP PFAS Summary Report
"<a href=""https://mienviro.michigan.gov/ncore/downloadpdf/-3859762491865917202"">Link</a>",RE_ Voicemail Message.msg,,Industrial Pretreatment Program (IPP),12/12/2018 0:00,-3.85976E+18,n/a,Site,15637,Site
"<a href=""https://mienviro.michigan.gov/ncore/downloadpdf/6582700003823858583"">Link</a>",EM-FY18 Biosolids DT numbers - plus info.msg,DEQ responds,NPDES Submittal Docs,12/10/2018 11:38,6.5827E+18,WRD - NPDES,Application/Request,HNH-M790-67ZPK,Schedule - Biosolids Annual Report
"<a href=""https://mienviro.michigan.gov/ncore/downloadpdf/7128560501718319606"">Link</a>",EM-FY18 LA docs and DTs submitted for Biosolids AR-revsd cert-needs applier signature....msg,DEQ responds,NPDES Submittal Docs,12/5/2018 11:36,7.12856E+18,WRD - NPDES,Application/Request,HNH-M790-67ZPK,Schedule - Biosolids Annual Report
"<a href=""https://mienviro.michigan.gov/ncore/downloadpdf/7542728895285267816"">Link</a>",2018 IPP Screening - Monitoring Plan.Update181130.pdf v1,2018 IPP Screening - Monitoring Plan.Update181130.pdf,Applicant Attachments,11/29/2018 10:11,7.54273E+18,WRD - NPDES,Application/Request,HNJ-P0ZX-8AVDS,Schedule - IPP PFAS Summary Report
"<a href=""https://mienviro.michigan.gov/ncore/downloadpdf/792182164173532957"">Link</a>",J17646-1 UDS Level 2 Report Final Report (Leachate).pdf v1,J17646-1 UDS Level 2 Report Final Report (Leachate).pdf,Applicant Attachments,11/29/2018 10:11,7.92182E+17,WRD - NPDES,Application/Request,HNJ-P0ZX-8AVDS,Schedule - IPP PFAS Summary Report
"<a href=""https://mienviro.michigan.gov/ncore/downloadpdf/3092683663291337793"">Link</a>",HNJ-P0ZX-8AVDS V1.pdf v1,,Misc. Application and Request Docs,11/29/2018 0:00,3.09268E+18,WRD - NPDES,Application/Request,HNJ-P0ZX-8AVDS,Schedule - IPP PFAS Summary Report
"<a href=""https://mienviro.michigan.gov/ncore/downloadpdf/7983495502099291771"">Link</a>",EM-FY18 LA docs and DTs submitted for Biosolids AR - revised certification.msg,from facility,NPDES Submittal Docs,11/28/2018 11:29,7.9835E+18,WRD - NPDES,Application/Request,HNH-M790-67ZPK,Schedule - Biosolids Annual Report
"<a href=""https://mienviro.michigan.gov/ncore/downloadpdf/2316673613866669392"">Link</a>",FY18 Applier Certification - Revised.pdf,came w/ facility email (not signed),NPDES Submittal Docs,11/28/2018 0:00,2.31667E+18,WRD - NPDES,Application/Request,HNH-M790-67ZPK,Schedule - Biosolids Annual Report
"<a href=""https://mienviro.michigan.gov/ncore/downloadpdf/-463334436691465071"">Link</a>",Cadillac WWTP BOD Exceed 112618.msg,,NPDES Misc. Site Docs,11/26/2018 17:38,-4.63334E+17,n/a,Site,15637,Site
"<a href=""https://mienviro.michigan.gov/ncore/downloadpdf/-277633430264230949"">Link</a>",EM-FY18 LA docs and DTs submitted for Biosolids AR - Questions.msg,DEQ to facility,NPDES Submittal Docs,11/15/2018 11:21,-2.77633E+17,WRD - NPDES,Application/Request,HNH-M790-67ZPK,Schedule - Biosolids Annual Report
"<a href=""https://mienviro.michigan.gov/ncore/downloadpdf/3140966257682029726"">Link</a>",should have picked this one.jpg,attached to DEQ email,NPDES Submittal Docs,11/15/2018 11:21,3.14097E+18,WRD - NPDES,Application/Request,HNH-M790-67ZPK,Schedule - Biosolids Annual Report
"<a href=""https://mienviro.michigan.gov/ncore/downloadpdf/8871183022449392714"">Link</a>",DMR Summary - MI0020257 _10_01_2018_to_10_31_2018_V1.docx,DMR Summary Data for period 10/01/2018 - 10/31/2018_V1,Schedule - DMR Documents,11/13/2018 14:48,8.87118E+18,WRD - NPDES,Permit,MI0020257 v5.1,NPDES Individual Permit
"<a href=""https://mienviro.michigan.gov/ncore/downloadpdf/4483220564335637102"">Link</a>",DMR Daily - MI0020257 _10_01_2018_to_10_31_2018_V1.docx,DMR Daily Data for period 10/01/2018 - 10/31/2018_V1,Schedule - DMR Documents,11/13/2018 14:48,4.48322E+18,WRD - NPDES,Permit,MI0020257 v5.1,NPDES Individual Permit
"<a href=""https://mienviro.michigan.gov/ncore/downloadpdf/-1449555407544169069"">Link</a>",FW_ TestAmerica invoice and report files from 190-17646-1 City of Cadillac.msg,IPP PFAS Interim Rpt discussion correspondence,Industrial Pretreatment Program (IPP),11/7/2018 14:32,-1.44956E+18,WRD - NPDES,Application/Request,HNF-P7H3-DCN87,Schedule - IPP PFAS Interim Report-1
"<a href=""https://mienviro.michigan.gov/ncore/downloadpdf/8236365490693403605"">Link</a>",HNH-YJTD-MY6A8 V1.pdf v1,,Misc. Application and Request Docs,11/5/2018 0:00,8.23637E+18,WRD - NPDES,Application/Request,HNH-YJTD-MY6A8,Application - No Exposure Certification (NEC) for Exclusion of Coverage under the NPDES Stormwater Discharges Associated with Industrial Activity
"<a href=""https://mienviro.michigan.gov/ncore/downloadpdf/-7625399138862663878"">Link</a>",RE_ Cadillac WWTP - IPP PFAS Interim Report Review2.msg,IPP PFAS Summ Rpt discussion documents,Industrial Pretreatment Program (IPP),11/1/2018 10:56,-7.6254E+18,WRD - NPDES,Application/Request,HNJ-P0ZX-8AVDS,Schedule - IPP PFAS Summary Report
"<a href=""https://mienviro.michigan.gov/ncore/downloadpdf/-5755238388065931422"">Link</a>",RE_ Cadillac WWTP - IPP PFAS Interim Report Review.msg,,Industrial Pretreatment Program (IPP),11/1/2018 0:00,-5.75524E+18,n/a,Site,15637,Site
"<a href=""https://mienviro.michigan.gov/ncore/downloadpdf/-6472403507316648453"">Link</a>",DMR Summary - MI0020257 _10_01_2017_to_09_30_2018_V1.docx,DMR Summary Data for period 10/01/2017 - 09/30/2018_V1,Schedule - DMR Documents,10/29/2018 16:02,-6.4724E+18,WRD - NPDES,Permit,MI0020257 v5.1,NPDES Individual Permit
"<a href=""https://mienviro.michigan.gov/ncore/downloadpdf/-3935179264562711398"">Link</a>",Dyneon discussion Cadillac.docx,IPP PFAS Interim Rpt discussion correspondence,Industrial Pretreatment Program (IPP),10/29/2018 14:32,-3.93518E+18,WRD - NPDES,Application/Request,HNF-P7H3-DCN87,Schedule - IPP PFAS Interim Report-1
"<a href=""https://mienviro.michigan.gov/ncore/downloadpdf/7777500079687113609"">Link</a>",FW_ TestAmerica invoice and report files from 190-17646-1 City of Cadillac.msg,,Industrial Pretreatment Program (IPP),10/29/2018 0:00,7.7775E+18,n/a,Site,15637,Site
"<a href=""https://mienviro.michigan.gov/ncore/downloadpdf/-4484987493854053281"">Link</a>",HNH-M790-67ZPK V1.pdf v1,FY18 Biosolids Annual Report,Misc. Application and Request Docs,10/29/2018 0:00,-4.48499E+18,WRD - NPDES,Application/Request,HNH-M790-67ZPK,Schedule - Biosolids Annual Report
"<a href=""https://mienviro.michigan.gov/ncore/downloadpdf/-4976390370056266928"">Link</a>",FY18 Biosolids Metals and Nutrient Results.pdf v1,Kar Lab Biosolids 9-11-2017.pdf; Fall 2017 (Sept.);,Applicant Attachments,10/29/2018 0:00,-4.97639E+18,WRD - NPDES,Application/Request,HNH-M790-67ZPK,Schedule - Biosolids Annual Report
"<a href=""https://mienviro.michigan.gov/ncore/downloadpdf/-8344340778069091413"">Link</a>",FY18 Daily Solids Log.pdf v1,Spring 2018 Lab Daily Solids.pdf; Spring 2018 - Total and Volatile;,Applicant Attachments,10/29/2018 0:00,-8.34434E+18,WRD - NPDES,Application/Request,HNH-M790-67ZPK,Schedule - Biosolids Annual Report
"<a href=""https://mienviro.michigan.gov/ncore/downloadpdf/-7032330395000084913"">Link</a>",FY18 As Applied 21N09W30-GR01.pdf v1,As Applied 21N9W30GR01.pdf,Applicant Attachments,10/29/2018 0:00,-7.03233E+18,WRD - NPDES,Application/Request,HNH-M790-67ZPK,Schedule - Biosolids Annual Report
"<a href=""https://mienviro.michigan.gov/ncore/downloadpdf/-301703658211288257"">Link</a>",FY18 Applier Certification-Management Practices.pdf v1,Land App-Management Practices.pdf; signed,Applicant Attachments,10/29/2018 0:00,-3.01704E+17,WRD - NPDES,Application/Request,HNH-M790-67ZPK,Schedule - Biosolids Annual Report
"<a href=""https://mienviro.michigan.gov/ncore/downloadpdf/-276971073099901928"">Link</a>",FY18 Biosolids Metals and Nutrient Results.pdf v1,Pace Biosolids 3-28-2018.pdf; Spring 2018 (March);,Applicant Attachments,10/29/2018 0:00,-2.76971E+17,WRD - NPDES,Application/Request,HNH-M790-67ZPK,Schedule - Biosolids Annual Report
"<a href=""https://mienviro.michigan.gov/ncore/downloadpdf/-2551312139639093636"">Link</a>",FY18 Daily Total Solids log.pdf v1,Fall 2017 Lab Daily Solids.pdf; Fall 2017 - Total and Volatile;,Applicant Attachments,10/29/2018 0:00,-2.55131E+18,WRD - NPDES,Application/Request,HNH-M790-67ZPK,Schedule - Biosolids Annual Report
"<a href=""https://mienviro.michigan.gov/ncore/downloadpdf/-9056692038543053966"">Link</a>",FY18 Applier-VAR Certification-Spring 2018.pdf v1,Land App-Vector Attraction Reduction.pdf,Applicant Attachments,10/29/2018 0:00,-9.05669E+18,WRD - NPDES,Application/Request,HNH-M790-67ZPK,Schedule - Biosolids Annual Report
"<a href=""https://mienviro.michigan.gov/ncore/downloadpdf/-685056191163607732"">Link</a>",FY18 Applier-Mgt Practices Cert-Fall 2017.doc v1,Mgt Practices Certification.doc;,Applicant Attachments,10/29/2018 0:00,-6.85056E+17,WRD - NPDES,Application/Request,HNH-M790-67ZPK,Schedule - Biosolids Annual Report
"<a href=""https://mienviro.michigan.gov/ncore/downloadpdf/-3217469014007656711"">Link</a>",FY18 Generator-Pathogen Reduction Process Cert.pdf v1,Proof of Path Reduction Process.pdf; Certification form,Applicant Attachments,10/29/2018 0:00,-3.21747E+18,WRD - NPDES,Application/Request,HNH-M790-67ZPK,Schedule - Biosolids Annual Report
"<a href=""https://mienviro.michigan.gov/ncore/downloadpdf/-2132341974653224993"">Link</a>",FY18 Applier-Class B Pathogen and Site Restriction Cert-Spring 2018.pdf v1,Class B Pathogen Reduction and Site Restriction.pdf; Certification form.,Applicant Attachments,10/29/2018 0:00,-2.13234E+18,WRD - NPDES,Application/Request,HNH-M790-67ZPK,Schedule - Biosolids Annual Report
"<a href=""https://mienviro.michigan.gov/ncore/downloadpdf/2347978798435200639"">Link</a>",FY18 Applier-Class B Site Restrictions Cert-Fall 2017.doc v1,Class B Site Restrictions Certification.doc;,Applicant Attachments,10/29/2018 0:00,2.34798E+18,WRD - NPDES,Application/Request,HNH-M790-67ZPK,Schedule - Biosolids Annual Report
"<a href=""https://mienviro.michigan.gov/ncore/downloadpdf/4146064223203263226"">Link</a>",FY18 As Applied 21N09W19-TC01.pdf v1,As Applied 21N9W19TC01.pdf,Applicant Attachments,10/29/2018 0:00,4.14606E+18,WRD - NPDES,Application/Request,HNH-M790-67ZPK,Schedule - Biosolids Annual Report
"<a href=""https://mienviro.michigan.gov/ncore/downloadpdf/6596682446003695951"">Link</a>",FY18 Temp Logs.pdf v1,5-18 Temp Logs.pdf; Spring 2018;,Applicant Attachments,10/29/2018 0:00,6.59668E+18,WRD - NPDES,Application/Request,HNH-M790-67ZPK,Schedule - Biosolids Annual Report
"<a href=""https://mienviro.michigan.gov/ncore/downloadpdf/6403317132604385721"">Link</a>",FY18 As Applied 20N07W07-RJ02.pdf v1,As Applied 20N7W7RJ02.pdf,Applicant Attachments,10/29/2018 0:00,6.40332E+18,WRD - NPDES,Application/Request,HNH-M790-67ZPK,Schedule - Biosolids Annual Report
"<a href=""https://mienviro.michigan.gov/ncore/downloadpdf/1281372020643953927"">Link</a>",FY18 Fecal-Enteric-Etc Results.pdf v1,HML Biosolids 9-11-2017.pdf; Fall 2017 (Sept.);,Applicant Attachments,10/29/2018 0:00,1.28137E+18,WRD - NPDES,Application/Request,HNH-M790-67ZPK,Schedule - Biosolids Annual Report
"<a href=""https://mienviro.michigan.gov/ncore/downloadpdf/1580110436075585993"">Link</a>",FY18 LA Site Information.pdf v1,Land App Site Descriptions.pdf; 4 sites;,Applicant Attachments,10/29/2018 0:00,1.58011E+18,WRD - NPDES,Application/Request,HNH-M790-67ZPK,Schedule - Biosolids Annual Report
"<a href=""https://mienviro.michigan.gov/ncore/downloadpdf/2125445999343170799"">Link</a>",FY18 Fecal-Enteric-Etc Results.pdf v1,HML Biosolids 5-9-2018.pdf; Spring 2018 (March);,Applicant Attachments,10/29/2018 0:00,2.12545E+18,WRD - NPDES,Application/Request,HNH-M790-67ZPK,Schedule - Biosolids Annual Report
"<a href=""https://mienviro.michigan.gov/ncore/downloadpdf/2645334160893073868"">Link</a>",FY18 As Applied 23N10W29-NS01.xlsx v1,2018 As Applied-29NS01.xlsx; Fall 2018;,Applicant Attachments,10/29/2018 0:00,2.64533E+18,WRD - NPDES,Application/Request,HNH-M790-67ZPK,Schedule - Biosolids Annual Report
"<a href=""https://mienviro.michigan.gov/ncore/downloadpdf/7290824506602760518"">Link</a>",Additional Email Correspondence_Storm Water Coverage.msg,,NPDES Application Docs,10/29/2018 0:00,7.29082E+18,WRD - NPDES,Application/Request,2Q7-HQ21-P66B,Permit Change - National Pollutant Discharge Elimination System (NPDES) Municipal Application Form (Reissuance)
"<a href=""https://mienviro.michigan.gov/ncore/downloadpdf/7576125700585566965"">Link</a>",FY18 As Applied 21N09W20-TC01.pdf v1,As Applied 21N9W20TC01.pdf,Applicant Attachments,10/29/2018 0:00,7.57613E+18,WRD - NPDES,Application/Request,HNH-M790-67ZPK,Schedule - Biosolids Annual Report
"<a href=""https://mienviro.michigan.gov/ncore/downloadpdf/7591858704755305697"">Link</a>",FY18 Temp Logs.pdf v1,11-17 Temp Logs.pdf; Fall 2017,Applicant Attachments,10/29/2018 0:00,7.59186E+18,WRD - NPDES,Application/Request,HNH-M790-67ZPK,Schedule - Biosolids Annual Report
"<a href=""https://mienviro.michigan.gov/ncore/downloadpdf/2463402374930903482"">Link</a>",EM-CCd Correspondence Biosolids Audit Letter FY18.msg,Email to DEQ Staff,NPDES Majors and Minors Evaluation,10/23/2018 7:54,2.4634E+18,WRD - NPDES,Evaluation,E-DHWW-FYB-ZBN,Biosolids Audit (05/11/2018)
"<a href=""https://mienviro.michigan.gov/ncore/downloadpdf/-5369706285084473786"">Link</a>",DMR Daily - MI0020257 _09_01_2018_to_09_30_2018_V1.docx,DMR Daily Data for period 09/01/2018 - 09/30/2018_V1,Schedule - DMR Documents,10/18/2018 10:50,-5.36971E+18,WRD - NPDES,Permit,MI0020257 v5.1,NPDES Individual Permit
"<a href=""https://mienviro.michigan.gov/ncore/downloadpdf/-1700270472071699743"">Link</a>",DMR Summary - MI0020257 _09_01_2018_to_09_30_2018_V1.docx,DMR Summary Data for period 09/01/2018 - 09/30/2018_V1,Schedule - DMR Documents,10/18/2018 10:50,-1.70027E+18,WRD - NPDES,Permit,MI0020257 v5.1,NPDES Individual Permit
"<a href=""https://mienviro.michigan.gov/ncore/downloadpdf/1259500000165986272"">Link</a>",Arvco email.pdf,IPP PFAS Interim Rpt discussion correspondence,Industrial Pretreatment Program (IPP),10/15/2018 14:32,1.2595E+18,WRD - NPDES,Application/Request,HNF-P7H3-DCN87,Schedule - IPP PFAS Interim Report-1
,RE_ Cadillac WWTP - IPP PFAS Interim Report Review1.msg,IPP PFAS Interim Rpt discussion correspondence,Industrial Pretreatment Program (IPP),10/15/2018 14:32,4.24855E+18,WRD - NPDES,Application/Request,HNF-P7H3-DCN87,Schedule - IPP PFAS Interim Report-1
"<a href=""https://mienviro.michigan.gov/ncore/downloadpdf/5868232613343772688"">Link</a>",Cadillac Asset Mngmnt Email 101118.msg,,NPDES Misc. Site Docs,10/11/2018 10:00,5.86823E+18,n/a,Site,15637,Site
"<a href=""https://mienviro.michigan.gov/ncore/downloadpdf/8887558777852619651"">Link</a>",FY18 Biosolids Audit Transmittal.docx,Audit Letter - Inspection from May 2018,NPDES Biosolids Evaluation,10/10/2018 16:08,8.88756E+18,WRD - NPDES,Evaluation,E-DHWW-FYB-ZBN,Biosolids Audit (05/11/2018)
"<a href=""https://mienviro.michigan.gov/ncore/downloadpdf/5826779191242185880"">Link</a>",Additional Email Correspondence_Asset Management Conversation.msg,#NAME?,NPDES Application Docs,10/1/2018 0:00,5.82678E+18,WRD - NPDES,Application/Request,2Q7-HQ21-P66B,Permit Change - National Pollutant Discharge Elimination System (NPDES) Municipal Application Form (Reissuance)
"<a href=""https://mienviro.michigan.gov/ncore/downloadpdf/4078388779723838203"">Link</a>",Cadillac WWTP Letter to DEQ - Biosolids Incorporation.pdf,came w/ email from facility operator,NPDES Biosolids Site Docs,9/24/2018 7:34,4.07839E+18,n/a,Site,15637,Site
"<a href=""https://mienviro.michigan.gov/ncore/downloadpdf/-6232070511699409849"">Link</a>",MII Letter to Cadillac WWTP - Biosolids Incorporation.pdf,came w/ email from facility operator,NPDES Biosolids Site Docs,9/24/2018 7:34,-6.23207E+18,n/a,Site,15637,Site
"<a href=""https://mienviro.michigan.gov/ncore/downloadpdf/-7264173746534175124"">Link</a>",EM Tr-Biosolids Incorp Letters.msg,DEQ responds,NPDES Biosolids Site Docs,9/24/2018 7:34,-7.26417E+18,n/a,Site,15637,Site
"<a href=""https://mienviro.michigan.gov/ncore/downloadpdf/-7043507367343532193"">Link</a>",EM-Biosolids Incorp Letters.msg,from facility operator,NPDES Biosolids Site Docs,9/24/2018 7:34,-7.04351E+18,n/a,Site,15637,Site
"<a href=""https://mienviro.michigan.gov/ncore/downloadpdf/-4405780203920524018"">Link</a>",FY18 Biosolids Audit Report.docx,Audit report from nSpect,Inspection Report,9/21/2018 0:00,-4.40578E+18,WRD - NPDES,Evaluation,E-DHWW-FYB-ZBN,Biosolids Audit (05/11/2018)
"<a href=""https://mienviro.michigan.gov/ncore/downloadpdf/4781418742612633433"">Link</a>",Additional Email Correspondence_Chlorine and UV Inquiry.msg,,Misc. NPDES Permit Docs,9/20/2018 0:00,4.78142E+18,WRD - NPDES,Permit,MI0020257 v6.0,NPDES Individual Permit
"<a href=""https://mienviro.michigan.gov/ncore/downloadpdf/4951764546287509111"">Link</a>",RE_ Cadillac WWTP - IPP PFAS Interim Report Review.msg,,Industrial Pretreatment Program (IPP),9/20/2018 0:00,4.95176E+18,n/a,Site,15637,Site
"<a href=""https://mienviro.michigan.gov/ncore/downloadpdf/7058332325169357574"">Link</a>",DMR Daily - MI0020257 _08_01_2018_to_08_31_2018_V1.docx,DMR Daily Data for period 08/01/2018 - 08/31/2018_V1,Schedule - DMR Documents,9/19/2018 11:03,7.05833E+18,WRD - NPDES,Permit,MI0020257 v5.1,NPDES Individual Permit
"<a href=""https://mienviro.michigan.gov/ncore/downloadpdf/3274353425299284275"">Link</a>",DMR Summary - MI0020257 _08_01_2018_to_08_31_2018_V1.docx,DMR Summary Data for period 08/01/2018 - 08/31/2018_V1,Schedule - DMR Documents,9/19/2018 11:03,3.27435E+18,WRD - NPDES,Permit,MI0020257 v5.1,NPDES Individual Permit
,RE_ Cadillac WWTP - IPP PFAS Interim Report Review.msg,IPP PFAS Summ Rpt discussion documents,Industrial Pretreatment Program (IPP),9/19/2018 10:56,6.44927E+18,WRD - NPDES,Application/Request,HNJ-P0ZX-8AVDS,Schedule - IPP PFAS Summary Report
,RE_ Cadillac WWTP - IPP PFAS Interim Report Review (1).msg,,Industrial Pretreatment Program (IPP),9/19/2018 0:00,-3.43731E+17,n/a,Site,15637,Site
"<a href=""https://mienviro.michigan.gov/ncore/downloadpdf/9171882716938331285"">Link</a>",Additional Email Correspondence_Asset Management Conversation.msg,#NAME?,Misc. NPDES Permit Docs,9/12/2018 0:00,9.17188E+18,WRD - NPDES,Permit,MI0020257 v6.0,NPDES Individual Permit
"<a href=""https://mienviro.michigan.gov/ncore/downloadpdf/-295355443072597213"">Link</a>",Cadillac WWTP DMRQA 38 083118.pdf,,NPDES Misc. Site Docs,8/31/2018 0:00,-2.95355E+17,n/a,Site,15637,Site
"<a href=""https://mienviro.michigan.gov/ncore/downloadpdf/3024585747262726508"">Link</a>",DMR Summary - MI0020257 _07_01_2018_to_07_31_2018_V1.docx,DMR Summary Data for period 07/01/2018 - 07/31/2018_V1,Schedule - DMR Documents,8/14/2018 11:32,3.02459E+18,WRD - NPDES,Permit,MI0020257 v5.1,NPDES Individual Permit
"<a href=""https://mienviro.michigan.gov/ncore/downloadpdf/-3619680789938111605"">Link</a>",DMR Daily - MI0020257 _07_01_2018_to_07_31_2018_V1.docx,DMR Daily Data for period 07/01/2018 - 07/31/2018_V1,Schedule - DMR Documents,8/14/2018 11:32,-3.61968E+18,WRD - NPDES,Permit,MI0020257 v5.1,NPDES Individual Permit
"<a href=""https://mienviro.michigan.gov/ncore/downloadpdf/-4635650844082025800"">Link</a>",Public Notice Document_Cadillac WWTP.docx,,Misc. NPDES Permit Docs,8/2/2018 15:10,-4.63565E+18,WRD - NPDES,Permit,MI0020257 v6.0,NPDES Individual Permit
"<a href=""https://mienviro.michigan.gov/ncore/downloadpdf/-5308550134164369318"">Link</a>",Fact Sheet_Cadillac WWTP.docx,,NPDES Individual Permit,8/2/2018 10:49,-5.30855E+18,WRD - NPDES,Permit,MI0020257 v6.0,NPDES Individual Permit
"<a href=""https://mienviro.michigan.gov/ncore/downloadpdf/-6957847096866406337"">Link</a>",Basis for Decision Memo-FINAL_Cadillac WWTP.docx,,NPDES Individual Permit,8/2/2018 8:25,-6.95785E+18,WRD - NPDES,Permit,MI0020257 v6.0,NPDES Individual Permit
"<a href=""https://mienviro.michigan.gov/ncore/downloadpdf/8260746469098060718"">Link</a>",Application Incomplete Ltr-Compliance_Cadillac WWTP_Final Narrative and Flow Diagram.msg,#NAME?,NPDES Application Docs,7/31/2018 0:00,8.26075E+18,WRD - NPDES,Application/Request,2Q7-HQ21-P66B,Permit Change - National Pollutant Discharge Elimination System (NPDES) Municipal Application Form (Reissuance)
"<a href=""https://mienviro.michigan.gov/ncore/downloadpdf/9098738459686432357"">Link</a>",Arvco PFAS Survey.pdf v1,Arvco PFAS Survey.pdf,Applicant Attachments,7/30/2018 14:49,9.09874E+18,WRD - NPDES,Application/Request,HNF-P7H3-DCN87,Schedule - IPP PFAS Interim Report-1
"<a href=""https://mienviro.michigan.gov/ncore/downloadpdf/5907977853460013045"">Link</a>",American Waste PFAS Survey.pdf v1,American Waste PFAS Survey.pdf,Applicant Attachments,7/30/2018 14:49,5.90798E+18,WRD - NPDES,Application/Request,HNF-P7H3-DCN87,Schedule - IPP PFAS Interim Report-1
"<a href=""https://mienviro.michigan.gov/ncore/downloadpdf/4128855838564109461"">Link</a>",Spencer Plastic PFAS Survey.pdf v1,Spencer Plastic PFAS Survey.pdf,Applicant Attachments,7/30/2018 14:49,4.12886E+18,WRD - NPDES,Application/Request,HNF-P7H3-DCN87,Schedule - IPP PFAS Interim Report-1
"<a href=""https://mienviro.michigan.gov/ncore/downloadpdf/4911742624297732370"">Link</a>",AAR PFAS Survey.pdf v1,AAR PFAS Survey.pdf,Applicant Attachments,7/30/2018 14:49,4.91174E+18,WRD - NPDES,Application/Request,HNF-P7H3-DCN87,Schedule - IPP PFAS Interim Report-1
"<a href=""https://mienviro.michigan.gov/ncore/downloadpdf/63610395187544635"">Link</a>",Avon PFAS Survey.pdf v1,Avon PFAS Survey.pdf,Applicant Attachments,7/30/2018 14:49,6.36104E+16,WRD - NPDES,Application/Request,HNF-P7H3-DCN87,Schedule - IPP PFAS Interim Report-1
"<a href=""https://mienviro.michigan.gov/ncore/downloadpdf/3440402819179881000"">Link</a>",Rec Boat PFAS Survey.pdf v1,Rec Boat PFAS Survey.pdf,Applicant Attachments,7/30/2018 14:49,3.4404E+18,WRD - NPDES,Application/Request,HNF-P7H3-DCN87,Schedule - IPP PFAS Interim Report-1
"<a href=""https://mienviro.michigan.gov/ncore/downloadpdf/3843258762491556904"">Link</a>",2018 IPP Screening - Monitoring Plan.180627modif.pdf v1,2018 IPP Screening - Monitoring Plan.180627modif.pdf,Applicant Attachments,7/30/2018 14:49,3.84326E+18,WRD - NPDES,Application/Request,HNF-P7H3-DCN87,Schedule - IPP PFAS Interim Report-1
"<a href=""https://mienviro.michigan.gov/ncore/downloadpdf/-5118843658505132177"">Link</a>",FIAMM PFAS Survey.pdf v1,FIAMM PFAS Survey.pdf,Applicant Attachments,7/30/2018 14:49,-5.11884E+18,WRD - NPDES,Application/Request,HNF-P7H3-DCN87,Schedule - IPP PFAS Interim Report-1
"<a href=""https://mienviro.michigan.gov/ncore/downloadpdf/-7794513103865681017"">Link</a>",Piranha PFAS Survey.pdf v1,Piranha PFAS Survey.pdf,Applicant Attachments,7/30/2018 14:49,-7.79451E+18,WRD - NPDES,Application/Request,HNF-P7H3-DCN87,Schedule - IPP PFAS Interim Report-1
"<a href=""https://mienviro.michigan.gov/ncore/downloadpdf/-7526274208066539815"">Link</a>",APS PFAS Screening.pdf v1,APS PFAS Screening.pdf,Applicant Attachments,7/30/2018 14:49,-7.52627E+18,WRD - NPDES,Application/Request,HNF-P7H3-DCN87,Schedule - IPP PFAS Interim Report-1
"<a href=""https://mienviro.michigan.gov/ncore/downloadpdf/-6363618274501369148"">Link</a>",Mich Rubber Response.pdf v1,Mich Rubber Response.pdf,Applicant Attachments,7/30/2018 14:49,-6.36362E+18,WRD - NPDES,Application/Request,HNF-P7H3-DCN87,Schedule - IPP PFAS Interim Report-1
"<a href=""https://mienviro.michigan.gov/ncore/downloadpdf/-2532227711322477530"">Link</a>",CCI PFAS Survey.pdf v1,CCI PFAS Survey.pdf,Applicant Attachments,7/30/2018 14:49,-2.53223E+18,WRD - NPDES,Application/Request,HNF-P7H3-DCN87,Schedule - IPP PFAS Interim Report-1
"<a href=""https://mienviro.michigan.gov/ncore/downloadpdf/-1446023942601055554"">Link</a>",Mich Rubber PFAS Survey.pdf v1,Mich Rubber PFAS Survey.pdf,Applicant Attachments,7/30/2018 14:49,-1.44602E+18,WRD - NPDES,Application/Request,HNF-P7H3-DCN87,Schedule - IPP PFAS Interim Report-1
"<a href=""https://mienviro.michigan.gov/ncore/downloadpdf/-4128789177103566747"">Link</a>",HAVS PFAS Survey.docx v1,HAVS PFAS Survey.docx,Applicant Attachments,7/30/2018 14:49,-4.12879E+18,WRD - NPDES,Application/Request,HNF-P7H3-DCN87,Schedule - IPP PFAS Interim Report-1
"<a href=""https://mienviro.michigan.gov/ncore/downloadpdf/-2838228056125865720"">Link</a>",HNF-P7H3-DCN87 V1.pdf v1,,Misc. Application and Request Docs,7/30/2018 0:00,-2.83823E+18,WRD - NPDES,Application/Request,HNF-P7H3-DCN87,Schedule - IPP PFAS Interim Report-1
"<a href=""https://mienviro.michigan.gov/ncore/downloadpdf/7890631484964037993"">Link</a>",Compliance Correspondence_Cadillac WWTP - Updated Narrative and Flow Diagram.msg,#NAME?,NPDES Application Docs,7/26/2018 0:00,7.89063E+18,WRD - NPDES,Application/Request,2Q7-HQ21-P66B,Permit Change - National Pollutant Discharge Elimination System (NPDES) Municipal Application Form (Reissuance)
"<a href=""https://mienviro.michigan.gov/ncore/downloadpdf/8924536267863581754"">Link</a>",DMR Daily - MI0020257 _06_01_2018_to_06_30_2018_V1.docx,DMR Daily Data for period 06/01/2018 - 06/30/2018_V1,Schedule - DMR Documents,7/20/2018 18:14,8.92454E+18,WRD - NPDES,Permit,MI0020257 v5.1,NPDES Individual Permit
"<a href=""https://mienviro.michigan.gov/ncore/downloadpdf/937337554834513897"">Link</a>",DMR Summary - MI0020257 _06_01_2018_to_06_30_2018_V1.docx,DMR Summary Data for period 06/01/2018 - 06/30/2018_V1,Schedule - DMR Documents,7/20/2018 18:14,9.37338E+17,WRD - NPDES,Permit,MI0020257 v5.1,NPDES Individual Permit
"<a href=""https://mienviro.michigan.gov/ncore/downloadpdf/6364498015414189768"">Link</a>",AAR Mobility Maps and Flow.pdf,IPP PFAS Interim Rpt discussion correspondence,Industrial Pretreatment Program (IPP),6/27/2018 14:32,6.3645E+18,WRD - NPDES,Application/Request,HNF-P7H3-DCN87,Schedule - IPP PFAS Interim Report-1
"<a href=""https://mienviro.michigan.gov/ncore/downloadpdf/-4108818268125140750"">Link</a>",Cadillac WWTP 2018 CSI Final Sampling Report 061518.msg,CSI sampling report,NPDES Majors and Minors Evaluation,6/15/2018 0:00,-4.10882E+18,WRD - NPDES,Evaluation,E-R7AN-XJE-F29,NPDES CSI-Conventionals Only (05/17/2018)
"<a href=""https://mienviro.michigan.gov/ncore/downloadpdf/5107184373189296510"">Link</a>",NPDES Permit-FINAL_Cadillac WWTP.docx,,NPDES Individual Permit,6/14/2018 14:29,5.10718E+18,WRD - NPDES,Permit,MI0020257 v6.0,NPDES Individual Permit
"<a href=""https://mienviro.michigan.gov/ncore/downloadpdf/3628686366959490149"">Link</a>",WQBEL Memo - Conventionals (WORD).docx,,Misc. NPDES Permit Docs,6/13/2018 15:24,3.62869E+18,WRD - NPDES,Permit,MI0020257 v6.0,NPDES Individual Permit
"<a href=""https://mienviro.michigan.gov/ncore/downloadpdf/-8619958092011217786"">Link</a>",FW_ City of Cadillac Letter.msg,,Industrial Pretreatment Program (IPP),6/13/2018 0:00,-8.61996E+18,n/a,Site,15637,Site
"<a href=""https://mienviro.michigan.gov/ncore/downloadpdf/7087999755524318816"">Link</a>",DMR Daily - MI0020257 _05_01_2018_to_05_31_2018_V1.docx,DMR Daily Data for period 05/01/2018 - 05/31/2018_V1,Schedule - DMR Documents,6/12/2018 16:25,7.088E+18,WRD - NPDES,Permit,MI0020257 v5.1,NPDES Individual Permit
"<a href=""https://mienviro.michigan.gov/ncore/downloadpdf/-7282561946599079844"">Link</a>",DMR Summary - MI0020257 _05_01_2018_to_05_31_2018_V1.docx,DMR Summary Data for period 05/01/2018 - 05/31/2018_V1,Schedule - DMR Documents,6/12/2018 16:25,-7.28256E+18,WRD - NPDES,Permit,MI0020257 v5.1,NPDES Individual Permit
"<a href=""https://mienviro.michigan.gov/ncore/downloadpdf/2280393261818424283"">Link</a>",Cadillac WWTP_PFAS Extension Approval FINAL.docx,IPP PFAS extension approval letter,Industrial Pretreatment Program (IPP),5/23/2018 0:00,2.28039E+18,WRD - NPDES,Application/Request,HND-N47D-M65XQ,Schedule - IPP Modification Request or New Program Approval Request
"<a href=""https://mienviro.michigan.gov/ncore/downloadpdf/-766849109262881587"">Link</a>",EM Tr-Land app rates and info.msg,from Fac. Oper.,NPDES Biosolids Evaluation,5/21/2018 14:20,-7.66849E+17,WRD - NPDES,Evaluation,E-DHWW-FYB-ZBN,Biosolids Audit (05/11/2018)
"<a href=""https://mienviro.michigan.gov/ncore/downloadpdf/-8954288284284844625"">Link</a>",April 2018-RJ02 Soils Test.pdf,Actual doc; goes w/ field inspection conducted w/ audit,NPDES Biosolids Evaluation,5/21/2018 0:00,-8.95429E+18,WRD - NPDES,Evaluation,E-DHWW-FYB-ZBN,Biosolids Audit (05/11/2018)
"<a href=""https://mienviro.michigan.gov/ncore/downloadpdf/-739906742778535660"">Link</a>",Cadillac WWTP 2nd PFAS-IPP Mailing.pdf,,Industrial Pretreatment Program (IPP),5/18/2018 15:36,-7.39907E+17,n/a,Site,15637,Site
"<a href=""https://mienviro.michigan.gov/ncore/downloadpdf/317370923758052594"">Link</a>",EM-Pathogen results.msg,from Fac. Oper.,NPDES Biosolids Evaluation,5/17/2018 14:17,3.17371E+17,WRD - NPDES,Evaluation,E-DHWW-FYB-ZBN,Biosolids Audit (05/11/2018)
"<a href=""https://mienviro.michigan.gov/ncore/downloadpdf/-2173118411864624684"">Link</a>",Spring 2018-Pathogen results.pdf,came w/ Email,NPDES Biosolids Evaluation,5/17/2018 14:17,-2.17312E+18,WRD - NPDES,Evaluation,E-DHWW-FYB-ZBN,Biosolids Audit (05/11/2018)
"<a href=""https://mienviro.michigan.gov/ncore/downloadpdf/939677057579643182"">Link</a>",DMR Summary - MI0020257 _04_01_2018_to_04_30_2018_V1.docx,DMR Summary Data for period 04/01/2018 - 04/30/2018_V1,Schedule - DMR Documents,5/16/2018 14:09,9.39677E+17,WRD - NPDES,Permit,MI0020257 v5.1,NPDES Individual Permit
"<a href=""https://mienviro.michigan.gov/ncore/downloadpdf/-8678962175045195900"">Link</a>",DMR Daily - MI0020257 _04_01_2018_to_04_30_2018_V1.docx,DMR Daily Data for period 04/01/2018 - 04/30/2018_V1,Schedule - DMR Documents,5/16/2018 14:09,-8.67896E+18,WRD - NPDES,Permit,MI0020257 v5.1,NPDES Individual Permit
"<a href=""https://mienviro.michigan.gov/ncore/downloadpdf/1278932597267227932"">Link</a>",IMG_0033-cas.JPG,"TSS and TVS Lab Data-Sept. 28, 2017",NPDES Biosolids Evaluation,5/15/2018 15:28,1.27893E+18,WRD - NPDES,Evaluation,E-DHWW-FYB-ZBN,Biosolids Audit (05/11/2018)
"<a href=""https://mienviro.michigan.gov/ncore/downloadpdf/8194633805971928943"">Link</a>",Docs from WWTP.pdf,rec'd from operator during audit,NPDES Biosolids Evaluation,5/15/2018 15:21,8.19463E+18,WRD - NPDES,Evaluation,E-DHWW-FYB-ZBN,Biosolids Audit (05/11/2018)
"<a href=""https://mienviro.michigan.gov/ncore/downloadpdf/7845561818448436059"">Link</a>",IMG_0032-cas.JPG,Biosolids hauling lab data - Oct. 2017,NPDES Biosolids Evaluation,5/15/2018 0:00,7.84556E+18,WRD - NPDES,Evaluation,E-DHWW-FYB-ZBN,Biosolids Audit (05/11/2018)
"<a href=""https://mienviro.michigan.gov/ncore/downloadpdf/-3670737727367029737"">Link</a>",Cadillac WWTP May CBOD Exceed 050918.msg,,Misc Site Docs,5/9/2018 0:00,-3.67074E+18,n/a,Site,15637,Site
"<a href=""https://mienviro.michigan.gov/ncore/downloadpdf/-6061985621999773483"">Link</a>",EM-Hauling Info.msg,from Fac. Cont./Cert. Oper.,NPDES Biosolids Evaluation,5/8/2018 9:01,-6.06199E+18,WRD - NPDES,Evaluation,E-DHWW-FYB-ZBN,Biosolids Audit (05/11/2018)
"<a href=""https://mienviro.michigan.gov/ncore/downloadpdf/7088981037234495432"">Link</a>",IMG_0026-cas.JPG,taken during field inspection,NPDES Biosolids Evaluation,5/8/2018 9:01,7.08898E+18,WRD - NPDES,Evaluation,E-DHWW-FYB-ZBN,Biosolids Audit (05/11/2018)
"<a href=""https://mienviro.michigan.gov/ncore/downloadpdf/6747494849719470224"">Link</a>",IMG_0028-cas.JPG,taken during field inspection,NPDES Biosolids Evaluation,5/8/2018 9:01,6.74749E+18,WRD - NPDES,Evaluation,E-DHWW-FYB-ZBN,Biosolids Audit (05/11/2018)
"<a href=""https://mienviro.michigan.gov/ncore/downloadpdf/3535436455339375991"">Link</a>",IMG_0030-cas.JPG,taken during field inspection,NPDES Biosolids Evaluation,5/8/2018 9:01,3.53544E+18,WRD - NPDES,Evaluation,E-DHWW-FYB-ZBN,Biosolids Audit (05/11/2018)
"<a href=""https://mienviro.michigan.gov/ncore/downloadpdf/-8093064571610602919"">Link</a>",IMG_0031-cas.JPG,taken during field inspection,NPDES Biosolids Evaluation,5/8/2018 9:01,-8.09306E+18,WRD - NPDES,Evaluation,E-DHWW-FYB-ZBN,Biosolids Audit (05/11/2018)
"<a href=""https://mienviro.michigan.gov/ncore/downloadpdf/-3373831412953128423"">Link</a>",IMG_0029-cas.JPG,taken during field inspection,NPDES Biosolids Evaluation,5/8/2018 9:01,-3.37383E+18,WRD - NPDES,Evaluation,E-DHWW-FYB-ZBN,Biosolids Audit (05/11/2018)
"<a href=""https://mienviro.michigan.gov/ncore/downloadpdf/-28324926175105492"">Link</a>",IMG_0027-cas.JPG,taken during field inspection,NPDES Biosolids Evaluation,5/8/2018 9:01,-2.83249E+16,WRD - NPDES,Evaluation,E-DHWW-FYB-ZBN,Biosolids Audit (05/11/2018)
"<a href=""https://mienviro.michigan.gov/ncore/downloadpdf/6450893892153400972"">Link</a>",IMG_0023-cas.JPG,taken during field inspection,NPDES Biosolids Evaluation,5/8/2018 9:00,6.45089E+18,WRD - NPDES,Evaluation,E-DHWW-FYB-ZBN,Biosolids Audit (05/11/2018)
"<a href=""https://mienviro.michigan.gov/ncore/downloadpdf/842608613722601915"">Link</a>",IMG_0022-cas.JPG,taken during field inspection,NPDES Biosolids Evaluation,5/8/2018 9:00,8.42609E+17,WRD - NPDES,Evaluation,E-DHWW-FYB-ZBN,Biosolids Audit (05/11/2018)
"<a href=""https://mienviro.michigan.gov/ncore/downloadpdf/-2399497788243427344"">Link</a>",IMG_0024-cas.JPG,taken during field inspection,NPDES Biosolids Evaluation,5/8/2018 9:00,-2.3995E+18,WRD - NPDES,Evaluation,E-DHWW-FYB-ZBN,Biosolids Audit (05/11/2018)
"<a href=""https://mienviro.michigan.gov/ncore/downloadpdf/-4086204810433318992"">Link</a>",IMG_0021-cas.JPG,taken during field inspection,NPDES Biosolids Evaluation,5/8/2018 9:00,-4.0862E+18,WRD - NPDES,Evaluation,E-DHWW-FYB-ZBN,Biosolids Audit (05/11/2018)
"<a href=""https://mienviro.michigan.gov/ncore/downloadpdf/-5444929977877672875"">Link</a>",IMG_0025-cas.JPG,taken during field inspection,NPDES Biosolids Evaluation,5/8/2018 9:00,-5.44493E+18,WRD - NPDES,Evaluation,E-DHWW-FYB-ZBN,Biosolids Audit (05/11/2018)
"<a href=""https://mienviro.michigan.gov/ncore/downloadpdf/8003210494888166808"">Link</a>",IMG_0017-cas.JPG,taken during field inspection,NPDES Biosolids Evaluation,5/8/2018 8:59,8.00321E+18,WRD - NPDES,Evaluation,E-DHWW-FYB-ZBN,Biosolids Audit (05/11/2018)
"<a href=""https://mienviro.michigan.gov/ncore/downloadpdf/8660571482855999230"">Link</a>",IMG_0019-cas.JPG,taken during field inspection,NPDES Biosolids Evaluation,5/8/2018 8:59,8.66057E+18,WRD - NPDES,Evaluation,E-DHWW-FYB-ZBN,Biosolids Audit (05/11/2018)
"<a href=""https://mienviro.michigan.gov/ncore/downloadpdf/-5904639892816440015"">Link</a>",IMG_0018-cas.JPG,taken during field inspection,NPDES Biosolids Evaluation,5/8/2018 8:59,-5.90464E+18,WRD - NPDES,Evaluation,E-DHWW-FYB-ZBN,Biosolids Audit (05/11/2018)
"<a href=""https://mienviro.michigan.gov/ncore/downloadpdf/1584946013011353055"">Link</a>",IMG_0020-cas.JPG,taken during field inspection,NPDES Biosolids Evaluation,5/8/2018 8:59,1.58495E+18,WRD - NPDES,Evaluation,E-DHWW-FYB-ZBN,Biosolids Audit (05/11/2018)
"<a href=""https://mienviro.michigan.gov/ncore/downloadpdf/1705061446773818631"">Link</a>",IMG_0016-cas.JPG,taken during field inspection,NPDES Biosolids Evaluation,5/8/2018 8:59,1.70506E+18,WRD - NPDES,Evaluation,E-DHWW-FYB-ZBN,Biosolids Audit (05/11/2018)
"<a href=""https://mienviro.michigan.gov/ncore/downloadpdf/3366351575304018828"">Link</a>",IMG_0014-cas.JPG,taken during field inspection,NPDES Biosolids Evaluation,5/8/2018 8:58,3.36635E+18,WRD - NPDES,Evaluation,E-DHWW-FYB-ZBN,Biosolids Audit (05/11/2018)
"<a href=""https://mienviro.michigan.gov/ncore/downloadpdf/4102871430425855324"">Link</a>",IMG_0015-cas.JPG,taken during field inspection,NPDES Biosolids Evaluation,5/8/2018 8:58,4.10287E+18,WRD - NPDES,Evaluation,E-DHWW-FYB-ZBN,Biosolids Audit (05/11/2018)
"<a href=""https://mienviro.michigan.gov/ncore/downloadpdf/-4934672298598036191"">Link</a>",IMG_0011-cas.JPG,taken during field inspection,NPDES Biosolids Evaluation,5/8/2018 8:58,-4.93467E+18,WRD - NPDES,Evaluation,E-DHWW-FYB-ZBN,Biosolids Audit (05/11/2018)
"<a href=""https://mienviro.michigan.gov/ncore/downloadpdf/-4387202925376745449"">Link</a>",IMG_0012-cas.JPG,taken during field inspection,NPDES Biosolids Evaluation,5/8/2018 8:58,-4.3872E+18,WRD - NPDES,Evaluation,E-DHWW-FYB-ZBN,Biosolids Audit (05/11/2018)
"<a href=""https://mienviro.michigan.gov/ncore/downloadpdf/-2399458598275382685"">Link</a>",IMG_0013-cas.JPG,taken during field inspection,NPDES Biosolids Evaluation,5/8/2018 8:58,-2.39946E+18,WRD - NPDES,Evaluation,E-DHWW-FYB-ZBN,Biosolids Audit (05/11/2018)
"<a href=""https://mienviro.michigan.gov/ncore/downloadpdf/4140922109563058919"">Link</a>",IMG951506.jpg,came w/ email (loading up),NPDES Biosolids Evaluation,5/8/2018 0:00,4.14092E+18,WRD - NPDES,Evaluation,E-DHWW-FYB-ZBN,Biosolids Audit (05/11/2018)
"<a href=""https://mienviro.michigan.gov/ncore/downloadpdf/4273878836246250660"">Link</a>",Pace Biosolids 3-28-2018 Sampling results.pdf,"came w/ email (VOCs, metals, nutrients, etc.)",NPDES Biosolids Evaluation,5/8/2018 0:00,4.27388E+18,WRD - NPDES,Evaluation,E-DHWW-FYB-ZBN,Biosolids Audit (05/11/2018)
"<a href=""https://mienviro.michigan.gov/ncore/downloadpdf/9085707484366763135"">Link</a>",Cadillac WWTP May CBOD Exceed 050818.msg,,NPDES Misc. Site Docs,5/8/2018 0:00,9.08571E+18,n/a,Site,15637,Site
"<a href=""https://mienviro.michigan.gov/ncore/downloadpdf/-5157977368029054289"">Link</a>",IMG951507.jpg,came w/ email (off loading of the tanker),NPDES Biosolids Evaluation,5/8/2018 0:00,-5.15798E+18,WRD - NPDES,Evaluation,E-DHWW-FYB-ZBN,Biosolids Audit (05/11/2018)
"<a href=""https://mienviro.michigan.gov/ncore/downloadpdf/-4662633947220908881"">Link</a>",Cadillac WWTP May CBOD Exceed 050718.msg,,NPDES Misc. Site Docs,5/7/2018 0:00,-4.66263E+18,n/a,Site,15637,Site
"<a href=""https://mienviro.michigan.gov/ncore/downloadpdf/3538327832857428719"">Link</a>",RE_ PFAS.msg,,Industrial Pretreatment Program (IPP),4/19/2018 0:00,3.53833E+18,n/a,Site,15637,Site
"<a href=""https://mienviro.michigan.gov/ncore/downloadpdf/1922698188754231116"">Link</a>",PFAS.msg,,Industrial Pretreatment Program (IPP),4/18/2018 0:00,1.9227E+18,n/a,Site,15637,Site
"<a href=""https://mienviro.michigan.gov/ncore/downloadpdf/4841671392581047597"">Link</a>",Cadillac WWTP Fecal Method email 041718.msg,,NPDES Misc. Site Docs,4/17/2018 0:00,4.84167E+18,n/a,Site,15637,Site
"<a href=""https://mienviro.michigan.gov/ncore/downloadpdf/-8199773167501560754"">Link</a>",DMR Daily - MI0020257 _03_01_2018_to_03_31_2018_V1.docx,DMR Daily Data for period 03/01/2018 - 03/31/2018_V1,Schedule - DMR Documents,4/13/2018 16:41,-8.19977E+18,WRD - NPDES,Permit,MI0020257 v5.1,NPDES Individual Permit
"<a href=""https://mienviro.michigan.gov/ncore/downloadpdf/-6721065085631102069"">Link</a>",DMR Summary - MI0020257 _03_01_2018_to_03_31_2018_V1.docx,DMR Summary Data for period 03/01/2018 - 03/31/2018_V1,Schedule - DMR Documents,4/13/2018 16:41,-6.72107E+18,WRD - NPDES,Permit,MI0020257 v5.1,NPDES Individual Permit
"<a href=""https://mienviro.michigan.gov/ncore/downloadpdf/-6666933816233107755"">Link</a>",HNB-J69X-W1FHA V1.pdf v1,,Misc. Application and Request Docs,3/28/2018 19:46,-6.66693E+18,WRD - NPDES,Application/Request,HNB-J69X-W1FHA,Schedule - Michigan Industrial Pretreatment Program Annual Report
"<a href=""https://mienviro.michigan.gov/ncore/downloadpdf/-6012504194437617428"">Link</a>",POTW_Monitoring_Data_Summary.xlsx v1,POTW_Monitoring_Data_Summary.xlsx,Applicant Attachments,3/28/2018 19:43,-6.0125E+18,WRD - NPDES,Application/Request,HNB-J69X-W1FHA,Schedule - Michigan Industrial Pretreatment Program Annual Report
"<a href=""https://mienviro.michigan.gov/ncore/downloadpdf/-3545021326186909476"">Link</a>",Notice of SNC.jpg v1,Notice of SNC.jpg,Applicant Attachments,3/28/2018 19:43,-3.54502E+18,WRD - NPDES,Application/Request,HNB-J69X-W1FHA,Schedule - Michigan Industrial Pretreatment Program Annual Report
"<a href=""https://mienviro.michigan.gov/ncore/downloadpdf/-2139264245510326741"">Link</a>",POTW_Oversight_Table.xlsx v1,POTW_Oversight_Table.xlsx,Applicant Attachments,3/28/2018 19:43,-2.13926E+18,WRD - NPDES,Application/Request,HNB-J69X-W1FHA,Schedule - Michigan Industrial Pretreatment Program Annual Report
"<a href=""https://mienviro.michigan.gov/ncore/downloadpdf/4593201925321274393"">Link</a>",SIU-CIU_List.xlsx v1,SIU-CIU_List.xlsx,Applicant Attachments,3/28/2018 19:43,4.5932E+18,WRD - NPDES,Application/Request,HNB-J69X-W1FHA,Schedule - Michigan Industrial Pretreatment Program Annual Report
"<a href=""https://mienviro.michigan.gov/ncore/downloadpdf/8672164108555213315"">Link</a>",DMR Daily - MI0020257 _02_01_2018_to_02_28_2018_V1.docx,DMR Daily Data for period 02/01/2018 - 02/28/2018_V1,Schedule - DMR Documents,3/19/2018 10:24,8.67216E+18,WRD - NPDES,Permit,MI0020257 v5.1,NPDES Individual Permit
"<a href=""https://mienviro.michigan.gov/ncore/downloadpdf/-6076810724525433677"">Link</a>",DMR Summary - MI0020257 _02_01_2018_to_02_28_2018_V1.docx,DMR Summary Data for period 02/01/2018 - 02/28/2018_V1,Schedule - DMR Documents,3/19/2018 10:24,-6.07681E+18,WRD - NPDES,Permit,MI0020257 v5.1,NPDES Individual Permit
"<a href=""https://mienviro.michigan.gov/ncore/downloadpdf/-6162908203363123759"">Link</a>",AlternateTestMethod-Ammonia_MI0020257_3-2-2018.msg,,Misc Site Docs,3/16/2018 8:15,-6.16291E+18,n/a,Site,15637,Site
"<a href=""https://mienviro.michigan.gov/ncore/downloadpdf/-2361783230760937000"">Link</a>",Cadillac WWTP Ammonia Method 031518 email.msg,,NPDES Misc. Site Docs,3/15/2018 0:00,-2.36178E+18,n/a,Site,15637,Site
"<a href=""https://mienviro.michigan.gov/ncore/downloadpdf/1950215384933042828"">Link</a>",MI0020257 PFAS-IPP Letter 2-20-2018.pdf,,Industrial Pretreatment Program (IPP),3/1/2018 9:35,1.95022E+18,n/a,Site,15637,Site
"<a href=""https://mienviro.michigan.gov/ncore/downloadpdf/9121072629286172709"">Link</a>",DMR Summary - MI0020257 _01_01_2018_to_01_31_2018_V1.docx,DMR Summary Data for period 01/01/2018 - 01/31/2018_V1,Schedule - DMR Documents,2/19/2018 15:32,9.12107E+18,WRD - NPDES,Permit,MI0020257 v5.1,NPDES Individual Permit
"<a href=""https://mienviro.michigan.gov/ncore/downloadpdf/-1122778753452821851"">Link</a>",DMR Daily - MI0020257 _01_01_2018_to_01_31_2018_V1.docx,DMR Daily Data for period 01/01/2018 - 01/31/2018_V1,Schedule - DMR Documents,2/19/2018 15:32,-1.12278E+18,WRD - NPDES,Permit,MI0020257 v5.1,NPDES Individual Permit
"<a href=""https://mienviro.michigan.gov/ncore/downloadpdf/-7195529521434838094"">Link</a>",Cadillac WWTP Ammonia Method 021418 email.msg,,NPDES Misc. Site Docs,2/14/2018 0:00,-7.19553E+18,n/a,Site,15637,Site
"<a href=""https://mienviro.michigan.gov/ncore/downloadpdf/4396568221413786777"">Link</a>",WQBELBiologistFactSheet_MI0020257_1-30-2018.pdf,WQBEL Biologist Recommendations Fact/Decision Sheet,Misc. Application and Request Docs,1/30/2018 0:00,4.39657E+18,WRD - NPDES,Application/Request,2Q7-HQ21-P66B,Permit Change - National Pollutant Discharge Elimination System (NPDES) Municipal Application Form (Reissuance)
"<a href=""https://mienviro.michigan.gov/ncore/downloadpdf/9173363052273315993"">Link</a>",WQBELBiologistReview_MI0020257_1-30-2018.doc,WQBEL Biologist Recommendations Memo,Misc. Application and Request Docs,1/30/2018 0:00,9.17336E+18,WRD - NPDES,Application/Request,2Q7-HQ21-P66B,Permit Change - National Pollutant Discharge Elimination System (NPDES) Municipal Application Form (Reissuance)
"<a href=""https://mienviro.michigan.gov/ncore/downloadpdf/5351587946243598793"">Link</a>",DMR Summary - MI0020257 _12_01_2017_to_12_31_2017_V1.docx,DMR Summary Data for period 12/01/2017 - 12/31/2017_V1,Schedule - DMR Documents,1/18/2018 14:32,5.35159E+18,WRD - NPDES,Permit,MI0020257 v5.1,NPDES Individual Permit
"<a href=""https://mienviro.michigan.gov/ncore/downloadpdf/6383006232820553511"">Link</a>",DMR Daily - MI0020257 _12_01_2017_to_12_31_2017_V1.docx,DMR Daily Data for period 12/01/2017 - 12/31/2017_V1,Schedule - DMR Documents,1/18/2018 14:32,6.38301E+18,WRD - NPDES,Permit,MI0020257 v5.1,NPDES Individual Permit
"<a href=""https://mienviro.michigan.gov/ncore/downloadpdf/2472286616657780651"">Link</a>",DMR Daily - MI0020257 _11_01_2017_to_11_30_2017_V1.docx,DMR Daily Data for period 11/01/2017 - 11/30/2017_V1,Schedule - DMR Documents,12/15/2017 16:53,2.47229E+18,WRD - NPDES,Permit,MI0020257 v5.1,NPDES Individual Permit
"<a href=""https://mienviro.michigan.gov/ncore/downloadpdf/-8814440160125396713"">Link</a>",DMR Summary - MI0020257 _11_01_2017_to_11_30_2017_V1.docx,DMR Summary Data for period 11/01/2017 - 11/30/2017_V1,Schedule - DMR Documents,12/15/2017 16:53,-8.81444E+18,WRD - NPDES,Permit,MI0020257 v5.1,NPDES Individual Permit
"<a href=""https://mienviro.michigan.gov/ncore/downloadpdf/-6334666196725602947"">Link</a>",Cadillac WWTP Nov 2017 BOD Notice 120417.msg,NPDES limit exceedance correspondence,Misc Site Docs,12/4/2017 0:00,-6.33467E+18,n/a,Site,15637,Site
"<a href=""https://mienviro.michigan.gov/ncore/downloadpdf/-5037797726850269844"">Link</a>",DMR Summary - MI0020257 _10_01_2017_to_10_31_2017_V1.docx,DMR Summary Data for period 10/01/2017 - 10/31/2017_V1,Schedule - DMR Documents,11/16/2017 11:22,-5.0378E+18,WRD - NPDES,Permit,MI0020257 v5.1,NPDES Individual Permit
"<a href=""https://mienviro.michigan.gov/ncore/downloadpdf/-739207244620603055"">Link</a>",DMR Daily - MI0020257 _10_01_2017_to_10_31_2017_V1.docx,DMR Daily Data for period 10/01/2017 - 10/31/2017_V1,Schedule - DMR Documents,11/16/2017 11:22,-7.39207E+17,WRD - NPDES,Permit,MI0020257 v5.1,NPDES Individual Permit
"<a href=""https://mienviro.michigan.gov/ncore/downloadpdf/-6671969809514163421"">Link</a>",Cadillac WWTP Oct 2017 BOD email 103017.msg,NPDES limit exceedance correspondence,Misc Site Docs,10/30/2017 0:00,-6.67197E+18,n/a,Site,15637,Site
"<a href=""https://mienviro.michigan.gov/ncore/downloadpdf/-919100790848612757"">Link</a>",Cadillac WWTP Oct 2017 BOD email 102517.msg,NPDES limit exceedance correspondence,Misc Site Docs,10/25/2017 0:00,-9.19101E+17,n/a,Site,15637,Site
"<a href=""https://mienviro.michigan.gov/ncore/downloadpdf/850609280377440890"">Link</a>",Cadillac WWTP Oct 2017 BOD notice 102517.msg,NPDES limit exceedance correspondence,Misc Site Docs,10/25/2017 0:00,8.50609E+17,n/a,Site,15637,Site
"<a href=""https://mienviro.michigan.gov/ncore/downloadpdf/6182107663604652349"">Link</a>",DMR Summary - MI0020257 _10_01_2016_to_09_30_2017_V1.docx,DMR Summary Data for period 10/01/2016 - 09/30/2017_V1,Schedule - DMR Documents,10/13/2017 11:06,6.18211E+18,WRD - NPDES,Permit,MI0020257 v5.1,NPDES Individual Permit
"<a href=""https://mienviro.michigan.gov/ncore/downloadpdf/865533459970142181"">Link</a>",DMR Daily - MI0020257 _09_01_2017_to_09_30_2017_V1.docx,DMR Daily Data for period 09/01/2017 - 09/30/2017_V1,Schedule - DMR Documents,10/13/2017 11:04,8.65533E+17,WRD - NPDES,Permit,MI0020257 v5.1,NPDES Individual Permit
"<a href=""https://mienviro.michigan.gov/ncore/downloadpdf/1351029181868169986"">Link</a>",DMR Summary - MI0020257 _09_01_2017_to_09_30_2017_V1.docx,DMR Summary Data for period 09/01/2017 - 09/30/2017_V1,Schedule - DMR Documents,10/13/2017 11:04,1.35103E+18,WRD - NPDES,Permit,MI0020257 v5.1,NPDES Individual Permit
"<a href=""https://mienviro.michigan.gov/ncore/downloadpdf/7951970310208812203"">Link</a>",2017 As Applied - 17EK01.xlsx v1,Land App Site - April 2017,Applicant Attachments,10/13/2017 0:00,7.95197E+18,WRD - NPDES,Application/Request,HN8-AEB3-S8NKF,Schedule - Biosolids Annual Report
"<a href=""https://mienviro.michigan.gov/ncore/downloadpdf/1336509163278193309"">Link</a>","31DG01, 17EK01, 17RW01 - Analytical.pdf v1","FY17 Results - March 2017 - Metals, Nutrients & Volatiles",Applicant Attachments,10/13/2017 0:00,1.33651E+18,WRD - NPDES,Application/Request,HN8-AEB3-S8NKF,Schedule - Biosolids Annual Report
"<a href=""https://mienviro.michigan.gov/ncore/downloadpdf/1498609859186270953"">Link</a>",Class B Site Restrictions Certification.doc v1,Applier Site Restr. Certification,Applicant Attachments,10/13/2017 0:00,1.49861E+18,WRD - NPDES,Application/Request,HN8-AEB3-S8NKF,Schedule - Biosolids Annual Report
"<a href=""https://mienviro.michigan.gov/ncore/downloadpdf/8416368693200764668"">Link</a>",HN8-AEB3-S8NKF V1.pdf v1,FY17 Biosolids Annual Report.,Misc. Application and Request Docs,10/13/2017 0:00,8.41637E+18,WRD - NPDES,Application/Request,HN8-AEB3-S8NKF,Schedule - Biosolids Annual Report
"<a href=""https://mienviro.michigan.gov/ncore/downloadpdf/8684882921218429674"">Link</a>",Mgt Practices Certification.doc v1,Applier Cert. - Mgt Practices,Applicant Attachments,10/13/2017 0:00,8.68488E+18,WRD - NPDES,Application/Request,HN8-AEB3-S8NKF,Schedule - Biosolids Annual Report
"<a href=""https://mienviro.michigan.gov/ncore/downloadpdf/-1688568603305138344"">Link</a>",Applier Cert. of Pathogens and Vector Attraction Reduction.doc v1,Applier - Cert. of Pathogens & VARs,Applicant Attachments,10/13/2017 0:00,-1.68857E+18,WRD - NPDES,Application/Request,HN8-AEB3-S8NKF,Schedule - Biosolids Annual Report
"<a href=""https://mienviro.michigan.gov/ncore/downloadpdf/-1675409833587234275"">Link</a>",2017 As Applied - 17RW01.xlsx v1,Land app Site - April 2017,Applicant Attachments,10/13/2017 0:00,-1.67541E+18,WRD - NPDES,Application/Request,HN8-AEB3-S8NKF,Schedule - Biosolids Annual Report
"<a href=""https://mienviro.michigan.gov/ncore/downloadpdf/-2488798986427058681"">Link</a>",31GR01 - Analytical.pdf v1,Sept. 2016 test for haul in Oct. 2016 - Metals & Nutrients,Applicant Attachments,10/13/2017 0:00,-2.4888E+18,WRD - NPDES,Application/Request,HN8-AEB3-S8NKF,Schedule - Biosolids Annual Report
"<a href=""https://mienviro.michigan.gov/ncore/downloadpdf/-5897892034958233867"">Link</a>",2017 As Applied - 30GR01.xlsx v1,Land App Site - Oct 2016,Applicant Attachments,10/13/2017 0:00,-5.89789E+18,WRD - NPDES,Application/Request,HN8-AEB3-S8NKF,Schedule - Biosolids Annual Report
"<a href=""https://mienviro.michigan.gov/ncore/downloadpdf/-4564688140221150418"">Link</a>",2017 As Applied - 31DG01.xlsx v1,Land App site - April 2017,Applicant Attachments,10/13/2017 0:00,-4.56469E+18,WRD - NPDES,Application/Request,HN8-AEB3-S8NKF,Schedule - Biosolids Annual Report
"<a href=""https://mienviro.michigan.gov/ncore/downloadpdf/-4030890897963029912"">Link</a>",HML Fall 2016.pdf v1,Sept. test for haul in Oct. - Class A Pathogen results,Applicant Attachments,10/13/2017 0:00,-4.03089E+18,WRD - NPDES,Application/Request,HN8-AEB3-S8NKF,Schedule - Biosolids Annual Report
"<a href=""https://mienviro.michigan.gov/ncore/downloadpdf/-7940855265872368210"">Link</a>",Spring Biosolids HML 2017.pdf v1,FY17 - Class A Pathogen results - Mar. 2017,Applicant Attachments,10/13/2017 0:00,-7.94086E+18,WRD - NPDES,Application/Request,HN8-AEB3-S8NKF,Schedule - Biosolids Annual Report
"<a href=""https://mienviro.michigan.gov/ncore/downloadpdf/8461445828922893016"">Link</a>",DMR Summary - MI0020257 _08_01_2017_to_08_31_2017_V1.docx,DMR Summary Data for period 08/01/2017 - 08/31/2017_V1,Schedule - DMR Documents,9/15/2017 11:32,8.46145E+18,WRD - NPDES,Permit,MI0020257 v5.1,NPDES Individual Permit
"<a href=""https://mienviro.michigan.gov/ncore/downloadpdf/7005832042046937184"">Link</a>",DMR Daily - MI0020257 _08_01_2017_to_08_31_2017_V1.docx,DMR Daily Data for period 08/01/2017 - 08/31/2017_V1,Schedule - DMR Documents,9/15/2017 11:32,7.00583E+18,WRD - NPDES,Permit,MI0020257 v5.1,NPDES Individual Permit
"<a href=""https://mienviro.michigan.gov/ncore/downloadpdf/-4403402754038879326"">Link</a>",Cadillac WWTP DMRQA 37 083117.pdf,,NPDES Misc. Site Docs,8/31/2017 9:26,-4.4034E+18,n/a,Site,15637,Site
"<a href=""https://mienviro.michigan.gov/ncore/downloadpdf/-111396327202170199"">Link</a>",DMR Daily - MI0020257 _07_01_2017_to_07_31_2017_V1.docx,DMR Daily Data for period 07/01/2017 - 07/31/2017_V1,Schedule - DMR Documents,8/17/2017 15:24,-1.11396E+17,WRD - NPDES,Permit,MI0020257 v5.1,NPDES Individual Permit
"<a href=""https://mienviro.michigan.gov/ncore/downloadpdf/1920013186052737041"">Link</a>",DMR Summary - MI0020257 _07_01_2017_to_07_31_2017_V1.docx,DMR Summary Data for period 07/01/2017 - 07/31/2017_V1,Schedule - DMR Documents,8/17/2017 15:24,1.92001E+18,WRD - NPDES,Permit,MI0020257 v5.1,NPDES Individual Permit
"<a href=""https://mienviro.michigan.gov/ncore/downloadpdf/-486435104065967818"">Link</a>",DMR Daily - MI0020257 _05_01_2017_to_05_31_2017_V2.docx,DMR Daily Data for period 05/01/2017 - 05/31/2017_V2,Schedule - DMR Documents,8/17/2017 15:17,-4.86435E+17,WRD - NPDES,Permit,MI0020257 v5.1,NPDES Individual Permit
"<a href=""https://mienviro.michigan.gov/ncore/downloadpdf/-3743271668249773176"">Link</a>",DMR Summary - MI0020257 _05_01_2017_to_05_31_2017_V2.docx,DMR Summary Data for period 05/01/2017 - 05/31/2017_V2,Schedule - DMR Documents,8/17/2017 15:17,-3.74327E+18,WRD - NPDES,Permit,MI0020257 v5.1,NPDES Individual Permit
"<a href=""https://mienviro.michigan.gov/ncore/downloadpdf/2596891981566435001"">Link</a>",DMR Daily - MI0020257 _06_01_2017_to_06_30_2017_V1.docx,DMR Daily Data for period 06/01/2017 - 06/30/2017_V1,Schedule - DMR Documents,7/18/2017 11:52,2.59689E+18,WRD - NPDES,Permit,MI0020257 v5.1,NPDES Individual Permit
"<a href=""https://mienviro.michigan.gov/ncore/downloadpdf/-8542276497179018047"">Link</a>",DMR Summary - MI0020257 _06_01_2017_to_06_30_2017_V1.docx,DMR Summary Data for period 06/01/2017 - 06/30/2017_V1,Schedule - DMR Documents,7/18/2017 11:52,-8.54228E+18,WRD - NPDES,Permit,MI0020257 v5.1,NPDES Individual Permit
"<a href=""https://mienviro.michigan.gov/ncore/downloadpdf/-5622633242256800541"">Link</a>",written report BOD exceedance 071217.msg,,NPDES Misc. Site Docs,7/12/2017 16:50,-5.62263E+18,n/a,Site,15637,Site
"<a href=""https://mienviro.michigan.gov/ncore/downloadpdf/5876564337621442480"">Link</a>",written report BOD exceedance 061517.msg,,NPDES Misc. Site Docs,6/15/2017 16:50,5.87656E+18,n/a,Site,15637,Site
"<a href=""https://mienviro.michigan.gov/ncore/downloadpdf/-1817143456933767821"">Link</a>",DMR Summary - MI0020257 _05_01_2017_to_05_31_2017_V1.docx,DMR Summary Data for period 05/01/2017 - 05/31/2017_V1,Schedule - DMR Documents,6/13/2017 15:16,-1.81714E+18,WRD - NPDES,Permit,MI0020257 v5.1,NPDES Individual Permit
"<a href=""https://mienviro.michigan.gov/ncore/downloadpdf/-3514350148586469102"">Link</a>",DMR Daily - MI0020257 _05_01_2017_to_05_31_2017_V1.docx,DMR Daily Data for period 05/01/2017 - 05/31/2017_V1,Schedule - DMR Documents,6/13/2017 15:16,-3.51435E+18,WRD - NPDES,Permit,MI0020257 v5.1,NPDES Individual Permit
"<a href=""https://mienviro.michigan.gov/ncore/downloadpdf/-1358521760501568481"">Link</a>",written report BOD exceedance #2 052417.msg,,NPDES Misc. Site Docs,5/24/2017 16:50,-1.35852E+18,n/a,Site,15637,Site
"<a href=""https://mienviro.michigan.gov/ncore/downloadpdf/-7534533116651044102"">Link</a>",written rpt ammonia NPDES exceedance 051917.msg,,NPDES Misc. Site Docs,5/19/2017 16:50,-7.53453E+18,n/a,Site,15637,Site
"<a href=""https://mienviro.michigan.gov/ncore/downloadpdf/-389607197290388061"">Link</a>",email addn reporting BOD exceed 051717 ul MiW.msg,,NPDES Misc. Site Docs,5/17/2017 16:50,-3.89607E+17,n/a,Site,15637,Site
"<a href=""https://mienviro.michigan.gov/ncore/downloadpdf/7441804851118153573"">Link</a>",DMR Summary - MI0020257 _04_01_2017_to_04_30_2017_V1.docx,DMR Summary Data for period 04/01/2017 - 04/30/2017_V1,Schedule - DMR Documents,5/17/2017 16:28,7.4418E+18,WRD - NPDES,Permit,MI0020257 v5.1,NPDES Individual Permit
"<a href=""https://mienviro.michigan.gov/ncore/downloadpdf/-6506352065203311462"">Link</a>",DMR Daily - MI0020257 _04_01_2017_to_04_30_2017_V1.docx,DMR Daily Data for period 04/01/2017 - 04/30/2017_V1,Schedule - DMR Documents,5/17/2017 16:28,-6.50635E+18,WRD - NPDES,Permit,MI0020257 v5.1,NPDES Individual Permit
"<a href=""https://mienviro.michigan.gov/ncore/downloadpdf/3141508032254302466"">Link</a>",written rpt BOD exceed 051217 ul MiW.msg,,NPDES Misc. Site Docs,5/12/2017 16:50,3.14151E+18,n/a,Site,15637,Site
"<a href=""https://mienviro.michigan.gov/ncore/downloadpdf/7735398460674456608"">Link</a>",emails regd verbal notify BOD exceed 050917 ul MiW.msg,,NPDES Misc. Site Docs,5/9/2017 16:50,7.7354E+18,n/a,Site,15637,Site
"<a href=""https://mienviro.michigan.gov/ncore/downloadpdf/5374658919181652521"">Link</a>",DMR Daily - MI0020257 _03_01_2017_to_03_31_2017_V1.docx,DMR Daily Data for period 03/01/2017 - 03/31/2017_V1,Schedule - DMR Documents,4/19/2017 9:17,5.37466E+18,WRD - NPDES,Permit,MI0020257 v5.1,NPDES Individual Permit
"<a href=""https://mienviro.michigan.gov/ncore/downloadpdf/-2462697300358445557"">Link</a>",DMR Summary - MI0020257 _03_01_2017_to_03_31_2017_V1.docx,DMR Summary Data for period 03/01/2017 - 03/31/2017_V1,Schedule - DMR Documents,4/19/2017 9:17,-2.4627E+18,WRD - NPDES,Permit,MI0020257 v5.1,NPDES Individual Permit
"<a href=""https://mienviro.michigan.gov/ncore/downloadpdf/-4194105337445403259"">Link</a>",Application_2Q7-HQ21-P66B V1.pdf v1,,Misc. Application and Request Docs,4/5/2017 0:00,-4.19411E+18,WRD - NPDES,Application/Request,2Q7-HQ21-P66B,Permit Change - National Pollutant Discharge Elimination System (NPDES) Municipal Application Form (Reissuance)
"<a href=""https://mienviro.michigan.gov/ncore/downloadpdf/-4072267205926815735"">Link</a>",Wet Test ERM 2-2-2017.pdf v1,Wet Test ERM 2-2-2017.pdf,Applicant Attachments,4/3/2017 0:00,-4.07227E+18,WRD - NPDES,Application/Request,2Q7-HQ21-P66B,Permit Change - National Pollutant Discharge Elimination System (NPDES) Municipal Application Form (Reissuance)
"<a href=""https://mienviro.michigan.gov/ncore/downloadpdf/-4580690770354640221"">Link</a>",PIRANHA.docx v1,PIRANHA.docx,Applicant Attachments,4/3/2017 0:00,-4.58069E+18,WRD - NPDES,Application/Request,2Q7-HQ21-P66B,Permit Change - National Pollutant Discharge Elimination System (NPDES) Municipal Application Form (Reissuance)
"<a href=""https://mienviro.michigan.gov/ncore/downloadpdf/-4576801597538136401"">Link</a>",Munson.docx v1,Munson.docx,Applicant Attachments,4/3/2017 0:00,-4.5768E+18,WRD - NPDES,Application/Request,2Q7-HQ21-P66B,Permit Change - National Pollutant Discharge Elimination System (NPDES) Municipal Application Form (Reissuance)
"<a href=""https://mienviro.michigan.gov/ncore/downloadpdf/-4571421296266695594"">Link</a>",0P1-01 Process Flow.pdf v1,0P1-01 Process Flow.pdf,Applicant Attachments,4/3/2017 0:00,-4.57142E+18,WRD - NPDES,Application/Request,2Q7-HQ21-P66B,Permit Change - National Pollutant Discharge Elimination System (NPDES) Municipal Application Form (Reissuance)
"<a href=""https://mienviro.michigan.gov/ncore/downloadpdf/-6842767691186545255"">Link</a>",REC BOAT CABINETRY.docx v1,REC BOAT CABINETRY.docx,Applicant Attachments,4/3/2017 0:00,-6.84277E+18,WRD - NPDES,Application/Request,2Q7-HQ21-P66B,Permit Change - National Pollutant Discharge Elimination System (NPDES) Municipal Application Form (Reissuance)
"<a href=""https://mienviro.michigan.gov/ncore/downloadpdf/-6756834478233780033"">Link</a>",REC BOAT SPORT.docx v1,REC BOAT SPORT.docx,Applicant Attachments,4/3/2017 0:00,-6.75683E+18,WRD - NPDES,Application/Request,2Q7-HQ21-P66B,Permit Change - National Pollutant Discharge Elimination System (NPDES) Municipal Application Form (Reissuance)
"<a href=""https://mienviro.michigan.gov/ncore/downloadpdf/-5800382166597688800"">Link</a>",ARVCO.docx v1,ARVCO.docx,Applicant Attachments,4/3/2017 0:00,-5.80038E+18,WRD - NPDES,Application/Request,2Q7-HQ21-P66B,Permit Change - National Pollutant Discharge Elimination System (NPDES) Municipal Application Form (Reissuance)
"<a href=""https://mienviro.michigan.gov/ncore/downloadpdf/-5693104588523843213"">Link</a>",AAR 6th.docx v1,AAR 6th.docx,Applicant Attachments,4/3/2017 0:00,-5.6931E+18,WRD - NPDES,Application/Request,2Q7-HQ21-P66B,Permit Change - National Pollutant Discharge Elimination System (NPDES) Municipal Application Form (Reissuance)
"<a href=""https://mienviro.michigan.gov/ncore/downloadpdf/-5563635413840106744"">Link</a>",AVON Protection.docx v1,AVON Protection.docx,Applicant Attachments,4/3/2017 0:00,-5.56364E+18,WRD - NPDES,Application/Request,2Q7-HQ21-P66B,Permit Change - National Pollutant Discharge Elimination System (NPDES) Municipal Application Form (Reissuance)
"<a href=""https://mienviro.michigan.gov/ncore/downloadpdf/-5332488901169956875"">Link</a>",CRE.docx v1,CRE.docx,Applicant Attachments,4/3/2017 0:00,-5.33249E+18,WRD - NPDES,Application/Request,2Q7-HQ21-P66B,Permit Change - National Pollutant Discharge Elimination System (NPDES) Municipal Application Form (Reissuance)
"<a href=""https://mienviro.michigan.gov/ncore/downloadpdf/-3238540496460905709"">Link</a>",Kar Lab Biosolids 9-12-2016.pdf v1,Kar Lab Biosolids 9-12-2016.pdf,Applicant Attachments,4/3/2017 0:00,-3.23854E+18,WRD - NPDES,Application/Request,2Q7-HQ21-P66B,Permit Change - National Pollutant Discharge Elimination System (NPDES) Municipal Application Form (Reissuance)
"<a href=""https://mienviro.michigan.gov/ncore/downloadpdf/-1348128324309124463"">Link</a>",Hutchinson.docx v1,Hutchinson.docx,Applicant Attachments,4/3/2017 0:00,-1.34813E+18,WRD - NPDES,Application/Request,2Q7-HQ21-P66B,Permit Change - National Pollutant Discharge Elimination System (NPDES) Municipal Application Form (Reissuance)
"<a href=""https://mienviro.michigan.gov/ncore/downloadpdf/-505155985048363429"">Link</a>",REC BOAT TRAILER.docx v1,REC BOAT TRAILER.docx,Applicant Attachments,4/3/2017 0:00,-5.05156E+17,WRD - NPDES,Application/Request,2Q7-HQ21-P66B,Permit Change - National Pollutant Discharge Elimination System (NPDES) Municipal Application Form (Reissuance)
"<a href=""https://mienviro.michigan.gov/ncore/downloadpdf/-308826788854237261"">Link</a>",Kar Lab Biosolids 3-14-2016.pdf v1,Kar Lab Biosolids 3-14-2016.pdf,Applicant Attachments,4/3/2017 0:00,-3.08827E+17,WRD - NPDES,Application/Request,2Q7-HQ21-P66B,Permit Change - National Pollutant Discharge Elimination System (NPDES) Municipal Application Form (Reissuance)
"<a href=""https://mienviro.michigan.gov/ncore/downloadpdf/-910355065678437940"">Link</a>",AAR Facility.docx v1,AAR Facility.docx,Applicant Attachments,4/3/2017 0:00,-9.10355E+17,WRD - NPDES,Application/Request,2Q7-HQ21-P66B,Permit Change - National Pollutant Discharge Elimination System (NPDES) Municipal Application Form (Reissuance)
"<a href=""https://mienviro.michigan.gov/ncore/downloadpdf/-9118125169549468879"">Link</a>",AVON.docx v1,AVON.docx,Applicant Attachments,4/3/2017 0:00,-9.11813E+18,WRD - NPDES,Application/Request,2Q7-HQ21-P66B,Permit Change - National Pollutant Discharge Elimination System (NPDES) Municipal Application Form (Reissuance)
"<a href=""https://mienviro.michigan.gov/ncore/downloadpdf/-9090737734205945229"">Link</a>",0P1-02 Process Flow.pdf v1,0P1-02 Process Flow.pdf,Applicant Attachments,4/3/2017 0:00,-9.09074E+18,WRD - NPDES,Application/Request,2Q7-HQ21-P66B,Permit Change - National Pollutant Discharge Elimination System (NPDES) Municipal Application Form (Reissuance)
"<a href=""https://mienviro.michigan.gov/ncore/downloadpdf/-8713293357649151288"">Link</a>",Paragon Wet Test (3).pdf v1,Paragon Wet Test (3).pdf,Applicant Attachments,4/3/2017 0:00,-8.71329E+18,WRD - NPDES,Application/Request,2Q7-HQ21-P66B,Permit Change - National Pollutant Discharge Elimination System (NPDES) Municipal Application Form (Reissuance)
"<a href=""https://mienviro.michigan.gov/ncore/downloadpdf/-8499150955445776749"">Link</a>",Borg Warner.docx v1,Borg Warner.docx,Applicant Attachments,4/3/2017 0:00,-8.49915E+18,WRD - NPDES,Application/Request,2Q7-HQ21-P66B,Permit Change - National Pollutant Discharge Elimination System (NPDES) Municipal Application Form (Reissuance)
"<a href=""https://mienviro.michigan.gov/ncore/downloadpdf/8306099835625514154"">Link</a>",0P1-03 Process Flow.pdf v1,0P1-03 Process Flow.pdf,Applicant Attachments,4/3/2017 0:00,8.3061E+18,WRD - NPDES,Application/Request,2Q7-HQ21-P66B,Permit Change - National Pollutant Discharge Elimination System (NPDES) Municipal Application Form (Reissuance)
"<a href=""https://mienviro.michigan.gov/ncore/downloadpdf/4079635351094952055"">Link</a>",AAR Rinse Tank.docx v1,AAR Rinse Tank.docx,Applicant Attachments,4/3/2017 0:00,4.07964E+18,WRD - NPDES,Application/Request,2Q7-HQ21-P66B,Permit Change - National Pollutant Discharge Elimination System (NPDES) Municipal Application Form (Reissuance)
"<a href=""https://mienviro.michigan.gov/ncore/downloadpdf/4641308164668318184"">Link</a>",NPDES.pdf v1,NPDES.pdf,Applicant Attachments,4/3/2017 0:00,4.64131E+18,WRD - NPDES,Application/Request,2Q7-HQ21-P66B,Permit Change - National Pollutant Discharge Elimination System (NPDES) Municipal Application Form (Reissuance)
"<a href=""https://mienviro.michigan.gov/ncore/downloadpdf/6710410934790894908"">Link</a>",CCI.docx v1,CCI.docx,Applicant Attachments,4/3/2017 0:00,6.71041E+18,WRD - NPDES,Application/Request,2Q7-HQ21-P66B,Permit Change - National Pollutant Discharge Elimination System (NPDES) Municipal Application Form (Reissuance)
"<a href=""https://mienviro.michigan.gov/ncore/downloadpdf/6932780206728288696"">Link</a>",Paragon Wet Test.pdf v1,Paragon Wet Test.pdf,Applicant Attachments,4/3/2017 0:00,6.93278E+18,WRD - NPDES,Application/Request,2Q7-HQ21-P66B,Permit Change - National Pollutant Discharge Elimination System (NPDES) Municipal Application Form (Reissuance)
"<a href=""https://mienviro.michigan.gov/ncore/downloadpdf/5769919426026990647"">Link</a>",FIAMM.docx v1,FIAMM.docx,Applicant Attachments,4/3/2017 0:00,5.76992E+18,WRD - NPDES,Application/Request,2Q7-HQ21-P66B,Permit Change - National Pollutant Discharge Elimination System (NPDES) Municipal Application Form (Reissuance)
"<a href=""https://mienviro.michigan.gov/ncore/downloadpdf/3858403373487489303"">Link</a>",AVON 2 5th St Manhole.docx v1,AVON 2 5th St Manhole.docx,Applicant Attachments,4/3/2017 0:00,3.8584E+18,WRD - NPDES,Application/Request,2Q7-HQ21-P66B,Permit Change - National Pollutant Discharge Elimination System (NPDES) Municipal Application Form (Reissuance)
"<a href=""https://mienviro.michigan.gov/ncore/downloadpdf/3937714205518051674"">Link</a>",Plant Brochure.pdf v1,Plant Brochure.pdf,Applicant Attachments,4/3/2017 0:00,3.93771E+18,WRD - NPDES,Application/Request,2Q7-HQ21-P66B,Permit Change - National Pollutant Discharge Elimination System (NPDES) Municipal Application Form (Reissuance)
"<a href=""https://mienviro.michigan.gov/ncore/downloadpdf/2929107239418671816"">Link</a>",WEXFORD LANDFILL.docx v1,WEXFORD LANDFILL.docx,Applicant Attachments,4/3/2017 0:00,2.92911E+18,WRD - NPDES,Application/Request,2Q7-HQ21-P66B,Permit Change - National Pollutant Discharge Elimination System (NPDES) Municipal Application Form (Reissuance)
"<a href=""https://mienviro.michigan.gov/ncore/downloadpdf/-123817907349178312"">Link</a>",REC BOAT CRUISER.docx v1,REC BOAT CRUISER.docx,Applicant Attachments,4/3/2017 0:00,-1.23818E+17,WRD - NPDES,Application/Request,2Q7-HQ21-P66B,Permit Change - National Pollutant Discharge Elimination System (NPDES) Municipal Application Form (Reissuance)
"<a href=""https://mienviro.michigan.gov/ncore/downloadpdf/832209690549104746"">Link</a>",Michigan Rubber.docx v1,Michigan Rubber.docx,Applicant Attachments,4/3/2017 0:00,8.3221E+17,WRD - NPDES,Application/Request,2Q7-HQ21-P66B,Permit Change - National Pollutant Discharge Elimination System (NPDES) Municipal Application Form (Reissuance)
"<a href=""https://mienviro.michigan.gov/ncore/downloadpdf/1829985439158043192"">Link</a>",SPENCER.docx v1,SPENCER.docx,Applicant Attachments,4/3/2017 0:00,1.82999E+18,WRD - NPDES,Application/Request,2Q7-HQ21-P66B,Permit Change - National Pollutant Discharge Elimination System (NPDES) Municipal Application Form (Reissuance)
"<a href=""https://mienviro.michigan.gov/ncore/downloadpdf/1852969813164958154"">Link</a>",Paragon Wet Test (1).pdf v1,Paragon Wet Test (1).pdf,Applicant Attachments,4/3/2017 0:00,1.85297E+18,WRD - NPDES,Application/Request,2Q7-HQ21-P66B,Permit Change - National Pollutant Discharge Elimination System (NPDES) Municipal Application Form (Reissuance)
"<a href=""https://mienviro.michigan.gov/ncore/downloadpdf/6361322379720926853"">Link</a>",DMR Summary - MI0020257 _02_01_2017_to_02_28_2017_V1.docx,DMR Summary Data for period 02/01/2017 - 02/28/2017_V1,Schedule - DMR Documents,3/16/2017 16:30,6.36132E+18,WRD - NPDES,Permit,MI0020257 v5.1,NPDES Individual Permit
"<a href=""https://mienviro.michigan.gov/ncore/downloadpdf/-5281439668552468208"">Link</a>",DMR Daily - MI0020257 _02_01_2017_to_02_28_2017_V1.docx,DMR Daily Data for period 02/01/2017 - 02/28/2017_V1,Schedule - DMR Documents,3/16/2017 16:30,-5.28144E+18,WRD - NPDES,Permit,MI0020257 v5.1,NPDES Individual Permit
"<a href=""https://mienviro.michigan.gov/ncore/downloadpdf/-563435129997574625"">Link</a>",DMR Daily - MI0020257 _01_01_2017_to_01_31_2017_V1.docx,DMR Daily Data for period 01/01/2017 - 01/31/2017_V1,Schedule - DMR Documents,2/14/2017 12:52,-5.63435E+17,WRD - NPDES,Permit,MI0020257 v5.1,NPDES Individual Permit
"<a href=""https://mienviro.michigan.gov/ncore/downloadpdf/-241954493317709276"">Link</a>",DMR Summary - MI0020257 _01_01_2017_to_01_31_2017_V1.docx,DMR Summary Data for period 01/01/2017 - 01/31/2017_V1,Schedule - DMR Documents,2/14/2017 12:52,-2.41954E+17,WRD - NPDES,Permit,MI0020257 v5.1,NPDES Individual Permit
"<a href=""https://mienviro.michigan.gov/ncore/downloadpdf/4872492887140551247"">Link</a>",DMR Daily - MI0020257 _12_01_2016_to_12_31_2016_V1.docx,DMR Daily Data for period 12/01/2016 - 12/31/2016_V1,Schedule - DMR Documents,1/19/2017 15:30,4.87249E+18,WRD - NPDES,Permit,MI0020257 v5.1,NPDES Individual Permit
"<a href=""https://mienviro.michigan.gov/ncore/downloadpdf/-7309370182573156453"">Link</a>",DMR Summary - MI0020257 _12_01_2016_to_12_31_2016_V1.docx,DMR Summary Data for period 12/01/2016 - 12/31/2016_V1,Schedule - DMR Documents,1/19/2017 15:30,-7.30937E+18,WRD - NPDES,Permit,MI0020257 v5.1,NPDES Individual Permit
"<a href=""https://mienviro.michigan.gov/ncore/downloadpdf/8936787219842147076"">Link</a>",DMR Summary - MI0020257 _11_01_2016_to_11_30_2016_V1.docx,DMR Summary Data for period 11/01/2016 - 11/30/2016_V1,Schedule - DMR Documents,12/16/2016 10:55,8.93679E+18,WRD - NPDES,Permit,MI0020257 v5.0,NPDES Individual Permit
"<a href=""https://mienviro.michigan.gov/ncore/downloadpdf/-570299436410721715"">Link</a>",DMR Daily - MI0020257 _11_01_2016_to_11_30_2016_V1.docx,DMR Daily Data for period 11/01/2016 - 11/30/2016_V1,Schedule - DMR Documents,12/16/2016 10:55,-5.70299E+17,WRD - NPDES,Permit,MI0020257 v5.0,NPDES Individual Permit
"<a href=""https://mienviro.michigan.gov/ncore/downloadpdf/4594408055865795856"">Link</a>",DMRQA 36.Cadillac WWTP.pdf,,NPDES Misc. Site Docs,12/6/2016 13:10,4.59441E+18,n/a,Site,15637,Site
"<a href=""https://mienviro.michigan.gov/ncore/downloadpdf/5880887913847657693"">Link</a>",DMR Summary - MI0020257 _10_01_2016_to_10_31_2016_V1.docx,DMR Summary Data for period 10/01/2016 - 10/31/2016_V1,Schedule - DMR Documents,11/17/2016 14:44,5.88089E+18,WRD - NPDES,Permit,MI0020257 v5.0,NPDES Individual Permit
"<a href=""https://mienviro.michigan.gov/ncore/downloadpdf/1524244019210258858"">Link</a>",DMR Daily - MI0020257 _10_01_2016_to_10_31_2016_V1.docx,DMR Daily Data for period 10/01/2016 - 10/31/2016_V1,Schedule - DMR Documents,11/17/2016 14:44,1.52424E+18,WRD - NPDES,Permit,MI0020257 v5.0,NPDES Individual Permit
"<a href=""https://mienviro.michigan.gov/ncore/downloadpdf/-8068360832484337569"">Link</a>",DMR Summary - MI0020257 _10_01_2015_to_09_30_2016_V1.docx,DMR Summary Data for period 10/01/2015 - 09/30/2016_V1,Schedule - DMR Documents,10/25/2016 15:03,-8.06836E+18,WRD - NPDES,Permit,MI0020257 v5.0,NPDES Individual Permit
"<a href=""https://mienviro.michigan.gov/ncore/downloadpdf/-3521121797145537515"">Link</a>",2KJ-C2SF-H1BF V1.pdf v1,,Misc. Application and Request Docs,10/25/2016 0:00,-3.52112E+18,WRD - NPDES,Application/Request,2KJ-C2SF-H1BF,Schedule - Biosolids Annual Report
"<a href=""https://mienviro.michigan.gov/ncore/downloadpdf/-7163848156117307736"">Link</a>",DMR Daily - MI0020257 _09_01_2016_to_09_30_2016_V1.docx,DMR Daily Data for period 09/01/2016 - 09/30/2016_V1,Schedule - DMR Documents,10/18/2016 11:30,-7.16385E+18,WRD - NPDES,Permit,MI0020257 v5.0,NPDES Individual Permit
"<a href=""https://mienviro.michigan.gov/ncore/downloadpdf/-5500870070273347359"">Link</a>",DMR Summary - MI0020257 _09_01_2016_to_09_30_2016_V1.docx,DMR Summary Data for period 09/01/2016 - 09/30/2016_V1,Schedule - DMR Documents,10/18/2016 11:30,-5.50087E+18,WRD - NPDES,Permit,MI0020257 v5.0,NPDES Individual Permit
"<a href=""https://mienviro.michigan.gov/ncore/downloadpdf/2071454628388704794"">Link</a>",DMR Daily - MI0020257 _08_01_2016_to_08_31_2016_V1.docx,DMR Daily Data for period 08/01/2016 - 08/31/2016_V1,Schedule - DMR Documents,9/16/2016 10:25,2.07145E+18,WRD - NPDES,Permit,MI0020257 v5.0,NPDES Individual Permit
"<a href=""https://mienviro.michigan.gov/ncore/downloadpdf/-8864258566189946951"">Link</a>",DMR Summary - MI0020257 _08_01_2016_to_08_31_2016_V1.docx,DMR Summary Data for period 08/01/2016 - 08/31/2016_V1,Schedule - DMR Documents,9/16/2016 10:25,-8.86426E+18,WRD - NPDES,Permit,MI0020257 v5.0,NPDES Individual Permit
"<a href=""https://mienviro.michigan.gov/ncore/downloadpdf/-41646711706265012"">Link</a>",DMR Summary - MI0020257 _07_01_2016_to_07_31_2016_V1.docx,DMR Summary Data for period 07/01/2016 - 07/31/2016_V1,Schedule - DMR Documents,8/12/2016 16:31,-4.16467E+16,WRD - NPDES,Permit,MI0020257 v5.0,NPDES Individual Permit
"<a href=""https://mienviro.michigan.gov/ncore/downloadpdf/1005010368843969925"">Link</a>",DMR Daily - MI0020257 _07_01_2016_to_07_31_2016_V1.docx,DMR Daily Data for period 07/01/2016 - 07/31/2016_V1,Schedule - DMR Documents,8/12/2016 16:31,1.00501E+18,WRD - NPDES,Permit,MI0020257 v5.0,NPDES Individual Permit
"<a href=""https://mienviro.michigan.gov/ncore/downloadpdf/3518176617040371250"">Link</a>",2016_0802_Cadillac WWTP_DMR QA-36.pdf,District Scanned,NPDES Misc. Site Docs,8/2/2016 0:00,3.51818E+18,n/a,Site,15637,Site
"<a href=""https://mienviro.michigan.gov/ncore/downloadpdf/-2645731656519523748"">Link</a>",DMR Daily - MI0020257 _06_01_2016_to_06_30_2016_V1.docx,DMR Daily Data for period 06/01/2016 - 06/30/2016_V1,Schedule - DMR Documents,7/15/2016 16:08,-2.64573E+18,WRD - NPDES,Permit,MI0020257 v5.0,NPDES Individual Permit
"<a href=""https://mienviro.michigan.gov/ncore/downloadpdf/-6126364658004482120"">Link</a>",DMR Summary - MI0020257 _06_01_2016_to_06_30_2016_V1.docx,DMR Summary Data for period 06/01/2016 - 06/30/2016_V1,Schedule - DMR Documents,7/15/2016 16:08,-6.12636E+18,WRD - NPDES,Permit,MI0020257 v5.0,NPDES Individual Permit
"<a href=""https://mienviro.michigan.gov/ncore/downloadpdf/6177350560736608063"">Link</a>",DMR Daily - MI0020257 _05_01_2016_to_05_31_2016_V1.docx,DMR Daily Data for period 05/01/2016 - 05/31/2016_V1,Schedule - DMR Documents,6/15/2016 16:54,6.17735E+18,WRD - NPDES,Permit,MI0020257 v5.0,NPDES Individual Permit
"<a href=""https://mienviro.michigan.gov/ncore/downloadpdf/-9054802322981204104"">Link</a>",DMR Summary - MI0020257 _05_01_2016_to_05_31_2016_V1.docx,DMR Summary Data for period 05/01/2016 - 05/31/2016_V1,Schedule - DMR Documents,6/15/2016 16:54,-9.0548E+18,WRD - NPDES,Permit,MI0020257 v5.0,NPDES Individual Permit
"<a href=""https://mienviro.michigan.gov/ncore/downloadpdf/-4750733240863552693"">Link</a>",Low Ph notice by City May 16 2016.pdf,"Doug Langworthy called in the exceedance on Thursday, May 12, 2016",NPDES Misc. Site Docs,5/16/2016 10:02,-4.75073E+18,n/a,Site,15637,Site
"<a href=""https://mienviro.michigan.gov/ncore/downloadpdf/-4336303018773149137"">Link</a>",DMR Summary - MI0020257 _04_01_2016_to_04_30_2016_V1.docx,DMR Summary Data for period 04/01/2016 - 04/30/2016_V1,Schedule - DMR Documents,5/16/2016 9:51,-4.3363E+18,WRD - NPDES,Permit,MI0020257 v5.0,NPDES Individual Permit
"<a href=""https://mienviro.michigan.gov/ncore/downloadpdf/-6425285818055725556"">Link</a>",DMR Daily - MI0020257 _04_01_2016_to_04_30_2016_V1.docx,DMR Daily Data for period 04/01/2016 - 04/30/2016_V1,Schedule - DMR Documents,5/16/2016 9:51,-6.42529E+18,WRD - NPDES,Permit,MI0020257 v5.0,NPDES Individual Permit
"<a href=""https://mienviro.michigan.gov/ncore/downloadpdf/-2502838247090599202"">Link</a>",DMR Daily - MI0020257 _03_01_2016_to_03_31_2016_V1.docx,DMR Daily Data for period 03/01/2016 - 03/31/2016_V1,Schedule - DMR Documents,4/18/2016 16:59,-2.50284E+18,WRD - NPDES,Permit,MI0020257 v5.0,NPDES Individual Permit
"<a href=""https://mienviro.michigan.gov/ncore/downloadpdf/1049897993402206269"">Link</a>",DMR Summary - MI0020257 _03_01_2016_to_03_31_2016_V1.docx,DMR Summary Data for period 03/01/2016 - 03/31/2016_V1,Schedule - DMR Documents,4/18/2016 16:59,1.0499E+18,WRD - NPDES,Permit,MI0020257 v5.0,NPDES Individual Permit
"<a href=""https://mienviro.michigan.gov/ncore/downloadpdf/-3461689102167870562"">Link</a>",DMR Summary - MI0020257 _02_01_2016_to_02_29_2016_V1.docx,DMR Summary Data for period 02/01/2016 - 02/29/2016_V1,Schedule - DMR Documents,3/16/2016 11:01,-3.46169E+18,WRD - NPDES,Permit,MI0020257 v5.0,NPDES Individual Permit
"<a href=""https://mienviro.michigan.gov/ncore/downloadpdf/-6884866009572813818"">Link</a>",DMR Daily - MI0020257 _02_01_2016_to_02_29_2016_V1.docx,DMR Daily Data for period 02/01/2016 - 02/29/2016_V1,Schedule - DMR Documents,3/16/2016 11:01,-6.88487E+18,WRD - NPDES,Permit,MI0020257 v5.0,NPDES Individual Permit
"<a href=""https://mienviro.michigan.gov/ncore/downloadpdf/-6168521012883685018"">Link</a>",VN response from City.Feb 29 2016.pdf,,Water Quality Compliance Communication Docs,2/29/2016 0:00,-6.16852E+18,WRD - NPDES,Compliance Action,VN-006346,Violation Notice
"<a href=""https://mienviro.michigan.gov/ncore/downloadpdf/6525466383076021292"">Link</a>",DMR Daily - MI0020257 _01_01_2016_to_01_31_2016_V1.docx,DMR Daily Data for period 01/01/2016 - 01/31/2016_V1,Schedule - DMR Documents,2/20/2016 20:37,6.52547E+18,WRD - NPDES,Permit,MI0020257 v5.0,NPDES Individual Permit
"<a href=""https://mienviro.michigan.gov/ncore/downloadpdf/-3488789892444246103"">Link</a>",DMR Summary - MI0020257 _01_01_2016_to_01_31_2016_V1.docx,DMR Summary Data for period 01/01/2016 - 01/31/2016_V1,Schedule - DMR Documents,2/20/2016 20:37,-3.48879E+18,WRD - NPDES,Permit,MI0020257 v5.0,NPDES Individual Permit
"<a href=""https://mienviro.michigan.gov/ncore/downloadpdf/-5228663365988565838"">Link</a>",Violation Letter.Cadillac WWTP-Dietlin.pdf,,Water Quality C&E Docs,2/4/2016 12:28,-5.22866E+18,WRD - NPDES,Compliance Action,VN-006346,Violation Notice
"<a href=""https://mienviro.michigan.gov/ncore/downloadpdf/-7115642780883598587"">Link</a>",Mercury minimization plan letter revised V2.DOC v1,Mercury minimization plan letter revised.doc,Applicant Attachments,2/4/2016 0:00,-7.11564E+18,WRD - NPDES,Application/Request,2D2-X9KF-HB6N,Schedule - Pollutant Minimization Program (PMP) Annual Report
"<a href=""https://mienviro.michigan.gov/ncore/downloadpdf/449058570274793532"">Link</a>",2D2-X9KF-HB6N V2.pdf v1,,Misc. Application and Request Docs,2/4/2016 0:00,4.49059E+17,WRD - NPDES,Application/Request,2D2-X9KF-HB6N,Schedule - Pollutant Minimization Program (PMP) Annual Report
"<a href=""https://mienviro.michigan.gov/ncore/downloadpdf/-4582177045037647324"">Link</a>",Spill notification 1-12-16.pdf,,NPDES Misc. Site Docs,1/25/2016 13:24,-4.58218E+18,n/a,Site,15637,Site
"<a href=""https://mienviro.michigan.gov/ncore/downloadpdf/-5568021370246960521"">Link</a>",ByPass notification 12-21-15.pdf,,NPDES Misc. Site Docs,1/25/2016 13:24,-5.56802E+18,n/a,Site,15637,Site
"<a href=""https://mienviro.michigan.gov/ncore/downloadpdf/-5447789093327103036"">Link</a>",DMR Daily - MI0020257 _12_01_2015_to_12_31_2015_V1.docx,DMR Daily Data for period 12/01/2015 - 12/31/2015_V1,Schedule - DMR Documents,1/19/2016 17:47,-5.44779E+18,WRD - NPDES,Permit,MI0020257 v5.0,NPDES Individual Permit
"<a href=""https://mienviro.michigan.gov/ncore/downloadpdf/-4193025276374184094"">Link</a>",DMR Summary - MI0020257 _12_01_2015_to_12_31_2015_V1.docx,DMR Summary Data for period 12/01/2015 - 12/31/2015_V1,Schedule - DMR Documents,1/19/2016 17:47,-4.19303E+18,WRD - NPDES,Permit,MI0020257 v5.0,NPDES Individual Permit
"<a href=""https://mienviro.michigan.gov/ncore/downloadpdf/-8836688320995793733"">Link</a>",2010-2016_Cadillac WWTP_District Compliance File.pdf,District Scanned,NPDES Misc. Site Docs,1/12/2016 0:00,-8.83669E+18,n/a,Site,15637,Site
"<a href=""https://mienviro.michigan.gov/ncore/downloadpdf/-6731013379800742486"">Link</a>",Cadillac WWTP DMRQA 35.pdf,,NPDES Misc. Site Docs,1/11/2016 9:10,-6.73101E+18,n/a,Site,15637,Site
"<a href=""https://mienviro.michigan.gov/ncore/downloadpdf/6280680775372517980"">Link</a>",DMR Summary - MI0020257 _11_01_2015_to_11_30_2015_V1.docx,DMR Summary Data for period 11/01/2015 - 11/30/2015_V1,Schedule - DMR Documents,12/19/2015 10:46,6.28068E+18,WRD - NPDES,Permit,MI0020257 v5.0,NPDES Individual Permit
"<a href=""https://mienviro.michigan.gov/ncore/downloadpdf/-2076524723866920213"">Link</a>",DMR Daily - MI0020257 _11_01_2015_to_11_30_2015_V1.docx,DMR Daily Data for period 11/01/2015 - 11/30/2015_V1,Schedule - DMR Documents,12/19/2015 10:46,-2.07652E+18,WRD - NPDES,Permit,MI0020257 v5.0,NPDES Individual Permit
"<a href=""https://mienviro.michigan.gov/ncore/downloadpdf/344392362451469223"">Link</a>",Cadillac Draft Permit for Issue.doc,,NPDES Individual Permit,12/10/2015 13:47,3.44392E+17,WRD - NPDES,Permit,MI0020257 v5.1,NPDES Individual Permit
"<a href=""https://mienviro.michigan.gov/ncore/downloadpdf/-751241790278250853"">Link</a>",DMR Daily - MI0020257 _10_01_2015_to_10_31_2015_V1.docx,DMR Daily Data for period 10/01/2015 - 10/31/2015_V1,Schedule - DMR Documents,11/19/2015 13:24,-7.51242E+17,WRD - NPDES,Permit,MI0020257 v5.0,NPDES Individual Permit
"<a href=""https://mienviro.michigan.gov/ncore/downloadpdf/-4008341624842458816"">Link</a>",DMR Summary - MI0020257 _10_01_2015_to_10_31_2015_V1.docx,DMR Summary Data for period 10/01/2015 - 10/31/2015_V1,Schedule - DMR Documents,11/19/2015 13:24,-4.00834E+18,WRD - NPDES,Permit,MI0020257 v5.0,NPDES Individual Permit
"<a href=""https://mienviro.michigan.gov/ncore/downloadpdf/3033334029711207746"">Link</a>",DMR Summary - MI0020257 _10_01_2014_to_09_30_2015_V1.docx,DMR Summary Data for period 10/01/2014 - 09/30/2015_V1,Schedule - DMR Documents,10/30/2015 14:06,3.03333E+18,WRD - NPDES,Permit,MI0020257 v5.0,NPDES Individual Permit
"<a href=""https://mienviro.michigan.gov/ncore/downloadpdf/3772272341703184968"">Link</a>",2A6-E7TC-JQKM1.pdf v1,,Misc. Application and Request Docs,10/30/2015 0:00,3.77227E+18,WRD - NPDES,Application/Request,2A6-E7TC-JQKM,Schedule - Biosolids Annual Report
"<a href=""https://mienviro.michigan.gov/ncore/downloadpdf/5720021817529393512"">Link</a>",DMR Summary - MI0020257 _09_01_2015_to_09_30_2015_V1.docx,DMR Summary Data for period 09/01/2015 - 09/30/2015_V1,Schedule - DMR Documents,10/20/2015 14:27,5.72002E+18,WRD - NPDES,Permit,MI0020257 v5.0,NPDES Individual Permit
"<a href=""https://mienviro.michigan.gov/ncore/downloadpdf/1246990738065777350"">Link</a>",DMR Daily - MI0020257 _09_01_2015_to_09_30_2015_V1.docx,DMR Daily Data for period 09/01/2015 - 09/30/2015_V1,Schedule - DMR Documents,10/20/2015 14:27,1.24699E+18,WRD - NPDES,Permit,MI0020257 v5.0,NPDES Individual Permit
"<a href=""https://mienviro.michigan.gov/ncore/downloadpdf/7718544574668863958"">Link</a>",Cadillac Mod Basis for Decision Memo.doc,,NPDES Individual Permit,9/30/2015 12:08,7.71854E+18,WRD - NPDES,Permit,MI0020257 v5.1,NPDES Individual Permit
"<a href=""https://mienviro.michigan.gov/ncore/downloadpdf/2634479280526975746"">Link</a>",Cadillac Mod Public Notice Document.doc,,NPDES Individual Permit,9/29/2015 10:50,2.63448E+18,WRD - NPDES,Permit,MI0020257 v5.1,NPDES Individual Permit
"<a href=""https://mienviro.michigan.gov/ncore/downloadpdf/-264868687133678095"">Link</a>",Cadillac WWTP CCH Petition.pdf,,NPDES Individual Permit,9/29/2015 10:45,-2.64869E+17,WRD - NPDES,Permit,MI0020257 v5.1,NPDES Individual Permit
"<a href=""https://mienviro.michigan.gov/ncore/downloadpdf/5114320877368267073"">Link</a>",DMR Daily - MI0020257 _08_01_2015_to_08_31_2015_V1.docx,DMR Daily Data for period 08/01/2015 - 08/31/2015_V1,Schedule - DMR Documents,9/18/2015 15:58,5.11432E+18,WRD - NPDES,Permit,MI0020257 v5.0,NPDES Individual Permit
"<a href=""https://mienviro.michigan.gov/ncore/downloadpdf/1158228285416033370"">Link</a>",DMR Summary - MI0020257 _08_01_2015_to_08_31_2015_V1.docx,DMR Summary Data for period 08/01/2015 - 08/31/2015_V1,Schedule - DMR Documents,9/18/2015 15:58,1.15823E+18,WRD - NPDES,Permit,MI0020257 v5.0,NPDES Individual Permit
"<a href=""https://mienviro.michigan.gov/ncore/downloadpdf/2280799879135776031"">Link</a>",DMR Daily - MI0020257 _07_01_2015_to_07_31_2015_V1.docx,DMR Daily Data for period 07/01/2015 - 07/31/2015_V1,Schedule - DMR Documents,8/28/2015 15:46,2.2808E+18,WRD - NPDES,Permit,MI0020257 v5.0,NPDES Individual Permit
"<a href=""https://mienviro.michigan.gov/ncore/downloadpdf/-1721928645533378386"">Link</a>",DMR Summary - MI0020257 _07_01_2015_to_07_31_2015_V1.docx,DMR Summary Data for period 07/01/2015 - 07/31/2015_V1,Schedule - DMR Documents,8/28/2015 15:46,-1.72193E+18,WRD - NPDES,Permit,MI0020257 v5.0,NPDES Individual Permit
"<a href=""https://mienviro.michigan.gov/ncore/downloadpdf/1276091315669172082"">Link</a>",2015_0805_Cadillac WWTP_DMR QA-35.pdf,District Scanned,NPDES Misc. Site Docs,8/5/2015 0:00,1.27609E+18,n/a,Site,15637,Site
"<a href=""https://mienviro.michigan.gov/ncore/downloadpdf/-8459938767715139506"">Link</a>",Fact Sheet.doc,Fact Sheet,Conversion - Permit,7/8/2015 0:00,-8.45994E+18,WRD - NPDES,Permit,MI0020257 v5.1,NPDES Individual Permit
"<a href=""https://mienviro.michigan.gov/ncore/downloadpdf/-4772097310601120319"">Link</a>",Gen'l Inspection Transmittal.doc,Gen'l Inspection Transmittal,Conversion - Eval,6/25/2015 0:00,-4.7721E+18,WRD - NPDES,Evaluation,E-91D5-97-E7D2,Pretreatment Compliance Inspection (05/14/2015)
"<a href=""https://mienviro.michigan.gov/ncore/downloadpdf/2151347118259606317"">Link</a>",IU Form 2.pdf,,Conversion - Application / Request,6/15/2015 14:17,2.15135E+18,WRD - NPDES,Evaluation,E-91D5-97-E7D2,Pretreatment Compliance Inspection (05/14/2015)
"<a href=""https://mienviro.michigan.gov/ncore/downloadpdf/2395269267701377445"">Link</a>",IU Form 1.pdf,,Conversion - Application / Request,6/15/2015 14:17,2.39527E+18,WRD - NPDES,Evaluation,E-91D5-97-E7D2,Pretreatment Compliance Inspection (05/14/2015)
"<a href=""https://mienviro.michigan.gov/ncore/downloadpdf/-7233250038345395334"">Link</a>",IPP Profile.pdf,,Conversion - Application / Request,6/15/2015 14:17,-7.23325E+18,WRD - NPDES,Evaluation,E-91D5-97-E7D2,Pretreatment Compliance Inspection (05/14/2015)
"<a href=""https://mienviro.michigan.gov/ncore/downloadpdf/-2886740339491395619"">Link</a>",Interview Julie Notes.pdf,,Conversion - Application / Request,6/15/2015 14:16,-2.88674E+18,WRD - NPDES,Evaluation,E-91D5-97-E7D2,Pretreatment Compliance Inspection (05/14/2015)
"<a href=""https://mienviro.michigan.gov/ncore/downloadpdf/-3501506775905898877"">Link</a>",Interview Jill Notes.pdf,,Conversion - Application / Request,6/15/2015 14:16,-3.50151E+18,WRD - NPDES,Evaluation,E-91D5-97-E7D2,Pretreatment Compliance Inspection (05/14/2015)
"<a href=""https://mienviro.michigan.gov/ncore/downloadpdf/-3430155575482837490"">Link</a>",Pre-Inspection Report.doc,Pre-Inspection Report,Conversion - Eval,5/13/2015 0:00,-3.43016E+18,WRD - NPDES,Evaluation,E-91D5-97-E7D2,Pretreatment Compliance Inspection (05/14/2015)
"<a href=""https://mienviro.michigan.gov/ncore/downloadpdf/1797615431681061467"">Link</a>",2015_0331_Cadillac WWTP_2014 MMP Yearly Status Report.pdf,District Scanned,NPDES Misc. Site Docs,3/31/2015 0:00,1.79762E+18,n/a,Site,15637,Site
"<a href=""https://mienviro.michigan.gov/ncore/downloadpdf/44608516278427039"">Link</a>",Fecal Coliform Results.pdf,,Conversion - Application / Request,11/26/2014 12:06,4.46085E+16,WRD - NPDES,Evaluation,E-832F-E9-D657,NPDES CSI-Toxics (10/14/2014)
"<a href=""https://mienviro.michigan.gov/ncore/downloadpdf/274553011904573053"">Link</a>",CBOD5 Results.pdf,,Conversion - Application / Request,11/26/2014 12:06,2.74553E+17,WRD - NPDES,Evaluation,E-832F-E9-D657,NPDES CSI-Toxics (10/14/2014)
"<a href=""https://mienviro.michigan.gov/ncore/downloadpdf/-3695442185476720674"">Link</a>",available cyanide.pdf,,Conversion - Application / Request,11/26/2014 12:06,-3.69544E+18,WRD - NPDES,Evaluation,E-832F-E9-D657,NPDES CSI-Toxics (10/14/2014)
"<a href=""https://mienviro.michigan.gov/ncore/downloadpdf/-1099212723337640688"">Link</a>",1410104_1 ENVReport 10 30 2014 1323.pdf,,Conversion - Application / Request,11/26/2014 12:04,-1.09921E+18,WRD - NPDES,Evaluation,E-832F-E9-D657,NPDES CSI-Toxics (10/14/2014)
"<a href=""https://mienviro.michigan.gov/ncore/downloadpdf/-56918685861159494"">Link</a>",201411261120.pdf,Cadillac WWTP Inspection Complete Checklist Inspection ID 56545,Conversion - Application / Request,11/26/2014 11:28,-5.69187E+16,WRD - NPDES,Evaluation,E-832F-E9-D657,NPDES CSI-Toxics (10/14/2014)
"<a href=""https://mienviro.michigan.gov/ncore/downloadpdf/-668421988306006771"">Link</a>",201411251653.pdf,DEQ Test Data Evaluation,Conversion - Application / Request,11/26/2014 11:04,-6.68422E+17,WRD - NPDES,Evaluation,E-832F-E9-D657,NPDES CSI-Toxics (10/14/2014)
"<a href=""https://mienviro.michigan.gov/ncore/downloadpdf/-4058762933703698175"">Link</a>",Cadillac WWTP1014.xls,CSI Report,Conversion - Application / Request,11/25/2014 14:42,-4.05876E+18,WRD - NPDES,Evaluation,E-832F-E9-D657,NPDES CSI-Toxics (10/14/2014)
"<a href=""https://mienviro.michigan.gov/ncore/downloadpdf/5870795035956810268"">Link</a>",2014_1022_Cadillac WWTP_Classification Letter.pdf,District Scanned,NPDES Misc. Site Docs,10/22/2014 0:00,5.8708E+18,n/a,Site,15637,Site
"<a href=""https://mienviro.michigan.gov/ncore/downloadpdf/5192314478678825187"">Link</a>",56545 Self Monitoring Records.pdf,,Conversion - Application / Request,10/21/2014 15:43,5.19231E+18,WRD - NPDES,Evaluation,E-832F-E9-D657,NPDES CSI-Toxics (10/14/2014)
"<a href=""https://mienviro.michigan.gov/ncore/downloadpdf/6099492185350595096"">Link</a>",56545 Sampling Procedures.pdf,,Conversion - Application / Request,10/21/2014 15:43,6.09949E+18,WRD - NPDES,Evaluation,E-832F-E9-D657,NPDES CSI-Toxics (10/14/2014)
"<a href=""https://mienviro.michigan.gov/ncore/downloadpdf/4833597761643264099"">Link</a>",56545 Pre-Inspection Report.pdf,,Conversion - Application / Request,10/21/2014 15:42,4.8336E+18,WRD - NPDES,Evaluation,E-832F-E9-D657,NPDES CSI-Toxics (10/14/2014)
"<a href=""https://mienviro.michigan.gov/ncore/downloadpdf/-4977324678545524248"">Link</a>",56545 Facility Site Review.pdf,,Conversion - Application / Request,10/21/2014 15:42,-4.97732E+18,WRD - NPDES,Evaluation,E-832F-E9-D657,NPDES CSI-Toxics (10/14/2014)
"<a href=""https://mienviro.michigan.gov/ncore/downloadpdf/-3847456507453624983"">Link</a>",56545 Analytical Methodology.pdf,,Conversion - Application / Request,10/21/2014 15:42,-3.84746E+18,WRD - NPDES,Evaluation,E-832F-E9-D657,NPDES CSI-Toxics (10/14/2014)
"<a href=""https://mienviro.michigan.gov/ncore/downloadpdf/-4079459079770278084"">Link</a>",Compliance Communication.doc,Compliance Communication,Conversion - Eval,10/21/2014 0:00,-4.07946E+18,WRD - NPDES,Evaluation,E-832F-E9-D657,NPDES CSI-Toxics (10/14/2014)
"<a href=""https://mienviro.michigan.gov/ncore/downloadpdf/-1554170949448187422"">Link</a>",Certified Operator Response Form.doc,Certified Operator Response Form,Conversion - SITE,10/20/2014 0:00,-1.55417E+18,n/a,Site,15637,Site
"<a href=""https://mienviro.michigan.gov/ncore/downloadpdf/3031965344754622253"">Link</a>",Basis for Decision Memo-Classification.doc,Basis for Decision Memo-Classification,Conversion - SITE,10/17/2014 0:00,3.03197E+18,n/a,Site,15637,Site
"<a href=""https://mienviro.michigan.gov/ncore/downloadpdf/6087030119021648324"">Link</a>",Pre-Inspection Report.doc,Pre-Inspection Report,Conversion - Eval,10/9/2014 0:00,6.08703E+18,WRD - NPDES,Evaluation,E-832F-E9-D657,NPDES CSI-Toxics (10/14/2014)
"<a href=""https://mienviro.michigan.gov/ncore/downloadpdf/6466431524347949415"">Link</a>",DEQ Test Data Evaluation Form.doc,DEQ Test Data Evaluation Form,Conversion - Eval,10/9/2014 0:00,6.46643E+18,WRD - NPDES,Evaluation,E-832F-E9-D657,NPDES CSI-Toxics (10/14/2014)
"<a href=""https://mienviro.michigan.gov/ncore/downloadpdf/6169276037386673226"">Link</a>",Cadillac surface application 2014-2.jpg,,Conversion - Application / Request,9/3/2014 14:57,6.16928E+18,WRD - NPDES,Evaluation,E-8B5C-16-97FE,Biosolids Site Inspection (08/14/2014)
"<a href=""https://mienviro.michigan.gov/ncore/downloadpdf/-5654449704836290694"">Link</a>",Cadillac surface application 2014.jpg,,Conversion - Application / Request,9/3/2014 14:56,-5.65445E+18,WRD - NPDES,Evaluation,E-8B5C-16-97FE,Biosolids Site Inspection (08/14/2014)
"<a href=""https://mienviro.michigan.gov/ncore/downloadpdf/2417529640713035099"">Link</a>",2014_0818_Cadillac WWTP_DMR QA-34.pdf,District Scanned,NPDES Misc. Site Docs,8/18/2014 0:00,2.41753E+18,n/a,Site,15637,Site
"<a href=""https://mienviro.michigan.gov/ncore/downloadpdf/8152724494912613868"">Link</a>",Sampling Field Sheet.doc,Sampling Field Sheet,Conversion - Eval,8/4/2014 0:00,8.15272E+18,WRD - NPDES,Evaluation,E-832F-E9-D657,NPDES CSI-Toxics (10/14/2014)
"<a href=""https://mienviro.michigan.gov/ncore/downloadpdf/396256187984330582"">Link</a>",RMP Modification Approval Letter-2014.pdf,Surface apply with conditions,NPDES Biosolids Site Docs,7/10/2014 0:00,3.96256E+17,n/a,Site,15637,Site
"<a href=""https://mienviro.michigan.gov/ncore/downloadpdf/1301191744469019931"">Link</a>",RMP Modification Request-July 2014.pdf,to Surface apply,NPDES Biosolids Site Docs,7/7/2014 8:10,1.30119E+18,n/a,Site,15637,Site
"<a href=""https://mienviro.michigan.gov/ncore/downloadpdf/8183547368058181207"">Link</a>",Cadillac PMP.pdf,,Conversion - Permit,3/31/2014 9:59,8.18355E+18,WRD - NPDES,Application/Request,ce_soc_detail-47836,Schedule - Pollutant Minimization Program (PMP) Annual Report
"<a href=""https://mienviro.michigan.gov/ncore/downloadpdf/8202189061190805836"">Link</a>",Compliance Communication.doc,Compliance Communication,Conversion - Eval,11/19/2013 0:00,8.20219E+18,WRD - NPDES,Evaluation,E-CF37-78-F1CD,NPDES Compliance Evaluation Inspection (CEI) (09/30/2013)
"<a href=""https://mienviro.michigan.gov/ncore/downloadpdf/-6131834195465596614"">Link</a>",Cadillac WWTP Draft Permit 9-25-13.pdf,With revised Asset Management Lang,Conversion - Compliance Action,11/13/2013 10:16,-6.13183E+18,WRD - NPDES,Permit,MI0020257 v5.0,NPDES Individual Permit
"<a href=""https://mienviro.michigan.gov/ncore/downloadpdf/423116088479995591"">Link</a>",Cadillac WWTP Email Response 9-25-13.pdf,,Conversion - Compliance Action,11/13/2013 10:15,4.23116E+17,WRD - NPDES,Permit,MI0020257 v5.0,NPDES Individual Permit
"<a href=""https://mienviro.michigan.gov/ncore/downloadpdf/-4137983880946955700"">Link</a>",Cadillac 9-19-13 Letter to Mike Bitondo.pdf,,Conversion - Compliance Action,11/13/2013 10:14,-4.13798E+18,WRD - NPDES,Permit,MI0020257 v5.0,NPDES Individual Permit
"<a href=""https://mienviro.michigan.gov/ncore/downloadpdf/330676165036433120"">Link</a>",Cadillac WWTP Cover Email 9-19-13.pdf,,Conversion - Compliance Action,11/13/2013 10:14,3.30676E+17,WRD - NPDES,Permit,MI0020257 v5.0,NPDES Individual Permit
"<a href=""https://mienviro.michigan.gov/ncore/downloadpdf/-8365213610442199787"">Link</a>",Cadillac WWTP Email Exchange 9-3-13.pdf,,Conversion - Compliance Action,11/13/2013 10:13,-8.36521E+18,WRD - NPDES,Permit,MI0020257 v5.0,NPDES Individual Permit
"<a href=""https://mienviro.michigan.gov/ncore/downloadpdf/-1880339282009717938"">Link</a>",Cadillac WWTP Emails about meeting 8-29-13.pdf,,Conversion - Compliance Action,11/13/2013 10:11,-1.88034E+18,WRD - NPDES,Permit,MI0020257 v5.0,NPDES Individual Permit
"<a href=""https://mienviro.michigan.gov/ncore/downloadpdf/8003362588879650113"">Link</a>",QA QC Report - Individual Permit.doc,QA QC Report - Individual Permit,Conversion - Permit,9/25/2013 0:00,8.00336E+18,WRD - NPDES,Permit,MI0020257 v5.0,NPDES Individual Permit
"<a href=""https://mienviro.michigan.gov/ncore/downloadpdf/3428788513576669470"">Link</a>",Pre-Inspection ReportLS.doc,Pre-Inspection ReportLS,Conversion - Eval,9/13/2013 0:00,3.42879E+18,WRD - NPDES,Evaluation,E-CF37-78-F1CD,NPDES Compliance Evaluation Inspection (CEI) (09/30/2013)
"<a href=""https://mienviro.michigan.gov/ncore/downloadpdf/357104448692010328"">Link</a>",AvailCyanide Recs.pdf,Revised Recommendation for Available Cyanide,Conversion - Compliance Action,9/4/2013 9:03,3.57104E+17,WRD - NPDES,Permit,MI0020257 v5.0,NPDES Individual Permit
"<a href=""https://mienviro.michigan.gov/ncore/downloadpdf/6362211730533153224"">Link</a>",Cadillac WWTP PN Notification Email.pdf,,Conversion - Compliance Action,8/20/2013 10:33,6.36221E+18,WRD - NPDES,Permit,MI0020257 v5.0,NPDES Individual Permit
"<a href=""https://mienviro.michigan.gov/ncore/downloadpdf/7362722464259672092"">Link</a>",Cadillac WWTP Public Notice Email.pdf,,Conversion - Compliance Action,8/16/2013 9:45,7.36272E+18,WRD - NPDES,Permit,MI0020257 v5.0,NPDES Individual Permit
"<a href=""https://mienviro.michigan.gov/ncore/downloadpdf/-7391325481454595778"">Link</a>",Cadillac WWTP Basis for Decision Memo.pdf,Version as public noticed,Conversion - Compliance Action,8/16/2013 9:19,-7.39133E+18,WRD - NPDES,Permit,MI0020257 v5.0,NPDES Individual Permit
"<a href=""https://mienviro.michigan.gov/ncore/downloadpdf/-3380254261609336174"">Link</a>",Cadillac WWTP Public Notice Draft Permit.pdf,,Conversion - Compliance Action,8/16/2013 9:19,-3.38025E+18,WRD - NPDES,Permit,MI0020257 v5.0,NPDES Individual Permit
"<a href=""https://mienviro.michigan.gov/ncore/downloadpdf/3731373716033583448"">Link</a>",Cadillac WWTP Response to Comments.pdf,,Conversion - Compliance Action,8/16/2013 8:52,3.73137E+18,WRD - NPDES,Permit,MI0020257 v5.0,NPDES Individual Permit
"<a href=""https://mienviro.michigan.gov/ncore/downloadpdf/-4130029830579911351"">Link</a>",Cadillac WWTP Response to Comments Email.pdf,,Conversion - Compliance Action,8/16/2013 8:51,-4.13003E+18,WRD - NPDES,Permit,MI0020257 v5.0,NPDES Individual Permit
"<a href=""https://mienviro.michigan.gov/ncore/downloadpdf/-2888412398541189349"">Link</a>",Cadillac WWTP PPN Email Exchange.pdf,,Conversion - Compliance Action,8/16/2013 8:51,-2.88841E+18,WRD - NPDES,Permit,MI0020257 v5.0,NPDES Individual Permit
"<a href=""https://mienviro.michigan.gov/ncore/downloadpdf/-8309188111481449431"">Link</a>",Cadillac WWTP PPN Email Exchange 2.pdf,,Conversion - Compliance Action,8/16/2013 8:51,-8.30919E+18,WRD - NPDES,Permit,MI0020257 v5.0,NPDES Individual Permit
"<a href=""https://mienviro.michigan.gov/ncore/downloadpdf/7119989374435100322"">Link</a>",MDEQ Draft NPDES Response from Cadillac.pdf,,Conversion - Compliance Action,8/16/2013 8:50,7.11999E+18,WRD - NPDES,Permit,MI0020257 v5.0,NPDES Individual Permit
"<a href=""https://mienviro.michigan.gov/ncore/downloadpdf/4017018463330352813"">Link</a>",Cadillac WWTP PPN Comments.pdf,,Conversion - Compliance Action,8/16/2013 8:49,4.01702E+18,WRD - NPDES,Permit,MI0020257 v5.0,NPDES Individual Permit
"<a href=""https://mienviro.michigan.gov/ncore/downloadpdf/-6015990787720855289"">Link</a>",Public Notice Notification.doc,Public Notice Notification,Conversion - Permit,8/16/2013 0:00,-6.01599E+18,WRD - NPDES,Permit,MI0020257 v5.0,NPDES Individual Permit
"<a href=""https://mienviro.michigan.gov/ncore/downloadpdf/1627519268423672263"">Link</a>",Public Notice Letter.doc,Public Notice Letter,Conversion - Permit,8/16/2013 0:00,1.62752E+18,WRD - NPDES,Permit,MI0020257 v5.0,NPDES Individual Permit
"<a href=""https://mienviro.michigan.gov/ncore/downloadpdf/4611196213415728235"">Link</a>",2013_0814_Cadillac WWTP_DMR QA-33.pdf,District Scanned,NPDES Misc. Site Docs,8/14/2013 0:00,4.6112E+18,n/a,Site,15637,Site
"<a href=""https://mienviro.michigan.gov/ncore/downloadpdf/-7691202997137362379"">Link</a>",CadillacWWTP_ToxicsFactSheet.pdf,Updated WQBEL Toxics Recommendations Fact Sheet,Conversion - Compliance Action,8/8/2013 13:21,-7.6912E+18,WRD - NPDES,Permit,MI0020257 v5.0,NPDES Individual Permit
"<a href=""https://mienviro.michigan.gov/ncore/downloadpdf/-5476792548719461782"">Link</a>",General Purpose Memo.doc,General Purpose Memo,Conversion - Permit,8/8/2013 0:00,-5.47679E+18,WRD - NPDES,Permit,MI0020257 v5.0,NPDES Individual Permit
"<a href=""https://mienviro.michigan.gov/ncore/downloadpdf/6433966495781532147"">Link</a>",Cadillac WWTP Draft Permit.pdf,PPN Permit,Conversion - Compliance Action,7/17/2013 14:13,6.43397E+18,WRD - NPDES,Permit,MI0020257 v5.0,NPDES Individual Permit
"<a href=""https://mienviro.michigan.gov/ncore/downloadpdf/691496640525586540"">Link</a>",Cadillac PPN Email.pdf,,Conversion - Compliance Action,7/17/2013 14:12,6.91497E+17,WRD - NPDES,Permit,MI0020257 v5.0,NPDES Individual Permit
"<a href=""https://mienviro.michigan.gov/ncore/downloadpdf/7597357992452969174"">Link</a>",Cadillac WWTP IPP 2011.pdf,,Conversion - Permit,6/7/2013 17:07,7.59736E+18,WRD - NPDES,Application/Request,ce_soc_detail-25458,Schedule - Michigan Industrial Pretreatment Program Annual Report
"<a href=""https://mienviro.michigan.gov/ncore/downloadpdf/4068333476844843234"">Link</a>",Issued Letter - Individual Permit.doc,Issued Letter - Individual Permit,Conversion - Permit,5/23/2013 0:00,4.06833E+18,WRD - NPDES,Permit,MI0020257 v5.0,NPDES Individual Permit
"<a href=""https://mienviro.michigan.gov/ncore/downloadpdf/2042187794808505003"">Link</a>",Public Notice Document.doc,Public Notice Document,Conversion - Permit,5/23/2013 0:00,2.04219E+18,WRD - NPDES,Permit,MI0020257 v5.0,NPDES Individual Permit
"<a href=""https://mienviro.michigan.gov/ncore/downloadpdf/-3570540961383078534"">Link</a>",Pre-Public Notice Letter.doc,Pre-Public Notice Letter,Conversion - Permit,5/23/2013 0:00,-3.57054E+18,WRD - NPDES,Permit,MI0020257 v5.0,NPDES Individual Permit
"<a href=""https://mienviro.michigan.gov/ncore/downloadpdf/6383819432886238526"">Link</a>",Basis for Decision Memo.doc,Basis for Decision Memo,Conversion - Permit,5/22/2013 0:00,6.38382E+18,WRD - NPDES,Permit,MI0020257 v5.0,NPDES Individual Permit
"<a href=""https://mienviro.michigan.gov/ncore/downloadpdf/103605179192073784"">Link</a>",Fact Sheet.doc,Fact Sheet,Conversion - Permit,5/21/2013 0:00,1.03605E+17,WRD - NPDES,Permit,MI0020257 v5.0,NPDES Individual Permit
"<a href=""https://mienviro.michigan.gov/ncore/downloadpdf/8273775742265584790"">Link</a>",Permit Template - Municipal.doc,Permit Template - Municipal,Conversion - Permit,5/20/2013 0:00,8.27378E+18,WRD - NPDES,Permit,MI0020257 v5.0,NPDES Individual Permit
"<a href=""https://mienviro.michigan.gov/ncore/downloadpdf/-4758370497540417923"">Link</a>",Application Compliance Comments.doc,Application Compliance Comments,Conversion - Permit,5/17/2013 0:00,-4.75837E+18,WRD - NPDES,Permit,MI0020257 v5.0,NPDES Individual Permit
"<a href=""https://mienviro.michigan.gov/ncore/downloadpdf/8407029926974047625"">Link</a>",CadillacWWTP_FS.pdf,WQBEL Toxics Recommendations Fact Sheet,Conversion - Compliance Action,5/2/2013 8:56,8.40703E+18,WRD - NPDES,Permit,MI0020257 v5.0,NPDES Individual Permit
"<a href=""https://mienviro.michigan.gov/ncore/downloadpdf/-8853155827505618463"">Link</a>",WQBEL Memo - Toxics.doc,WQBEL Memo - Toxics,Conversion - Permit,4/18/2013 0:00,-8.85316E+18,WRD - NPDES,Permit,MI0020257 v5.0,NPDES Individual Permit
"<a href=""https://mienviro.michigan.gov/ncore/downloadpdf/-750857842152552655"">Link</a>",Application Complete Checklist.doc,Application Complete Checklist,Conversion - Permit,3/9/2013 0:00,-7.50858E+17,WRD - NPDES,Permit,MI0020257 v5.0,NPDES Individual Permit
"<a href=""https://mienviro.michigan.gov/ncore/downloadpdf/-2587941060086653778"">Link</a>",WQBEL Memo - Conventionals.doc,WQBEL Memo - Conventionals,Conversion - Permit,11/9/2012 0:00,-2.58794E+18,WRD - NPDES,Permit,MI0020257 v5.0,NPDES Individual Permit
"<a href=""https://mienviro.michigan.gov/ncore/downloadpdf/-2140745704635662606"">Link</a>",2012_0817_Cadillac WWTP_DMR QA-32.pdf,District Scanned,NPDES Misc. Site Docs,8/17/2012 0:00,-2.14075E+18,n/a,Site,15637,Site
"<a href=""https://mienviro.michigan.gov/ncore/downloadpdf/2907549657209812738"">Link</a>",Cadillac WWTP NEC.pdf,,Conversion - Compliance Action,4/11/2012 15:43,2.90755E+18,WRD - NPDES,Permit,MI0020257 v5.0,NPDES Individual Permit
"<a href=""https://mienviro.michigan.gov/ncore/downloadpdf/4716295422139915510"">Link</a>",Cadillac WWTP Test Results.pdf,,Conversion - Compliance Action,3/26/2012 9:59,4.7163E+18,WRD - NPDES,Permit,MI0020257 v5.0,NPDES Individual Permit
"<a href=""https://mienviro.michigan.gov/ncore/downloadpdf/2606761043345214758"">Link</a>",Cadillac WWTP SIU Information.pdf,,Conversion - Compliance Action,3/26/2012 9:58,2.60676E+18,WRD - NPDES,Permit,MI0020257 v5.0,NPDES Individual Permit
"<a href=""https://mienviro.michigan.gov/ncore/downloadpdf/-605910068122278034"">Link</a>",Cadillac WWTP Septage Information.pdf,,Conversion - Compliance Action,3/26/2012 9:58,-6.0591E+17,WRD - NPDES,Permit,MI0020257 v5.0,NPDES Individual Permit
"<a href=""https://mienviro.michigan.gov/ncore/downloadpdf/-4772999631657362957"">Link</a>",Cadillac WWTP Mercury Tests.pdf,,Conversion - Compliance Action,3/26/2012 9:58,-4.773E+18,WRD - NPDES,Permit,MI0020257 v5.0,NPDES Individual Permit
"<a href=""https://mienviro.michigan.gov/ncore/downloadpdf/-2618602197135988934"">Link</a>",Cadillac WWTP Maps and Flow.pdf,,Conversion - Compliance Action,3/26/2012 9:58,-2.6186E+18,WRD - NPDES,Permit,MI0020257 v5.0,NPDES Individual Permit
"<a href=""https://mienviro.michigan.gov/ncore/downloadpdf/-6207937354821693834"">Link</a>",Cadillac WWTP Fish Toxicity Tests.pdf,,Conversion - Compliance Action,3/26/2012 9:58,-6.20794E+18,WRD - NPDES,Permit,MI0020257 v5.0,NPDES Individual Permit
"<a href=""https://mienviro.michigan.gov/ncore/downloadpdf/-7021570928602701902"">Link</a>",Cadillac WWTP Application.pdf,,Conversion - Compliance Action,3/26/2012 9:58,-7.02157E+18,WRD - NPDES,Permit,MI0020257 v5.0,NPDES Individual Permit
"<a href=""https://mienviro.michigan.gov/ncore/downloadpdf/-8849600511584876014"">Link</a>",Cadillac WWTP Must Apply Letter.pdf,,Conversion - SITE,1/18/2012 0:00,-8.8496E+18,n/a,Site,15637,Site
"<a href=""https://mienviro.michigan.gov/ncore/downloadpdf/9070706673294423682"">Link</a>",2011_0805_Cadillac WWTP_DMR QA-31.pdf,District Scanned,NPDES Misc. Site Docs,8/5/2011 0:00,9.07071E+18,n/a,Site,15637,Site
"<a href=""https://mienviro.michigan.gov/ncore/downloadpdf/6066649281144654349"">Link</a>",CA Cadillac WWTP IPP Annual Report 2010.pdf,,Conversion - Permit,4/29/2011 12:31,6.06665E+18,WRD - NPDES,Application/Request,ce_soc_detail-25457,Schedule - Michigan Industrial Pretreatment Program Annual Report
"<a href=""https://mienviro.michigan.gov/ncore/downloadpdf/8226216266026071417"">Link</a>",Cadillac WWTP 0111.xls,,Conversion - Application / Request,3/9/2011 11:27,8.22622E+18,WRD - NPDES,Evaluation,E-3F12-26-C65D,CSI-Conventionals Only (02/03/2011)
"<a href=""https://mienviro.michigan.gov/ncore/downloadpdf/1255616733456315107"">Link</a>",Follow-up Letter.doc,Follow-up Letter,Conversion - Eval,3/9/2011 0:00,1.25562E+18,WRD - NPDES,Evaluation,E-3F12-26-C65D,CSI-Conventionals Only (02/03/2011)
"<a href=""https://mienviro.michigan.gov/ncore/downloadpdf/-438405291240013169"">Link</a>",CadillacWWTP lab.PDF,,Conversion - Application / Request,2/15/2011 9:57,-4.38405E+17,WRD - NPDES,Evaluation,E-3F12-26-C65D,CSI-Conventionals Only (02/03/2011)
"<a href=""https://mienviro.michigan.gov/ncore/downloadpdf/-6709596324584446127"">Link</a>",DEQ-Laboratory Report-CDWWTP.txt,,Conversion - Application / Request,2/15/2011 9:56,-6.7096E+18,WRD - NPDES,Evaluation,E-3F12-26-C65D,CSI-Conventionals Only (02/03/2011)
"<a href=""https://mienviro.michigan.gov/ncore/downloadpdf/4014902657079641517"">Link</a>",Cadillac WWTP BOD.pdf,,Conversion - Application / Request,2/4/2011 14:50,4.0149E+18,WRD - NPDES,Evaluation,E-3F12-26-C65D,CSI-Conventionals Only (02/03/2011)
"<a href=""https://mienviro.michigan.gov/ncore/downloadpdf/6336071071605205117"">Link</a>",Cadillac WWTP BOD (2).pdf,,Conversion - Application / Request,2/4/2011 14:49,6.33607E+18,WRD - NPDES,Evaluation,E-3F12-26-C65D,CSI-Conventionals Only (02/03/2011)
"<a href=""https://mienviro.michigan.gov/ncore/downloadpdf/5999969830429433107"">Link</a>",Cadillac WWTP BOD (1).xls,,Conversion - Application / Request,2/4/2011 14:49,5.99997E+18,WRD - NPDES,Evaluation,E-3F12-26-C65D,CSI-Conventionals Only (02/03/2011)
"<a href=""https://mienviro.michigan.gov/ncore/downloadpdf/-2564720546653195197"">Link</a>",Sampling Field Sheet.doc,Sampling Field Sheet,Conversion - Eval,9/30/2010 0:00,-2.56472E+18,WRD - NPDES,Evaluation,E-3F12-26-C65D,CSI-Conventionals Only (02/03/2011)
"<a href=""https://mienviro.michigan.gov/ncore/downloadpdf/-6937581027589815058"">Link</a>",2010_0728_Cadillac WWTP_DMR QA-30.pdf,District Scanned,NPDES Misc. Site Docs,7/28/2010 0:00,-6.93758E+18,n/a,Site,15637,Site
"<a href=""https://mienviro.michigan.gov/ncore/downloadpdf/-6512945915928941001"">Link</a>",Post-Inspection Report.doc,Post-Inspection Report,Conversion - Eval,12/8/2009 0:00,-6.51295E+18,WRD - NPDES,Evaluation,E-277C-EE-6D3F,Industrial Pretreatment Prog Recon (11/19/2009)
"<a href=""https://mienviro.michigan.gov/ncore/downloadpdf/8032968133037444768"">Link</a>",Gen`l Inspection Transmittal.doc,Gen`l Inspection Transmittal,Conversion - Eval,12/7/2009 0:00,8.03297E+18,WRD - NPDES,Evaluation,E-DF86-FF-F62D,CSI-Conventionals Only (09/08/2009)
"<a href=""https://mienviro.michigan.gov/ncore/downloadpdf/-8331791724398417409"">Link</a>",CSI-Compliance Sampling Inspection-Sept 8 2009.pdf,"Evaluation by Garth Aslakson, sampling by Chris Little/Cindy Sneller",NPDES Misc. Site Docs,9/8/2009 0:00,-8.33179E+18,n/a,Site,15637,Site
"<a href=""https://mienviro.michigan.gov/ncore/downloadpdf/1949067031591264135"">Link</a>",cadillacdraftcomment.pdf,permittee comments on draft permit docs.,Conversion - Compliance Action,9/2/2008 9:57,1.94907E+18,WRD - NPDES,Permit,MI0020257 v4.0,NPDES Individual Permit
"<a href=""https://mienviro.michigan.gov/ncore/downloadpdf/-988542493944415643"">Link</a>",CadillacPNnotify.pdf,"pn notification to public, district office",Conversion - Compliance Action,9/2/2008 9:17,-9.88542E+17,WRD - NPDES,Permit,MI0020257 v4.0,NPDES Individual Permit
"<a href=""https://mienviro.michigan.gov/ncore/downloadpdf/-6257461356674121990"">Link</a>",CadillacPN.pdf,"Notice to permittee that PN must be posted, draft docs attached",Conversion - Compliance Action,9/2/2008 9:17,-6.25746E+18,WRD - NPDES,Permit,MI0020257 v4.0,NPDES Individual Permit
"<a href=""https://mienviro.michigan.gov/ncore/downloadpdf/5150751226545787752"">Link</a>",Issued Letter - Individual Permit.doc,Issued Letter - Individual Permit,Conversion - Permit,9/2/2008 0:00,5.15075E+18,WRD - NPDES,Permit,MI0020257 v4.0,NPDES Individual Permit
"<a href=""https://mienviro.michigan.gov/ncore/downloadpdf/479889237807114597"">Link</a>",QA QC Report - Individual Permit.doc,QA QC Report - Individual Permit,Conversion - Permit,9/2/2008 0:00,4.79889E+17,WRD - NPDES,Permit,MI0020257 v4.0,NPDES Individual Permit
"<a href=""https://mienviro.michigan.gov/ncore/downloadpdf/-6700268509685485462"">Link</a>",CadillacPermit.pdf,Public Notice Draft Permit,Conversion - Compliance Action,7/29/2008 9:45,-6.70027E+18,WRD - NPDES,Permit,MI0020257 v4.0,NPDES Individual Permit
"<a href=""https://mienviro.michigan.gov/ncore/downloadpdf/-1841176088073297244"">Link</a>",Gen'l Inspection Transmittal.doc,Gen'l Inspection Transmittal,Conversion - Eval,7/28/2008 0:00,-1.84118E+18,WRD - NPDES,Evaluation,E-6466-D8-4C85,Biosolids Site Inspection (07/01/2008)
"<a href=""https://mienviro.michigan.gov/ncore/downloadpdf/7540387265222873387"">Link</a>",Basis for Decision Memo.doc,Basis for Decision Memo,Conversion - Permit,6/17/2008 0:00,7.54039E+18,WRD - NPDES,Permit,MI0020257 v4.0,NPDES Individual Permit
"<a href=""https://mienviro.michigan.gov/ncore/downloadpdf/7417409671612539305"">Link</a>",Public Notice Letter.doc,Public Notice Letter,Conversion - Permit,6/10/2008 0:00,7.41741E+18,WRD - NPDES,Permit,MI0020257 v4.0,NPDES Individual Permit
"<a href=""https://mienviro.michigan.gov/ncore/downloadpdf/-1618494284505799228"">Link</a>",draftcommentresp2.pdf,response to comments regarding toxicity requirements in draft permit.,Conversion - Compliance Action,6/9/2008 15:54,-1.61849E+18,WRD - NPDES,Permit,MI0020257 v4.0,NPDES Individual Permit
"<a href=""https://mienviro.michigan.gov/ncore/downloadpdf/-7779154225304618054"">Link</a>",comrespcadillac1.pdf,draft permit comment response on conventionals,Conversion - Compliance Action,6/3/2008 9:42,-7.77915E+18,WRD - NPDES,Permit,MI0020257 v4.0,NPDES Individual Permit
"<a href=""https://mienviro.michigan.gov/ncore/downloadpdf/-6199198975127218266"">Link</a>",WQBEL Memo - Toxics.doc,WQBEL Memo - Toxics,Conversion - Permit,5/19/2008 0:00,-6.1992E+18,WRD - NPDES,Permit,MI0020257 v4.0,NPDES Individual Permit
"<a href=""https://mienviro.michigan.gov/ncore/downloadpdf/4580311629365553624"">Link</a>",CadillacPPNletter.pdf,,Conversion - Compliance Action,4/23/2008 15:33,4.58031E+18,WRD - NPDES,Permit,MI0020257 v4.0,NPDES Individual Permit
"<a href=""https://mienviro.michigan.gov/ncore/downloadpdf/4797299722008638068"">Link</a>",Public Notice Notification.doc,Public Notice Notification,Conversion - Permit,4/17/2008 0:00,4.7973E+18,WRD - NPDES,Permit,MI0020257 v4.0,NPDES Individual Permit
"<a href=""https://mienviro.michigan.gov/ncore/downloadpdf/1211510669909064166"">Link</a>",Pre-Public Notice Letter.doc,Pre-Public Notice Letter,Conversion - Permit,4/17/2008 0:00,1.21151E+18,WRD - NPDES,Permit,MI0020257 v4.0,NPDES Individual Permit
"<a href=""https://mienviro.michigan.gov/ncore/downloadpdf/-3137661427860264907"">Link</a>",Public Notice Document.doc,Public Notice Document,Conversion - Permit,4/16/2008 0:00,-3.13766E+18,WRD - NPDES,Permit,MI0020257 v4.0,NPDES Individual Permit
"<a href=""https://mienviro.michigan.gov/ncore/downloadpdf/5779833471732764532"">Link</a>",Cadillac WWTP - WQBEL follow-up.pdf,Revised Toxics WQBEL recommendations.,Conversion - Compliance Action,4/14/2008 15:30,5.77983E+18,WRD - NPDES,Permit,MI0020257 v4.0,NPDES Individual Permit
"<a href=""https://mienviro.michigan.gov/ncore/downloadpdf/5346909715294226796"">Link</a>",Permit Template - Municipal.doc,Permit Template - Municipal,Conversion - Permit,4/8/2008 0:00,5.34691E+18,WRD - NPDES,Permit,MI0020257 v4.0,NPDES Individual Permit
"<a href=""https://mienviro.michigan.gov/ncore/downloadpdf/2140504227248371865"">Link</a>",Fact Sheet.doc,Fact Sheet,Conversion - Permit,4/8/2008 0:00,2.1405E+18,WRD - NPDES,Permit,MI0020257 v4.0,NPDES Individual Permit
"<a href=""https://mienviro.michigan.gov/ncore/downloadpdf/7322245222130679152"">Link</a>",Application Processing Checklist (IP&COC).doc,Application Processing Checklist (IP&COC),Conversion - Permit,4/8/2008 0:00,7.32225E+18,WRD - NPDES,Permit,MI0020257 v4.0,NPDES Individual Permit
"<a href=""https://mienviro.michigan.gov/ncore/downloadpdf/-286506577896440097"">Link</a>",WQBEL Memo - Conventionals.doc,WQBEL Memo - Conventionals,Conversion - Permit,1/31/2008 0:00,-2.86507E+17,WRD - NPDES,Permit,MI0020257 v4.0,NPDES Individual Permit
"<a href=""https://mienviro.michigan.gov/ncore/downloadpdf/-2460779547595744410"">Link</a>",WQBEL Memo - Toxics.doc,WQBEL Memo - Toxics,Conversion - Permit,12/27/2007 0:00,-2.46078E+18,WRD - NPDES,Permit,MI0020257 v4.0,NPDES Individual Permit
"<a href=""https://mienviro.michigan.gov/ncore/downloadpdf/-3635890049375617867"">Link</a>",Gen'l Inspection Transmittal.doc,Gen'l Inspection Transmittal,Conversion - Eval,8/21/2007 0:00,-3.63589E+18,WRD - NPDES,Evaluation,E-D92A-E1-AF69,Biosolids Audit (08/07/2007)
"<a href=""https://mienviro.michigan.gov/ncore/downloadpdf/-3361843393223808956"">Link</a>",WQBEL Cadillac WWTP 6-7-07.pdf,Local limits WQBELs.,Industrial Pretreatment Program (IPP),6/7/2007 0:00,-3.36184E+18,n/a,Site,15637,Site
"<a href=""https://mienviro.michigan.gov/ncore/downloadpdf/6047754964986783845"">Link</a>",NPDES Application Scheduling Sheet.doc,NPDES Application Scheduling Sheet,Conversion - Permit,4/12/2007 0:00,6.04775E+18,WRD - NPDES,Permit,MI0020257 v4.0,NPDES Individual Permit
"<a href=""https://mienviro.michigan.gov/ncore/downloadpdf/-2638314589342291496"">Link</a>",Cadillac WWTP Test Results.pdf.pdf,,Conversion - Compliance Action,4/3/2007 13:35,-2.63831E+18,WRD - NPDES,Permit,MI0020257 v4.0,NPDES Individual Permit
"<a href=""https://mienviro.michigan.gov/ncore/downloadpdf/8342645995912916360"">Link</a>",Cadillac WWTP Map & Flow.pdf.pdf,,Conversion - Compliance Action,4/3/2007 13:35,8.34265E+18,WRD - NPDES,Permit,MI0020257 v4.0,NPDES Individual Permit
"<a href=""https://mienviro.michigan.gov/ncore/downloadpdf/2613298341466559429"">Link</a>",Cadillac WWTP App 3-29-07.pdf.pdf,,Conversion - Compliance Action,4/3/2007 13:35,2.6133E+18,WRD - NPDES,Permit,MI0020257 v4.0,NPDES Individual Permit
"<a href=""https://mienviro.michigan.gov/ncore/downloadpdf/-2071898089887156795"">Link</a>",Sampling Field Sheet.doc,Sampling Field Sheet,Conversion - Eval,3/12/2007 0:00,-2.0719E+18,WRD - NPDES,Evaluation,E-88CF-3B-BCA3,CSI-Conventionals Only (05/07/2007)
"<a href=""https://mienviro.michigan.gov/ncore/downloadpdf/4426988050942605827"">Link</a>",Issued Letter - Individual Permit.doc,Issued Letter - Individual Permit,Conversion - Permit,6/14/2004 0:00,4.42699E+18,WRD - NPDES,Permit,MI0020257 v3.1,NPDES Individual Permit
"<a href=""https://mienviro.michigan.gov/ncore/downloadpdf/5231774850693176230"">Link</a>",Decisionmaker Memo.doc,Decisionmaker Memo,Conversion - Permit,6/14/2004 0:00,5.23177E+18,WRD - NPDES,Permit,MI0020257 v3.1,NPDES Individual Permit
"<a href=""https://mienviro.michigan.gov/ncore/downloadpdf/5305062273087262341"">Link</a>",Basis For Decision Memo.doc,Basis For Decision Memo,Conversion - Permit,6/14/2004 0:00,5.30506E+18,WRD - NPDES,Permit,MI0020257 v3.1,NPDES Individual Permit
"<a href=""https://mienviro.michigan.gov/ncore/downloadpdf/-430592877104263178"">Link</a>",Permit Template - Municipal.doc,Permit Template - Municipal,Conversion - Permit,6/14/2004 0:00,-4.30593E+17,WRD - NPDES,Permit,MI0020257 v3.1,NPDES Individual Permit
"<a href=""https://mienviro.michigan.gov/ncore/downloadpdf/-249427931612365085"">Link</a>",Gen Inspection Transmittal Ltr.doc,Gen Inspection Transmittal Ltr,Conversion - Eval,6/1/2004 0:00,-2.49428E+17,WRD - NPDES,Evaluation,E-C4AD-18-3354,Compliance Evaluation Inspection (CEI) (05/28/2004)
"<a href=""https://mienviro.michigan.gov/ncore/downloadpdf/-1143590744613461441"">Link</a>",Cadillac 2003 BAR.pdf,FY 2003 Biosolids Annual Report,NPDES Biosolids Site Docs,10/30/2003 14:05,-1.14359E+18,n/a,Site,15637,Site
"<a href=""https://mienviro.michigan.gov/ncore/downloadpdf/9192066128657787200"">Link</a>",Issued Letter - Individual Permit.doc,Issued Letter - Individual Permit,Conversion - Permit,9/29/2003 0:00,9.19207E+18,WRD - NPDES,Permit,MI0020257 v3.0,NPDES Individual Permit
"<a href=""https://mienviro.michigan.gov/ncore/downloadpdf/8023590671769451941"">Link</a>",General Purpose Letter.doc,General Purpose Letter,Conversion - Permit,7/23/2003 0:00,8.02359E+18,WRD - NPDES,Permit,MI0020257 v3.0,NPDES Individual Permit
"<a href=""https://mienviro.michigan.gov/ncore/downloadpdf/7226992711424202817"">Link</a>",Public Notice Document.doc,Public Notice Document,Conversion - Permit,4/14/2003 0:00,7.22699E+18,WRD - NPDES,Permit,MI0020257 v3.0,NPDES Individual Permit
"<a href=""https://mienviro.michigan.gov/ncore/downloadpdf/6618692253157117034"">Link</a>",Decisionmaker Memo.doc,Decisionmaker Memo,Conversion - Permit,4/14/2003 0:00,6.61869E+18,WRD - NPDES,Permit,MI0020257 v3.0,NPDES Individual Permit
"<a href=""https://mienviro.michigan.gov/ncore/downloadpdf/6434387377316718903"">Link</a>",Permit Processing Checklist.doc,Permit Processing Checklist,Conversion - Permit,4/14/2003 0:00,6.43439E+18,WRD - NPDES,Permit,MI0020257 v3.0,NPDES Individual Permit
"<a href=""https://mienviro.michigan.gov/ncore/downloadpdf/4341599168733408546"">Link</a>",Basis For Decision Memo.doc,Basis For Decision Memo,Conversion - Permit,4/14/2003 0:00,4.3416E+18,WRD - NPDES,Permit,MI0020257 v3.0,NPDES Individual Permit
"<a href=""https://mienviro.michigan.gov/ncore/downloadpdf/487609006770706385"">Link</a>",Permit Template - Municipal.doc,Permit Template - Municipal,Conversion - Permit,4/14/2003 0:00,4.87609E+17,WRD - NPDES,Permit,MI0020257 v3.0,NPDES Individual Permit
"<a href=""https://mienviro.michigan.gov/ncore/downloadpdf/-5946232813757449641"">Link</a>",Pre-Public Notice Letter.doc,Pre-Public Notice Letter,Conversion - Permit,4/14/2003 0:00,-5.94623E+18,WRD - NPDES,Permit,MI0020257 v3.0,NPDES Individual Permit
"<a href=""https://mienviro.michigan.gov/ncore/downloadpdf/1724774635168238680"">Link</a>",Fact Sheet for IP.doc,Fact Sheet for IP,Conversion - Permit,4/14/2003 0:00,1.72477E+18,WRD - NPDES,Permit,MI0020257 v3.0,NPDES Individual Permit
"<a href=""https://mienviro.michigan.gov/ncore/downloadpdf/2172340051359406316"">Link</a>",Application Tranmittal Memo.doc,Application Tranmittal Memo,Conversion - Permit,7/30/2002 0:00,2.17234E+18,WRD - NPDES,Permit,MI0020257 v3.0,NPDES Individual Permit
"<a href=""https://mienviro.michigan.gov/ncore/downloadpdf/-2717646625088796719"">Link</a>",RMP Approval Letter-2002.pdf,,Misc Site Docs,5/6/2002 0:00,-2.71765E+18,n/a,Site,15637,Site
"<a href=""https://mienviro.michigan.gov/ncore/downloadpdf/-7819705666094462823"">Link</a>",FY00 RMP Application.pdf,,Misc Site Docs,7/26/2000 8:08,-7.81971E+18,n/a,Site,15637,Site
"<a href=""https://mienviro.michigan.gov/ncore/downloadpdf/430972511194369448"">Link</a>",FY00 RMP Application - Appendices and Instr.pdf,,Misc Site Docs,7/26/2000 8:08,4.30973E+17,n/a,Site,15637,Site
