file,path,size,sha256,is_pdf_magic,pages,text_chars,pages_with_text,pages_without_text,error
2011-02-04__4014902657079641517__Cadillac WWTP BOD.pdf.pdf,F:\WWTP DOCUMENT DIVE\Cadillac_MiEnviro_2011-2026\documents\2011-02-04__4014902657079641517__Cadillac WWTP BOD.pdf.pdf,8441,23d3fb7e6af79a17ba6d4bd51bd5f0650b973e387f2ed1f845a813fdcf1d64b6,True,1,1406,1,0,
2011-02-04__5999969830429433107__Cadillac WWTP BOD (1).xls.pdf,F:\WWTP DOCUMENT DIVE\Cadillac_MiEnviro_2011-2026\documents\2011-02-04__5999969830429433107__Cadillac WWTP BOD (1).xls.pdf,15951,d9ecb425510f04de6ebf07223eeec592a668cdaf4b3e6df04c1e012c8d772c2a,True,3,418,3,0,
2011-02-04__6336071071605205117__Cadillac WWTP BOD (2).pdf.pdf,F:\WWTP DOCUMENT DIVE\Cadillac_MiEnviro_2011-2026\documents\2011-02-04__6336071071605205117__Cadillac WWTP BOD (2).pdf.pdf,1451722,4ada18560a14d6107b8a0882a2498eb91e135ae58a8b90b332e1c7689f108951,True,8,4055,5,3,
2011-02-15__-438405291240013169__CadillacWWTP lab.PDF.pdf,F:\WWTP DOCUMENT DIVE\Cadillac_MiEnviro_2011-2026\documents\2011-02-15__-438405291240013169__CadillacWWTP lab.PDF.pdf,81211,8842b563d6b3b62cf5bbce8eebfe0f0248857a5ce02ac4c8a2d6f38b6f6381de,True,3,6578,3,0,
2011-02-15__-6709596324584446127__DEQ-Laboratory Report-CDWWTP.txt.pdf,F:\WWTP DOCUMENT DIVE\Cadillac_MiEnviro_2011-2026\documents\2011-02-15__-6709596324584446127__DEQ-Laboratory Report-CDWWTP.txt.pdf,14707,722e1d06bc13463abd8ab2294d302df8b64ad6d91c0269d5eccacefb6a907a86,True,1,960,1,0,
2011-03-09__1255616733456315107__Follow-up Letter.doc.pdf,F:\WWTP DOCUMENT DIVE\Cadillac_MiEnviro_2011-2026\documents\2011-03-09__1255616733456315107__Follow-up Letter.doc.pdf,77915,f5d7b0e4f91422e8410eb399a462f950949c6be37a5527f5eea322c60c12f2f6,True,1,2324,1,0,
2011-03-09__8226216266026071417__Cadillac WWTP 0111.xls.pdf,F:\WWTP DOCUMENT DIVE\Cadillac_MiEnviro_2011-2026\documents\2011-03-09__8226216266026071417__Cadillac WWTP 0111.xls.pdf,101025,ec89fa125ec115fc6c834eb87f47a05c423d39e367fba01d1f20afb49bc2e04e,True,9,6597,8,1,
2011-04-29__6066649281144654349__CA Cadillac WWTP IPP Annual Report 2010.pdf.pdf,F:\WWTP DOCUMENT DIVE\Cadillac_MiEnviro_2011-2026\documents\2011-04-29__6066649281144654349__CA Cadillac WWTP IPP Annual Report 2010.pdf.pdf,2711745,17b0693232f3a7a14cafbb4a97819d119143fc4ca58436c89824a1a01b6b04e1,True,44,0,0,44,
2011-08-05__9070706673294423682__2011_0805_Cadillac WWTP_DMR QA-31.pdf.pdf,F:\WWTP DOCUMENT DIVE\Cadillac_MiEnviro_2011-2026\documents\2011-08-05__9070706673294423682__2011_0805_Cadillac WWTP_DMR QA-31.pdf.pdf,1093260,a5901abb04e2a765f74e83ec7ea53c7a3b391a8bf1dc0556da3f9c3f40039a60,True,24,0,0,24,
2012-01-18__-8849600511584876014__Cadillac WWTP Must Apply Letter.pdf.pdf,F:\WWTP DOCUMENT DIVE\Cadillac_MiEnviro_2011-2026\documents\2012-01-18__-8849600511584876014__Cadillac WWTP Must Apply Letter.pdf.pdf,69853,7569ec8ae87d50dee24699d9db6e62e4d8d2d21a9a58a5fe4e492aeeb098ec30,True,1,0,0,1,
2012-03-26__-2618602197135988934__Cadillac WWTP Maps and Flow.pdf.pdf,F:\WWTP DOCUMENT DIVE\Cadillac_MiEnviro_2011-2026\documents\2012-03-26__-2618602197135988934__Cadillac WWTP Maps and Flow.pdf.pdf,846280,54ae24b7e6c0f7e5b4f317b358ef487df1801b2930dd300c85a09af28d904651,True,5,0,0,5,
2012-03-26__-4772999631657362957__Cadillac WWTP Mercury Tests.pdf.pdf,F:\WWTP DOCUMENT DIVE\Cadillac_MiEnviro_2011-2026\documents\2012-03-26__-4772999631657362957__Cadillac WWTP Mercury Tests.pdf.pdf,706291,4f2b2efb5ea09f54a548131d0415de1f6f208284ef9582708e480342b5011977,True,12,0,0,12,
2012-03-26__-605910068122278034__Cadillac WWTP Septage Information.pdf.pdf,F:\WWTP DOCUMENT DIVE\Cadillac_MiEnviro_2011-2026\documents\2012-03-26__-605910068122278034__Cadillac WWTP Septage Information.pdf.pdf,948370,760656b79f1f4e150bc02ea7de18ba062ed4898461513cea98d059031b163b51,True,16,0,0,16,
2012-03-26__-6207937354821693834__Cadillac WWTP Fish Toxicity Tests.pdf.pdf,F:\WWTP DOCUMENT DIVE\Cadillac_MiEnviro_2011-2026\documents\2012-03-26__-6207937354821693834__Cadillac WWTP Fish Toxicity Tests.pdf.pdf,985996,2a5e3726b488037723dcddc41c4a97d7e706fef604053ede27f5d82c976868c0,True,18,0,0,18,
2012-03-26__-7021570928602701902__Cadillac WWTP Application.pdf.pdf,F:\WWTP DOCUMENT DIVE\Cadillac_MiEnviro_2011-2026\documents\2012-03-26__-7021570928602701902__Cadillac WWTP Application.pdf.pdf,1139694,28cb3d356292e14a94408479230900bab0e3cf46d529981b22f1b64a1f0b46d4,True,15,0,0,15,
2012-03-26__2606761043345214758__Cadillac WWTP SIU Information.pdf.pdf,F:\WWTP DOCUMENT DIVE\Cadillac_MiEnviro_2011-2026\documents\2012-03-26__2606761043345214758__Cadillac WWTP SIU Information.pdf.pdf,498131,4e9a0cdf01891e70d6ba197d3ed3a96d1949ca777ff58e7a0cd26818ff307846,True,11,0,0,11,
2012-03-26__4716295422139915510__Cadillac WWTP Test Results.pdf.pdf,F:\WWTP DOCUMENT DIVE\Cadillac_MiEnviro_2011-2026\documents\2012-03-26__4716295422139915510__Cadillac WWTP Test Results.pdf.pdf,1908321,09e84279f368e33f840ccaa0aa476a90c42018fea996d0ce31054200c62ee9cb,True,25,0,0,25,
2012-04-11__2907549657209812738__Cadillac WWTP NEC.pdf.pdf,F:\WWTP DOCUMENT DIVE\Cadillac_MiEnviro_2011-2026\documents\2012-04-11__2907549657209812738__Cadillac WWTP NEC.pdf.pdf,144025,f91bc1d16ef317f63e4cc5171be940e63db4995da8ea56d1e7fd4c401a5a76a2,True,2,0,0,2,
2012-08-17__-2140745704635662606__2012_0817_Cadillac WWTP_DMR QA-32.pdf.pdf,F:\WWTP DOCUMENT DIVE\Cadillac_MiEnviro_2011-2026\documents\2012-08-17__-2140745704635662606__2012_0817_Cadillac WWTP_DMR QA-32.pdf.pdf,486036,080148d335509f04f7c17d3b300bde65d3337e936b63b3783ca47a2d3c4e5b16,True,11,0,0,11,
2012-11-09__-2587941060086653778__WQBEL Memo - Conventionals.doc.pdf,F:\WWTP DOCUMENT DIVE\Cadillac_MiEnviro_2011-2026\documents\2012-11-09__-2587941060086653778__WQBEL Memo - Conventionals.doc.pdf,57464,010e59bfec55326f2ba3a17123f954670730ab3332af3d09eee153951c6e5aa3,True,3,5350,3,0,
2013-03-09__-750857842152552655__Application Complete Checklist.doc.pdf,F:\WWTP DOCUMENT DIVE\Cadillac_MiEnviro_2011-2026\documents\2013-03-09__-750857842152552655__Application Complete Checklist.doc.pdf,94422,a8467842a68c4956397f1ee6a88e663a9cc0b83b25ccea27fe7d9dc3afb98153,True,2,4445,2,0,
2013-04-18__-8853155827505618463__WQBEL Memo - Toxics.doc.pdf,F:\WWTP DOCUMENT DIVE\Cadillac_MiEnviro_2011-2026\documents\2013-04-18__-8853155827505618463__WQBEL Memo - Toxics.doc.pdf,65700,2b0126ecff7a2c1c97c609baa1d7344905ae4ea6dd4b298a9b6c6f7d1e891ebd,True,3,8163,3,0,
2013-05-02__8407029926974047625__CadillacWWTP_FS.pdf.pdf,F:\WWTP DOCUMENT DIVE\Cadillac_MiEnviro_2011-2026\documents\2013-05-02__8407029926974047625__CadillacWWTP_FS.pdf.pdf,150653,7621bc53d1a129b74d1df6e7fddcc25b56a11e9bf9c0f5683dd08aca00b5a4d3,True,13,28467,13,0,
2013-05-17__-4758370497540417923__Application Compliance Comments.doc.pdf,F:\WWTP DOCUMENT DIVE\Cadillac_MiEnviro_2011-2026\documents\2013-05-17__-4758370497540417923__Application Compliance Comments.doc.pdf,77701,3357401135d7a3f3fab54349edb6eef19edb0d36bd79a82d4d7fe344104f99d4,True,1,2061,1,0,
2013-05-20__8273775742265584790__Permit Template - Municipal.doc.pdf,F:\WWTP DOCUMENT DIVE\Cadillac_MiEnviro_2011-2026\documents\2013-05-20__8273775742265584790__Permit Template - Municipal.doc.pdf,312646,138b35bfde0e9834bb8bc720af2a53b3746ef4b7ec8a39e599c378b7589388ec,True,30,94114,30,0,
2013-05-21__103605179192073784__Fact Sheet.doc.pdf,F:\WWTP DOCUMENT DIVE\Cadillac_MiEnviro_2011-2026\documents\2013-05-21__103605179192073784__Fact Sheet.doc.pdf,148677,8c90a77c94c4c47d904a0a76068fce14f071a6f27aaf4abb38476e6742711607,True,3,6211,3,0,
2013-05-22__6383819432886238526__Basis for Decision Memo.doc.pdf,F:\WWTP DOCUMENT DIVE\Cadillac_MiEnviro_2011-2026\documents\2013-05-22__6383819432886238526__Basis for Decision Memo.doc.pdf,93942,7c5d554fdfd836f1292052c6fbabeb370fbc4a1df7dcba6230e680eb56f949eb,True,3,3956,3,0,
2013-05-23__-3570540961383078534__Pre-Public Notice Letter.doc.pdf,F:\WWTP DOCUMENT DIVE\Cadillac_MiEnviro_2011-2026\documents\2013-05-23__-3570540961383078534__Pre-Public Notice Letter.doc.pdf,44515,fb21b621420c347113c279bd2b783f080187ab43c4a97d3c4c91d3c139a1e0e2,True,1,2059,1,0,
2013-05-23__2042187794808505003__Public Notice Document.doc.pdf,F:\WWTP DOCUMENT DIVE\Cadillac_MiEnviro_2011-2026\documents\2013-05-23__2042187794808505003__Public Notice Document.doc.pdf,47965,9c5eca55f50298a7b279e45f5a62f69511ee247c2c6e18b3cf83b6fae08a2011,True,1,2941,1,0,
2013-05-23__4068333476844843234__Issued Letter - Individual Permit.doc.pdf,F:\WWTP DOCUMENT DIVE\Cadillac_MiEnviro_2011-2026\documents\2013-05-23__4068333476844843234__Issued Letter - Individual Permit.doc.pdf,78229,dcdd5cb57f01a3bfb522851fe07ad9b023d671ba4e56319a2b6af6b6c272156d,True,2,2490,2,0,
2013-06-07__7597357992452969174__Cadillac WWTP IPP 2011.pdf.pdf,F:\WWTP DOCUMENT DIVE\Cadillac_MiEnviro_2011-2026\documents\2013-06-07__7597357992452969174__Cadillac WWTP IPP 2011.pdf.pdf,2936846,8191c7e18aac4f155de74b11e2233529db07192506e5b38ba238ae3e5a3a44fa,True,50,0,0,50,
2013-07-17__6433966495781532147__Cadillac WWTP Draft Permit.pdf.pdf,F:\WWTP DOCUMENT DIVE\Cadillac_MiEnviro_2011-2026\documents\2013-07-17__6433966495781532147__Cadillac WWTP Draft Permit.pdf.pdf,146258,eab262c18ad36bc98ad62f04e72d8b6a8e03a071e1e389a0bd685616a406316b,True,30,94719,30,0,
2013-07-17__691496640525586540__Cadillac PPN Email.pdf.pdf,F:\WWTP DOCUMENT DIVE\Cadillac_MiEnviro_2011-2026\documents\2013-07-17__691496640525586540__Cadillac PPN Email.pdf.pdf,24670,fc4cdee2334ed73e36faf276f8e77870c2bda256e084183cfd41565d87f66524,True,1,1932,1,0,
2013-08-08__-5476792548719461782__General Purpose Memo.doc.pdf,F:\WWTP DOCUMENT DIVE\Cadillac_MiEnviro_2011-2026\documents\2013-08-08__-5476792548719461782__General Purpose Memo.doc.pdf,72345,1c00611c5984fbfb5b78f07a7d3ab543ddb9578503ea224b693a9e2c540501e1,True,2,5496,2,0,
2013-08-08__-7691202997137362379__CadillacWWTP_ToxicsFactSheet.pdf.pdf,F:\WWTP DOCUMENT DIVE\Cadillac_MiEnviro_2011-2026\documents\2013-08-08__-7691202997137362379__CadillacWWTP_ToxicsFactSheet.pdf.pdf,155911,3be60aade3cc97cc96fd776c0ac50dda97783f9c6d4854e730af67e41f49a3af,True,14,34443,14,0,
2013-08-14__4611196213415728235__2013_0814_Cadillac WWTP_DMR QA-33.pdf.pdf,F:\WWTP DOCUMENT DIVE\Cadillac_MiEnviro_2011-2026\documents\2013-08-14__4611196213415728235__2013_0814_Cadillac WWTP_DMR QA-33.pdf.pdf,1370064,0020874aad97bf0707f845b3fcbfff7ccdc5aa55971ad8bb5eeb3d624359666d,True,33,0,0,33,
2013-08-16__-2888412398541189349__Cadillac WWTP PPN Email Exchange.pdf.pdf,F:\WWTP DOCUMENT DIVE\Cadillac_MiEnviro_2011-2026\documents\2013-08-16__-2888412398541189349__Cadillac WWTP PPN Email Exchange.pdf.pdf,57477,4d33f697af5efbc94546c6d885deed1f76d072bcb733e19e6e6da547f7ae793b,True,2,2673,2,0,
2013-08-16__-3380254261609336174__Cadillac WWTP Public Notice Draft Permit.pdf.pdf,F:\WWTP DOCUMENT DIVE\Cadillac_MiEnviro_2011-2026\documents\2013-08-16__-3380254261609336174__Cadillac WWTP Public Notice Draft Permit.pdf.pdf,146412,4fd7f7e6bc24156dcaac01539942d49b2b1743342f3eb417cfc48e34c619f81d,True,30,94966,30,0,
2013-08-16__-4130029830579911351__Cadillac WWTP Response to Comments Email.pdf.pdf,F:\WWTP DOCUMENT DIVE\Cadillac_MiEnviro_2011-2026\documents\2013-08-16__-4130029830579911351__Cadillac WWTP Response to Comments Email.pdf.pdf,55354,0c57d1accdb1e78f9070fd5669877a56b80c467ebf8bc63c1d29c4ec6040e731,True,2,2310,1,1,
2013-08-16__-6015990787720855289__Public Notice Notification.doc.pdf,F:\WWTP DOCUMENT DIVE\Cadillac_MiEnviro_2011-2026\documents\2013-08-16__-6015990787720855289__Public Notice Notification.doc.pdf,31009,aa589858856b1c543f0f84a48fa04789ff628f57bb165374d67efe4d28ee5294,True,1,799,1,0,
2013-08-16__-7391325481454595778__Cadillac WWTP Basis for Decision Memo.pdf.pdf,F:\WWTP DOCUMENT DIVE\Cadillac_MiEnviro_2011-2026\documents\2013-08-16__-7391325481454595778__Cadillac WWTP Basis for Decision Memo.pdf.pdf,15001,945d8de957d5c696cec21537b88d9d4c2269e11dd4eee6484231f8ed073b68c0,True,3,4159,3,0,
2013-08-16__-8309188111481449431__Cadillac WWTP PPN Email Exchange 2.pdf.pdf,F:\WWTP DOCUMENT DIVE\Cadillac_MiEnviro_2011-2026\documents\2013-08-16__-8309188111481449431__Cadillac WWTP PPN Email Exchange 2.pdf.pdf,54341,5a65001ec1b9f460e1faaeab5e28df4961b36b846d5a3336e33afe7cf9eae4c5,True,1,1621,1,0,
2013-08-16__1627519268423672263__Public Notice Letter.doc.pdf,F:\WWTP DOCUMENT DIVE\Cadillac_MiEnviro_2011-2026\documents\2013-08-16__1627519268423672263__Public Notice Letter.doc.pdf,49377,b5d3b14f1181aaa01203e90aeadc419676bbc33cb252fea7a8a52776ab83338a,True,2,2456,2,0,
2013-08-16__3731373716033583448__Cadillac WWTP Response to Comments.pdf.pdf,F:\WWTP DOCUMENT DIVE\Cadillac_MiEnviro_2011-2026\documents\2013-08-16__3731373716033583448__Cadillac WWTP Response to Comments.pdf.pdf,10485,794fa716ff9bc4e1e606417df33b733ae4410b42af19a2a79ca9fa90295abcd2,True,2,5549,2,0,
2013-08-16__4017018463330352813__Cadillac WWTP PPN Comments.pdf.pdf,F:\WWTP DOCUMENT DIVE\Cadillac_MiEnviro_2011-2026\documents\2013-08-16__4017018463330352813__Cadillac WWTP PPN Comments.pdf.pdf,48758,ce6a56a753b1a7f03d2fc5914a24e376780ab62b9c60315e096f3e348dc67a8d,True,1,751,1,0,
2013-08-16__7119989374435100322__MDEQ Draft NPDES Response from Cadillac.pdf.pdf,F:\WWTP DOCUMENT DIVE\Cadillac_MiEnviro_2011-2026\documents\2013-08-16__7119989374435100322__MDEQ Draft NPDES Response from Cadillac.pdf.pdf,451397,9ae7e9ec146a7f9f79c585691b9b067f34a9eceb845c40f6696b6c51e0b4ceed,True,2,0,0,2,
2013-08-16__7362722464259672092__Cadillac WWTP Public Notice Email.pdf.pdf,F:\WWTP DOCUMENT DIVE\Cadillac_MiEnviro_2011-2026\documents\2013-08-16__7362722464259672092__Cadillac WWTP Public Notice Email.pdf.pdf,25090,24e90c7c60780a785afa4f10b17521e00f735a7c18c5a296ee05752424ab8b97,True,1,2302,1,0,
2013-08-20__6362211730533153224__Cadillac WWTP PN Notification Email.pdf.pdf,F:\WWTP DOCUMENT DIVE\Cadillac_MiEnviro_2011-2026\documents\2013-08-20__6362211730533153224__Cadillac WWTP PN Notification Email.pdf.pdf,24550,7d55a659a8dbf1e79f1785981971aeabcd2a3c02b15df4d77fdb1247cfb7db13,True,1,1387,1,0,
2013-09-04__357104448692010328__AvailCyanide Recs.pdf.pdf,F:\WWTP DOCUMENT DIVE\Cadillac_MiEnviro_2011-2026\documents\2013-09-04__357104448692010328__AvailCyanide Recs.pdf.pdf,608053,a81a3da922f6efc523ebc8a372ef5ff71693ba49b0d08feef612c8bab4715b69,True,1,116,1,0,
2013-09-13__3428788513576669470__Pre-Inspection ReportLS.doc.pdf,F:\WWTP DOCUMENT DIVE\Cadillac_MiEnviro_2011-2026\documents\2013-09-13__3428788513576669470__Pre-Inspection ReportLS.doc.pdf,115896,72e0d17a78aecc8973b70cded4666fbb4c7ba1a4df1d7f56a72f1b9ece7b5b67,True,10,19919,10,0,
2013-09-25__8003362588879650113__QA QC Report - Individual Permit.doc.pdf,F:\WWTP DOCUMENT DIVE\Cadillac_MiEnviro_2011-2026\documents\2013-09-25__8003362588879650113__QA QC Report - Individual Permit.doc.pdf,106218,11a983d1f2ae7e7e8a4ae6955c466189010e2568ec762b14c5d226da57a20d7a,True,5,8431,5,0,
2013-11-13__-1880339282009717938__Cadillac WWTP Emails about meeting 8-29-13.pdf.pdf,F:\WWTP DOCUMENT DIVE\Cadillac_MiEnviro_2011-2026\documents\2013-11-13__-1880339282009717938__Cadillac WWTP Emails about meeting 8-29-13.pdf.pdf,99949,09686947fac2b0f03c79d6da9e39617e631f32fff06cd6e091a381a6124999de,True,2,4747,2,0,
2013-11-13__-4137983880946955700__Cadillac 9-19-13 Letter to Mike Bitondo.pdf.pdf,F:\WWTP DOCUMENT DIVE\Cadillac_MiEnviro_2011-2026\documents\2013-11-13__-4137983880946955700__Cadillac 9-19-13 Letter to Mike Bitondo.pdf.pdf,2328516,a3abad8f3e5e3c885b13706aef9dcff1df51130859f8531e9f0b068dbcd4d8ed,True,3,0,0,3,
2013-11-13__-6131834195465596614__Cadillac WWTP Draft Permit 9-25-13.pdf.pdf,F:\WWTP DOCUMENT DIVE\Cadillac_MiEnviro_2011-2026\documents\2013-11-13__-6131834195465596614__Cadillac WWTP Draft Permit 9-25-13.pdf.pdf,147335,6a04b26f793ac6808f102d527f8635293fb5efbb108410adaa936ae8d20a4b2f,True,30,95486,30,0,
2013-11-13__-8365213610442199787__Cadillac WWTP Email Exchange 9-3-13.pdf.pdf,F:\WWTP DOCUMENT DIVE\Cadillac_MiEnviro_2011-2026\documents\2013-11-13__-8365213610442199787__Cadillac WWTP Email Exchange 9-3-13.pdf.pdf,25019,80c6d43d0c24bc36d4803d280d938baeb8af71bcd3374b76dfe058fdbc23ff74,True,1,1542,1,0,
2013-11-13__330676165036433120__Cadillac WWTP Cover Email 9-19-13.pdf.pdf,F:\WWTP DOCUMENT DIVE\Cadillac_MiEnviro_2011-2026\documents\2013-11-13__330676165036433120__Cadillac WWTP Cover Email 9-19-13.pdf.pdf,87011,dbdee820c38815948b61f0bb7cac413004fd3e697fe5df4773ffe06507d51d7f,True,1,2315,1,0,
2013-11-13__423116088479995591__Cadillac WWTP Email Response 9-25-13.pdf.pdf,F:\WWTP DOCUMENT DIVE\Cadillac_MiEnviro_2011-2026\documents\2013-11-13__423116088479995591__Cadillac WWTP Email Response 9-25-13.pdf.pdf,91446,88b2bdcfdf70ffcb6e17aefde364c9527c370b2ba3c309ddedf0fa51f18c17db,True,2,5964,2,0,
2013-11-19__8202189061190805836__Compliance Communication.doc.pdf,F:\WWTP DOCUMENT DIVE\Cadillac_MiEnviro_2011-2026\documents\2013-11-19__8202189061190805836__Compliance Communication.doc.pdf,90610,4d19cb29640edf81170d88d97038c0647a69711c39641c4947a3083f956c9357,True,1,2529,1,0,
2014-03-31__8183547368058181207__Cadillac PMP.pdf.pdf,F:\WWTP DOCUMENT DIVE\Cadillac_MiEnviro_2011-2026\documents\2014-03-31__8183547368058181207__Cadillac PMP.pdf.pdf,1236286,6435087244ffdea17f2d47d1f75752c7d37f4e20d01b9d232ce7208e7aca3f15,True,19,0,0,19,
2014-07-07__1301191744469019931__RMP Modification Request-July 2014.pdf.pdf,F:\WWTP DOCUMENT DIVE\Cadillac_MiEnviro_2011-2026\documents\2014-07-07__1301191744469019931__RMP Modification Request-July 2014.pdf.pdf,4892693,6122ca0b2070135cea0f075ef0297ef9c01433c357c277654ede57e099fbcad0,True,9,0,0,9,
2014-07-10__396256187984330582__RMP Modification Approval Letter-2014.pdf.pdf,F:\WWTP DOCUMENT DIVE\Cadillac_MiEnviro_2011-2026\documents\2014-07-10__396256187984330582__RMP Modification Approval Letter-2014.pdf.pdf,1016936,58726d5ded983e4c121620db2bebe9dcd5e155f67f0c6ba44043052bce693bee,True,2,0,0,2,
2014-08-04__8152724494912613868__Sampling Field Sheet.doc.pdf,F:\WWTP DOCUMENT DIVE\Cadillac_MiEnviro_2011-2026\documents\2014-08-04__8152724494912613868__Sampling Field Sheet.doc.pdf,110954,d305e2d7e23c928806b2d153e240f5f61c08c57552af22c918e4000468e4949b,True,1,1373,1,0,
2014-08-18__2417529640713035099__2014_0818_Cadillac WWTP_DMR QA-34.pdf.pdf,F:\WWTP DOCUMENT DIVE\Cadillac_MiEnviro_2011-2026\documents\2014-08-18__2417529640713035099__2014_0818_Cadillac WWTP_DMR QA-34.pdf.pdf,1059234,32bc7f72220a9676e1cc2883346c6d97df624082d33fb1c61aae28f10feea949,True,26,0,0,26,
2014-09-03__-5654449704836290694__Cadillac surface application 2014.jpg.pdf,F:\WWTP DOCUMENT DIVE\Cadillac_MiEnviro_2011-2026\documents\2014-09-03__-5654449704836290694__Cadillac surface application 2014.jpg.pdf,157820,145ac35a8229515a373424b6c7c2e16ffdf4fa3c54a96a0ef6f143ad6daf0088,True,1,0,0,1,
2014-09-03__6169276037386673226__Cadillac surface application 2014-2.jpg.pdf,F:\WWTP DOCUMENT DIVE\Cadillac_MiEnviro_2011-2026\documents\2014-09-03__6169276037386673226__Cadillac surface application 2014-2.jpg.pdf,122806,9b7cfa8b133477dab610c76374f6e2974d412d84e4b7178563e07cf223038a5f,True,1,0,0,1,
2014-10-09__6087030119021648324__Pre-Inspection Report.doc.pdf,F:\WWTP DOCUMENT DIVE\Cadillac_MiEnviro_2011-2026\documents\2014-10-09__6087030119021648324__Pre-Inspection Report.doc.pdf,118617,dd5fb72d29bdd405b91cc9d69f4ecdbaedcb454afebd0968618bda7ba0078691,True,7,23023,7,0,
2014-10-09__6466431524347949415__DEQ Test Data Evaluation Form.doc.pdf,F:\WWTP DOCUMENT DIVE\Cadillac_MiEnviro_2011-2026\documents\2014-10-09__6466431524347949415__DEQ Test Data Evaluation Form.doc.pdf,63511,06d21f43811f1ad06a9c035d624d11241df66b1f0860683a638e0cbe77003290,True,1,2733,1,0,
2014-10-17__3031965344754622253__Basis for Decision Memo-Classification.doc.pdf,F:\WWTP DOCUMENT DIVE\Cadillac_MiEnviro_2011-2026\documents\2014-10-17__3031965344754622253__Basis for Decision Memo-Classification.doc.pdf,50582,05fa7600f100f1ebc8ba8d8742f59e5886e73277e0ec05019d76460fb0b953c2,True,1,1778,1,0,
2014-10-20__-1554170949448187422__Certified Operator Response Form.doc.pdf,F:\WWTP DOCUMENT DIVE\Cadillac_MiEnviro_2011-2026\documents\2014-10-20__-1554170949448187422__Certified Operator Response Form.doc.pdf,29432,7bd6c500a9f12e34ba429591b8ee7bc9f9f2b00b8fe98170dffb8e6ec4543572,True,1,2301,1,0,
2014-10-21__-3847456507453624983__56545 Analytical Methodology.pdf.pdf,F:\WWTP DOCUMENT DIVE\Cadillac_MiEnviro_2011-2026\documents\2014-10-21__-3847456507453624983__56545 Analytical Methodology.pdf.pdf,190712,b0ff04bc14fb4c620064177f7f0871943d40ff448a511d104bde18e3042dfa77,True,4,0,0,4,
2014-10-21__-4079459079770278084__Compliance Communication.doc.pdf,F:\WWTP DOCUMENT DIVE\Cadillac_MiEnviro_2011-2026\documents\2014-10-21__-4079459079770278084__Compliance Communication.doc.pdf,98766,44b3fa661ed2f8d6ed09cea0c311229e4e0f44246cfa5b4c0cdffbc89225f9c7,True,2,3666,2,0,
2014-10-21__-4977324678545524248__56545 Facility Site Review.pdf.pdf,F:\WWTP DOCUMENT DIVE\Cadillac_MiEnviro_2011-2026\documents\2014-10-21__-4977324678545524248__56545 Facility Site Review.pdf.pdf,185816,2672bbee4cbfb8a2d963b9b3eae46c091d5401c6cd11dfe2d54cfb684b980f0f,True,4,0,0,4,
2014-10-21__4833597761643264099__56545 Pre-Inspection Report.pdf.pdf,F:\WWTP DOCUMENT DIVE\Cadillac_MiEnviro_2011-2026\documents\2014-10-21__4833597761643264099__56545 Pre-Inspection Report.pdf.pdf,406885,2afbbbc3680f99b401c8c6fba64379621dd73ac239d5fa6e97e8f2ff968a8040,True,8,0,0,8,
2014-10-21__5192314478678825187__56545 Self Monitoring Records.pdf.pdf,F:\WWTP DOCUMENT DIVE\Cadillac_MiEnviro_2011-2026\documents\2014-10-21__5192314478678825187__56545 Self Monitoring Records.pdf.pdf,103887,1c869397a807b6b8c4eab97e5fb60c7b224d3d93c98741f93d43b988093ef04b,True,2,0,0,2,
2014-10-21__6099492185350595096__56545 Sampling Procedures.pdf.pdf,F:\WWTP DOCUMENT DIVE\Cadillac_MiEnviro_2011-2026\documents\2014-10-21__6099492185350595096__56545 Sampling Procedures.pdf.pdf,234407,34b98dc0b45893e70b906d8f9a4e92a2a62986e832a2f5e78ce023044a441e1e,True,4,0,0,4,
2014-10-22__5870795035956810268__2014_1022_Cadillac WWTP_Classification Letter.pdf.pdf,F:\WWTP DOCUMENT DIVE\Cadillac_MiEnviro_2011-2026\documents\2014-10-22__5870795035956810268__2014_1022_Cadillac WWTP_Classification Letter.pdf.pdf,71614,3bc83a28c95da419bee3f8e17ce2ed728b5d45c2668fd0bbc0ea713183e1efdf,True,2,0,0,2,
2014-11-25__-4058762933703698175__Cadillac WWTP1014.xls.pdf,F:\WWTP DOCUMENT DIVE\Cadillac_MiEnviro_2011-2026\documents\2014-11-25__-4058762933703698175__Cadillac WWTP1014.xls.pdf,101160,a0308d8f248ba7986d4938166dcd211f024ab8a152333037b738b4c9b870fdac,True,8,6743,8,0,
2014-11-26__-1099212723337640688__1410104_1 ENVReport 10 30 2014 1323.pdf.pdf,F:\WWTP DOCUMENT DIVE\Cadillac_MiEnviro_2011-2026\documents\2014-11-26__-1099212723337640688__1410104_1 ENVReport 10 30 2014 1323.pdf.pdf,189242,508ddabbce6b892e879112fe0dbf3a605af61e350a34558fee22015611c3a2b0,True,6,3432,5,1,
2014-11-26__-3695442185476720674__available cyanide.pdf.pdf,F:\WWTP DOCUMENT DIVE\Cadillac_MiEnviro_2011-2026\documents\2014-11-26__-3695442185476720674__available cyanide.pdf.pdf,444306,5452d69c73337492b1c1c27b32eb802767862b60323d56015be35aacaacf7b0c,True,7,4465,5,2,
2014-11-26__-56918685861159494__201411261120.pdf.pdf,F:\WWTP DOCUMENT DIVE\Cadillac_MiEnviro_2011-2026\documents\2014-11-26__-56918685861159494__201411261120.pdf.pdf,128640,217108fe818abbcf5e2009eb0b685f502d6ac86f1d732eabec71a599b700bb13,True,2,0,0,2,
2014-11-26__-668421988306006771__201411251653.pdf.pdf,F:\WWTP DOCUMENT DIVE\Cadillac_MiEnviro_2011-2026\documents\2014-11-26__-668421988306006771__201411251653.pdf.pdf,37781,0c0fab880fe894ddc809268bc089d771d3067a25aa5adf99bffc25611d773a38,True,1,0,0,1,
2014-11-26__274553011904573053__CBOD5 Results.pdf.pdf,F:\WWTP DOCUMENT DIVE\Cadillac_MiEnviro_2011-2026\documents\2014-11-26__274553011904573053__CBOD5 Results.pdf.pdf,574818,c392515e94d5358613f503d6269485417b2ef70e41347a11050af47c46143bc7,True,9,5540,6,3,
2014-11-26__44608516278427039__Fecal Coliform Results.pdf.pdf,F:\WWTP DOCUMENT DIVE\Cadillac_MiEnviro_2011-2026\documents\2014-11-26__44608516278427039__Fecal Coliform Results.pdf.pdf,179485,9e936250b3a3ac31179f3b2e968046f20b977a60896f7b60e4a51c2559c372d1,True,6,2592,5,1,
2015-03-31__1797615431681061467__2015_0331_Cadillac WWTP_2014 MMP Yearly Status Report.pdf.pdf,F:\WWTP DOCUMENT DIVE\Cadillac_MiEnviro_2011-2026\documents\2015-03-31__1797615431681061467__2015_0331_Cadillac WWTP_2014 MMP Yearly Status Report.pdf.pdf,866014,26e7c52a1e2103ff46f9ab49f013494123961fd27aaa5953eec30f844993573b,True,20,0,0,20,
2015-05-13__-3430155575482837490__Pre-Inspection Report.doc.pdf,F:\WWTP DOCUMENT DIVE\Cadillac_MiEnviro_2011-2026\documents\2015-05-13__-3430155575482837490__Pre-Inspection Report.doc.pdf,119143,3da57e8018fbdeb2474b90c359352df532d2b0d46fbb00e591841182ae0b49e2,True,7,23288,7,0,
2015-06-15__-2886740339491395619__Interview Julie Notes.pdf.pdf,F:\WWTP DOCUMENT DIVE\Cadillac_MiEnviro_2011-2026\documents\2015-06-15__-2886740339491395619__Interview Julie Notes.pdf.pdf,1123127,4158539aa92412ec1ebb75366253f80237c97c4dc63909aff32617f9ef0a242c,True,8,0,0,8,
2015-06-15__-3501506775905898877__Interview Jill Notes.pdf.pdf,F:\WWTP DOCUMENT DIVE\Cadillac_MiEnviro_2011-2026\documents\2015-06-15__-3501506775905898877__Interview Jill Notes.pdf.pdf,1117808,05788837212e56136be5c723b97e92f59ee2494f034b363061655996c6260f5f,True,6,0,0,6,
2015-06-15__-7233250038345395334__IPP Profile.pdf.pdf,F:\WWTP DOCUMENT DIVE\Cadillac_MiEnviro_2011-2026\documents\2015-06-15__-7233250038345395334__IPP Profile.pdf.pdf,893152,3d6cd5e0a57bed064fbc15d56f0f82fe356b49671b70358a5222484ac0803013,True,4,0,0,4,
2015-06-15__2151347118259606317__IU Form 2.pdf.pdf,F:\WWTP DOCUMENT DIVE\Cadillac_MiEnviro_2011-2026\documents\2015-06-15__2151347118259606317__IU Form 2.pdf.pdf,1233526,9f84067f8dd2aa93d43e6e0c0777c3008e0d7df1cf37e8e0798c83c0d72e8612,True,6,0,0,6,
2015-06-15__2395269267701377445__IU Form 1.pdf.pdf,F:\WWTP DOCUMENT DIVE\Cadillac_MiEnviro_2011-2026\documents\2015-06-15__2395269267701377445__IU Form 1.pdf.pdf,454914,4ef1028850304c56dccfc0621482b4c0c62372f1e7dec26bdcd555fc21a7e027,True,5,0,0,5,
2015-06-25__-4772097310601120319__Gen'l Inspection Transmittal.doc.pdf,F:\WWTP DOCUMENT DIVE\Cadillac_MiEnviro_2011-2026\documents\2015-06-25__-4772097310601120319__Gen'l Inspection Transmittal.doc.pdf,111485,6d0dbb1031e5d274a235d843a934959702e3b844552a5338de7e6a1e5ab1a058,True,2,5040,2,0,
2015-07-08__-8459938767715139506__Fact Sheet.doc.pdf,F:\WWTP DOCUMENT DIVE\Cadillac_MiEnviro_2011-2026\documents\2015-07-08__-8459938767715139506__Fact Sheet.doc.pdf,149154,4208a010fbb2ba933452c3c5fbc3a3ca11777d2ce6c45c37bbc398bf81eaa93c,True,3,5643,3,0,
2015-08-05__1276091315669172082__2015_0805_Cadillac WWTP_DMR QA-35.pdf.pdf,F:\WWTP DOCUMENT DIVE\Cadillac_MiEnviro_2011-2026\documents\2015-08-05__1276091315669172082__2015_0805_Cadillac WWTP_DMR QA-35.pdf.pdf,720193,8593a5392d3c9f2a635cd3afcd985fdc92e636ab718757f46e6cfa487921abed,True,21,0,0,21,
2015-08-28__-1721928645533378386__DMR Summary - MI0020257 _07_01_2015_to_07_31_2015_V1.docx.pdf,F:\WWTP DOCUMENT DIVE\Cadillac_MiEnviro_2011-2026\documents\2015-08-28__-1721928645533378386__DMR Summary - MI0020257 _07_01_2015_to_07_31_2015_V1.docx.pdf,102980,947a21a4eb7c254d5a32b660e647f43f7f75006ab04eede030efcea056144faf,True,4,8731,4,0,
2015-08-28__2280799879135776031__DMR Daily - MI0020257 _07_01_2015_to_07_31_2015_V1.docx.pdf,F:\WWTP DOCUMENT DIVE\Cadillac_MiEnviro_2011-2026\documents\2015-08-28__2280799879135776031__DMR Daily - MI0020257 _07_01_2015_to_07_31_2015_V1.docx.pdf,121874,b5b470e06797e906d3556fb5ebd5b0a18477d36d5307f840f05bf28a70d6034d,True,6,11921,6,0,
2015-09-18__1158228285416033370__DMR Summary - MI0020257 _08_01_2015_to_08_31_2015_V1.docx.pdf,F:\WWTP DOCUMENT DIVE\Cadillac_MiEnviro_2011-2026\documents\2015-09-18__1158228285416033370__DMR Summary - MI0020257 _08_01_2015_to_08_31_2015_V1.docx.pdf,103176,22c00fcd8d59688b4f4c91d754e7c02c373859ec4d826e97b4618aee3f95d525,True,4,8896,4,0,
2015-09-18__5114320877368267073__DMR Daily - MI0020257 _08_01_2015_to_08_31_2015_V1.docx.pdf,F:\WWTP DOCUMENT DIVE\Cadillac_MiEnviro_2011-2026\documents\2015-09-18__5114320877368267073__DMR Daily - MI0020257 _08_01_2015_to_08_31_2015_V1.docx.pdf,121743,fb4cd4a3e56438fc39f3fd3d4582d8d6a6be1947918cadcefc1f3eb18ac21620,True,6,11900,6,0,
2015-09-29__-264868687133678095__Cadillac WWTP CCH Petition.pdf.pdf,F:\WWTP DOCUMENT DIVE\Cadillac_MiEnviro_2011-2026\documents\2015-09-29__-264868687133678095__Cadillac WWTP CCH Petition.pdf.pdf,2453804,f68f7933cc108a5ada3aea8dd9d4950c07a964839e684dc7556d220f6dd4f7fc,True,36,0,0,36,
2015-09-29__2634479280526975746__Cadillac Mod Public Notice Document.doc.pdf,F:\WWTP DOCUMENT DIVE\Cadillac_MiEnviro_2011-2026\documents\2015-09-29__2634479280526975746__Cadillac Mod Public Notice Document.doc.pdf,47071,daf374ea55eea648d78002f4da12326a5ecc439655c2600bd3fd0eacaaa988a6,True,1,2110,1,0,
2015-09-30__7718544574668863958__Cadillac Mod Basis for Decision Memo.doc.pdf,F:\WWTP DOCUMENT DIVE\Cadillac_MiEnviro_2011-2026\documents\2015-09-30__7718544574668863958__Cadillac Mod Basis for Decision Memo.doc.pdf,74115,ca7b070f65a3649e3b837f73c084565beb8b0d30da5477f9df21f50747321046,True,2,3642,2,0,
2015-10-20__1246990738065777350__DMR Daily - MI0020257 _09_01_2015_to_09_30_2015_V1.docx.pdf,F:\WWTP DOCUMENT DIVE\Cadillac_MiEnviro_2011-2026\documents\2015-10-20__1246990738065777350__DMR Daily - MI0020257 _09_01_2015_to_09_30_2015_V1.docx.pdf,122193,f546130ef47035519cdb1f28f3838046427e8cacf0f2f9cdec6f84e376f8ca1b,True,6,12507,6,0,
2015-10-20__5720021817529393512__DMR Summary - MI0020257 _09_01_2015_to_09_30_2015_V1.docx.pdf,F:\WWTP DOCUMENT DIVE\Cadillac_MiEnviro_2011-2026\documents\2015-10-20__5720021817529393512__DMR Summary - MI0020257 _09_01_2015_to_09_30_2015_V1.docx.pdf,102922,2c0d57442e9a99dbba62e9073ae499f84e43089fd65253426ad9dbb92897033e,True,4,8654,4,0,
2015-10-30__3033334029711207746__DMR Summary - MI0020257 _10_01_2014_to_09_30_2015_V1.docx.pdf,F:\WWTP DOCUMENT DIVE\Cadillac_MiEnviro_2011-2026\documents\2015-10-30__3033334029711207746__DMR Summary - MI0020257 _10_01_2014_to_09_30_2015_V1.docx.pdf,103199,beeb79d6ff4986620fdecd7a55ba7956c34b0de19109cea4116021afd52ca49b,True,4,10144,4,0,
2015-10-30__3772272341703184968__2A6-E7TC-JQKM1.pdf v1.pdf,F:\WWTP DOCUMENT DIVE\Cadillac_MiEnviro_2011-2026\documents\2015-10-30__3772272341703184968__2A6-E7TC-JQKM1.pdf v1.pdf,1045393,6570708222300e4f7b4fbc26e51dc09769b1f79ba6de40ecf07c2dcb36bec26c,True,5,8356,5,0,
2015-11-19__-4008341624842458816__DMR Summary - MI0020257 _10_01_2015_to_10_31_2015_V1.docx.pdf,F:\WWTP DOCUMENT DIVE\Cadillac_MiEnviro_2011-2026\documents\2015-11-19__-4008341624842458816__DMR Summary - MI0020257 _10_01_2015_to_10_31_2015_V1.docx.pdf,102936,4af32883ededdf7f5c25e19c25897d2f67ef205f265956ee38ac869dc7c63139,True,4,8664,4,0,
2015-11-19__-751241790278250853__DMR Daily - MI0020257 _10_01_2015_to_10_31_2015_V1.docx.pdf,F:\WWTP DOCUMENT DIVE\Cadillac_MiEnviro_2011-2026\documents\2015-11-19__-751241790278250853__DMR Daily - MI0020257 _10_01_2015_to_10_31_2015_V1.docx.pdf,122768,5d15a3aac0427ded0bab49817fab70f00e2c5ab49be6dd3fd3a76f8ca92913a5,True,6,12729,6,0,
2015-12-10__344392362451469223__Cadillac Draft Permit for Issue.doc.pdf,F:\WWTP DOCUMENT DIVE\Cadillac_MiEnviro_2011-2026\documents\2015-12-10__344392362451469223__Cadillac Draft Permit for Issue.doc.pdf,311501,a6e09a96382ec027c54a8c14a1141c1699296e0b53d381e1db8f0324cbaf6f0a,True,29,93981,29,0,
2015-12-19__-2076524723866920213__DMR Daily - MI0020257 _11_01_2015_to_11_30_2015_V1.docx.pdf,F:\WWTP DOCUMENT DIVE\Cadillac_MiEnviro_2011-2026\documents\2015-12-19__-2076524723866920213__DMR Daily - MI0020257 _11_01_2015_to_11_30_2015_V1.docx.pdf,121734,3d0895136655025f050f79a91dfaa51cf5cc62d4d779ad4dc830807a4485c520,True,6,12688,6,0,
2015-12-19__6280680775372517980__DMR Summary - MI0020257 _11_01_2015_to_11_30_2015_V1.docx.pdf,F:\WWTP DOCUMENT DIVE\Cadillac_MiEnviro_2011-2026\documents\2015-12-19__6280680775372517980__DMR Summary - MI0020257 _11_01_2015_to_11_30_2015_V1.docx.pdf,103165,f576a237fca57e6e35d1c6676616ce697a1413254ff654016b2f566c6e0712da,True,4,8927,4,0,
2016-01-11__-6731013379800742486__Cadillac WWTP DMRQA 35.pdf.pdf,F:\WWTP DOCUMENT DIVE\Cadillac_MiEnviro_2011-2026\documents\2016-01-11__-6731013379800742486__Cadillac WWTP DMRQA 35.pdf.pdf,1284984,ae2f198299bb86cfbb0bf1e08756b3aab575a0d825e71677d8f70493ea8fc17b,True,21,0,0,21,
2016-01-12__-8836688320995793733__2010-2016_Cadillac WWTP_District Compliance File.pdf.pdf,F:\WWTP DOCUMENT DIVE\Cadillac_MiEnviro_2011-2026\documents\2016-01-12__-8836688320995793733__2010-2016_Cadillac WWTP_District Compliance File.pdf.pdf,29461464,9d6ad860baaf91d1aa61b170fe76d1e0571bb7726cbe8cc68da5a8c80ebdc24d,True,232,0,0,232,
2016-01-19__-4193025276374184094__DMR Summary - MI0020257 _12_01_2015_to_12_31_2015_V1.docx.pdf,F:\WWTP DOCUMENT DIVE\Cadillac_MiEnviro_2011-2026\documents\2016-01-19__-4193025276374184094__DMR Summary - MI0020257 _12_01_2015_to_12_31_2015_V1.docx.pdf,105393,e10e94fae0dfecffd74c6b88e82a6943bc68909b1a948ab0090b45ede79b601d,True,4,9131,4,0,
2016-01-19__-5447789093327103036__DMR Daily - MI0020257 _12_01_2015_to_12_31_2015_V1.docx.pdf,F:\WWTP DOCUMENT DIVE\Cadillac_MiEnviro_2011-2026\documents\2016-01-19__-5447789093327103036__DMR Daily - MI0020257 _12_01_2015_to_12_31_2015_V1.docx.pdf,124126,a899ea16e32a1964f36f21e544271676a5b3f162fdbcdd32460837aea9ad2703,True,6,13135,6,0,
2016-01-25__-4582177045037647324__Spill notification 1-12-16.pdf.pdf,F:\WWTP DOCUMENT DIVE\Cadillac_MiEnviro_2011-2026\documents\2016-01-25__-4582177045037647324__Spill notification 1-12-16.pdf.pdf,74053,c677de7c10e6deadf6820c52b05e3ac45ff9dffd54d0296af2d99ad80dc0725d,True,1,0,0,1,
2016-01-25__-5568021370246960521__ByPass notification 12-21-15.pdf.pdf,F:\WWTP DOCUMENT DIVE\Cadillac_MiEnviro_2011-2026\documents\2016-01-25__-5568021370246960521__ByPass notification 12-21-15.pdf.pdf,66723,8e59702f1f7fa263fd95720f27aff50fb9474c29b5d43e1e9c3fee779a6bc2bb,True,1,0,0,1,
2016-02-04__-5228663365988565838__Violation Letter.Cadillac WWTP-Dietlin.pdf.pdf,F:\WWTP DOCUMENT DIVE\Cadillac_MiEnviro_2011-2026\documents\2016-02-04__-5228663365988565838__Violation Letter.Cadillac WWTP-Dietlin.pdf.pdf,737118,37ac85d03cbbe59e1302a27d68055f905cdb0053f7b18f1fdc9ebaa61a575483,True,12,0,0,12,
2016-02-04__-7115642780883598587__Mercury minimization plan letter revised V2.DOC v1.pdf,F:\WWTP DOCUMENT DIVE\Cadillac_MiEnviro_2011-2026\documents\2016-02-04__-7115642780883598587__Mercury minimization plan letter revised V2.DOC v1.pdf,233636,cedaf0754e943f240219819589f5a5c090f543c7f6a973253585b68c0d042377,True,1,1438,1,0,
2016-02-04__449058570274793532__2D2-X9KF-HB6N V2.pdf v1.pdf,F:\WWTP DOCUMENT DIVE\Cadillac_MiEnviro_2011-2026\documents\2016-02-04__449058570274793532__2D2-X9KF-HB6N V2.pdf v1.pdf,286634,65539533a19b593fc63557f10aefd3effe9d8bf4fd0be90917f141c0c0ab3300,True,2,2478,2,0,
2016-02-20__-3488789892444246103__DMR Summary - MI0020257 _01_01_2016_to_01_31_2016_V1.docx.pdf,F:\WWTP DOCUMENT DIVE\Cadillac_MiEnviro_2011-2026\documents\2016-02-20__-3488789892444246103__DMR Summary - MI0020257 _01_01_2016_to_01_31_2016_V1.docx.pdf,105532,9d58801b45c8dd649e5daf9367318381489ddca8c8073227f156bcaaadcd21d8,True,4,9129,4,0,
2016-02-20__6525466383076021292__DMR Daily - MI0020257 _01_01_2016_to_01_31_2016_V1.docx.pdf,F:\WWTP DOCUMENT DIVE\Cadillac_MiEnviro_2011-2026\documents\2016-02-20__6525466383076021292__DMR Daily - MI0020257 _01_01_2016_to_01_31_2016_V1.docx.pdf,124190,583b88829be7849b306e263e11dcb1ff531863978d9af634a12f3f9e37314fbd,True,6,12921,6,0,
2016-02-29__-6168521012883685018__VN response from City.Feb 29 2016.pdf.pdf,F:\WWTP DOCUMENT DIVE\Cadillac_MiEnviro_2011-2026\documents\2016-02-29__-6168521012883685018__VN response from City.Feb 29 2016.pdf.pdf,1286177,e1b7446e4226eca442de365224878a4232a6798f99a9887f488387322a23b3e4,True,5,0,0,5,
2016-03-16__-3461689102167870562__DMR Summary - MI0020257 _02_01_2016_to_02_29_2016_V1.docx.pdf,F:\WWTP DOCUMENT DIVE\Cadillac_MiEnviro_2011-2026\documents\2016-03-16__-3461689102167870562__DMR Summary - MI0020257 _02_01_2016_to_02_29_2016_V1.docx.pdf,105880,23753e39b1e3bbd77544b2e5052ab6f3b001e9321c03e49ece0f51277168db53,True,4,9394,4,0,
2016-03-16__-6884866009572813818__DMR Daily - MI0020257 _02_01_2016_to_02_29_2016_V1.docx.pdf,F:\WWTP DOCUMENT DIVE\Cadillac_MiEnviro_2011-2026\documents\2016-03-16__-6884866009572813818__DMR Daily - MI0020257 _02_01_2016_to_02_29_2016_V1.docx.pdf,122785,713e2ae49158a0f8ec123508559b4c72869a1ea98f55840d9c592cfb59fa9ac8,True,6,12754,6,0,
2016-04-18__-2502838247090599202__DMR Daily - MI0020257 _03_01_2016_to_03_31_2016_V1.docx.pdf,F:\WWTP DOCUMENT DIVE\Cadillac_MiEnviro_2011-2026\documents\2016-04-18__-2502838247090599202__DMR Daily - MI0020257 _03_01_2016_to_03_31_2016_V1.docx.pdf,124372,52861ed97ab03ce1cabf7f12018d30c64997ebcf15d066de1a86a5df1b9bd2de,True,6,13006,6,0,
2016-04-18__1049897993402206269__DMR Summary - MI0020257 _03_01_2016_to_03_31_2016_V1.docx.pdf,F:\WWTP DOCUMENT DIVE\Cadillac_MiEnviro_2011-2026\documents\2016-04-18__1049897993402206269__DMR Summary - MI0020257 _03_01_2016_to_03_31_2016_V1.docx.pdf,105558,99c7c1ad795d36e413c12c8003e5b25e3c24ae930130d59874a7e1be40aa319b,True,4,9129,4,0,
2016-05-16__-4336303018773149137__DMR Summary - MI0020257 _04_01_2016_to_04_30_2016_V1.docx.pdf,F:\WWTP DOCUMENT DIVE\Cadillac_MiEnviro_2011-2026\documents\2016-05-16__-4336303018773149137__DMR Summary - MI0020257 _04_01_2016_to_04_30_2016_V1.docx.pdf,112438,4274d70b33b1f283d1b6089c4b38f115fa383a4fa9cb66c7e38d1f835ab8a7df,True,4,9485,4,0,
2016-05-16__-4750733240863552693__Low Ph notice by City May 16 2016.pdf.pdf,F:\WWTP DOCUMENT DIVE\Cadillac_MiEnviro_2011-2026\documents\2016-05-16__-4750733240863552693__Low Ph notice by City May 16 2016.pdf.pdf,47161,79f44c921f974e46edbe3d32a876051cd9b9e8702431aef7537df689affc4525,True,1,727,1,0,
2016-05-16__-6425285818055725556__DMR Daily - MI0020257 _04_01_2016_to_04_30_2016_V1.docx.pdf,F:\WWTP DOCUMENT DIVE\Cadillac_MiEnviro_2011-2026\documents\2016-05-16__-6425285818055725556__DMR Daily - MI0020257 _04_01_2016_to_04_30_2016_V1.docx.pdf,124112,e3784867b57af6318612531be20bbf9768bdaa007a66e281635a27c68353a8df,True,6,13056,6,0,
2016-06-15__-9054802322981204104__DMR Summary - MI0020257 _05_01_2016_to_05_31_2016_V1.docx.pdf,F:\WWTP DOCUMENT DIVE\Cadillac_MiEnviro_2011-2026\documents\2016-06-15__-9054802322981204104__DMR Summary - MI0020257 _05_01_2016_to_05_31_2016_V1.docx.pdf,103193,e5f901dcf686a7a9f12cb3ad7591fe4ad1282d9015f7aee32d291c1dcd1dc46d,True,4,8919,4,0,
2016-06-15__6177350560736608063__DMR Daily - MI0020257 _05_01_2016_to_05_31_2016_V1.docx.pdf,F:\WWTP DOCUMENT DIVE\Cadillac_MiEnviro_2011-2026\documents\2016-06-15__6177350560736608063__DMR Daily - MI0020257 _05_01_2016_to_05_31_2016_V1.docx.pdf,122472,81b4755c8254f15069198deb7df9e956337fc3935d4041d1cd7c38e48ca775ef,True,6,12710,6,0,
2016-07-15__-2645731656519523748__DMR Daily - MI0020257 _06_01_2016_to_06_30_2016_V1.docx.pdf,F:\WWTP DOCUMENT DIVE\Cadillac_MiEnviro_2011-2026\documents\2016-07-15__-2645731656519523748__DMR Daily - MI0020257 _06_01_2016_to_06_30_2016_V1.docx.pdf,122336,08edaee8590c5fa5578ccb41e26ee53037eb210266efa0ba068d00fb77fd9fe8,True,6,12674,6,0,
2016-07-15__-6126364658004482120__DMR Summary - MI0020257 _06_01_2016_to_06_30_2016_V1.docx.pdf,F:\WWTP DOCUMENT DIVE\Cadillac_MiEnviro_2011-2026\documents\2016-07-15__-6126364658004482120__DMR Summary - MI0020257 _06_01_2016_to_06_30_2016_V1.docx.pdf,102942,21800141cc1057d10f67f263c85c0d1734524c78946b4616c908491687b399eb,True,4,8672,4,0,
2016-08-02__3518176617040371250__2016_0802_Cadillac WWTP_DMR QA-36.pdf.pdf,F:\WWTP DOCUMENT DIVE\Cadillac_MiEnviro_2011-2026\documents\2016-08-02__3518176617040371250__2016_0802_Cadillac WWTP_DMR QA-36.pdf.pdf,1290302,a8bb9467f51dde7678fc1010fa2f79f3dee23ec414d965901ddd8bf80c5a799c,True,31,0,0,31,
2016-08-12__-41646711706265012__DMR Summary - MI0020257 _07_01_2016_to_07_31_2016_V1.docx.pdf,F:\WWTP DOCUMENT DIVE\Cadillac_MiEnviro_2011-2026\documents\2016-08-12__-41646711706265012__DMR Summary - MI0020257 _07_01_2016_to_07_31_2016_V1.docx.pdf,109882,11f5f6e5de0167f9c1afac6b25871b22d70d507ca230341b537d0845cbaca684,True,4,9118,4,0,
2016-08-12__1005010368843969925__DMR Daily - MI0020257 _07_01_2016_to_07_31_2016_V1.docx.pdf,F:\WWTP DOCUMENT DIVE\Cadillac_MiEnviro_2011-2026\documents\2016-08-12__1005010368843969925__DMR Daily - MI0020257 _07_01_2016_to_07_31_2016_V1.docx.pdf,123035,ca3cea0d6bb9d4a3613c4fb2c577754d0dd70faffca522671c47111ad0074a70,True,6,13314,6,0,
2016-09-16__-8864258566189946951__DMR Summary - MI0020257 _08_01_2016_to_08_31_2016_V1.docx.pdf,F:\WWTP DOCUMENT DIVE\Cadillac_MiEnviro_2011-2026\documents\2016-09-16__-8864258566189946951__DMR Summary - MI0020257 _08_01_2016_to_08_31_2016_V1.docx.pdf,103176,e7f9764dc9bfc77c561c3fad5eb7526e4ea19a5441b2176a88ff12f7f18fbe11,True,4,8929,4,0,
2016-09-16__2071454628388704794__DMR Daily - MI0020257 _08_01_2016_to_08_31_2016_V1.docx.pdf,F:\WWTP DOCUMENT DIVE\Cadillac_MiEnviro_2011-2026\documents\2016-09-16__2071454628388704794__DMR Daily - MI0020257 _08_01_2016_to_08_31_2016_V1.docx.pdf,122533,0db5d511b9a4119a63b7af7290f2356daff13620bc88e3ceeef77b42d9fb6562,True,6,12774,6,0,
2016-10-18__-5500870070273347359__DMR Summary - MI0020257 _09_01_2016_to_09_30_2016_V1.docx.pdf,F:\WWTP DOCUMENT DIVE\Cadillac_MiEnviro_2011-2026\documents\2016-10-18__-5500870070273347359__DMR Summary - MI0020257 _09_01_2016_to_09_30_2016_V1.docx.pdf,102928,466137bd194e2ed91e37e781ff20eaba7de16c84e29f3cb988bfd8747e1e2c83,True,4,8669,4,0,
2016-10-18__-7163848156117307736__DMR Daily - MI0020257 _09_01_2016_to_09_30_2016_V1.docx.pdf,F:\WWTP DOCUMENT DIVE\Cadillac_MiEnviro_2011-2026\documents\2016-10-18__-7163848156117307736__DMR Daily - MI0020257 _09_01_2016_to_09_30_2016_V1.docx.pdf,122282,6f979a1fd6cd9e597f977f17a30e29a8811b10439a69cd9406faae9f3962ada7,True,6,12695,6,0,
2016-10-25__-3521121797145537515__2KJ-C2SF-H1BF V1.pdf v1.pdf,F:\WWTP DOCUMENT DIVE\Cadillac_MiEnviro_2011-2026\documents\2016-10-25__-3521121797145537515__2KJ-C2SF-H1BF V1.pdf v1.pdf,51577,34515de74ab207493994bcafd5e2dbb643a658e1940632483f50d8dbadfa41ec,True,6,8604,6,0,
2016-10-25__-8068360832484337569__DMR Summary - MI0020257 _10_01_2015_to_09_30_2016_V1.docx.pdf,F:\WWTP DOCUMENT DIVE\Cadillac_MiEnviro_2011-2026\documents\2016-10-25__-8068360832484337569__DMR Summary - MI0020257 _10_01_2015_to_09_30_2016_V1.docx.pdf,103056,61ed848f21560b247e951ff0a5f5e312e13ab82fc540e3bddc717b1435537091,True,4,10157,4,0,
2016-11-17__1524244019210258858__DMR Daily - MI0020257 _10_01_2016_to_10_31_2016_V1.docx.pdf,F:\WWTP DOCUMENT DIVE\Cadillac_MiEnviro_2011-2026\documents\2016-11-17__1524244019210258858__DMR Daily - MI0020257 _10_01_2016_to_10_31_2016_V1.docx.pdf,122755,cfa2d139f7d1d098463c949eec7ccf63e9037b5b90e351df5fa76c14a943106f,True,6,12789,6,0,
2016-11-17__5880887913847657693__DMR Summary - MI0020257 _10_01_2016_to_10_31_2016_V1.docx.pdf,F:\WWTP DOCUMENT DIVE\Cadillac_MiEnviro_2011-2026\documents\2016-11-17__5880887913847657693__DMR Summary - MI0020257 _10_01_2016_to_10_31_2016_V1.docx.pdf,102971,ef8a18325f3126bdf098fb3f20d7add58323b7b1194f522d0e2d8fdbd3151026,True,4,8673,4,0,
2016-12-06__4594408055865795856__DMRQA 36.Cadillac WWTP.pdf.pdf,F:\WWTP DOCUMENT DIVE\Cadillac_MiEnviro_2011-2026\documents\2016-12-06__4594408055865795856__DMRQA 36.Cadillac WWTP.pdf.pdf,1449684,80f09f03f46a92a716a45d644639b65aecb6ce5f6a0ec9cfc3449290ece26537,True,31,0,0,31,
2016-12-16__-570299436410721715__DMR Daily - MI0020257 _11_01_2016_to_11_30_2016_V1.docx.pdf,F:\WWTP DOCUMENT DIVE\Cadillac_MiEnviro_2011-2026\documents\2016-12-16__-570299436410721715__DMR Daily - MI0020257 _11_01_2016_to_11_30_2016_V1.docx.pdf,121867,d42bf2c847d4300e1e1ce8a66ba1d2392dc8bd027a3d7868279317865a0c2f20,True,6,12858,6,0,
2016-12-16__8936787219842147076__DMR Summary - MI0020257 _11_01_2016_to_11_30_2016_V1.docx.pdf,F:\WWTP DOCUMENT DIVE\Cadillac_MiEnviro_2011-2026\documents\2016-12-16__8936787219842147076__DMR Summary - MI0020257 _11_01_2016_to_11_30_2016_V1.docx.pdf,103233,3ec40507a276fd3d08fecacffce92ea59382687fb2378a713ece67c53a84c134,True,4,8943,4,0,
2017-01-19__-7309370182573156453__DMR Summary - MI0020257 _12_01_2016_to_12_31_2016_V1.docx.pdf,F:\WWTP DOCUMENT DIVE\Cadillac_MiEnviro_2011-2026\documents\2017-01-19__-7309370182573156453__DMR Summary - MI0020257 _12_01_2016_to_12_31_2016_V1.docx.pdf,112282,47acbe82eb06dd2fef4f63adeffc2123953723710b2cbcae1559aa29a9962f4e,True,4,9318,4,0,
2017-01-19__4872492887140551247__DMR Daily - MI0020257 _12_01_2016_to_12_31_2016_V1.docx.pdf,F:\WWTP DOCUMENT DIVE\Cadillac_MiEnviro_2011-2026\documents\2017-01-19__4872492887140551247__DMR Daily - MI0020257 _12_01_2016_to_12_31_2016_V1.docx.pdf,124593,c2e3b3bf9305acc491d6ac873ed4732d1c520266914d91e3b42c78e7e0f6d139,True,6,13150,6,0,
2017-02-14__-241954493317709276__DMR Summary - MI0020257 _01_01_2017_to_01_31_2017_V1.docx.pdf,F:\WWTP DOCUMENT DIVE\Cadillac_MiEnviro_2011-2026\documents\2017-02-14__-241954493317709276__DMR Summary - MI0020257 _01_01_2017_to_01_31_2017_V1.docx.pdf,105488,6526ca7d21a1c90592c394dbd44157c18eca3da9090c3b08bca13b9c56f4cf64,True,4,9129,4,0,
2017-02-14__-563435129997574625__DMR Daily - MI0020257 _01_01_2017_to_01_31_2017_V1.docx.pdf,F:\WWTP DOCUMENT DIVE\Cadillac_MiEnviro_2011-2026\documents\2017-02-14__-563435129997574625__DMR Daily - MI0020257 _01_01_2017_to_01_31_2017_V1.docx.pdf,124485,6fd37596745ef7831454820ab08f3c5711c6889c27f5746576e83185bf025497,True,6,12905,6,0,
2017-03-16__-5281439668552468208__DMR Daily - MI0020257 _02_01_2017_to_02_28_2017_V1.docx.pdf,F:\WWTP DOCUMENT DIVE\Cadillac_MiEnviro_2011-2026\documents\2017-03-16__-5281439668552468208__DMR Daily - MI0020257 _02_01_2017_to_02_28_2017_V1.docx.pdf,119862,38cf7ae1289c5a4d612963edef73b1cac404e67500c4455f3851ec0751b7d8d9,True,5,11386,5,0,
2017-03-16__6361322379720926853__DMR Summary - MI0020257 _02_01_2017_to_02_28_2017_V1.docx.pdf,F:\WWTP DOCUMENT DIVE\Cadillac_MiEnviro_2011-2026\documents\2017-03-16__6361322379720926853__DMR Summary - MI0020257 _02_01_2017_to_02_28_2017_V1.docx.pdf,105749,cd1ca591096f5bd40889806ae606e8c1250debbbe6d026d442375f541a475238,True,4,9390,4,0,
2017-04-03__-123817907349178312__REC BOAT CRUISER.docx v1.pdf,F:\WWTP DOCUMENT DIVE\Cadillac_MiEnviro_2011-2026\documents\2017-04-03__-123817907349178312__REC BOAT CRUISER.docx v1.pdf,56344,1de718fb7790041e64532455218cbcdd2dc57dcf24e4c70abd17ebdc2b242029,True,1,1524,1,0,
2017-04-03__-1348128324309124463__Hutchinson.docx v1.pdf,F:\WWTP DOCUMENT DIVE\Cadillac_MiEnviro_2011-2026\documents\2017-04-03__-1348128324309124463__Hutchinson.docx v1.pdf,56331,300b12f5bac01c598f28d06e74735e5d6526e79c4bff87ab9673f96ea464b7bb,True,1,1521,1,0,
2017-04-03__-308826788854237261__Kar Lab Biosolids 3-14-2016.pdf v1.pdf,F:\WWTP DOCUMENT DIVE\Cadillac_MiEnviro_2011-2026\documents\2017-04-03__-308826788854237261__Kar Lab Biosolids 3-14-2016.pdf v1.pdf,205482,bd137883a668c306604973b5ed859ccbb37849737d9521c00566180dd10a5a7b,True,8,20411,7,1,
2017-04-03__-3238540496460905709__Kar Lab Biosolids 9-12-2016.pdf v1.pdf,F:\WWTP DOCUMENT DIVE\Cadillac_MiEnviro_2011-2026\documents\2017-04-03__-3238540496460905709__Kar Lab Biosolids 9-12-2016.pdf v1.pdf,174285,8fc0c2a99849158b52044fb4f3eb4db0a4b69c5e36af00571c51e8c4760c94dd,True,3,5699,2,1,
2017-04-03__-4072267205926815735__Wet Test ERM 2-2-2017.pdf v1.pdf,F:\WWTP DOCUMENT DIVE\Cadillac_MiEnviro_2011-2026\documents\2017-04-03__-4072267205926815735__Wet Test ERM 2-2-2017.pdf v1.pdf,2553342,e0740917193bb863a4148df6bff8f19390b369e889fa34879642f0b8ef24654e,True,37,24305,37,0,
2017-04-03__-4571421296266695594__0P1-01 Process Flow.pdf v1.pdf,F:\WWTP DOCUMENT DIVE\Cadillac_MiEnviro_2011-2026\documents\2017-04-03__-4571421296266695594__0P1-01 Process Flow.pdf v1.pdf,352858,d5e68ea065b63b3fb073c3878a98e5b46c4784737f7fe533e9437a92884f7c4c,True,1,0,0,1,
2017-04-03__-4576801597538136401__Munson.docx v1.pdf,F:\WWTP DOCUMENT DIVE\Cadillac_MiEnviro_2011-2026\documents\2017-04-03__-4576801597538136401__Munson.docx v1.pdf,55566,a69594bc30d33cd3b0d42389c14f529b358844b3bd7333966757542e48c60275,True,1,1490,1,0,
2017-04-03__-4580690770354640221__PIRANHA.docx v1.pdf,F:\WWTP DOCUMENT DIVE\Cadillac_MiEnviro_2011-2026\documents\2017-04-03__-4580690770354640221__PIRANHA.docx v1.pdf,55931,af29116f6a0e0a14483b11ae3b2848a345e95d81e3719de9ad7925413caa88aa,True,1,1508,1,0,
2017-04-03__-505155985048363429__REC BOAT TRAILER.docx v1.pdf,F:\WWTP DOCUMENT DIVE\Cadillac_MiEnviro_2011-2026\documents\2017-04-03__-505155985048363429__REC BOAT TRAILER.docx v1.pdf,55964,d38d39d27156be978c70b5738bd4f93bf1ef2a778c873da46612211f6fb84569,True,1,1530,1,0,
2017-04-03__-5332488901169956875__CRE.docx v1.pdf,F:\WWTP DOCUMENT DIVE\Cadillac_MiEnviro_2011-2026\documents\2017-04-03__-5332488901169956875__CRE.docx v1.pdf,56267,ce8f5e5b074fe3836e617d40869de0e61a243257604757e348fe7e9d2d41b83d,True,1,1528,1,0,
2017-04-03__-5563635413840106744__AVON Protection.docx v1.pdf,F:\WWTP DOCUMENT DIVE\Cadillac_MiEnviro_2011-2026\documents\2017-04-03__-5563635413840106744__AVON Protection.docx v1.pdf,56125,9ea68b36c811ecd350be0ba503bdd9e0ff87292d307762755c1728baa832ab62,True,1,1506,1,0,
2017-04-03__-5693104588523843213__AAR 6th.docx v1.pdf,F:\WWTP DOCUMENT DIVE\Cadillac_MiEnviro_2011-2026\documents\2017-04-03__-5693104588523843213__AAR 6th.docx v1.pdf,56212,c0283e233bd31457ab5379cbad13fda56fbc9181b6784ee88715dcef57fb85dd,True,1,1517,1,0,
2017-04-03__-5800382166597688800__ARVCO.docx v1.pdf,F:\WWTP DOCUMENT DIVE\Cadillac_MiEnviro_2011-2026\documents\2017-04-03__-5800382166597688800__ARVCO.docx v1.pdf,56592,dc6e12adf24b444a52704f199f577fa91f38d5a9b247fe310cde84110ea7aee6,True,1,1498,1,0,
2017-04-03__-6756834478233780033__REC BOAT SPORT.docx v1.pdf,F:\WWTP DOCUMENT DIVE\Cadillac_MiEnviro_2011-2026\documents\2017-04-03__-6756834478233780033__REC BOAT SPORT.docx v1.pdf,56418,426d0c961400f15814aada8ff35f5611c1017286d3be629e1b742c231c8080a1,True,1,1519,1,0,
2017-04-03__-6842767691186545255__REC BOAT CABINETRY.docx v1.pdf,F:\WWTP DOCUMENT DIVE\Cadillac_MiEnviro_2011-2026\documents\2017-04-03__-6842767691186545255__REC BOAT CABINETRY.docx v1.pdf,56382,dbd6f387a2492f2d26851be32d6752b745c5410d5fed308532cf44d8bcb90a4e,True,1,1513,1,0,
2017-04-03__-8499150955445776749__Borg Warner.docx v1.pdf,F:\WWTP DOCUMENT DIVE\Cadillac_MiEnviro_2011-2026\documents\2017-04-03__-8499150955445776749__Borg Warner.docx v1.pdf,56129,1f0d8ccc764e8423cbb18bf673cb27bb573641b712272aba80aaacb11e30cc4c,True,1,1503,1,0,
2017-04-03__-8713293357649151288__Paragon Wet Test (3).pdf v1.pdf,F:\WWTP DOCUMENT DIVE\Cadillac_MiEnviro_2011-2026\documents\2017-04-03__-8713293357649151288__Paragon Wet Test (3).pdf v1.pdf,558030,a95bca5ca4237f685a4aedaef5af1854c5d52514d1135b602fa9589ea32989c4,True,22,39233,22,0,
2017-04-03__-9090737734205945229__0P1-02 Process Flow.pdf v1.pdf,F:\WWTP DOCUMENT DIVE\Cadillac_MiEnviro_2011-2026\documents\2017-04-03__-9090737734205945229__0P1-02 Process Flow.pdf v1.pdf,364177,be54bb8561dd68cf47006de2a66328221b9b336175346937239970f778792ef1,True,1,0,0,1,
2017-04-03__-910355065678437940__AAR Facility.docx v1.pdf,F:\WWTP DOCUMENT DIVE\Cadillac_MiEnviro_2011-2026\documents\2017-04-03__-910355065678437940__AAR Facility.docx v1.pdf,56647,f499bfd3d0fa5e383814f95c8493cc49156414ac8cc95e4793c68bb6eb7e5707,True,1,1519,1,0,
2017-04-03__-9118125169549468879__AVON.docx v1.pdf,F:\WWTP DOCUMENT DIVE\Cadillac_MiEnviro_2011-2026\documents\2017-04-03__-9118125169549468879__AVON.docx v1.pdf,56095,c826ffe9ffe520524cac44159c40b0e6548c7632ac8fa70aa9f6c94a41ac5a27,True,1,1493,1,0,
2017-04-03__1829985439158043192__SPENCER.docx v1.pdf,F:\WWTP DOCUMENT DIVE\Cadillac_MiEnviro_2011-2026\documents\2017-04-03__1829985439158043192__SPENCER.docx v1.pdf,56128,81a80256489dafa080b2dbedd600ed388bf646600d1e6431ba511acb04fafc08,True,1,1508,1,0,
2017-04-03__1852969813164958154__Paragon Wet Test (1).pdf v1.pdf,F:\WWTP DOCUMENT DIVE\Cadillac_MiEnviro_2011-2026\documents\2017-04-03__1852969813164958154__Paragon Wet Test (1).pdf v1.pdf,624166,ddc483599a44082438fc6686f61cd58045f0ba27210e66a3f3a192d2905c5a9f,True,23,43742,23,0,
2017-04-03__2929107239418671816__WEXFORD LANDFILL.docx v1.pdf,F:\WWTP DOCUMENT DIVE\Cadillac_MiEnviro_2011-2026\documents\2017-04-03__2929107239418671816__WEXFORD LANDFILL.docx v1.pdf,56579,1f7e70d66b3012a9b251015562ea99bed32584e098c413c7cc1916a266dbf3f3,True,1,1530,1,0,
2017-04-03__3858403373487489303__AVON 2 5th St Manhole.docx v1.pdf,F:\WWTP DOCUMENT DIVE\Cadillac_MiEnviro_2011-2026\documents\2017-04-03__3858403373487489303__AVON 2 5th St Manhole.docx v1.pdf,56100,d6c8d12f1adee040bfd4cc017094269f82bac17a6d8bb7c58ff0fabd45841cf5,True,1,1495,1,0,
2017-04-03__3937714205518051674__Plant Brochure.pdf v1.pdf,F:\WWTP DOCUMENT DIVE\Cadillac_MiEnviro_2011-2026\documents\2017-04-03__3937714205518051674__Plant Brochure.pdf v1.pdf,4285743,12b51b03de98c50698094c994f87140091cd5ee88d7c660891dd3d41de8957dc,True,9,0,0,9,
2017-04-03__4079635351094952055__AAR Rinse Tank.docx v1.pdf,F:\WWTP DOCUMENT DIVE\Cadillac_MiEnviro_2011-2026\documents\2017-04-03__4079635351094952055__AAR Rinse Tank.docx v1.pdf,56660,2eb315e776cb91f0742581ebfe873b1b8b617c09789692da884d01efbf6af06c,True,1,1520,1,0,
2017-04-03__4641308164668318184__NPDES.pdf v1.pdf,F:\WWTP DOCUMENT DIVE\Cadillac_MiEnviro_2011-2026\documents\2017-04-03__4641308164668318184__NPDES.pdf v1.pdf,60529,f809ae7f23d8bb9fcb21aed5b0c1c9fdadf217b707960b09bfe12c7d1a67f689,True,3,6599,3,0,
2017-04-03__5769919426026990647__FIAMM.docx v1.pdf,F:\WWTP DOCUMENT DIVE\Cadillac_MiEnviro_2011-2026\documents\2017-04-03__5769919426026990647__FIAMM.docx v1.pdf,56239,eca400f5276e1a697f0adc3dc418a3a6adf58e5b7e959b0350e532fd64310814,True,1,1511,1,0,
2017-04-03__6710410934790894908__CCI.docx v1.pdf,F:\WWTP DOCUMENT DIVE\Cadillac_MiEnviro_2011-2026\documents\2017-04-03__6710410934790894908__CCI.docx v1.pdf,56808,3b1a0ae30462445a87858da62e9dd311c239d9b6323491a7c0bc4051fb6bbcba,True,1,1611,1,0,
2017-04-03__6932780206728288696__Paragon Wet Test.pdf v1.pdf,F:\WWTP DOCUMENT DIVE\Cadillac_MiEnviro_2011-2026\documents\2017-04-03__6932780206728288696__Paragon Wet Test.pdf v1.pdf,557471,b0d1331c677838ec9c7b73fb0176fc7f38c1bd1a5a1e0a86dee88f7a435258bb,True,22,39257,22,0,
2017-04-03__8306099835625514154__0P1-03 Process Flow.pdf v1.pdf,F:\WWTP DOCUMENT DIVE\Cadillac_MiEnviro_2011-2026\documents\2017-04-03__8306099835625514154__0P1-03 Process Flow.pdf v1.pdf,399431,39a4c7e03888aafe0d9d887a066e5996f155e30280d13737cd17776a1366c70a,True,1,0,0,1,
2017-04-03__832209690549104746__Michigan Rubber.docx v1.pdf,F:\WWTP DOCUMENT DIVE\Cadillac_MiEnviro_2011-2026\documents\2017-04-03__832209690549104746__Michigan Rubber.docx v1.pdf,56254,84dea7e2aaf875960691455b97a26b1a187d6fcab0d17d170e3edd860d76b19e,True,1,1505,1,0,
2017-04-05__-4194105337445403259__Application_2Q7-HQ21-P66B V1.pdf v1.pdf,F:\WWTP DOCUMENT DIVE\Cadillac_MiEnviro_2011-2026\documents\2017-04-05__-4194105337445403259__Application_2Q7-HQ21-P66B V1.pdf v1.pdf,134638,6a540cadcdc6fb9200560fcfd59897410932872fa6e48ca880ee5a8266642960,True,22,41854,22,0,
2017-04-19__-2462697300358445557__DMR Summary - MI0020257 _03_01_2017_to_03_31_2017_V1.docx.pdf,F:\WWTP DOCUMENT DIVE\Cadillac_MiEnviro_2011-2026\documents\2017-04-19__-2462697300358445557__DMR Summary - MI0020257 _03_01_2017_to_03_31_2017_V1.docx.pdf,105497,144e5303ac05e0e0c6bcf22d4f9bbe128d1315d4d945b346f256d9cba7b8715e,True,4,9132,4,0,
2017-04-19__5374658919181652521__DMR Daily - MI0020257 _03_01_2017_to_03_31_2017_V1.docx.pdf,F:\WWTP DOCUMENT DIVE\Cadillac_MiEnviro_2011-2026\documents\2017-04-19__5374658919181652521__DMR Daily - MI0020257 _03_01_2017_to_03_31_2017_V1.docx.pdf,124640,d15463e5d6dfb382684474a941a7f06be20025a90f32fde0ed4e7d9fba2946fd,True,6,13007,6,0,
2017-05-09__7735398460674456608__emails regd verbal notify BOD exceed 050917 ul MiW.msg.pdf,F:\WWTP DOCUMENT DIVE\Cadillac_MiEnviro_2011-2026\documents\2017-05-09__7735398460674456608__emails regd verbal notify BOD exceed 050917 ul MiW.msg.pdf,90084,1a52ced083ed5e452295616964c7022743f07951dd8842e15efc25a2b07527d0,True,2,2130,2,0,
2017-05-12__3141508032254302466__written rpt BOD exceed 051217 ul MiW.msg.pdf,F:\WWTP DOCUMENT DIVE\Cadillac_MiEnviro_2011-2026\documents\2017-05-12__3141508032254302466__written rpt BOD exceed 051217 ul MiW.msg.pdf,57040,262a9fb8460c6f373ddb201f771d2c1c1560d87552484789c6d1c674ff08c14f,True,1,1179,1,0,
2017-05-17__-389607197290388061__email addn reporting BOD exceed 051717 ul MiW.msg.pdf,F:\WWTP DOCUMENT DIVE\Cadillac_MiEnviro_2011-2026\documents\2017-05-17__-389607197290388061__email addn reporting BOD exceed 051717 ul MiW.msg.pdf,89913,276caee31d1a740d13016aa7bd10be84023f8cd88d0ce55f716eb19fd28403b7,True,2,2189,2,0,
2017-05-17__-6506352065203311462__DMR Daily - MI0020257 _04_01_2017_to_04_30_2017_V1.docx.pdf,F:\WWTP DOCUMENT DIVE\Cadillac_MiEnviro_2011-2026\documents\2017-05-17__-6506352065203311462__DMR Daily - MI0020257 _04_01_2017_to_04_30_2017_V1.docx.pdf,123923,266c82415f74eb345aae3f3fd83e18010723aa144a3bc6471bfaedad7cb40aae,True,6,12782,6,0,
2017-05-17__7441804851118153573__DMR Summary - MI0020257 _04_01_2017_to_04_30_2017_V1.docx.pdf,F:\WWTP DOCUMENT DIVE\Cadillac_MiEnviro_2011-2026\documents\2017-05-17__7441804851118153573__DMR Summary - MI0020257 _04_01_2017_to_04_30_2017_V1.docx.pdf,105455,50af8ed40f4c23d1c957ff675ba9a63244f3040eee33f7707b91e8235aae9bae,True,4,9134,4,0,
2017-05-19__-7534533116651044102__written rpt ammonia NPDES exceedance 051917.msg.pdf,F:\WWTP DOCUMENT DIVE\Cadillac_MiEnviro_2011-2026\documents\2017-05-19__-7534533116651044102__written rpt ammonia NPDES exceedance 051917.msg.pdf,56529,8fa379846f886256c218d005eb035cb8ce2bbbc2f2949ecfac85503b9da24d2c,True,1,985,1,0,
2017-05-24__-1358521760501568481__written report BOD exceedance #2 052417.msg.pdf,F:\WWTP DOCUMENT DIVE\Cadillac_MiEnviro_2011-2026\documents\2017-05-24__-1358521760501568481__written report BOD exceedance #2 052417.msg.pdf,56619,2b2ae333b9f697f91281a9b2136c732fdcf34e236949671c8ead0bd23d37f3d0,True,1,871,1,0,
2017-06-13__-1817143456933767821__DMR Summary - MI0020257 _05_01_2017_to_05_31_2017_V1.docx.pdf,F:\WWTP DOCUMENT DIVE\Cadillac_MiEnviro_2011-2026\documents\2017-06-13__-1817143456933767821__DMR Summary - MI0020257 _05_01_2017_to_05_31_2017_V1.docx.pdf,109964,d3adfc78accc506db2bc4ba25b45b2b73b1c722ddb2e1f75c8364006a4080d2a,True,4,9237,4,0,
2017-06-13__-3514350148586469102__DMR Daily - MI0020257 _05_01_2017_to_05_31_2017_V1.docx.pdf,F:\WWTP DOCUMENT DIVE\Cadillac_MiEnviro_2011-2026\documents\2017-06-13__-3514350148586469102__DMR Daily - MI0020257 _05_01_2017_to_05_31_2017_V1.docx.pdf,123241,0843035da90c30119102e345d190e38265a0c2187a250bd7c2d796e6cacdc1ef,True,6,13648,6,0,
2017-06-15__5876564337621442480__written report BOD exceedance 061517.msg.pdf,F:\WWTP DOCUMENT DIVE\Cadillac_MiEnviro_2011-2026\documents\2017-06-15__5876564337621442480__written report BOD exceedance 061517.msg.pdf,55985,629b356c353b8e6c09133c53edc52df8fb9fe2c054e35e6279c46835b9f29c3d,True,1,736,1,0,
2017-07-12__-5622633242256800541__written report BOD exceedance 071217.msg.pdf,F:\WWTP DOCUMENT DIVE\Cadillac_MiEnviro_2011-2026\documents\2017-07-12__-5622633242256800541__written report BOD exceedance 071217.msg.pdf,55662,44c31611dbbda8f4d9acff799b62ec3218b53d44dd616f52a3abdb8ceae26a50,True,1,781,1,0,
2017-07-18__-8542276497179018047__DMR Summary - MI0020257 _06_01_2017_to_06_30_2017_V1.docx.pdf,F:\WWTP DOCUMENT DIVE\Cadillac_MiEnviro_2011-2026\documents\2017-07-18__-8542276497179018047__DMR Summary - MI0020257 _06_01_2017_to_06_30_2017_V1.docx.pdf,109710,772dd317bdcdcde6d0f30b2fb26802127733e1aac4e14c27664fb1472b55b81a,True,4,8882,4,0,
2017-07-18__2596891981566435001__DMR Daily - MI0020257 _06_01_2017_to_06_30_2017_V1.docx.pdf,F:\WWTP DOCUMENT DIVE\Cadillac_MiEnviro_2011-2026\documents\2017-07-18__2596891981566435001__DMR Daily - MI0020257 _06_01_2017_to_06_30_2017_V1.docx.pdf,122673,f77f38fafe49f1f045cbce6d11c83027b82752716874573efa88d05ea1d62268,True,6,13017,6,0,
2017-08-17__-111396327202170199__DMR Daily - MI0020257 _07_01_2017_to_07_31_2017_V1.docx.pdf,F:\WWTP DOCUMENT DIVE\Cadillac_MiEnviro_2011-2026\documents\2017-08-17__-111396327202170199__DMR Daily - MI0020257 _07_01_2017_to_07_31_2017_V1.docx.pdf,123125,2e7ed7684dd262d4a689f09af6e5020b8324f74b8d32dba3a4ce4a9f098672d8,True,6,13175,6,0,
2017-08-17__-3743271668249773176__DMR Summary - MI0020257 _05_01_2017_to_05_31_2017_V2.docx.pdf,F:\WWTP DOCUMENT DIVE\Cadillac_MiEnviro_2011-2026\documents\2017-08-17__-3743271668249773176__DMR Summary - MI0020257 _05_01_2017_to_05_31_2017_V2.docx.pdf,109871,4cc44f1c4954913ee46a4a6bf92b7c359d93a745f423ebf5bd231a9124c5679b,True,4,9102,4,0,
2017-08-17__-486435104065967818__DMR Daily - MI0020257 _05_01_2017_to_05_31_2017_V2.docx.pdf,F:\WWTP DOCUMENT DIVE\Cadillac_MiEnviro_2011-2026\documents\2017-08-17__-486435104065967818__DMR Daily - MI0020257 _05_01_2017_to_05_31_2017_V2.docx.pdf,123245,fbd73501235b712b30656bb9cfad2222ea4c67e20f99f42163bf2dc735d46b49,True,6,13648,6,0,
2017-08-17__1920013186052737041__DMR Summary - MI0020257 _07_01_2017_to_07_31_2017_V1.docx.pdf,F:\WWTP DOCUMENT DIVE\Cadillac_MiEnviro_2011-2026\documents\2017-08-17__1920013186052737041__DMR Summary - MI0020257 _07_01_2017_to_07_31_2017_V1.docx.pdf,109772,250dca9c90c705897fe5fd21ac664bc4c609b655904e6924a2830e44e59abe4f,True,4,9041,4,0,
2017-08-31__-4403402754038879326__Cadillac WWTP DMRQA 37 083117.pdf.pdf,F:\WWTP DOCUMENT DIVE\Cadillac_MiEnviro_2011-2026\documents\2017-08-31__-4403402754038879326__Cadillac WWTP DMRQA 37 083117.pdf.pdf,861285,e6b4e59a36d50114cc4f6850f9e825e6d161ad9cd94aa3e0eaa857ed26f02e9d,True,14,0,0,14,
2017-09-15__7005832042046937184__DMR Daily - MI0020257 _08_01_2017_to_08_31_2017_V1.docx.pdf,F:\WWTP DOCUMENT DIVE\Cadillac_MiEnviro_2011-2026\documents\2017-09-15__7005832042046937184__DMR Daily - MI0020257 _08_01_2017_to_08_31_2017_V1.docx.pdf,122627,e4a57bdac3fb59a14e4368be223ba18d38e39c9f52b5f9fa38e407dc804c29f0,True,6,12913,6,0,
2017-09-15__8461445828922893016__DMR Summary - MI0020257 _08_01_2017_to_08_31_2017_V1.docx.pdf,F:\WWTP DOCUMENT DIVE\Cadillac_MiEnviro_2011-2026\documents\2017-09-15__8461445828922893016__DMR Summary - MI0020257 _08_01_2017_to_08_31_2017_V1.docx.pdf,103075,fe1734387374e67b0a7f710649b8db63f178ff41ee497d0ed83f55d1d631a89f,True,4,8928,4,0,
2017-10-13__-1675409833587234275__2017 As Applied - 17RW01.xlsx v1.pdf,F:\WWTP DOCUMENT DIVE\Cadillac_MiEnviro_2011-2026\documents\2017-10-13__-1675409833587234275__2017 As Applied - 17RW01.xlsx v1.pdf,198111,d4cf0e434515ee4e64fb38b8e0e159dd2bebffa269244fe8a7ab31db84bde801,True,36,26353,36,0,
2017-10-13__-1688568603305138344__Applier Cert. of Pathogens and Vector Attraction Reduction.doc v1.pdf,F:\WWTP DOCUMENT DIVE\Cadillac_MiEnviro_2011-2026\documents\2017-10-13__-1688568603305138344__Applier Cert. of Pathogens and Vector Attraction Reduction.doc v1.pdf,60024,95d3ccd43e4ccf4b53d8cd7d4ffabb82014be6ffe70ecf518bf9a9f0ea4d8ec1,True,1,2305,1,0,
2017-10-13__-2488798986427058681__31GR01 - Analytical.pdf v1.pdf,F:\WWTP DOCUMENT DIVE\Cadillac_MiEnviro_2011-2026\documents\2017-10-13__-2488798986427058681__31GR01 - Analytical.pdf v1.pdf,177078,3fe19dd5c08bdf222ec9867e7db2725b4d1a45be3332fd0bda6e4090445ee68d,True,3,5699,2,1,
2017-10-13__-4030890897963029912__HML Fall 2016.pdf v1.pdf,F:\WWTP DOCUMENT DIVE\Cadillac_MiEnviro_2011-2026\documents\2017-10-13__-4030890897963029912__HML Fall 2016.pdf v1.pdf,41435,21385b8326f380a234e837cb4d954436f582f451eb6307bb7fd9b3f0d90bf485,True,1,1243,1,0,
2017-10-13__-4564688140221150418__2017 As Applied - 31DG01.xlsx v1.pdf,F:\WWTP DOCUMENT DIVE\Cadillac_MiEnviro_2011-2026\documents\2017-10-13__-4564688140221150418__2017 As Applied - 31DG01.xlsx v1.pdf,195786,ba848b4313a8abeb26118c0adb0b1fbbbc17b773b373669b2cf8627353ecfdc0,True,36,25808,36,0,
2017-10-13__-5897892034958233867__2017 As Applied - 30GR01.xlsx v1.pdf,F:\WWTP DOCUMENT DIVE\Cadillac_MiEnviro_2011-2026\documents\2017-10-13__-5897892034958233867__2017 As Applied - 30GR01.xlsx v1.pdf,197486,6896bbf76e04d37bfe246f0fac39985ab4bc17aed4d9371470c8d369739568be,True,36,26292,36,0,
2017-10-13__-7940855265872368210__Spring Biosolids HML 2017.pdf v1.pdf,F:\WWTP DOCUMENT DIVE\Cadillac_MiEnviro_2011-2026\documents\2017-10-13__-7940855265872368210__Spring Biosolids HML 2017.pdf v1.pdf,407689,8998590ccc857dfb1c91e343e22a1028dcc71773115557a47d9a1e8b44814ab7,True,2,0,0,2,
"2017-10-13__1336509163278193309__31DG01, 17EK01, 17RW01 - Analytical.pdf v1.pdf","F:\WWTP DOCUMENT DIVE\Cadillac_MiEnviro_2011-2026\documents\2017-10-13__1336509163278193309__31DG01, 17EK01, 17RW01 - Analytical.pdf v1.pdf",214262,d9b053606024b62f7a406e6d4386bee30b483a2d6179ba183eb950c05f6aa882,True,8,20718,7,1,
2017-10-13__1351029181868169986__DMR Summary - MI0020257 _09_01_2017_to_09_30_2017_V1.docx.pdf,F:\WWTP DOCUMENT DIVE\Cadillac_MiEnviro_2011-2026\documents\2017-10-13__1351029181868169986__DMR Summary - MI0020257 _09_01_2017_to_09_30_2017_V1.docx.pdf,102853,76ae45c57f6a4e1dc6c39e88d2fd9b74b69883d37e09917ea414709af1fe76aa,True,4,8670,4,0,
2017-10-13__1498609859186270953__Class B Site Restrictions Certification.doc v1.pdf,F:\WWTP DOCUMENT DIVE\Cadillac_MiEnviro_2011-2026\documents\2017-10-13__1498609859186270953__Class B Site Restrictions Certification.doc v1.pdf,58395,128cb948f9f7113876fea7cd753a516216e08e93524d4cd12243c6be5d88a74d,True,1,2199,1,0,
2017-10-13__6182107663604652349__DMR Summary - MI0020257 _10_01_2016_to_09_30_2017_V1.docx.pdf,F:\WWTP DOCUMENT DIVE\Cadillac_MiEnviro_2011-2026\documents\2017-10-13__6182107663604652349__DMR Summary - MI0020257 _10_01_2016_to_09_30_2017_V1.docx.pdf,103216,2910ad9731cce7305a08354dbe6d41756e24b3e34574b9b93a8ecf2edf11d368,True,4,10155,4,0,
2017-10-13__7951970310208812203__2017 As Applied - 17EK01.xlsx v1.pdf,F:\WWTP DOCUMENT DIVE\Cadillac_MiEnviro_2011-2026\documents\2017-10-13__7951970310208812203__2017 As Applied - 17EK01.xlsx v1.pdf,197404,a42a24d257743a58b89f1593d7f2bb4b82cef699814d2ecce085c61684b4ae06,True,36,26380,36,0,
2017-10-13__8416368693200764668__HN8-AEB3-S8NKF V1.pdf v1.pdf,F:\WWTP DOCUMENT DIVE\Cadillac_MiEnviro_2011-2026\documents\2017-10-13__8416368693200764668__HN8-AEB3-S8NKF V1.pdf v1.pdf,99971,88e9da848f84f73f1713acf3f42e4962043dda095c12404fbcedde86e32e984f,True,5,8897,5,0,
2017-10-13__865533459970142181__DMR Daily - MI0020257 _09_01_2017_to_09_30_2017_V1.docx.pdf,F:\WWTP DOCUMENT DIVE\Cadillac_MiEnviro_2011-2026\documents\2017-10-13__865533459970142181__DMR Daily - MI0020257 _09_01_2017_to_09_30_2017_V1.docx.pdf,122348,b57d489db2c6053569f09d214fd2928946b44ea5d16847ef35f494b611cc98af,True,6,12783,6,0,
2017-10-13__8684882921218429674__Mgt Practices Certification.doc v1.pdf,F:\WWTP DOCUMENT DIVE\Cadillac_MiEnviro_2011-2026\documents\2017-10-13__8684882921218429674__Mgt Practices Certification.doc v1.pdf,63324,90d73e42aeff5649bb98fa923b55b0f4a3f04b64ed0973042f072b6872bd07b4,True,1,3651,1,0,
2017-10-25__-919100790848612757__Cadillac WWTP Oct 2017 BOD email 102517.msg.pdf,F:\WWTP DOCUMENT DIVE\Cadillac_MiEnviro_2011-2026\documents\2017-10-25__-919100790848612757__Cadillac WWTP Oct 2017 BOD email 102517.msg.pdf,90360,68683ca905115c10cc259d8d99773e7ade8522a7fd7c7a352aa414e2759d2812,True,2,2427,2,0,
2017-10-25__850609280377440890__Cadillac WWTP Oct 2017 BOD notice 102517.msg.pdf,F:\WWTP DOCUMENT DIVE\Cadillac_MiEnviro_2011-2026\documents\2017-10-25__850609280377440890__Cadillac WWTP Oct 2017 BOD notice 102517.msg.pdf,56258,725eed40feaa2e5d118385e11dfba598baf8c0c5f015f8fba4ce72094c5758a2,True,1,768,1,0,
2017-10-30__-6671969809514163421__Cadillac WWTP Oct 2017 BOD email 103017.msg.pdf,F:\WWTP DOCUMENT DIVE\Cadillac_MiEnviro_2011-2026\documents\2017-10-30__-6671969809514163421__Cadillac WWTP Oct 2017 BOD email 103017.msg.pdf,89392,411bc19004827512cf8ebfbbbc60a0a8de2d89e09fa2c1c7d2840e0ee41c970a,True,2,1995,2,0,
2017-11-16__-5037797726850269844__DMR Summary - MI0020257 _10_01_2017_to_10_31_2017_V1.docx.pdf,F:\WWTP DOCUMENT DIVE\Cadillac_MiEnviro_2011-2026\documents\2017-11-16__-5037797726850269844__DMR Summary - MI0020257 _10_01_2017_to_10_31_2017_V1.docx.pdf,110139,18459714c38b961c41c964709b49b8b851984de3fd864842002ba0cdd6887925,True,4,9709,4,0,
2017-11-16__-739207244620603055__DMR Daily - MI0020257 _10_01_2017_to_10_31_2017_V1.docx.pdf,F:\WWTP DOCUMENT DIVE\Cadillac_MiEnviro_2011-2026\documents\2017-11-16__-739207244620603055__DMR Daily - MI0020257 _10_01_2017_to_10_31_2017_V1.docx.pdf,123466,69e031bdedc2d8d11ed97e3ef3bfa9cb747a90b28ebe7fbadebd0d1f53de84ec,True,6,14200,6,0,
2017-12-04__-6334666196725602947__Cadillac WWTP Nov 2017 BOD Notice 120417.msg.pdf,F:\WWTP DOCUMENT DIVE\Cadillac_MiEnviro_2011-2026\documents\2017-12-04__-6334666196725602947__Cadillac WWTP Nov 2017 BOD Notice 120417.msg.pdf,55946,27f9d7f8289da7c591b38ede00949164edc35fccdc5a1626050df7aa84a5ead9,True,1,906,1,0,
2017-12-15__-8814440160125396713__DMR Summary - MI0020257 _11_01_2017_to_11_30_2017_V1.docx.pdf,F:\WWTP DOCUMENT DIVE\Cadillac_MiEnviro_2011-2026\documents\2017-12-15__-8814440160125396713__DMR Summary - MI0020257 _11_01_2017_to_11_30_2017_V1.docx.pdf,109897,92520bc99aee87b514bd59c21968ad6a43a034fa049dcf4bef4a2d32fec7f643,True,4,9114,4,0,
2017-12-15__2472286616657780651__DMR Daily - MI0020257 _11_01_2017_to_11_30_2017_V1.docx.pdf,F:\WWTP DOCUMENT DIVE\Cadillac_MiEnviro_2011-2026\documents\2017-12-15__2472286616657780651__DMR Daily - MI0020257 _11_01_2017_to_11_30_2017_V1.docx.pdf,122273,ce3774ff9a4aeb0878d25fdaca6a2f9cb47d9c4863ae8bae65c11cb3a29d3852,True,6,13112,6,0,
2018-01-18__5351587946243598793__DMR Summary - MI0020257 _12_01_2017_to_12_31_2017_V1.docx.pdf,F:\WWTP DOCUMENT DIVE\Cadillac_MiEnviro_2011-2026\documents\2018-01-18__5351587946243598793__DMR Summary - MI0020257 _12_01_2017_to_12_31_2017_V1.docx.pdf,105456,2d5e33a648eb27ccac00095bd4f1975f6ddaa75c2f64ebc31040d184413404d0,True,4,9137,4,0,
2018-01-18__6383006232820553511__DMR Daily - MI0020257 _12_01_2017_to_12_31_2017_V1.docx.pdf,F:\WWTP DOCUMENT DIVE\Cadillac_MiEnviro_2011-2026\documents\2018-01-18__6383006232820553511__DMR Daily - MI0020257 _12_01_2017_to_12_31_2017_V1.docx.pdf,124341,c7a65c3b3260ccbb43e44e98a6431b4cb38d5580215855d04731ceae8fc59de6,True,6,12948,6,0,
2018-01-30__4396568221413786777__WQBELBiologistFactSheet_MI0020257_1-30-2018.pdf.pdf,F:\WWTP DOCUMENT DIVE\Cadillac_MiEnviro_2011-2026\documents\2018-01-30__4396568221413786777__WQBELBiologistFactSheet_MI0020257_1-30-2018.pdf.pdf,281388,49e091247101fd2685e47cf3f31e45318d68939df2a399f9d57dc9264cfc1538,True,22,45862,22,0,
2018-01-30__9173363052273315993__WQBELBiologistReview_MI0020257_1-30-2018.doc.pdf,F:\WWTP DOCUMENT DIVE\Cadillac_MiEnviro_2011-2026\documents\2018-01-30__9173363052273315993__WQBELBiologistReview_MI0020257_1-30-2018.doc.pdf,74667,c041f2300a6d1b1509a8a4ed2de55c387c5bf561e4703844dd0232429d5adbc0,True,4,14503,4,0,
2018-02-14__-7195529521434838094__Cadillac WWTP Ammonia Method 021418 email.msg.pdf,F:\WWTP DOCUMENT DIVE\Cadillac_MiEnviro_2011-2026\documents\2018-02-14__-7195529521434838094__Cadillac WWTP Ammonia Method 021418 email.msg.pdf,111074,2c0739b418781463b88472301c78cfdc32ac3cb6b8e980caa05511b475a7dd87,True,2,2807,2,0,
2018-02-19__-1122778753452821851__DMR Daily - MI0020257 _01_01_2018_to_01_31_2018_V1.docx.pdf,F:\WWTP DOCUMENT DIVE\Cadillac_MiEnviro_2011-2026\documents\2018-02-19__-1122778753452821851__DMR Daily - MI0020257 _01_01_2018_to_01_31_2018_V1.docx.pdf,124617,74bfdac75f6fd1d93e9cc4464ecb2d2d148ec43c17900e14fb9b9ebda8c7fd22,True,6,12975,6,0,
2018-02-19__9121072629286172709__DMR Summary - MI0020257 _01_01_2018_to_01_31_2018_V1.docx.pdf,F:\WWTP DOCUMENT DIVE\Cadillac_MiEnviro_2011-2026\documents\2018-02-19__9121072629286172709__DMR Summary - MI0020257 _01_01_2018_to_01_31_2018_V1.docx.pdf,105496,67a28d0beffb188d5c25dd041766d3c10e088c704582a0eef3646fafacf2c898,True,4,9126,4,0,
2018-03-01__1950215384933042828__MI0020257 PFAS-IPP Letter 2-20-2018.pdf.pdf,F:\WWTP DOCUMENT DIVE\Cadillac_MiEnviro_2011-2026\documents\2018-03-01__1950215384933042828__MI0020257 PFAS-IPP Letter 2-20-2018.pdf.pdf,359934,7a058f9c19d3ee00ec85257408e6fc1360fdffa9ef8d29828bca2394526e66a1,True,5,0,0,5,
2018-03-15__-2361783230760937000__Cadillac WWTP Ammonia Method 031518 email.msg.pdf,F:\WWTP DOCUMENT DIVE\Cadillac_MiEnviro_2011-2026\documents\2018-03-15__-2361783230760937000__Cadillac WWTP Ammonia Method 031518 email.msg.pdf,105588,f443f7d3ef660cf929fb4f06c7783c717528b9a4beead1ae0f41f420cba2eacd,True,3,4043,3,0,
2018-03-16__-6162908203363123759__AlternateTestMethod-Ammonia_MI0020257_3-2-2018.msg.pdf,F:\WWTP DOCUMENT DIVE\Cadillac_MiEnviro_2011-2026\documents\2018-03-16__-6162908203363123759__AlternateTestMethod-Ammonia_MI0020257_3-2-2018.msg.pdf,89632,db1371f3e1f401f6dd20bfeadb7cbb70c825b842082df0bf29f28c32f7ff6bf2,True,2,3694,2,0,
2018-03-19__-6076810724525433677__DMR Summary - MI0020257 _02_01_2018_to_02_28_2018_V1.docx.pdf,F:\WWTP DOCUMENT DIVE\Cadillac_MiEnviro_2011-2026\documents\2018-03-19__-6076810724525433677__DMR Summary - MI0020257 _02_01_2018_to_02_28_2018_V1.docx.pdf,105779,0149c9028894bbcf2b870b7e09ed91a63e98cff94cc9a47f1cca2975767345c2,True,4,9378,4,0,
2018-03-19__8672164108555213315__DMR Daily - MI0020257 _02_01_2018_to_02_28_2018_V1.docx.pdf,F:\WWTP DOCUMENT DIVE\Cadillac_MiEnviro_2011-2026\documents\2018-03-19__8672164108555213315__DMR Daily - MI0020257 _02_01_2018_to_02_28_2018_V1.docx.pdf,119743,117946b26a438fdc96dc6cdb1ab7f66a1aa142d9708fd72d0abbcb7ca0a1f3d2,True,5,11417,5,0,
2018-03-28__-2139264245510326741__POTW_Oversight_Table.xlsx v1.pdf,F:\WWTP DOCUMENT DIVE\Cadillac_MiEnviro_2011-2026\documents\2018-03-28__-2139264245510326741__POTW_Oversight_Table.xlsx v1.pdf,48518,4d20ff2cea097b75992e4e5cb2a8ed159e482c0867ad1d5b93ba7d7749a34002,True,14,4250,13,1,
2018-03-28__-3545021326186909476__Notice of SNC.jpg v1.pdf,F:\WWTP DOCUMENT DIVE\Cadillac_MiEnviro_2011-2026\documents\2018-03-28__-3545021326186909476__Notice of SNC.jpg v1.pdf,90896,99a3b1774a761b68a37c5536c0f304f3711c8fdc2792d22d6a50fd845becfefb,True,1,0,0,1,
2018-03-28__-6012504194437617428__POTW_Monitoring_Data_Summary.xlsx v1.pdf,F:\WWTP DOCUMENT DIVE\Cadillac_MiEnviro_2011-2026\documents\2018-03-28__-6012504194437617428__POTW_Monitoring_Data_Summary.xlsx v1.pdf,73449,f19a204ea65ec5f6be8b3535729f369ea7d6ebc115224680615a89667b78c923,True,4,1547,4,0,
2018-03-28__-6666933816233107755__HNB-J69X-W1FHA V1.pdf v1.pdf,F:\WWTP DOCUMENT DIVE\Cadillac_MiEnviro_2011-2026\documents\2018-03-28__-6666933816233107755__HNB-J69X-W1FHA V1.pdf v1.pdf,288966,120dbeb59d521dfe4b204dc7473c6d58b6c250fe77a1c0925ce1475cdc2ebbee,True,2,7915,2,0,
2018-03-28__4593201925321274393__SIU-CIU_List.xlsx v1.pdf,F:\WWTP DOCUMENT DIVE\Cadillac_MiEnviro_2011-2026\documents\2018-03-28__4593201925321274393__SIU-CIU_List.xlsx v1.pdf,48997,95a00ade695b98a74eb499dcb17d4e44dba27f6634d6099f145a18eb314c639c,True,7,4447,7,0,
2018-04-13__-6721065085631102069__DMR Summary - MI0020257 _03_01_2018_to_03_31_2018_V1.docx.pdf,F:\WWTP DOCUMENT DIVE\Cadillac_MiEnviro_2011-2026\documents\2018-04-13__-6721065085631102069__DMR Summary - MI0020257 _03_01_2018_to_03_31_2018_V1.docx.pdf,105476,42645afc46de5c5aa00ddc428763e1897d4c743c03227e6287e24155746e615c,True,4,9128,4,0,
2018-04-13__-8199773167501560754__DMR Daily - MI0020257 _03_01_2018_to_03_31_2018_V1.docx.pdf,F:\WWTP DOCUMENT DIVE\Cadillac_MiEnviro_2011-2026\documents\2018-04-13__-8199773167501560754__DMR Daily - MI0020257 _03_01_2018_to_03_31_2018_V1.docx.pdf,124335,71e5111230fbadd68edcebd8af587bb42f0a9739d14031d215c2ac462aa0775f,True,6,12915,6,0,
2018-04-17__4841671392581047597__Cadillac WWTP Fecal Method email 041718.msg.pdf,F:\WWTP DOCUMENT DIVE\Cadillac_MiEnviro_2011-2026\documents\2018-04-17__4841671392581047597__Cadillac WWTP Fecal Method email 041718.msg.pdf,66085,76139a11277a608d2c2e959f07e324d9666ee78f21ca19f661125af9fa8d4973,True,1,1449,1,0,
2018-04-18__1922698188754231116__PFAS.msg.pdf,F:\WWTP DOCUMENT DIVE\Cadillac_MiEnviro_2011-2026\documents\2018-04-18__1922698188754231116__PFAS.msg.pdf,421851,f701e912ca3debda125082bdb71fef5b06533477c48ce17056cd18c55d6faacc,True,7,5995,6,1,
2018-04-19__3538327832857428719__RE_ PFAS.msg.pdf,F:\WWTP DOCUMENT DIVE\Cadillac_MiEnviro_2011-2026\documents\2018-04-19__3538327832857428719__RE_ PFAS.msg.pdf,407089,ae0709a82af7ca67f21653258b859828b03c71fc4d06c207a2d91a24639bcf8e,True,11,17124,11,0,
2018-05-07__-4662633947220908881__Cadillac WWTP May CBOD Exceed 050718.msg.pdf,F:\WWTP DOCUMENT DIVE\Cadillac_MiEnviro_2011-2026\documents\2018-05-07__-4662633947220908881__Cadillac WWTP May CBOD Exceed 050718.msg.pdf,40711,6126a13afdd6f3ad0f94e2e3e229e9cdcdeab5f248fb7d3dc2738f518898f58a,True,1,684,1,0,
2018-05-08__-2399458598275382685__IMG_0013-cas.JPG.pdf,F:\WWTP DOCUMENT DIVE\Cadillac_MiEnviro_2011-2026\documents\2018-05-08__-2399458598275382685__IMG_0013-cas.JPG.pdf,150044,97fa59a9f50fce93a1c62d3ba581970d7b0d0d200137edce7de723db484fc99b,True,1,0,0,1,
2018-05-08__-2399497788243427344__IMG_0024-cas.JPG.pdf,F:\WWTP DOCUMENT DIVE\Cadillac_MiEnviro_2011-2026\documents\2018-05-08__-2399497788243427344__IMG_0024-cas.JPG.pdf,143913,6c4973121529ec08bfc32f4a3e52ef4d232928d26b91744e0436088f3dbbc249,True,1,0,0,1,
2018-05-08__-28324926175105492__IMG_0027-cas.JPG.pdf,F:\WWTP DOCUMENT DIVE\Cadillac_MiEnviro_2011-2026\documents\2018-05-08__-28324926175105492__IMG_0027-cas.JPG.pdf,139056,8184921bbfa0cff3549fa3e8fdbfcbbfe3aaffeb59d23e6cbe926265fad2e6de,True,1,0,0,1,
2018-05-08__-3373831412953128423__IMG_0029-cas.JPG.pdf,F:\WWTP DOCUMENT DIVE\Cadillac_MiEnviro_2011-2026\documents\2018-05-08__-3373831412953128423__IMG_0029-cas.JPG.pdf,129652,6112fd434938986f5bd2b57430ac4a726ebba9697173c7b6241c12d7949412b8,True,1,0,0,1,
2018-05-08__-4086204810433318992__IMG_0021-cas.JPG.pdf,F:\WWTP DOCUMENT DIVE\Cadillac_MiEnviro_2011-2026\documents\2018-05-08__-4086204810433318992__IMG_0021-cas.JPG.pdf,150805,0effa35abae80417b7c0e35550460686d184f0b0e193902bc7993579e19905ca,True,1,0,0,1,
2018-05-08__-4387202925376745449__IMG_0012-cas.JPG.pdf,F:\WWTP DOCUMENT DIVE\Cadillac_MiEnviro_2011-2026\documents\2018-05-08__-4387202925376745449__IMG_0012-cas.JPG.pdf,155865,32a9d5883452c199cf7a155c15ded92a958fd207953b131d51e4a867e7ab5697,True,1,0,0,1,
2018-05-08__-4934672298598036191__IMG_0011-cas.JPG.pdf,F:\WWTP DOCUMENT DIVE\Cadillac_MiEnviro_2011-2026\documents\2018-05-08__-4934672298598036191__IMG_0011-cas.JPG.pdf,159037,5d11e689db073d014905014ec7585a89882e02f17987d8a40c260a02fe6c5934,True,1,0,0,1,
2018-05-08__-5157977368029054289__IMG951507.jpg.pdf,F:\WWTP DOCUMENT DIVE\Cadillac_MiEnviro_2011-2026\documents\2018-05-08__-5157977368029054289__IMG951507.jpg.pdf,264703,8e589fa7b2086f1d4bab6afff8b48ab10a39d9b18878c64706e67fc4e5716f14,True,1,0,0,1,
2018-05-08__-5444929977877672875__IMG_0025-cas.JPG.pdf,F:\WWTP DOCUMENT DIVE\Cadillac_MiEnviro_2011-2026\documents\2018-05-08__-5444929977877672875__IMG_0025-cas.JPG.pdf,101118,81f649f9dce143aad36896b7c657f458e276ee37251ea47f9aa2a230629237c4,True,1,0,0,1,
2018-05-08__-5904639892816440015__IMG_0018-cas.JPG.pdf,F:\WWTP DOCUMENT DIVE\Cadillac_MiEnviro_2011-2026\documents\2018-05-08__-5904639892816440015__IMG_0018-cas.JPG.pdf,168866,3d5c442b4d351fb2a75f5fce80517f4349dd7dbcc8a36e0aac85087b3b53401c,True,1,0,0,1,
2018-05-08__-6061985621999773483__EM-Hauling Info.msg.pdf,F:\WWTP DOCUMENT DIVE\Cadillac_MiEnviro_2011-2026\documents\2018-05-08__-6061985621999773483__EM-Hauling Info.msg.pdf,1628096,f78183d826bf8b56009928a072b365e44c25c6d6ff3145d39a580bd95897a084,True,50,78077,46,4,
2018-05-08__-8093064571610602919__IMG_0031-cas.JPG.pdf,F:\WWTP DOCUMENT DIVE\Cadillac_MiEnviro_2011-2026\documents\2018-05-08__-8093064571610602919__IMG_0031-cas.JPG.pdf,145758,10014d860a59c0b1b9858619879da271dd4c72db4589cacf03d951e4ffd98107,True,1,0,0,1,
2018-05-08__1584946013011353055__IMG_0020-cas.JPG.pdf,F:\WWTP DOCUMENT DIVE\Cadillac_MiEnviro_2011-2026\documents\2018-05-08__1584946013011353055__IMG_0020-cas.JPG.pdf,149428,53bcdf4f7cc59b5e782ef4996d7cbcacfa07639ebd3070db044b5a78bfcff542,True,1,0,0,1,
2018-05-08__1705061446773818631__IMG_0016-cas.JPG.pdf,F:\WWTP DOCUMENT DIVE\Cadillac_MiEnviro_2011-2026\documents\2018-05-08__1705061446773818631__IMG_0016-cas.JPG.pdf,151263,e0e5e6de55a61365e5674437e947d79ebed418b5adc88b3e770b037c1935053b,True,1,0,0,1,
2018-05-08__3366351575304018828__IMG_0014-cas.JPG.pdf,F:\WWTP DOCUMENT DIVE\Cadillac_MiEnviro_2011-2026\documents\2018-05-08__3366351575304018828__IMG_0014-cas.JPG.pdf,130640,7039373977982011fceabc69090f4db9fc260760b6cf564afe303de2131eb3e4,True,1,0,0,1,
2018-05-08__3535436455339375991__IMG_0030-cas.JPG.pdf,F:\WWTP DOCUMENT DIVE\Cadillac_MiEnviro_2011-2026\documents\2018-05-08__3535436455339375991__IMG_0030-cas.JPG.pdf,147489,2f87110fbb10899191d333f936dfc79d7e40ab7247e648a6e11c787ddd482269,True,1,0,0,1,
2018-05-08__4102871430425855324__IMG_0015-cas.JPG.pdf,F:\WWTP DOCUMENT DIVE\Cadillac_MiEnviro_2011-2026\documents\2018-05-08__4102871430425855324__IMG_0015-cas.JPG.pdf,141166,c4a32eb138676ca87d428dad49b64c212467ecf338034770f695da62ab10cb14,True,1,0,0,1,
2018-05-08__4140922109563058919__IMG951506.jpg.pdf,F:\WWTP DOCUMENT DIVE\Cadillac_MiEnviro_2011-2026\documents\2018-05-08__4140922109563058919__IMG951506.jpg.pdf,220940,c3457e14d4d07d72e08815f6e150e4c1619b826180c16079e794bd10696e334a,True,1,0,0,1,
2018-05-08__4273878836246250660__Pace Biosolids 3-28-2018 Sampling results.pdf.pdf,F:\WWTP DOCUMENT DIVE\Cadillac_MiEnviro_2011-2026\documents\2018-05-08__4273878836246250660__Pace Biosolids 3-28-2018 Sampling results.pdf.pdf,986609,bb9d5bc3d13f0fb497e06dcb9eea1522ff918be4a955f81dd3847066e4661415,True,44,77085,42,2,
2018-05-08__6450893892153400972__IMG_0023-cas.JPG.pdf,F:\WWTP DOCUMENT DIVE\Cadillac_MiEnviro_2011-2026\documents\2018-05-08__6450893892153400972__IMG_0023-cas.JPG.pdf,168700,58ea9a7d065a816dc9d2127c4945e74c1e24ca854930019b3abe290c7d08bf62,True,1,0,0,1,
2018-05-08__6747494849719470224__IMG_0028-cas.JPG.pdf,F:\WWTP DOCUMENT DIVE\Cadillac_MiEnviro_2011-2026\documents\2018-05-08__6747494849719470224__IMG_0028-cas.JPG.pdf,129848,24afeab00ed248837d21e7c50f0456fde64bd69933f9ffccdfd0992573f241b2,True,1,0,0,1,
2018-05-08__7088981037234495432__IMG_0026-cas.JPG.pdf,F:\WWTP DOCUMENT DIVE\Cadillac_MiEnviro_2011-2026\documents\2018-05-08__7088981037234495432__IMG_0026-cas.JPG.pdf,101265,2905eba4031b43853a26bbfc354c83759cf9281988e20908194086640e9be921,True,1,0,0,1,
2018-05-08__8003210494888166808__IMG_0017-cas.JPG.pdf,F:\WWTP DOCUMENT DIVE\Cadillac_MiEnviro_2011-2026\documents\2018-05-08__8003210494888166808__IMG_0017-cas.JPG.pdf,162928,7ff390a44b10263f6bb43fbd6b465059562f0f13a2dd09ef94452085a30e25ce,True,1,0,0,1,
2018-05-08__842608613722601915__IMG_0022-cas.JPG.pdf,F:\WWTP DOCUMENT DIVE\Cadillac_MiEnviro_2011-2026\documents\2018-05-08__842608613722601915__IMG_0022-cas.JPG.pdf,163357,602c5ea5d79989262961e35a584f1e363498c8396312254ab81767ca86dc97b8,True,1,0,0,1,
2018-05-08__8660571482855999230__IMG_0019-cas.JPG.pdf,F:\WWTP DOCUMENT DIVE\Cadillac_MiEnviro_2011-2026\documents\2018-05-08__8660571482855999230__IMG_0019-cas.JPG.pdf,167561,88b562bd4225b9a5ebcaee890b6d2c248cca77759cc940e27f391d821f0bda0a,True,1,0,0,1,
2018-05-08__9085707484366763135__Cadillac WWTP May CBOD Exceed 050818.msg.pdf,F:\WWTP DOCUMENT DIVE\Cadillac_MiEnviro_2011-2026\documents\2018-05-08__9085707484366763135__Cadillac WWTP May CBOD Exceed 050818.msg.pdf,41212,b321f38848869335b89119bbb776fa38380d9db8463142723717fc5f09cb9169,True,1,734,1,0,
2018-05-09__-3670737727367029737__Cadillac WWTP May CBOD Exceed 050918.msg.pdf,F:\WWTP DOCUMENT DIVE\Cadillac_MiEnviro_2011-2026\documents\2018-05-09__-3670737727367029737__Cadillac WWTP May CBOD Exceed 050918.msg.pdf,41365,bc9387288799aab6b8394c5add8fe27e089842b571d6cca1e7781f1dff0cffbd,True,1,733,1,0,
2018-05-15__1278932597267227932__IMG_0033-cas.JPG.pdf,F:\WWTP DOCUMENT DIVE\Cadillac_MiEnviro_2011-2026\documents\2018-05-15__1278932597267227932__IMG_0033-cas.JPG.pdf,74690,22990cf8a6705a4d081d8b134a4f52a69b2ae5ea7938f5fb914783a129769e64,True,1,0,0,1,
2018-05-15__7845561818448436059__IMG_0032-cas.JPG.pdf,F:\WWTP DOCUMENT DIVE\Cadillac_MiEnviro_2011-2026\documents\2018-05-15__7845561818448436059__IMG_0032-cas.JPG.pdf,56529,0e02d3e672f2b7639ae9db2d9e27fadc8c5c2b202a4ed0e1b10bcb65cff03eb5,True,1,0,0,1,
2018-05-15__8194633805971928943__Docs from WWTP.pdf.pdf,F:\WWTP DOCUMENT DIVE\Cadillac_MiEnviro_2011-2026\documents\2018-05-15__8194633805971928943__Docs from WWTP.pdf.pdf,1140282,baec26cc87331a0de5493b2b214b89dde07a912d5d88e97f1589adbf670d4c64,True,3,0,0,3,
2018-05-16__-8678962175045195900__DMR Daily - MI0020257 _04_01_2018_to_04_30_2018_V1.docx.pdf,F:\WWTP DOCUMENT DIVE\Cadillac_MiEnviro_2011-2026\documents\2018-05-16__-8678962175045195900__DMR Daily - MI0020257 _04_01_2018_to_04_30_2018_V1.docx.pdf,123817,8099902b52a96e5c7cef060c939baef6dd273250a6360e91c60a11ab6aaca078,True,6,12807,6,0,
2018-05-16__939677057579643182__DMR Summary - MI0020257 _04_01_2018_to_04_30_2018_V1.docx.pdf,F:\WWTP DOCUMENT DIVE\Cadillac_MiEnviro_2011-2026\documents\2018-05-16__939677057579643182__DMR Summary - MI0020257 _04_01_2018_to_04_30_2018_V1.docx.pdf,105467,dc425881421bb1383e7eee8d5835463708efef0a0c9a01e8cdd38086eb6c6002,True,4,9130,4,0,
2018-05-17__-2173118411864624684__Spring 2018-Pathogen results.pdf.pdf,F:\WWTP DOCUMENT DIVE\Cadillac_MiEnviro_2011-2026\documents\2018-05-17__-2173118411864624684__Spring 2018-Pathogen results.pdf.pdf,179840,cb4bdb5ff6aa40744ac7c08197e2d8d8aa08b4d4bbbae82482bdba5a4645a23f,True,1,0,0,1,
2018-05-17__317370923758052594__EM-Pathogen results.msg.pdf,F:\WWTP DOCUMENT DIVE\Cadillac_MiEnviro_2011-2026\documents\2018-05-17__317370923758052594__EM-Pathogen results.msg.pdf,304739,68a866482177c2fddc838893bb36601828a7712f6ed5563352b2446632053844,True,3,1412,2,1,
2018-05-18__-739906742778535660__Cadillac WWTP 2nd PFAS-IPP Mailing.pdf.pdf,F:\WWTP DOCUMENT DIVE\Cadillac_MiEnviro_2011-2026\documents\2018-05-18__-739906742778535660__Cadillac WWTP 2nd PFAS-IPP Mailing.pdf.pdf,143259,e13fc785334ff3ae00fd36ed88c23332dbd56238910a92ffa498814c00c15acc,True,2,0,0,2,
2018-05-21__-766849109262881587__EM Tr-Land app rates and info.msg.pdf,F:\WWTP DOCUMENT DIVE\Cadillac_MiEnviro_2011-2026\documents\2018-05-21__-766849109262881587__EM Tr-Land app rates and info.msg.pdf,249750,93bbc2fe9472151a2f95af66c9ef99dfcc3f9d40616477da330adee977391c7f,True,3,3496,3,0,
2018-05-21__-8954288284284844625__April 2018-RJ02 Soils Test.pdf.pdf,F:\WWTP DOCUMENT DIVE\Cadillac_MiEnviro_2011-2026\documents\2018-05-21__-8954288284284844625__April 2018-RJ02 Soils Test.pdf.pdf,121896,560ee45564c8b47022695fb31bcb80f68d082cc52850528fce9b9134844fb5b7,True,1,1599,1,0,
2018-05-23__2280393261818424283__Cadillac WWTP_PFAS Extension Approval FINAL.docx.pdf,F:\WWTP DOCUMENT DIVE\Cadillac_MiEnviro_2011-2026\documents\2018-05-23__2280393261818424283__Cadillac WWTP_PFAS Extension Approval FINAL.docx.pdf,103851,57e36bcc9486ed5a74f6a72d1bd86d96d58efff263bf14e8d986d11cfcf6f9c6,True,1,1921,1,0,
2018-06-12__-7282561946599079844__DMR Summary - MI0020257 _05_01_2018_to_05_31_2018_V1.docx.pdf,F:\WWTP DOCUMENT DIVE\Cadillac_MiEnviro_2011-2026\documents\2018-06-12__-7282561946599079844__DMR Summary - MI0020257 _05_01_2018_to_05_31_2018_V1.docx.pdf,109899,aedf7a3b2f4cef326dd4dafd902d38aa3e556bfcd78a66dcc091c55cadb0a1ff,True,4,9128,4,0,
2018-06-12__7087999755524318816__DMR Daily - MI0020257 _05_01_2018_to_05_31_2018_V1.docx.pdf,F:\WWTP DOCUMENT DIVE\Cadillac_MiEnviro_2011-2026\documents\2018-06-12__7087999755524318816__DMR Daily - MI0020257 _05_01_2018_to_05_31_2018_V1.docx.pdf,122888,c3f869604c6284399f2d39eb037eaceb0f48e0d2ccbb99f883d769f033e15df4,True,6,13266,6,0,
2018-06-13__-8619958092011217786__FW_ City of Cadillac Letter.msg.pdf,F:\WWTP DOCUMENT DIVE\Cadillac_MiEnviro_2011-2026\documents\2018-06-13__-8619958092011217786__FW_ City of Cadillac Letter.msg.pdf,470342,fb95496408dbbe7267069734dbd403177aee900d13496721b4e9b0c4c9510504,True,6,2471,4,2,
2018-06-13__3628686366959490149__WQBEL Memo - Conventionals (WORD).docx.pdf,F:\WWTP DOCUMENT DIVE\Cadillac_MiEnviro_2011-2026\documents\2018-06-13__3628686366959490149__WQBEL Memo - Conventionals (WORD).docx.pdf,64604,cf9fd2af33d7efd9edd3870ce8bad4b7a239aec59f4768eb5370f5a9e6cd4ed5,True,4,8750,4,0,
2018-06-14__5107184373189296510__NPDES Permit-FINAL_Cadillac WWTP.docx.pdf,F:\WWTP DOCUMENT DIVE\Cadillac_MiEnviro_2011-2026\documents\2018-06-14__5107184373189296510__NPDES Permit-FINAL_Cadillac WWTP.docx.pdf,242034,9f01fe21418ab3c840b003f2834560b3fbc45edff80eb7baaf73b4fd7a921401,True,38,117759,38,0,
2018-06-15__-4108818268125140750__Cadillac WWTP 2018 CSI Final Sampling Report 061518.msg.pdf,F:\WWTP DOCUMENT DIVE\Cadillac_MiEnviro_2011-2026\documents\2018-06-15__-4108818268125140750__Cadillac WWTP 2018 CSI Final Sampling Report 061518.msg.pdf,131736,8ccde0a7d5d7ba5f773534ebeaa7dfed890e91f1744adb61d70350dd0f821318,True,18,9209,14,4,
2018-06-27__6364498015414189768__AAR Mobility Maps and Flow.pdf.pdf,F:\WWTP DOCUMENT DIVE\Cadillac_MiEnviro_2011-2026\documents\2018-06-27__6364498015414189768__AAR Mobility Maps and Flow.pdf.pdf,340031,0fdcd80358546c03ff43eecf8de4afff01a7862b9728948d01f4f32049eb5b73,True,5,0,0,5,
2018-07-20__8924536267863581754__DMR Daily - MI0020257 _06_01_2018_to_06_30_2018_V1.docx.pdf,F:\WWTP DOCUMENT DIVE\Cadillac_MiEnviro_2011-2026\documents\2018-07-20__8924536267863581754__DMR Daily - MI0020257 _06_01_2018_to_06_30_2018_V1.docx.pdf,122343,df01c847f819c57c013456db0d69d25af5974cbd6dd88310fd52d0f3b3c3d4e2,True,6,12789,6,0,
2018-07-20__937337554834513897__DMR Summary - MI0020257 _06_01_2018_to_06_30_2018_V1.docx.pdf,F:\WWTP DOCUMENT DIVE\Cadillac_MiEnviro_2011-2026\documents\2018-07-20__937337554834513897__DMR Summary - MI0020257 _06_01_2018_to_06_30_2018_V1.docx.pdf,102879,bd36ecb9b5bfa57037da44ead1a8bb2d95d5dc24e19cdd53202efd06887d6147,True,4,8667,4,0,
2018-07-26__7890631484964037993__Compliance Correspondence_Cadillac WWTP - Updated Narrative and Flow Diagram.msg.pdf,F:\WWTP DOCUMENT DIVE\Cadillac_MiEnviro_2011-2026\documents\2018-07-26__7890631484964037993__Compliance Correspondence_Cadillac WWTP - Updated Narrative and Flow Diagram.msg.pdf,260947,7374bc78179a45892a0478b69ca83763916bf0b704888b7d188d48cfc13500cd,True,5,3615,4,1,
2018-07-30__-1446023942601055554__Mich Rubber PFAS Survey.pdf v1.pdf,F:\WWTP DOCUMENT DIVE\Cadillac_MiEnviro_2011-2026\documents\2018-07-30__-1446023942601055554__Mich Rubber PFAS Survey.pdf v1.pdf,1290292,d49346f88b05ce7a5f0e5d759c7de3f750bc79d2827f05c6b97542453ce66bfe,True,10,0,0,10,
2018-07-30__-2532227711322477530__CCI PFAS Survey.pdf v1.pdf,F:\WWTP DOCUMENT DIVE\Cadillac_MiEnviro_2011-2026\documents\2018-07-30__-2532227711322477530__CCI PFAS Survey.pdf v1.pdf,1474729,8df2dd3809eb4434f103a11ba169f967dc876408c55f3c8ce017104a63885d28,True,9,0,0,9,
2018-07-30__-2838228056125865720__HNF-P7H3-DCN87 V1.pdf v1.pdf,F:\WWTP DOCUMENT DIVE\Cadillac_MiEnviro_2011-2026\documents\2018-07-30__-2838228056125865720__HNF-P7H3-DCN87 V1.pdf v1.pdf,53376,c84ac8484363839feb2f3923c72983c8b022805a633bbee6f91bbd2b80969a77,True,3,5333,3,0,
2018-07-30__-4128789177103566747__HAVS PFAS Survey.docx v1.pdf,F:\WWTP DOCUMENT DIVE\Cadillac_MiEnviro_2011-2026\documents\2018-07-30__-4128789177103566747__HAVS PFAS Survey.docx v1.pdf,88296,ad6871ee05f1b9f5d8579995eea1a1062f70cd60e2665a402b778ca33af1da65,True,9,12178,9,0,
2018-07-30__-5118843658505132177__FIAMM PFAS Survey.pdf v1.pdf,F:\WWTP DOCUMENT DIVE\Cadillac_MiEnviro_2011-2026\documents\2018-07-30__-5118843658505132177__FIAMM PFAS Survey.pdf v1.pdf,337960,da3654230044de0209d67de08425735a2f33cd3f5651663824abe82c9ed2e58e,True,1,0,0,1,
2018-07-30__-6363618274501369148__Mich Rubber Response.pdf v1.pdf,F:\WWTP DOCUMENT DIVE\Cadillac_MiEnviro_2011-2026\documents\2018-07-30__-6363618274501369148__Mich Rubber Response.pdf v1.pdf,125367,ee731288aff7fba873f92e8a74f48ee90c2468ccbc9d0dfbe6f0a4c9355cd6ae,True,1,0,0,1,
2018-07-30__-7526274208066539815__APS PFAS Screening.pdf v1.pdf,F:\WWTP DOCUMENT DIVE\Cadillac_MiEnviro_2011-2026\documents\2018-07-30__-7526274208066539815__APS PFAS Screening.pdf v1.pdf,1073011,6150935a50195c0b7cd51a4e7cfd3caccd1dec302ff978a9c71bdd86e0db5234,True,1,0,0,1,
2018-07-30__-7794513103865681017__Piranha PFAS Survey.pdf v1.pdf,F:\WWTP DOCUMENT DIVE\Cadillac_MiEnviro_2011-2026\documents\2018-07-30__-7794513103865681017__Piranha PFAS Survey.pdf v1.pdf,1331973,4557eb333865200c9aee1eddeb639d8ab62f2033700e563a118ac90cbad1f2d2,True,9,0,0,9,
2018-07-30__3440402819179881000__Rec Boat PFAS Survey.pdf v1.pdf,F:\WWTP DOCUMENT DIVE\Cadillac_MiEnviro_2011-2026\documents\2018-07-30__3440402819179881000__Rec Boat PFAS Survey.pdf v1.pdf,2930439,d5fd7e629de76b9aaa8cfa904b5cfde9e9c223e2d568294e08a09bf0e97f5ade,True,9,0,0,9,
2018-07-30__3843258762491556904__2018 IPP Screening - Monitoring Plan.180627modif.pdf v1.pdf,F:\WWTP DOCUMENT DIVE\Cadillac_MiEnviro_2011-2026\documents\2018-07-30__3843258762491556904__2018 IPP Screening - Monitoring Plan.180627modif.pdf v1.pdf,76074,59ebe7478b18ff4565630a2c6ac2c37123fbe212ee88309a7c07f26b5e6bed60,True,3,3018,3,0,
2018-07-30__4128855838564109461__Spencer Plastic PFAS Survey.pdf v1.pdf,F:\WWTP DOCUMENT DIVE\Cadillac_MiEnviro_2011-2026\documents\2018-07-30__4128855838564109461__Spencer Plastic PFAS Survey.pdf v1.pdf,24694,d658c9a8fe835a36239ce9d174748a9539d5162aa38e522b39428370ee57d972,True,1,0,0,1,
2018-07-30__4911742624297732370__AAR PFAS Survey.pdf v1.pdf,F:\WWTP DOCUMENT DIVE\Cadillac_MiEnviro_2011-2026\documents\2018-07-30__4911742624297732370__AAR PFAS Survey.pdf v1.pdf,390218,6006a1f4cb314cdbacdee13eb67403ce2e7a0b9f01c07a755edb05c501361582,True,10,0,0,10,
2018-07-30__5907977853460013045__American Waste PFAS Survey.pdf v1.pdf,F:\WWTP DOCUMENT DIVE\Cadillac_MiEnviro_2011-2026\documents\2018-07-30__5907977853460013045__American Waste PFAS Survey.pdf v1.pdf,272313,aca419b24a35ce99ee82caae61906d54f44457c13274a7d4c63ae0dc8225eea8,True,2,3672,2,0,
2018-07-30__63610395187544635__Avon PFAS Survey.pdf v1.pdf,F:\WWTP DOCUMENT DIVE\Cadillac_MiEnviro_2011-2026\documents\2018-07-30__63610395187544635__Avon PFAS Survey.pdf v1.pdf,374437,657285696a073f18840c82b90edfdb1508c2db83430d067dede0dc7952160e80,True,2,0,0,2,
2018-07-30__9098738459686432357__Arvco PFAS Survey.pdf v1.pdf,F:\WWTP DOCUMENT DIVE\Cadillac_MiEnviro_2011-2026\documents\2018-07-30__9098738459686432357__Arvco PFAS Survey.pdf v1.pdf,162483,8b1eb1233c097f0a53685d12cf3d1eec18754349ff802c0487998985328a39b9,True,9,0,0,9,
2018-07-31__8260746469098060718__Application Incomplete Ltr-Compliance_Cadillac WWTP_Final Narrative and Flow Diagram.msg.pdf,F:\WWTP DOCUMENT DIVE\Cadillac_MiEnviro_2011-2026\documents\2018-07-31__8260746469098060718__Application Incomplete Ltr-Compliance_Cadillac WWTP_Final Narrative and Flow Diagram.msg.pdf,322291,d39c22bf47ab8eb869c1a94552143035b991e0759206c16c33233b2b9a30cf73,True,8,6785,7,1,
2018-08-02__-4635650844082025800__Public Notice Document_Cadillac WWTP.docx.pdf,F:\WWTP DOCUMENT DIVE\Cadillac_MiEnviro_2011-2026\documents\2018-08-02__-4635650844082025800__Public Notice Document_Cadillac WWTP.docx.pdf,53213,987cffc548fab237bce8fdc70ffeb501a206e9025503c6e3be05e6c599fcd007,True,1,2911,1,0,
2018-08-02__-5308550134164369318__Fact Sheet_Cadillac WWTP.docx.pdf,F:\WWTP DOCUMENT DIVE\Cadillac_MiEnviro_2011-2026\documents\2018-08-02__-5308550134164369318__Fact Sheet_Cadillac WWTP.docx.pdf,940617,0b7e9c09363ef4b4e033aea714a6f28f067450885db25a15cb25fafbaaa3ac57,True,3,6311,3,0,
2018-08-02__-6957847096866406337__Basis for Decision Memo-FINAL_Cadillac WWTP.docx.pdf,F:\WWTP DOCUMENT DIVE\Cadillac_MiEnviro_2011-2026\documents\2018-08-02__-6957847096866406337__Basis for Decision Memo-FINAL_Cadillac WWTP.docx.pdf,92428,ce395833a637f5b5b89d9f16dc046283691ed653046c4734bd419df6c62c34e8,True,4,8010,4,0,
2018-08-14__-3619680789938111605__DMR Daily - MI0020257 _07_01_2018_to_07_31_2018_V1.docx.pdf,F:\WWTP DOCUMENT DIVE\Cadillac_MiEnviro_2011-2026\documents\2018-08-14__-3619680789938111605__DMR Daily - MI0020257 _07_01_2018_to_07_31_2018_V1.docx.pdf,122935,9b8490fc70ca42c920ad279ebd725691d650033eed5f7c45a1756b1be58e418a,True,6,12862,6,0,
2018-08-14__3024585747262726508__DMR Summary - MI0020257 _07_01_2018_to_07_31_2018_V1.docx.pdf,F:\WWTP DOCUMENT DIVE\Cadillac_MiEnviro_2011-2026\documents\2018-08-14__3024585747262726508__DMR Summary - MI0020257 _07_01_2018_to_07_31_2018_V1.docx.pdf,102873,9aea7b5c5fedd297bd39e06b105fc7031a27d81cc12e7762a0a8f954b02d0f7a,True,4,8664,4,0,
2018-08-31__-295355443072597213__Cadillac WWTP DMRQA 38 083118.pdf.pdf,F:\WWTP DOCUMENT DIVE\Cadillac_MiEnviro_2011-2026\documents\2018-08-31__-295355443072597213__Cadillac WWTP DMRQA 38 083118.pdf.pdf,723932,98fd1431acc18dbf9bb45bd7e7efc84f13fb4e51ef00ca3d56faee9a49154200,True,15,0,0,15,
2018-09-12__9171882716938331285__Additional Email Correspondence_Asset Management Conversation.msg.pdf,F:\WWTP DOCUMENT DIVE\Cadillac_MiEnviro_2011-2026\documents\2018-09-12__9171882716938331285__Additional Email Correspondence_Asset Management Conversation.msg.pdf,70741,ef6102a6d438556826a312a1eb87af4c9d74f4377d8fd63a3739e0d71aeb74d4,True,8,12420,8,0,
2018-09-19__3274353425299284275__DMR Summary - MI0020257 _08_01_2018_to_08_31_2018_V1.docx.pdf,F:\WWTP DOCUMENT DIVE\Cadillac_MiEnviro_2011-2026\documents\2018-09-19__3274353425299284275__DMR Summary - MI0020257 _08_01_2018_to_08_31_2018_V1.docx.pdf,103093,91739aa239087838f4c241baa3bad95d01aaf77fa65080fb68b957e014da20af,True,4,8925,4,0,
2018-09-19__7058332325169357574__DMR Daily - MI0020257 _08_01_2018_to_08_31_2018_V1.docx.pdf,F:\WWTP DOCUMENT DIVE\Cadillac_MiEnviro_2011-2026\documents\2018-09-19__7058332325169357574__DMR Daily - MI0020257 _08_01_2018_to_08_31_2018_V1.docx.pdf,123003,43ca95b8b2d5a19ce60fdfc1b6ebbc43d49e0fee7b321025ca02068b1f050a1a,True,6,12946,6,0,
2018-09-20__4781418742612633433__Additional Email Correspondence_Chlorine and UV Inquiry.msg.pdf,F:\WWTP DOCUMENT DIVE\Cadillac_MiEnviro_2011-2026\documents\2018-09-20__4781418742612633433__Additional Email Correspondence_Chlorine and UV Inquiry.msg.pdf,101035,b0440ae9e001fac873727208551d12fb6ab0c8fb4d5d8f5d44b48d3e7058e2b8,True,3,5006,3,0,
2018-09-20__4951764546287509111__RE_ Cadillac WWTP - IPP PFAS Interim Report Review.msg.pdf,F:\WWTP DOCUMENT DIVE\Cadillac_MiEnviro_2011-2026\documents\2018-09-20__4951764546287509111__RE_ Cadillac WWTP - IPP PFAS Interim Report Review.msg.pdf,95451,7797237d5b67735ffd7e012ec867baa489e1e2c0fe581b03779be7cea17b9e71,True,4,8250,4,0,
2018-09-21__-4405780203920524018__FY18 Biosolids Audit Report.docx.pdf,F:\WWTP DOCUMENT DIVE\Cadillac_MiEnviro_2011-2026\documents\2018-09-21__-4405780203920524018__FY18 Biosolids Audit Report.docx.pdf,89345,b4415d494c06264e6369f86cdc6261e15f5bb7f020c3c45553c124031f082be6,True,14,22257,14,0,
2018-09-24__-6232070511699409849__MII Letter to Cadillac WWTP - Biosolids Incorporation.pdf.pdf,F:\WWTP DOCUMENT DIVE\Cadillac_MiEnviro_2011-2026\documents\2018-09-24__-6232070511699409849__MII Letter to Cadillac WWTP - Biosolids Incorporation.pdf.pdf,483153,05b220622b31649b19c85e2486d1ebd78e62b3d351ec43b78550181492689bce,True,1,1561,1,0,
2018-09-24__-7043507367343532193__EM-Biosolids Incorp Letters.msg.pdf,F:\WWTP DOCUMENT DIVE\Cadillac_MiEnviro_2011-2026\documents\2018-09-24__-7043507367343532193__EM-Biosolids Incorp Letters.msg.pdf,707691,ce0611e83642661039e9f56698c25cd5807960e0f7525edc3057efd7cb648137,True,5,2411,4,1,
2018-09-24__-7264173746534175124__EM Tr-Biosolids Incorp Letters.msg.pdf,F:\WWTP DOCUMENT DIVE\Cadillac_MiEnviro_2011-2026\documents\2018-09-24__-7264173746534175124__EM Tr-Biosolids Incorp Letters.msg.pdf,110046,c25124a8fa0beccadfbe5bdb51caf1aa5b3f8dfe768ea8bcf15422cf33107c23,True,2,2950,2,0,
2018-09-24__4078388779723838203__Cadillac WWTP Letter to DEQ - Biosolids Incorporation.pdf.pdf,F:\WWTP DOCUMENT DIVE\Cadillac_MiEnviro_2011-2026\documents\2018-09-24__4078388779723838203__Cadillac WWTP Letter to DEQ - Biosolids Incorporation.pdf.pdf,163660,e781964c5fa7df4788e2f4435f6231fcd362584a95ffcd4a449fe73ea3840a8e,True,1,0,0,1,
2018-10-01__5826779191242185880__Additional Email Correspondence_Asset Management Conversation.msg.pdf,F:\WWTP DOCUMENT DIVE\Cadillac_MiEnviro_2011-2026\documents\2018-10-01__5826779191242185880__Additional Email Correspondence_Asset Management Conversation.msg.pdf,70741,afcd71d2de4c88414ea73be67f47462e02d580d4c037faebfc3c7463db761da0,True,8,12420,8,0,
2018-10-10__8887558777852619651__FY18 Biosolids Audit Transmittal.docx.pdf,F:\WWTP DOCUMENT DIVE\Cadillac_MiEnviro_2011-2026\documents\2018-10-10__8887558777852619651__FY18 Biosolids Audit Transmittal.docx.pdf,96928,18153c926f678f1e3fb3011099d4ea16e80d997dde755e4decc49678e564bf9a,True,2,4945,2,0,
2018-10-11__5868232613343772688__Cadillac Asset Mngmnt Email 101118.msg.pdf,F:\WWTP DOCUMENT DIVE\Cadillac_MiEnviro_2011-2026\documents\2018-10-11__5868232613343772688__Cadillac Asset Mngmnt Email 101118.msg.pdf,139036,6cadb6a96e6b262511e4da41d02eca4ce80680ad0cd924e7c68857a881062121,True,7,1870,2,5,
2018-10-15__1259500000165986272__Arvco email.pdf.pdf,F:\WWTP DOCUMENT DIVE\Cadillac_MiEnviro_2011-2026\documents\2018-10-15__1259500000165986272__Arvco email.pdf.pdf,114035,4ba3a6860e30f0b39318fbf746a98d1dd46f43c13f7407b43e92c41e60accf55,True,1,0,0,1,
2018-10-18__-1700270472071699743__DMR Summary - MI0020257 _09_01_2018_to_09_30_2018_V1.docx.pdf,F:\WWTP DOCUMENT DIVE\Cadillac_MiEnviro_2011-2026\documents\2018-10-18__-1700270472071699743__DMR Summary - MI0020257 _09_01_2018_to_09_30_2018_V1.docx.pdf,102864,90beef2be8655e194eae5235dc895d630d8da027544e9257ee64c1e2854d5c72,True,4,8662,4,0,
2018-10-18__-5369706285084473786__DMR Daily - MI0020257 _09_01_2018_to_09_30_2018_V1.docx.pdf,F:\WWTP DOCUMENT DIVE\Cadillac_MiEnviro_2011-2026\documents\2018-10-18__-5369706285084473786__DMR Daily - MI0020257 _09_01_2018_to_09_30_2018_V1.docx.pdf,122147,1de9031268c995504f323f0465091b870bd51087ef8d1a4b72a73c580209c55a,True,6,12662,6,0,
2018-10-23__2463402374930903482__EM-CCd Correspondence Biosolids Audit Letter FY18.msg.pdf,F:\WWTP DOCUMENT DIVE\Cadillac_MiEnviro_2011-2026\documents\2018-10-23__2463402374930903482__EM-CCd Correspondence Biosolids Audit Letter FY18.msg.pdf,181973,33c798118a54468a48cb6c2f6ec8e290f20b0e73211d5241e9464a845a9ca1ac,True,4,6562,4,0,
2018-10-29__-2132341974653224993__FY18 Applier-Class B Pathogen and Site Restriction Cert-Spring 2018.pdf v1.pdf,F:\WWTP DOCUMENT DIVE\Cadillac_MiEnviro_2011-2026\documents\2018-10-29__-2132341974653224993__FY18 Applier-Class B Pathogen and Site Restriction Cert-Spring 2018.pdf v1.pdf,800083,cf5b3e4bfb8c81aced2c644bf28f081e5a9f253e31a8542314b45e120cf98de2,True,5,0,0,5,
2018-10-29__-2551312139639093636__FY18 Daily Total Solids log.pdf v1.pdf,F:\WWTP DOCUMENT DIVE\Cadillac_MiEnviro_2011-2026\documents\2018-10-29__-2551312139639093636__FY18 Daily Total Solids log.pdf v1.pdf,128419,e80dbf8ded15c88947a102a97348d077e4d4c27fb5b17d7485ba78e6bc31c947,True,1,0,0,1,
2018-10-29__-276971073099901928__FY18 Biosolids Metals and Nutrient Results.pdf v1.pdf,F:\WWTP DOCUMENT DIVE\Cadillac_MiEnviro_2011-2026\documents\2018-10-29__-276971073099901928__FY18 Biosolids Metals and Nutrient Results.pdf v1.pdf,986609,bb9d5bc3d13f0fb497e06dcb9eea1522ff918be4a955f81dd3847066e4661415,True,44,77085,42,2,
2018-10-29__-301703658211288257__FY18 Applier Certification-Management Practices.pdf v1.pdf,F:\WWTP DOCUMENT DIVE\Cadillac_MiEnviro_2011-2026\documents\2018-10-29__-301703658211288257__FY18 Applier Certification-Management Practices.pdf v1.pdf,567827,d5f1f1b14e9f9c437cb3d950e5f1630338395afc1fc26124b68fae5d8984b4da,True,4,0,0,4,
2018-10-29__-3217469014007656711__FY18 Generator-Pathogen Reduction Process Cert.pdf v1.pdf,F:\WWTP DOCUMENT DIVE\Cadillac_MiEnviro_2011-2026\documents\2018-10-29__-3217469014007656711__FY18 Generator-Pathogen Reduction Process Cert.pdf v1.pdf,230155,a628bbbf6689894cf59e50cc614b318323a57ad8326263a514184f9b3cc353ca,True,1,0,0,1,
2018-10-29__-3935179264562711398__Dyneon discussion Cadillac.docx.pdf,F:\WWTP DOCUMENT DIVE\Cadillac_MiEnviro_2011-2026\documents\2018-10-29__-3935179264562711398__Dyneon discussion Cadillac.docx.pdf,20081,adc77e29ceea4fc83e4c66e6e2f6db1eafd556032b10dd4d4e682e2d1b7bc1e6,True,1,483,1,0,
2018-10-29__-4484987493854053281__HNH-M790-67ZPK V1.pdf v1.pdf,F:\WWTP DOCUMENT DIVE\Cadillac_MiEnviro_2011-2026\documents\2018-10-29__-4484987493854053281__HNH-M790-67ZPK V1.pdf v1.pdf,75733,bc95e1748847c7398136bf75612df98daefb5668dc5e0633b38abae0520deae1,True,5,10335,5,0,
2018-10-29__-4976390370056266928__FY18 Biosolids Metals and Nutrient Results.pdf v1.pdf,F:\WWTP DOCUMENT DIVE\Cadillac_MiEnviro_2011-2026\documents\2018-10-29__-4976390370056266928__FY18 Biosolids Metals and Nutrient Results.pdf v1.pdf,186142,7976b96f00295a900fb4304850a5d10875b2f72906bf8a2108d7d3fbf3f1ace2,True,3,5115,2,1,
2018-10-29__-6472403507316648453__DMR Summary - MI0020257 _10_01_2017_to_09_30_2018_V1.docx.pdf,F:\WWTP DOCUMENT DIVE\Cadillac_MiEnviro_2011-2026\documents\2018-10-29__-6472403507316648453__DMR Summary - MI0020257 _10_01_2017_to_09_30_2018_V1.docx.pdf,103193,33aa7169055854696bd202b4250aac65ffd5be455759186399e03f595a70e9cf,True,4,10153,4,0,
2018-10-29__-685056191163607732__FY18 Applier-Mgt Practices Cert-Fall 2017.doc v1.pdf,F:\WWTP DOCUMENT DIVE\Cadillac_MiEnviro_2011-2026\documents\2018-10-29__-685056191163607732__FY18 Applier-Mgt Practices Cert-Fall 2017.doc v1.pdf,63328,3d2fa2c3a992f0925778fc939b11fa2736d97a29f3c54818fcdcd2784b8ed6ae,True,1,3651,1,0,
2018-10-29__-7032330395000084913__FY18 As Applied 21N09W30-GR01.pdf v1.pdf,F:\WWTP DOCUMENT DIVE\Cadillac_MiEnviro_2011-2026\documents\2018-10-29__-7032330395000084913__FY18 As Applied 21N09W30-GR01.pdf v1.pdf,1019048,1850799eb31d4b9c6e4478febfa95a3b0494895132c1be551ad00d045d26c6c4,True,5,0,0,5,
2018-10-29__-8344340778069091413__FY18 Daily Solids Log.pdf v1.pdf,F:\WWTP DOCUMENT DIVE\Cadillac_MiEnviro_2011-2026\documents\2018-10-29__-8344340778069091413__FY18 Daily Solids Log.pdf v1.pdf,145831,3f2a6c4f849908ef7b665083a26f54a37e46105c0d8830eedeb0b00370841a7c,True,1,0,0,1,
2018-10-29__-9056692038543053966__FY18 Applier-VAR Certification-Spring 2018.pdf v1.pdf,F:\WWTP DOCUMENT DIVE\Cadillac_MiEnviro_2011-2026\documents\2018-10-29__-9056692038543053966__FY18 Applier-VAR Certification-Spring 2018.pdf v1.pdf,486945,9718e75cd7cf9be6f5ee4c8f031cff878a58fb5075ad3c0604db3d22eadf487b,True,2,0,0,2,
2018-10-29__1281372020643953927__FY18 Fecal-Enteric-Etc Results.pdf v1.pdf,F:\WWTP DOCUMENT DIVE\Cadillac_MiEnviro_2011-2026\documents\2018-10-29__1281372020643953927__FY18 Fecal-Enteric-Etc Results.pdf v1.pdf,417106,d25b1d7f6de8ec5dbe959c7f2049e76c5e43fb07f3ca8c0146ad74bf5978a445,True,1,1219,1,0,
2018-10-29__1580110436075585993__FY18 LA Site Information.pdf v1.pdf,F:\WWTP DOCUMENT DIVE\Cadillac_MiEnviro_2011-2026\documents\2018-10-29__1580110436075585993__FY18 LA Site Information.pdf v1.pdf,1280864,9f26346cce7ab915b5227867638166ba1f472f948b2a88acd6f38d5054abac63,True,5,0,0,5,
2018-10-29__2125445999343170799__FY18 Fecal-Enteric-Etc Results.pdf v1.pdf,F:\WWTP DOCUMENT DIVE\Cadillac_MiEnviro_2011-2026\documents\2018-10-29__2125445999343170799__FY18 Fecal-Enteric-Etc Results.pdf v1.pdf,414125,03507ff794218b2b50b0244c9af479f63c4fd9110ec7b3ed0eca919ee6e67237,True,2,0,0,2,
2018-10-29__2347978798435200639__FY18 Applier-Class B Site Restrictions Cert-Fall 2017.doc v1.pdf,F:\WWTP DOCUMENT DIVE\Cadillac_MiEnviro_2011-2026\documents\2018-10-29__2347978798435200639__FY18 Applier-Class B Site Restrictions Cert-Fall 2017.doc v1.pdf,58389,25f276fc9cccff5e22bd8bd758c9efb1a22b9230f672a7723b78effb6d744a9d,True,1,2199,1,0,
2018-10-29__2645334160893073868__FY18 As Applied 23N10W29-NS01.xlsx v1.pdf,F:\WWTP DOCUMENT DIVE\Cadillac_MiEnviro_2011-2026\documents\2018-10-29__2645334160893073868__FY18 As Applied 23N10W29-NS01.xlsx v1.pdf,196259,19748ebd713bfa5feee1480f64d6907fd150eb574c37d5a4f3f30b5b139bcdca,True,36,26618,36,0,
2018-10-29__4146064223203263226__FY18 As Applied 21N09W19-TC01.pdf v1.pdf,F:\WWTP DOCUMENT DIVE\Cadillac_MiEnviro_2011-2026\documents\2018-10-29__4146064223203263226__FY18 As Applied 21N09W19-TC01.pdf v1.pdf,1044356,11c02dd080de4d604cc714ccb1f8e5bb8430594364631296e0ced58ec692c4e2,True,5,0,0,5,
2018-10-29__6403317132604385721__FY18 As Applied 20N07W07-RJ02.pdf v1.pdf,F:\WWTP DOCUMENT DIVE\Cadillac_MiEnviro_2011-2026\documents\2018-10-29__6403317132604385721__FY18 As Applied 20N07W07-RJ02.pdf v1.pdf,1037004,91525a5f551a20d945af50afa5ecb81c79200baee3e77bd74e96c3ceaa243729,True,5,0,0,5,
2018-10-29__6596682446003695951__FY18 Temp Logs.pdf v1.pdf,F:\WWTP DOCUMENT DIVE\Cadillac_MiEnviro_2011-2026\documents\2018-10-29__6596682446003695951__FY18 Temp Logs.pdf v1.pdf,986271,875feec6084782bae4c5f77f0f380fb4600143653665a8a777ec1de465c9b88a,True,4,0,0,4,
2018-10-29__7290824506602760518__Additional Email Correspondence_Storm Water Coverage.msg.pdf,F:\WWTP DOCUMENT DIVE\Cadillac_MiEnviro_2011-2026\documents\2018-10-29__7290824506602760518__Additional Email Correspondence_Storm Water Coverage.msg.pdf,50958,a28b62aee66a221712afcdc57eb1042e7b89be7f6a205b94e6882cf5bea32320,True,2,4311,2,0,
2018-10-29__7576125700585566965__FY18 As Applied 21N09W20-TC01.pdf v1.pdf,F:\WWTP DOCUMENT DIVE\Cadillac_MiEnviro_2011-2026\documents\2018-10-29__7576125700585566965__FY18 As Applied 21N09W20-TC01.pdf v1.pdf,1053152,d75e18c8d8cd981b345387f61c63d95495757d381e6426be22c8c0420db64dba,True,5,0,0,5,
2018-10-29__7591858704755305697__FY18 Temp Logs.pdf v1.pdf,F:\WWTP DOCUMENT DIVE\Cadillac_MiEnviro_2011-2026\documents\2018-10-29__7591858704755305697__FY18 Temp Logs.pdf v1.pdf,988375,42d17aeb413aceb79419e3698cab0ee0e5881b3258b53d5943a0cfc1360a83d3,True,4,0,0,4,
2018-10-29__7777500079687113609__FW_ TestAmerica invoice and report files from 190-17646-1 City of Cadillac.msg.pdf,F:\WWTP DOCUMENT DIVE\Cadillac_MiEnviro_2011-2026\documents\2018-10-29__7777500079687113609__FW_ TestAmerica invoice and report files from 190-17646-1 City of Cadillac.msg.pdf,2696076,ca6efe433ab08346623353b57ec08024167a2d0f4b8eeb3d06818537641933d7,True,42,73592,42,0,
2018-11-01__-5755238388065931422__RE_ Cadillac WWTP - IPP PFAS Interim Report Review.msg.pdf,F:\WWTP DOCUMENT DIVE\Cadillac_MiEnviro_2011-2026\documents\2018-11-01__-5755238388065931422__RE_ Cadillac WWTP - IPP PFAS Interim Report Review.msg.pdf,111787,e56bcc9aa04c55dfb312989e3c622ecc031edd8ca8bdb2da9654e0f0d5eb7b2e,True,6,12391,6,0,
2018-11-01__-7625399138862663878__RE_ Cadillac WWTP - IPP PFAS Interim Report Review2.msg.pdf,F:\WWTP DOCUMENT DIVE\Cadillac_MiEnviro_2011-2026\documents\2018-11-01__-7625399138862663878__RE_ Cadillac WWTP - IPP PFAS Interim Report Review2.msg.pdf,111787,c73c0b45e14a47e6b989cce89a4f50a85fa6790addae092cd28e1cddefcd8049,True,6,12391,6,0,
2018-11-05__8236365490693403605__HNH-YJTD-MY6A8 V1.pdf v1.pdf,F:\WWTP DOCUMENT DIVE\Cadillac_MiEnviro_2011-2026\documents\2018-11-05__8236365490693403605__HNH-YJTD-MY6A8 V1.pdf v1.pdf,60725,2c51adcacdfd4ea1ef78a5a61070583161bebe12994dec4057d263385b8e8789,True,4,6525,4,0,
2018-11-07__-1449555407544169069__FW_ TestAmerica invoice and report files from 190-17646-1 City of Cadillac.msg.pdf,F:\WWTP DOCUMENT DIVE\Cadillac_MiEnviro_2011-2026\documents\2018-11-07__-1449555407544169069__FW_ TestAmerica invoice and report files from 190-17646-1 City of Cadillac.msg.pdf,2696076,17dfcc25e8a000c958df286900ed43baac2eb39801eb502c8fa3d21f0fc88dfa,True,42,73592,42,0,
2018-11-13__4483220564335637102__DMR Daily - MI0020257 _10_01_2018_to_10_31_2018_V1.docx.pdf,F:\WWTP DOCUMENT DIVE\Cadillac_MiEnviro_2011-2026\documents\2018-11-13__4483220564335637102__DMR Daily - MI0020257 _10_01_2018_to_10_31_2018_V1.docx.pdf,122963,0c5a0a71c4b1dbf7a33f2e4b4b1b086b0dcc86f3aa6613150784be16a60945b5,True,6,13085,6,0,
2018-11-13__8871183022449392714__DMR Summary - MI0020257 _10_01_2018_to_10_31_2018_V1.docx.pdf,F:\WWTP DOCUMENT DIVE\Cadillac_MiEnviro_2011-2026\documents\2018-11-13__8871183022449392714__DMR Summary - MI0020257 _10_01_2018_to_10_31_2018_V1.docx.pdf,102867,603d7b287597364807b1168c9d69e179fbc08ce89eb68cb90169f57dee6205be,True,4,8674,4,0,
2018-11-15__-277633430264230949__EM-FY18 LA docs and DTs submitted for Biosolids AR - Questions.msg.pdf,F:\WWTP DOCUMENT DIVE\Cadillac_MiEnviro_2011-2026\documents\2018-11-15__-277633430264230949__EM-FY18 LA docs and DTs submitted for Biosolids AR - Questions.msg.pdf,174196,94e97de916f5f14d0a7112d8e03cef06da869badca8b97a6dc47d2d4c7165555,True,3,2468,2,1,
2018-11-15__3140966257682029726__should have picked this one.jpg.pdf,F:\WWTP DOCUMENT DIVE\Cadillac_MiEnviro_2011-2026\documents\2018-11-15__3140966257682029726__should have picked this one.jpg.pdf,64444,ec29dcecf5c03f89a2f61eb3ce84ea0c8d9b2e3b477fc6c5e0e08d1975a7b085,True,1,0,0,1,
2018-11-26__-463334436691465071__Cadillac WWTP BOD Exceed 112618.msg.pdf,F:\WWTP DOCUMENT DIVE\Cadillac_MiEnviro_2011-2026\documents\2018-11-26__-463334436691465071__Cadillac WWTP BOD Exceed 112618.msg.pdf,56072,e6d0ab9cc039e88e0772daf9914ea63377cdb9400888d5ccffacdfeabc5a11de,True,1,704,1,0,
2018-11-28__2316673613866669392__FY18 Applier Certification - Revised.pdf.pdf,F:\WWTP DOCUMENT DIVE\Cadillac_MiEnviro_2011-2026\documents\2018-11-28__2316673613866669392__FY18 Applier Certification - Revised.pdf.pdf,1166708,2459f854b82086767c0ce2dc9e75d60e7b01f5e7930edb74aa7b0fddeeb43f2d,True,5,0,0,5,
2018-11-28__7983495502099291771__EM-FY18 LA docs and DTs submitted for Biosolids AR - revised certification.msg.pdf,F:\WWTP DOCUMENT DIVE\Cadillac_MiEnviro_2011-2026\documents\2018-11-28__7983495502099291771__EM-FY18 LA docs and DTs submitted for Biosolids AR - revised certification.msg.pdf,1316743,c16cd45d65b88d29454d9de85e374a1c28a45ef1a03c405ce6086c6e4a8038f3,True,8,3301,3,5,
2018-11-29__3092683663291337793__HNJ-P0ZX-8AVDS V1.pdf v1.pdf,F:\WWTP DOCUMENT DIVE\Cadillac_MiEnviro_2011-2026\documents\2018-11-29__3092683663291337793__HNJ-P0ZX-8AVDS V1.pdf v1.pdf,52125,7cac269c4207f212eae8b5587cda7a9c38ed8db720560a4b9c803041f383cc97,True,2,3667,2,0,
2018-11-29__7542728895285267816__2018 IPP Screening - Monitoring Plan.Update181130.pdf v1.pdf,F:\WWTP DOCUMENT DIVE\Cadillac_MiEnviro_2011-2026\documents\2018-11-29__7542728895285267816__2018 IPP Screening - Monitoring Plan.Update181130.pdf v1.pdf,86584,2dd8cd38dcb9b088a53fde3a81406d639341960e223ea1271fcad123ab8ce034,True,2,2437,2,0,
2018-11-29__792182164173532957__J17646-1 UDS Level 2 Report Final Report (Leachate).pdf v1.pdf,F:\WWTP DOCUMENT DIVE\Cadillac_MiEnviro_2011-2026\documents\2018-11-29__792182164173532957__J17646-1 UDS Level 2 Report Final Report (Leachate).pdf v1.pdf,2220096,f14db99c8153f5bb88297170433b6195aa16344f8c44a173f687b4c76fd577e6,True,23,38616,23,0,
2018-12-05__7128560501718319606__EM-FY18 LA docs and DTs submitted for Biosolids AR-revsd cert-needs applier signature....msg.pdf,F:\WWTP DOCUMENT DIVE\Cadillac_MiEnviro_2011-2026\documents\2018-12-05__7128560501718319606__EM-FY18 LA docs and DTs submitted for Biosolids AR-revsd cert-needs applier signature....msg.pdf,153743,deb80a8738e8e4a32fef5a9496f0f89d984f194047a166e450d43d383ba897d1,True,2,3667,2,0,
2018-12-10__6582700003823858583__EM-FY18 Biosolids DT numbers - plus info.msg.pdf,F:\WWTP DOCUMENT DIVE\Cadillac_MiEnviro_2011-2026\documents\2018-12-10__6582700003823858583__EM-FY18 Biosolids DT numbers - plus info.msg.pdf,82432,117265ae523cec936cfbdefc6ee31dc3a00bea0a315f3f19caa0167296e9340e,True,1,1140,1,0,
2018-12-12__-3859762491865917202__RE_ Voicemail Message.msg.pdf,F:\WWTP DOCUMENT DIVE\Cadillac_MiEnviro_2011-2026\documents\2018-12-12__-3859762491865917202__RE_ Voicemail Message.msg.pdf,5263974,57ed2d4d18ebeaef0ee37dfc002131f82e0343b32f3a8c240b6a1642fd1ccd23,True,46,55029,46,0,
2018-12-12__-6300108423290621305__Cadillac_PFAS RE_ Voicemail Message.msg.pdf,F:\WWTP DOCUMENT DIVE\Cadillac_MiEnviro_2011-2026\documents\2018-12-12__-6300108423290621305__Cadillac_PFAS RE_ Voicemail Message.msg.pdf,5263974,4b10f7c1edf2355b4f4d7a59e186f14f3bda33b3cd864ed5e07e2a3e4de4926c,True,46,55029,46,0,
2018-12-14__-7023703655846332926__Cadillac_PFAS RE_ Voicemail Message.msg.pdf,F:\WWTP DOCUMENT DIVE\Cadillac_MiEnviro_2011-2026\documents\2018-12-14__-7023703655846332926__Cadillac_PFAS RE_ Voicemail Message.msg.pdf,5263974,27230fdfeeacb9055ee97399b5466ddf98e44a0bf01661d279ed3f1078087bac,True,46,55029,46,0,
2018-12-17__10391921127036499__DMR Summary - MI0020257 _11_01_2018_to_11_30_2018_V1.docx.pdf,F:\WWTP DOCUMENT DIVE\Cadillac_MiEnviro_2011-2026\documents\2018-12-17__10391921127036499__DMR Summary - MI0020257 _11_01_2018_to_11_30_2018_V1.docx.pdf,109871,ff8c8fee23bf4312c490f2f59e8de5fb50bf0cc1b72943d16b107e31dc40a924,True,4,9096,4,0,
2018-12-17__9001640786026547344__DMR Daily - MI0020257 _11_01_2018_to_11_30_2018_V1.docx.pdf,F:\WWTP DOCUMENT DIVE\Cadillac_MiEnviro_2011-2026\documents\2018-12-17__9001640786026547344__DMR Daily - MI0020257 _11_01_2018_to_11_30_2018_V1.docx.pdf,122162,ae4d266428e60573398e0852c790a0828d57cd79678a9794a6aa51ec46f14efd,True,6,13171,6,0,
2018-12-18__-3951802162146228519__EM-FY18 Applier Certification-revised 2-signed.msg.pdf,F:\WWTP DOCUMENT DIVE\Cadillac_MiEnviro_2011-2026\documents\2018-12-18__-3951802162146228519__EM-FY18 Applier Certification-revised 2-signed.msg.pdf,1225877,a3b7ce54d4d8c85c526b421e47faa8b7d395314540dd46e87d00c686bfe221e6,True,8,2480,3,5,
2018-12-18__-5194609860685770564__EM Tr-FY18 Applier Certification-revised 2-signed.msg.pdf,F:\WWTP DOCUMENT DIVE\Cadillac_MiEnviro_2011-2026\documents\2018-12-18__-5194609860685770564__EM Tr-FY18 Applier Certification-revised 2-signed.msg.pdf,132250,19863d0fe10d3267d55ebf75344677838ed46b0b598124a8139300e2db8eb487,True,2,2516,2,0,
2018-12-18__9075597598235972281__FY18 Applier Certification-Revised 2-signed.pdf.pdf,F:\WWTP DOCUMENT DIVE\Cadillac_MiEnviro_2011-2026\documents\2018-12-18__9075597598235972281__FY18 Applier Certification-Revised 2-signed.pdf.pdf,1096813,3c745d89480dde3d15a4494b3c6e3ecc9a83092085d6131e42d81aeb28a41ab0,True,5,0,0,5,
2018-12-19__-6931018798791595252__RE_ IPP PFAS Initiative Sampling Guidance_ Suggested Analytes.msg.pdf,F:\WWTP DOCUMENT DIVE\Cadillac_MiEnviro_2011-2026\documents\2018-12-19__-6931018798791595252__RE_ IPP PFAS Initiative Sampling Guidance_ Suggested Analytes.msg.pdf,171884,60eb9cdca3e6d24e3c428cbe06d4af4f3cb9d7434c093ab72ba4bba094232d2e,True,6,10047,6,0,
2018-12-19__8864365913634161414__RE_ IPP PFAS Initiative Sampling Guidance_ Suggested Analytes.msg.pdf,F:\WWTP DOCUMENT DIVE\Cadillac_MiEnviro_2011-2026\documents\2018-12-19__8864365913634161414__RE_ IPP PFAS Initiative Sampling Guidance_ Suggested Analytes.msg.pdf,171884,94273a84b3d355914efc968cb1b96a296732df8df7975428ae82a05b83d3edae,True,6,10047,6,0,
2019-01-18__-1715927529024685081__DMR Summary - MI0020257 _12_01_2018_to_12_31_2018_V1.docx.pdf,F:\WWTP DOCUMENT DIVE\Cadillac_MiEnviro_2011-2026\documents\2019-01-18__-1715927529024685081__DMR Summary - MI0020257 _12_01_2018_to_12_31_2018_V1.docx.pdf,105472,6467cf77fc14f6b9faba2d564f1a901b98a1666819c1bf1c60a5ce2d0b149794,True,4,9134,4,0,
2019-01-18__-7243398067994145151__DMR Daily - MI0020257 _12_01_2018_to_12_31_2018_V1.docx.pdf,F:\WWTP DOCUMENT DIVE\Cadillac_MiEnviro_2011-2026\documents\2019-01-18__-7243398067994145151__DMR Daily - MI0020257 _12_01_2018_to_12_31_2018_V1.docx.pdf,124255,83485b56c579b959c0a0586433547b9496e17fc6dd2cb92cc36d4bd497283cdd,True,6,12942,6,0,
2019-01-23__-7912880971146198502__RE_ Cadillac WWTP - IPP PFAS Interim Report Review2.msg.pdf,F:\WWTP DOCUMENT DIVE\Cadillac_MiEnviro_2011-2026\documents\2019-01-23__-7912880971146198502__RE_ Cadillac WWTP - IPP PFAS Interim Report Review2.msg.pdf,111787,0476f2566033bfedcd6647d06fa977956468a5ca00fdf6574397b297ffe9266d,True,6,12391,6,0,
2019-01-23__583956827072831568__FW_ TestAmerica invoice and report files from 190-17646-1 City of Cadillac.msg.pdf,F:\WWTP DOCUMENT DIVE\Cadillac_MiEnviro_2011-2026\documents\2019-01-23__583956827072831568__FW_ TestAmerica invoice and report files from 190-17646-1 City of Cadillac.msg.pdf,2696076,e154d168ac62cf46d7862c5f2372a3614ad97c671e6f877f92469f057c7a6dea,True,42,73592,42,0,
2019-02-01__-1215723651577862901__Cadillac WWTP_99% Flow Data.xlsx.pdf,F:\WWTP DOCUMENT DIVE\Cadillac_MiEnviro_2011-2026\documents\2019-02-01__-1215723651577862901__Cadillac WWTP_99% Flow Data.xlsx.pdf,23587,121a3a58fff13b08b208ef2d37f50b757f49fa4aa3d534e2231063570ceb3b8b,True,6,2356,6,0,
2019-02-05__-3784595676221306480__Cadillac WWTP 2018 CSI Trnsmt & VN Crrspnd 020519.msg.pdf,F:\WWTP DOCUMENT DIVE\Cadillac_MiEnviro_2011-2026\documents\2019-02-05__-3784595676221306480__Cadillac WWTP 2018 CSI Trnsmt & VN Crrspnd 020519.msg.pdf,674293,0a15737862f45abd572747212ec004802fd94f9d3e1f0ccbdd18f07e4d827b5e,True,65,72254,56,9,
2019-02-05__-4332928990444746313__Cadillac WWTP 2018 CSI Trnsmt & VN Crrspnd 020519.msg.pdf,F:\WWTP DOCUMENT DIVE\Cadillac_MiEnviro_2011-2026\documents\2019-02-05__-4332928990444746313__Cadillac WWTP 2018 CSI Trnsmt & VN Crrspnd 020519.msg.pdf,674293,8681b59f46b5197decd00b49b0d31127fe0e6d9898970c84b8a86aebbda270ed,True,65,72254,56,9,
2019-02-05__-4807711291401129359__2018 Cadillac WWTP CSI Final Report.xlsx.pdf,F:\WWTP DOCUMENT DIVE\Cadillac_MiEnviro_2011-2026\documents\2019-02-05__-4807711291401129359__2018 Cadillac WWTP CSI Final Report.xlsx.pdf,71790,e6d7d339b61f88f3b4f9ea1759d664d4e2f1943d282d36e4127ac61c2a07d504,True,16,8160,12,4,
2019-02-12__-4031262101571962083__RE_ Voicemail Message.msg.pdf,F:\WWTP DOCUMENT DIVE\Cadillac_MiEnviro_2011-2026\documents\2019-02-12__-4031262101571962083__RE_ Voicemail Message.msg.pdf,5263974,50e47e8f1d9da05215ff046112c41f4aa1449c550ea6c53260919de577793b58,True,46,55029,46,0,
2019-02-12__1324198982679254149__RE_ PLEASE look at this - FW_ info on % solids & % moisture - Update.msg.pdf,F:\WWTP DOCUMENT DIVE\Cadillac_MiEnviro_2011-2026\documents\2019-02-12__1324198982679254149__RE_ PLEASE look at this - FW_ info on % solids & % moisture - Update.msg.pdf,140929,4da73ed2e7f99b4edeaaba4b0fce554bc0ef1b5a5cf1e5da2e66e5b9cca369d7,True,6,11024,6,0,
2019-02-12__1702873664070787395__FW_ TestAmerica invoice and report files from 190-18507-1 WWTP - Biosolids.msg.pdf,F:\WWTP DOCUMENT DIVE\Cadillac_MiEnviro_2011-2026\documents\2019-02-12__1702873664070787395__FW_ TestAmerica invoice and report files from 190-18507-1 WWTP - Biosolids.msg.pdf,2426260,58c5fd24e5f9b0e5181d170b801fe84693faee742aecbddbb85fa82c0b4803a6,True,29,39089,29,0,
2019-02-12__5162860766879708910__RE_ IPP PFAS Initiative Sampling Guidance_ Suggested Analytes.msg.pdf,F:\WWTP DOCUMENT DIVE\Cadillac_MiEnviro_2011-2026\documents\2019-02-12__5162860766879708910__RE_ IPP PFAS Initiative Sampling Guidance_ Suggested Analytes.msg.pdf,171884,de9dc94605d0b8b5a72183738eb1589ebd67d29b45be1eca2656bcf1f458a513,True,6,10047,6,0,
2019-02-15__-2056591895396941169__DMR Summary - MI0020257 _01_01_2019_to_01_31_2019_V1.docx.pdf,F:\WWTP DOCUMENT DIVE\Cadillac_MiEnviro_2011-2026\documents\2019-02-15__-2056591895396941169__DMR Summary - MI0020257 _01_01_2019_to_01_31_2019_V1.docx.pdf,105482,4e85c114fc0d05ae7fb21a3fa63dc4117affab2857d1bb024d90f7f7413f6561,True,4,9128,4,0,
2019-02-15__3607057625038900635__DMR Daily - MI0020257 _01_01_2019_to_01_31_2019_V1.docx.pdf,F:\WWTP DOCUMENT DIVE\Cadillac_MiEnviro_2011-2026\documents\2019-02-15__3607057625038900635__DMR Daily - MI0020257 _01_01_2019_to_01_31_2019_V1.docx.pdf,124463,159ec5b2ffc3614d1f4f6b5fe9053712b35cc4fcf05e964900564a2d4ecd6c4d,True,6,12952,6,0,
2019-02-21__2724813468533962614__RE_ TestAmerica invoice and report files from 190-17646-1 City of Cadillac.msg.pdf,F:\WWTP DOCUMENT DIVE\Cadillac_MiEnviro_2011-2026\documents\2019-02-21__2724813468533962614__RE_ TestAmerica invoice and report files from 190-17646-1 City of Cadillac.msg.pdf,189081,7145708d1eb9ddf695057f3d4dd5673865e8cd3a9721b5b9fd6e5fef2f9b1f1a,True,3,4036,3,0,
2019-02-22__-5531387920153161894__RE_ PLEASE look at this - FW_ info on % solids & % moisture - Update.msg.pdf,F:\WWTP DOCUMENT DIVE\Cadillac_MiEnviro_2011-2026\documents\2019-02-22__-5531387920153161894__RE_ PLEASE look at this - FW_ info on % solids & % moisture - Update.msg.pdf,140929,5e38cdd542ed16e1dc8cada7f942f1c4d23b9d03be39d1921cb638a1ec9fc959,True,6,11024,6,0,
2019-02-22__-5579286795353343353__J18036-1 UDS Level 2 Report Final Report.pdf.pdf,F:\WWTP DOCUMENT DIVE\Cadillac_MiEnviro_2011-2026\documents\2019-02-22__-5579286795353343353__J18036-1 UDS Level 2 Report Final Report.pdf.pdf,2609068,c1b8c7e5c6e09b0163825967f7da96f8c3886424a77757774844f2178ac87a27,True,22,27476,22,0,
2019-02-22__-6388272437855274765__FW_ TestAmerica invoice and report files from 190-18507-1 WWTP - Biosolids.msg.pdf,F:\WWTP DOCUMENT DIVE\Cadillac_MiEnviro_2011-2026\documents\2019-02-22__-6388272437855274765__FW_ TestAmerica invoice and report files from 190-18507-1 WWTP - Biosolids.msg.pdf,2426260,f3c0802886d85d5645873fadccca19d129741126f7b435c4214d59ca3e2c359c,True,29,39089,29,0,
2019-02-22__-6674021578952107390__J17646-1 UDS Level 2 Report Final Report.pdf.pdf,F:\WWTP DOCUMENT DIVE\Cadillac_MiEnviro_2011-2026\documents\2019-02-22__-6674021578952107390__J17646-1 UDS Level 2 Report Final Report.pdf.pdf,2220096,f14db99c8153f5bb88297170433b6195aa16344f8c44a173f687b4c76fd577e6,True,23,38616,23,0,
2019-02-22__3500148599291228924__J17993-1 UDS Level 2 Report Final Report.pdf.pdf,F:\WWTP DOCUMENT DIVE\Cadillac_MiEnviro_2011-2026\documents\2019-02-22__3500148599291228924__J17993-1 UDS Level 2 Report Final Report.pdf.pdf,2566850,49ac94be99a95ad5ba68ded294499ff934ffefbafc6a2fa6429f4554e60e39ff,True,21,25831,21,0,
2019-02-22__603920706683699626__deq-tou-WRD-IPP_PFAS_Guidance-ScreeningEvaluation_620434_7.pdf.pdf,F:\WWTP DOCUMENT DIVE\Cadillac_MiEnviro_2011-2026\documents\2019-02-22__603920706683699626__deq-tou-WRD-IPP_PFAS_Guidance-ScreeningEvaluation_620434_7.pdf.pdf,271114,f0bb97b1f7f0e61d52af26f417b425a1fb3583da41f238c20d0184724655ca81,True,15,32137,15,0,
2019-02-27__-150348501006616963__Pre-Public Note Ltr_Cadillac WWTP.msg.pdf,F:\WWTP DOCUMENT DIVE\Cadillac_MiEnviro_2011-2026\documents\2019-02-27__-150348501006616963__Pre-Public Note Ltr_Cadillac WWTP.msg.pdf,897867,585873427aee531f78321911e68910b8f125f78af157c99dd4e8698ec325a808,True,50,138824,50,0,
2019-02-28__-8513053641259165067__FW_ Biosolids PFAS - Cadillac.msg.pdf,F:\WWTP DOCUMENT DIVE\Cadillac_MiEnviro_2011-2026\documents\2019-02-28__-8513053641259165067__FW_ Biosolids PFAS - Cadillac.msg.pdf,228193,09c5159e23fa219254a1228a880ee579ad1b3a54bc2c45458c11d6ecb29d9450,True,7,11887,7,0,
2019-02-28__1217892730810011742__FW_ Biosolids PFAS - Cadillac.msg.pdf,F:\WWTP DOCUMENT DIVE\Cadillac_MiEnviro_2011-2026\documents\2019-02-28__1217892730810011742__FW_ Biosolids PFAS - Cadillac.msg.pdf,228193,67437cd5514602b6672080557a22322474d2e93cd2772ec6f27d9bfa4971ea65,True,7,11887,7,0,
2019-03-04__-1522814933655192300__Cadillac WWTP PFAS Letter.msg.pdf,F:\WWTP DOCUMENT DIVE\Cadillac_MiEnviro_2011-2026\documents\2019-03-04__-1522814933655192300__Cadillac WWTP PFAS Letter.msg.pdf,204872,1f416fc99b5560112ae9cfd92d712d2fb6a87cf77a1d6043a89e1d784b9d3c45,True,5,7884,5,0,
2019-03-04__-5070374537407687310__Cadillac WWTP PFAS Letter.msg.pdf,F:\WWTP DOCUMENT DIVE\Cadillac_MiEnviro_2011-2026\documents\2019-03-04__-5070374537407687310__Cadillac WWTP PFAS Letter.msg.pdf,204872,53bfd1ce53241af349d700af96963772c8e08764b3c6d79b2bcb264eaeb565d8,True,5,7884,5,0,
2019-03-04__2197571042959551007__Cadillac WWTP PFAS Letter.pdf.pdf,F:\WWTP DOCUMENT DIVE\Cadillac_MiEnviro_2011-2026\documents\2019-03-04__2197571042959551007__Cadillac WWTP PFAS Letter.pdf.pdf,123393,66353d067ca56f14be259845da84fc331943e26b70762c0fbeeabc5560f811c3,True,3,6696,3,0,
2019-03-04__403570696290303528__Cadillac WWTP PFAS Interim and Summary Rpt Approval Letter.pdf.pdf,F:\WWTP DOCUMENT DIVE\Cadillac_MiEnviro_2011-2026\documents\2019-03-04__403570696290303528__Cadillac WWTP PFAS Interim and Summary Rpt Approval Letter.pdf.pdf,120071,0c500dc1ea41e8d5ecc70a9a54d24368a61977350dda27315be469bea0d421c5,True,3,6696,3,0,
2019-03-04__6876433978433285649__Cadillac WWTP PFAS Letter.msg.pdf,F:\WWTP DOCUMENT DIVE\Cadillac_MiEnviro_2011-2026\documents\2019-03-04__6876433978433285649__Cadillac WWTP PFAS Letter.msg.pdf,204872,c72a2c620bbbfca825edde96d67f1228e2df4345f3ddc7c1d0849003637d1313,True,5,7884,5,0,
2019-03-04__8004028571974457714__Cadillac WWTP PFAS Interim and Summary Rpt Approval Letter.pdf.pdf,F:\WWTP DOCUMENT DIVE\Cadillac_MiEnviro_2011-2026\documents\2019-03-04__8004028571974457714__Cadillac WWTP PFAS Interim and Summary Rpt Approval Letter.pdf.pdf,120071,0c500dc1ea41e8d5ecc70a9a54d24368a61977350dda27315be469bea0d421c5,True,3,6696,3,0,
2019-03-05__5112104207502533600__Cadillac WWTP PFAS Letter.msg.pdf,F:\WWTP DOCUMENT DIVE\Cadillac_MiEnviro_2011-2026\documents\2019-03-05__5112104207502533600__Cadillac WWTP PFAS Letter.msg.pdf,204872,2d80d0ee4534a1437a43ab1dc24c78985d4fce84a083df5a62ec9fbb4e8a78b6,True,5,7884,5,0,
2019-03-11__6719313888538820316__DMR Daily - MI0020257 _02_01_2019_to_02_28_2019_V1.docx.pdf,F:\WWTP DOCUMENT DIVE\Cadillac_MiEnviro_2011-2026\documents\2019-03-11__6719313888538820316__DMR Daily - MI0020257 _02_01_2019_to_02_28_2019_V1.docx.pdf,119696,0a3a19cffbd80bb21b407ab4d636cd3e82c87b0346878e794dfc10cbc2279db2,True,5,11401,5,0,
2019-03-11__8903973979545814533__DMR Summary - MI0020257 _02_01_2019_to_02_28_2019_V1.docx.pdf,F:\WWTP DOCUMENT DIVE\Cadillac_MiEnviro_2011-2026\documents\2019-03-11__8903973979545814533__DMR Summary - MI0020257 _02_01_2019_to_02_28_2019_V1.docx.pdf,105767,ffc0a89f27f6cd3b2fcb3c2b00256c30477dad43edef391644361c3a104d9269,True,4,9387,4,0,
2019-03-20__-5801295826717958227__HNN-0QFE-AG22Q V1.pdf v1.pdf,F:\WWTP DOCUMENT DIVE\Cadillac_MiEnviro_2011-2026\documents\2019-03-20__-5801295826717958227__HNN-0QFE-AG22Q V1.pdf v1.pdf,257363,bffd8eec3c32320f1857d416db4dd2516ffdcc9e03a198f37b4f4e523b59606e,True,2,7198,2,0,
2019-03-20__-6173827553342443142__SIU-CIU_List.xlsx v1.pdf,F:\WWTP DOCUMENT DIVE\Cadillac_MiEnviro_2011-2026\documents\2019-03-20__-6173827553342443142__SIU-CIU_List.xlsx v1.pdf,48663,b1f62dff2c41ae0e8d8e44deec46559e56518bb4c74a10237812493dbca44e03,True,6,4443,6,0,
2019-03-20__-9071229891747866357__POTW_Monitoring_Data_Summary 2018.xlsx v1.pdf,F:\WWTP DOCUMENT DIVE\Cadillac_MiEnviro_2011-2026\documents\2019-03-20__-9071229891747866357__POTW_Monitoring_Data_Summary 2018.xlsx v1.pdf,73682,8c39a23ed761315f8944fee1afe17ae0d69e9912daf0dce8d10a2b3e6a6f74a2,True,4,1632,4,0,
2019-03-20__4259306752911727975__POTW_Oversight_Table.xlsx v1.pdf,F:\WWTP DOCUMENT DIVE\Cadillac_MiEnviro_2011-2026\documents\2019-03-20__4259306752911727975__POTW_Oversight_Table.xlsx v1.pdf,48775,e09cc490d763e734c7b8735143d937dca6f188a620956820ebe0c5e94258b2e7,True,14,4393,14,0,
2019-03-20__7180582098187699991__Proof Of Publication.pdf v1.pdf,F:\WWTP DOCUMENT DIVE\Cadillac_MiEnviro_2011-2026\documents\2019-03-20__7180582098187699991__Proof Of Publication.pdf v1.pdf,219862,6caae018379a50bdefbd2465e8e1742ae59144d101899e5d0dbd2d897b6ba32d,True,1,0,0,1,
2019-04-11__-6131647309696466399__UpdatedPELSheet_MI0020257_4-11-2019.pdf.pdf,F:\WWTP DOCUMENT DIVE\Cadillac_MiEnviro_2011-2026\documents\2019-04-11__-6131647309696466399__UpdatedPELSheet_MI0020257_4-11-2019.pdf.pdf,76210,0137d9e5adffc343c97b1efdb4394eecb79bca78a0da0248618af6f0055678f7,True,10,18231,10,0,
2019-04-11__-6616581335313556719__UpdatedWQBELBiologistReview_MI0020257_4-11-2019.doc.pdf,F:\WWTP DOCUMENT DIVE\Cadillac_MiEnviro_2011-2026\documents\2019-04-11__-6616581335313556719__UpdatedWQBELBiologistReview_MI0020257_4-11-2019.doc.pdf,56182,5836ad2c594c511f822183e97fa5dcc0936f701b6aa652e8ec47b6a1890760d2,True,2,7099,2,0,
2019-04-12__4675487346975424931__FW Paragon WO 207982 Final Report Result Inquiry.msg.pdf,F:\WWTP DOCUMENT DIVE\Cadillac_MiEnviro_2011-2026\documents\2019-04-12__4675487346975424931__FW Paragon WO 207982 Final Report Result Inquiry.msg.pdf,134208,98c18ed9c03cb00b5c9261c476777c2387896505f604f2e0cea90c7add0e6afc,True,2,2829,2,0,
2019-04-18__-5678667028443752988__DMR Daily - MI0020257 _03_01_2019_to_03_31_2019_V1.docx.pdf,F:\WWTP DOCUMENT DIVE\Cadillac_MiEnviro_2011-2026\documents\2019-04-18__-5678667028443752988__DMR Daily - MI0020257 _03_01_2019_to_03_31_2019_V1.docx.pdf,124290,0c3b2eb77ab7e504550343a1226427bce90a5e9037bc98248ab27009b2d52eab,True,6,12791,6,0,
2019-04-18__-6347209655776258364__DMR Summary - MI0020257 _03_01_2019_to_03_31_2019_V1.docx.pdf,F:\WWTP DOCUMENT DIVE\Cadillac_MiEnviro_2011-2026\documents\2019-04-18__-6347209655776258364__DMR Summary - MI0020257 _03_01_2019_to_03_31_2019_V1.docx.pdf,105475,29bd1ad1c9602d278f4353c0dd2a28acf7f77ba434b2921ac18f7872c9840f23,True,4,9125,4,0,
2019-05-02__-4898722065399202194__Department Response to Second Round of PPN Comments_Cadillac WWTP.msg.pdf,F:\WWTP DOCUMENT DIVE\Cadillac_MiEnviro_2011-2026\documents\2019-05-02__-4898722065399202194__Department Response to Second Round of PPN Comments_Cadillac WWTP.msg.pdf,229663,71d66393d0a0311d848ae9a49e276e3a8c65e08b9e63c5dcdffea7635c386314,True,6,14487,6,0,
2019-05-17__2166487144707416457__DMR Summary - MI0020257 _04_01_2019_to_04_30_2019_V1.docx.pdf,F:\WWTP DOCUMENT DIVE\Cadillac_MiEnviro_2011-2026\documents\2019-05-17__2166487144707416457__DMR Summary - MI0020257 _04_01_2019_to_04_30_2019_V1.docx.pdf,105465,45d528ff417212e41e513f40a2326d11a16576cdc672d249695717feafd6dde0,True,4,9127,4,0,
2019-05-17__4475763418117927021__DMR Daily - MI0020257 _04_01_2019_to_04_30_2019_V1.docx.pdf,F:\WWTP DOCUMENT DIVE\Cadillac_MiEnviro_2011-2026\documents\2019-05-17__4475763418117927021__DMR Daily - MI0020257 _04_01_2019_to_04_30_2019_V1.docx.pdf,123803,70b69a12a19a826db777d37e0700dd575aadafeaf39755a96e99bbe2c29cf525,True,6,12822,6,0,
2019-05-29__-1302747580337855905__PPN Correspondence_Cadillac WWTP.msg.pdf,F:\WWTP DOCUMENT DIVE\Cadillac_MiEnviro_2011-2026\documents\2019-05-29__-1302747580337855905__PPN Correspondence_Cadillac WWTP.msg.pdf,240183,f368ee6ddbb67e64f612c0344e62abba5a5d75f4178c8166fd6768ff2074daf5,True,7,17062,7,0,
2019-06-04__4912358191559826487__Public Notice Ltr_Cadillac WWTP.msg.pdf,F:\WWTP DOCUMENT DIVE\Cadillac_MiEnviro_2011-2026\documents\2019-06-04__4912358191559826487__Public Notice Ltr_Cadillac WWTP.msg.pdf,906433,8b191c79623d7685308cef9207619ccc7336c692ecb7acbcac925770a569786d,True,51,140550,51,0,
2019-06-04__6030670746472801357__Basis for Decision Memo-DRAFT for Public Notice_Cadillac WWTP.pdf.pdf,F:\WWTP DOCUMENT DIVE\Cadillac_MiEnviro_2011-2026\documents\2019-06-04__6030670746472801357__Basis for Decision Memo-DRAFT for Public Notice_Cadillac WWTP.pdf.pdf,219525,62893e0607ddea1870dc357ad81984c8ca8fd7920b4fcfdf98a45e8ae767e9e9,True,4,8287,4,0,
2019-06-04__8202905883452332436__NPDES Permit-DRAFT for Public Notice_Cadillac WWTP.pdf.pdf,F:\WWTP DOCUMENT DIVE\Cadillac_MiEnviro_2011-2026\documents\2019-06-04__8202905883452332436__NPDES Permit-DRAFT for Public Notice_Cadillac WWTP.pdf.pdf,470261,93cb43659965b5140f75dc1a26ab8c16baa9dec79df76c0a90e5a3ef20c5731f,True,38,119565,38,0,
2019-06-06__5411273080965715241__Public Notice Verification_Cadillac WWTP.msg.pdf,F:\WWTP DOCUMENT DIVE\Cadillac_MiEnviro_2011-2026\documents\2019-06-06__5411273080965715241__Public Notice Verification_Cadillac WWTP.msg.pdf,53859,8cb545bb27e33f11de14575bd8520f1cd9979566fa2b793841eb5211add7d94f,True,1,915,1,0,
2019-06-06__5504019015290538937__Public Notice Notification_Cadillac WWTP.msg.pdf,F:\WWTP DOCUMENT DIVE\Cadillac_MiEnviro_2011-2026\documents\2019-06-06__5504019015290538937__Public Notice Notification_Cadillac WWTP.msg.pdf,47306,30c98a6d59444570a12ecc50838a4948c86c790549800e4f47ba92ea4b289951,True,1,2375,1,0,
2019-06-17__-266144883424227380__DMR Summary - MI0020257 _05_01_2019_to_05_31_2019_V1.docx.pdf,F:\WWTP DOCUMENT DIVE\Cadillac_MiEnviro_2011-2026\documents\2019-06-17__-266144883424227380__DMR Summary - MI0020257 _05_01_2019_to_05_31_2019_V1.docx.pdf,110065,277ef62ecdfdb7c75a70e9b5abc1b16bcdee855d761ac443b5826e52298b8077,True,4,9461,4,0,
2019-06-17__-7177345068212001784__DMR Daily - MI0020257 _05_01_2019_to_05_31_2019_V1.docx.pdf,F:\WWTP DOCUMENT DIVE\Cadillac_MiEnviro_2011-2026\documents\2019-06-17__-7177345068212001784__DMR Daily - MI0020257 _05_01_2019_to_05_31_2019_V1.docx.pdf,122825,6b6486527395f868de9889dc2e496d3a87b1c55f2e07d757ac633240ce6d4d0c,True,6,13569,6,0,
2019-06-18__-1063545855854767217__DMR Daily - MI0020257 _07_01_2017_to_07_31_2017_V2.docx.pdf,F:\WWTP DOCUMENT DIVE\Cadillac_MiEnviro_2011-2026\documents\2019-06-18__-1063545855854767217__DMR Daily - MI0020257 _07_01_2017_to_07_31_2017_V2.docx.pdf,123135,ece80562a0242fec4d9e6af484d3e048ebddfc518de4b33a9c9789beb7239e49,True,6,13176,6,0,
2019-06-18__-2706824661229254575__DMR Summary - MI0020257 _10_01_2017_to_10_31_2017_V2.docx.pdf,F:\WWTP DOCUMENT DIVE\Cadillac_MiEnviro_2011-2026\documents\2019-06-18__-2706824661229254575__DMR Summary - MI0020257 _10_01_2017_to_10_31_2017_V2.docx.pdf,110024,34955a20667acea5ff45c8771a860490d76d51ad04c344ccae22c33468c77dbe,True,4,9701,4,0,
2019-06-18__-4478719908778367759__DMR Daily - MI0020257 _10_01_2017_to_10_31_2017_V2.docx.pdf,F:\WWTP DOCUMENT DIVE\Cadillac_MiEnviro_2011-2026\documents\2019-06-18__-4478719908778367759__DMR Daily - MI0020257 _10_01_2017_to_10_31_2017_V2.docx.pdf,123484,ce6327449331c6e84ac2795aa0b4f37828d306224942bda5674d9c95ef7f744a,True,6,14199,6,0,
2019-06-18__-6154530361140832098__DMR Daily - MI0020257 _05_01_2017_to_05_31_2017_V3.docx.pdf,F:\WWTP DOCUMENT DIVE\Cadillac_MiEnviro_2011-2026\documents\2019-06-18__-6154530361140832098__DMR Daily - MI0020257 _05_01_2017_to_05_31_2017_V3.docx.pdf,123245,3f883748da9abcad5818af1db4e39876d3cea55525ea6828d0a8c22271aba01c,True,6,13646,6,0,
2019-06-18__-7801879100660621655__DMR Summary - MI0020257 _05_01_2017_to_05_31_2017_V3.docx.pdf,F:\WWTP DOCUMENT DIVE\Cadillac_MiEnviro_2011-2026\documents\2019-06-18__-7801879100660621655__DMR Summary - MI0020257 _05_01_2017_to_05_31_2017_V3.docx.pdf,109878,a6179351660aa4c52bba80057ac512ebefeea46f33d3049381440413b638c2f3,True,4,9102,4,0,
2019-06-18__7770092575462630038__DMR Summary - MI0020257 _07_01_2017_to_07_31_2017_V2.docx.pdf,F:\WWTP DOCUMENT DIVE\Cadillac_MiEnviro_2011-2026\documents\2019-06-18__7770092575462630038__DMR Summary - MI0020257 _07_01_2017_to_07_31_2017_V2.docx.pdf,109792,517917a70f3db3940e7b93a6e9caffc3dfd7305daeeccc5011f0a1e7b03b2a97,True,4,9041,4,0,
2019-06-28__-1381733737630238270__J19915-1 UDS Level 2 Report Final Report.pdf v1.pdf,F:\WWTP DOCUMENT DIVE\Cadillac_MiEnviro_2011-2026\documents\2019-06-28__-1381733737630238270__J19915-1 UDS Level 2 Report Final Report.pdf v1.pdf,1978694,c2427c56e09404188eb126a71c8e1bdca7a183dc7f43ea669a5a9970e06ce3e5,True,22,31150,22,0,
2019-06-28__2793559677356639638__HNQ-VZP8-TWNRX V1.pdf v1.pdf,F:\WWTP DOCUMENT DIVE\Cadillac_MiEnviro_2011-2026\documents\2019-06-28__2793559677356639638__HNQ-VZP8-TWNRX V1.pdf v1.pdf,47218,00d98416b456c77073324bf3e2a4c011e3c5d2cc86c8159c41e1c6674ddf6bc5,True,3,4059,3,0,
2019-06-28__6286447248229530622__J17646-1 UDS Level 2 Report Final Report (Leachate).pdf v1.pdf,F:\WWTP DOCUMENT DIVE\Cadillac_MiEnviro_2011-2026\documents\2019-06-28__6286447248229530622__J17646-1 UDS Level 2 Report Final Report (Leachate).pdf v1.pdf,2220096,f14db99c8153f5bb88297170433b6195aa16344f8c44a173f687b4c76fd577e6,True,23,38616,23,0,
2019-07-18__-1321137294153054267__DMR Daily - MI0020257 _06_01_2019_to_06_30_2019_V1.docx.pdf,F:\WWTP DOCUMENT DIVE\Cadillac_MiEnviro_2011-2026\documents\2019-07-18__-1321137294153054267__DMR Daily - MI0020257 _06_01_2019_to_06_30_2019_V1.docx.pdf,122561,b62d5125d17db8493855cc3cde6e8ebb66b610b28b2cd3d4abc0d01a7ada533f,True,6,12968,6,0,
2019-07-18__-5148257130223295610__DMR Summary - MI0020257 _06_01_2019_to_06_30_2019_V1.docx.pdf,F:\WWTP DOCUMENT DIVE\Cadillac_MiEnviro_2011-2026\documents\2019-07-18__-5148257130223295610__DMR Summary - MI0020257 _06_01_2019_to_06_30_2019_V1.docx.pdf,109721,05d05485266176378e28bfff39bb7546c1a5f6d8517cafca8c3e1ebd2284fea1,True,4,8998,4,0,
2019-08-19__-8739884906953414189__DMR Summary - MI0020257 _07_01_2019_to_07_31_2019_V1.docx.pdf,F:\WWTP DOCUMENT DIVE\Cadillac_MiEnviro_2011-2026\documents\2019-08-19__-8739884906953414189__DMR Summary - MI0020257 _07_01_2019_to_07_31_2019_V1.docx.pdf,102838,69eca5b55bd7913c90a471fd759dbcc2b6e14b61314f548928901120096ac9e0,True,4,8664,4,0,
2019-08-19__5280760149616784281__DMR Daily - MI0020257 _07_01_2019_to_07_31_2019_V1.docx.pdf,F:\WWTP DOCUMENT DIVE\Cadillac_MiEnviro_2011-2026\documents\2019-08-19__5280760149616784281__DMR Daily - MI0020257 _07_01_2019_to_07_31_2019_V1.docx.pdf,122933,3f83f9ae4bb0f8f49a14201d092ce837e2a18b9528ff4758916d3e0c04c79b3d,True,6,12926,6,0,
2019-08-30__-8533260144873024140__Issuance Letter_Cadillac WWTP.msg.pdf,F:\WWTP DOCUMENT DIVE\Cadillac_MiEnviro_2011-2026\documents\2019-08-30__-8533260144873024140__Issuance Letter_Cadillac WWTP.msg.pdf,47593,f70e63291723e96231531c8de1e5298502a3fdd17784445c60e95eef1e35ad8a,True,1,2310,1,0,
2019-09-11__-3469650607187381381__DMR Daily - MI0020257 _08_01_2019_to_08_31_2019_V1.docx.pdf,F:\WWTP DOCUMENT DIVE\Cadillac_MiEnviro_2011-2026\documents\2019-09-11__-3469650607187381381__DMR Daily - MI0020257 _08_01_2019_to_08_31_2019_V1.docx.pdf,122684,189829443240817032e639e4d893f5d318c26e81967b25bb23220769d64ce4ae,True,6,13069,6,0,
2019-09-11__4485625990892266465__DMR Summary - MI0020257 _08_01_2019_to_08_31_2019_V1.docx.pdf,F:\WWTP DOCUMENT DIVE\Cadillac_MiEnviro_2011-2026\documents\2019-09-11__4485625990892266465__DMR Summary - MI0020257 _08_01_2019_to_08_31_2019_V1.docx.pdf,109926,c2c07334a2ab88eac752c9c46f2b563576d0a75e788c4df6541813b8fd51ad53,True,4,9134,4,0,
2019-09-13__-4965689064233631921__MI0020257_August2019WET Report_9-10-2019.pdf.pdf,F:\WWTP DOCUMENT DIVE\Cadillac_MiEnviro_2011-2026\documents\2019-09-13__-4965689064233631921__MI0020257_August2019WET Report_9-10-2019.pdf.pdf,1820564,1b221ac7db7c94706d324fb3affaa7d2ae67373f528d0e717427d8f00282e4e4,True,19,12773,19,0,
2019-09-13__1925324962544154374__WET Email_MI0020257_August 2019 WET Report_9-10-2019.msg.pdf,F:\WWTP DOCUMENT DIVE\Cadillac_MiEnviro_2011-2026\documents\2019-09-13__1925324962544154374__WET Email_MI0020257_August 2019 WET Report_9-10-2019.msg.pdf,150118,06a1ae10eae6c0bc6f2e4599e01deef54ef93c3b506bb4269ae233062f87b0c8,True,3,6261,3,0,
2019-10-14__-1598855405513453416__EM-RMP Question and Answer.msg.pdf,F:\WWTP DOCUMENT DIVE\Cadillac_MiEnviro_2011-2026\documents\2019-10-14__-1598855405513453416__EM-RMP Question and Answer.msg.pdf,62833,111d3a9fb0a5f2be1c2aeae064c696ef040240c107b49e60630183ee3e4cbb43,True,1,1389,1,0,
2019-10-14__160565945375433856__EM-RMP Question.msg.pdf,F:\WWTP DOCUMENT DIVE\Cadillac_MiEnviro_2011-2026\documents\2019-10-14__160565945375433856__EM-RMP Question.msg.pdf,736738,ae8086bb6382481e428d39d625d2f83647a01d00b824be555fa77e0d1a813b36,True,7,3026,5,2,
2019-10-16__-4190240916929705577__DMR Daily - MI0020257 _09_01_2019_to_09_30_2019_V1.docx.pdf,F:\WWTP DOCUMENT DIVE\Cadillac_MiEnviro_2011-2026\documents\2019-10-16__-4190240916929705577__DMR Daily - MI0020257 _09_01_2019_to_09_30_2019_V1.docx.pdf,136485,d352f39438a0c8f444b6f0661358bd95a20f63f5aa38eb9477eb085c5684579e,True,8,16787,8,0,
2019-10-16__4629793855295452425__DMR Summary - MI0020257 _09_01_2019_to_09_30_2019_V1.docx.pdf,F:\WWTP DOCUMENT DIVE\Cadillac_MiEnviro_2011-2026\documents\2019-10-16__4629793855295452425__DMR Summary - MI0020257 _09_01_2019_to_09_30_2019_V1.docx.pdf,112504,e63f037893bf2a07cb9960202788e0790bbbe6b3d4d318e58ce8bf8d7de3f177,True,4,10067,4,0,
2019-10-16__8924430461830557524__2019-10-16 CC-002274 Cadillac WWTP.pdf.pdf,F:\WWTP DOCUMENT DIVE\Cadillac_MiEnviro_2011-2026\documents\2019-10-16__8924430461830557524__2019-10-16 CC-002274 Cadillac WWTP.pdf.pdf,119879,cb0ef36d00998a8a965bb04a5d33e7debf2c7bd73e6cec01421aced95bd971a9,True,2,5418,2,0,
2019-10-24__7284317847182220886__Phone Log 10-24-2019.pdf.pdf,F:\WWTP DOCUMENT DIVE\Cadillac_MiEnviro_2011-2026\documents\2019-10-24__7284317847182220886__Phone Log 10-24-2019.pdf.pdf,650354,ad9dc6fc534f85d3587ebf6ce7a86554a0141a55df3d761f33763f1667020783,True,1,0,0,1,
2019-10-28__-2310905792227201294__FY19 Pathogen results-Fall.pdf v1.pdf,F:\WWTP DOCUMENT DIVE\Cadillac_MiEnviro_2011-2026\documents\2019-10-28__-2310905792227201294__FY19 Pathogen results-Fall.pdf v1.pdf,190207,d095ffb68569f89c175a263ec9e55673af722ed4968f8e0ccf31cc7619856138,True,2,0,0,2,
2019-10-28__-238039900655589400__FY19 Metals and Nutrient Results.pdf v1.pdf,F:\WWTP DOCUMENT DIVE\Cadillac_MiEnviro_2011-2026\documents\2019-10-28__-238039900655589400__FY19 Metals and Nutrient Results.pdf v1.pdf,890421,6dec95d68ffc8de9cc535ae543bef75771f5e253bbc563c77b5415fc1b7b7389,True,50,89099,48,2,
2019-10-28__-2977653288276653769__FY19 Pathogen Results-Spring.pdf v1.pdf,F:\WWTP DOCUMENT DIVE\Cadillac_MiEnviro_2011-2026\documents\2019-10-28__-2977653288276653769__FY19 Pathogen Results-Spring.pdf v1.pdf,1080770,cf21c110af5fd94b35d6fdbd554936acfb88315a3b5349e44a38897149deeb58,True,3,0,0,3,
2019-10-28__-4976662319602373768__FY19 Loading Calculations per LA site.pdf v1.pdf,F:\WWTP DOCUMENT DIVE\Cadillac_MiEnviro_2011-2026\documents\2019-10-28__-4976662319602373768__FY19 Loading Calculations per LA site.pdf v1.pdf,881319,e82d8430cf8852d35539c7045313791c7ac7bcaf22aa480728d59a37ce7e525f,True,4,0,0,4,
2019-10-28__-8194005199149734697__FY19 Applier-Class B Pathogen Red and Site Restr.pdf v1.pdf,F:\WWTP DOCUMENT DIVE\Cadillac_MiEnviro_2011-2026\documents\2019-10-28__-8194005199149734697__FY19 Applier-Class B Pathogen Red and Site Restr.pdf v1.pdf,770719,1675fd3ecc8b273d64d21cbedd2f86512f2d25e696b9dc2d681ff77cc849b9c8,True,5,0,0,5,
2019-10-28__1144882082607395682__FY19 Applier VAR proof.pdf v1.pdf,F:\WWTP DOCUMENT DIVE\Cadillac_MiEnviro_2011-2026\documents\2019-10-28__1144882082607395682__FY19 Applier VAR proof.pdf v1.pdf,464785,27fb0780ada456465381e8ad0c235504578fbe757baa68f4325915986028c5d4,True,2,0,0,2,
2019-10-28__3268162461128179690__HNT-5SPH-XVKKZ V1.pdf v1.pdf,F:\WWTP DOCUMENT DIVE\Cadillac_MiEnviro_2011-2026\documents\2019-10-28__3268162461128179690__HNT-5SPH-XVKKZ V1.pdf v1.pdf,69170,eacbdfa5a2c01d7c09914ae3ccd3ee14319d2236bdf3cd8840a1c3a94b4fc079,True,5,8573,5,0,
2019-10-28__4671505331506101645__DMR Summary - MI0020257 _10_01_2018_to_09_30_2019_V1.docx.pdf,F:\WWTP DOCUMENT DIVE\Cadillac_MiEnviro_2011-2026\documents\2019-10-28__4671505331506101645__DMR Summary - MI0020257 _10_01_2018_to_09_30_2019_V1.docx.pdf,103230,e037b25d2f7b9930cc43492f904992eb71262fa929d2b20840a6cd6ac2992c37,True,4,10151,4,0,
2019-10-28__5122422670812837402__FY19 Metals and Nutrient Results.pdf v1.pdf,F:\WWTP DOCUMENT DIVE\Cadillac_MiEnviro_2011-2026\documents\2019-10-28__5122422670812837402__FY19 Metals and Nutrient Results.pdf v1.pdf,801400,d8389dd7c1c74a2e0c8a2b4e8c730a7a9b2f9836bb42199e341181509d8fd6b0,True,23,26110,21,2,
2019-10-28__733870788244046309__FY19 Lab Sheet-Total Solids and DTs-Oct.pdf v1.pdf,F:\WWTP DOCUMENT DIVE\Cadillac_MiEnviro_2011-2026\documents\2019-10-28__733870788244046309__FY19 Lab Sheet-Total Solids and DTs-Oct.pdf v1.pdf,137811,5cbed2b4abee4e24fa038c64d90fd4fd465f9e1a12632f01ef56564c8e79b409,True,1,0,0,1,
2019-10-28__7537303492911861212__FY19 Land Applic Site List Info.pdf v1.pdf,F:\WWTP DOCUMENT DIVE\Cadillac_MiEnviro_2011-2026\documents\2019-10-28__7537303492911861212__FY19 Land Applic Site List Info.pdf v1.pdf,799187,90fe48b87cccebfb03a1f727ffa127b68d136c93d838872924426372dd4b6656,True,3,0,0,3,
2019-10-28__8017569878524048059__FY19 Fecal Only result-retest.pdf v1.pdf,F:\WWTP DOCUMENT DIVE\Cadillac_MiEnviro_2011-2026\documents\2019-10-28__8017569878524048059__FY19 Fecal Only result-retest.pdf v1.pdf,164727,4d40b0124810b2e12b41fa91ac7a5461538ab97c82d1898fcbdfe74d95ba1004,True,1,0,0,1,
2019-10-28__829100617802768493__FY19 Land Applic Sites List and Info.pdf v1.pdf,F:\WWTP DOCUMENT DIVE\Cadillac_MiEnviro_2011-2026\documents\2019-10-28__829100617802768493__FY19 Land Applic Sites List and Info.pdf v1.pdf,201664,e3d7dc0d38f29c8c3c420d63be5d82414ce4ce2fa6dc438d73a8e8edb7db9b00,True,2,0,0,2,
2019-10-28__8793107100625002523__FY19 Applier-Management Pract Cert.pdf v1.pdf,F:\WWTP DOCUMENT DIVE\Cadillac_MiEnviro_2011-2026\documents\2019-10-28__8793107100625002523__FY19 Applier-Management Pract Cert.pdf v1.pdf,545315,be42d2c168633497b30aef2af8cf76993d5b5a35269c12fc3bedb0417f1e9c70,True,4,0,0,4,
2019-10-28__9209529777481977364__FY19 Lab Sheet-Total Solids and DTs-June.pdf v1.pdf,F:\WWTP DOCUMENT DIVE\Cadillac_MiEnviro_2011-2026\documents\2019-10-28__9209529777481977364__FY19 Lab Sheet-Total Solids and DTs-June.pdf v1.pdf,137679,9537e5c5821bd709b8e243eb3983ecfe57a02ca2b45c420e60e2632ff2f21814,True,1,0,0,1,
2019-11-07__8332496224645746748__EM-Reviewing biosolids annual report and documents.msg.pdf,F:\WWTP DOCUMENT DIVE\Cadillac_MiEnviro_2011-2026\documents\2019-11-07__8332496224645746748__EM-Reviewing biosolids annual report and documents.msg.pdf,64007,621b93749e0d1b2f44d0c9c7e1e0665f78073432a3dcdc952506237f09007a2c,True,2,2736,2,0,
2019-11-19__-9022831803921967807__EM-RMP modifications - Scheduled Report now in Miwaters.msg.pdf,F:\WWTP DOCUMENT DIVE\Cadillac_MiEnviro_2011-2026\documents\2019-11-19__-9022831803921967807__EM-RMP modifications - Scheduled Report now in Miwaters.msg.pdf,305235,d16efa5d1b6fddad07c618b875bd2a38bc7a4277099f4ef198adf8f4bcc186cf,True,5,1782,3,2,
2019-11-19__3937238601608414366__DMR Summary - MI0020257 _10_01_2019_to_10_31_2019_V1.docx.pdf,F:\WWTP DOCUMENT DIVE\Cadillac_MiEnviro_2011-2026\documents\2019-11-19__3937238601608414366__DMR Summary - MI0020257 _10_01_2019_to_10_31_2019_V1.docx.pdf,107236,e7c9e8168b48390d9275627161260de7b411440cf6624c3e8b747bab5f6d317c,True,4,10247,4,0,
2019-11-19__4882829427941262775__DMR Daily - MI0020257 _10_01_2019_to_10_31_2019_V1.docx.pdf,F:\WWTP DOCUMENT DIVE\Cadillac_MiEnviro_2011-2026\documents\2019-11-19__4882829427941262775__DMR Daily - MI0020257 _10_01_2019_to_10_31_2019_V1.docx.pdf,137982,78a232e529b994902385169af25f4a4dd0839ce330bfb305eb302675217d073f,True,8,17199,8,0,
2019-11-22__-3775827852740007551__WETQuestion_MI0020257_11-22-2019.msg.pdf,F:\WWTP DOCUMENT DIVE\Cadillac_MiEnviro_2011-2026\documents\2019-11-22__-3775827852740007551__WETQuestion_MI0020257_11-22-2019.msg.pdf,185935,a2a583c0a7f716a1e00fd9e562574b4d39bfd3a079e55ca04d6e7b17ee01841b,True,6,11830,6,0,
2019-12-06__4764663275834837536__Cadillac WWTP MI0020257 IPP PFAS Dec 2019 Status.pdf.pdf,F:\WWTP DOCUMENT DIVE\Cadillac_MiEnviro_2011-2026\documents\2019-12-06__4764663275834837536__Cadillac WWTP MI0020257 IPP PFAS Dec 2019 Status.pdf.pdf,196867,d0aba8b5a5a45953cfc3fee56c99f8ea8f9c83e6fd01c5ee4fea416d5198884f,True,5,0,0,5,
2019-12-18__-2546164817888365588__DMR Daily - MI0020257 _11_01_2019_to_11_30_2019_V1.docx.pdf,F:\WWTP DOCUMENT DIVE\Cadillac_MiEnviro_2011-2026\documents\2019-12-18__-2546164817888365588__DMR Daily - MI0020257 _11_01_2019_to_11_30_2019_V1.docx.pdf,137832,aea62c65bc64dad8ed75c5c81d1b0a89673871b3bd9635c098419a1252a5cd81,True,8,17287,8,0,
2019-12-18__-30690039028977475__HNV-XK97-EV0GR V1.pdf v1.pdf,F:\WWTP DOCUMENT DIVE\Cadillac_MiEnviro_2011-2026\documents\2019-12-18__-30690039028977475__HNV-XK97-EV0GR V1.pdf v1.pdf,43266,1873afe1dd72faba2066ef0163012c2feb727ca7dbd92726fd0f45c8935e6697,True,3,3911,3,0,
2019-12-18__-4555603840963804257__DMR Summary - MI0020257 _11_01_2019_to_11_30_2019_V1.docx.pdf,F:\WWTP DOCUMENT DIVE\Cadillac_MiEnviro_2011-2026\documents\2019-12-18__-4555603840963804257__DMR Summary - MI0020257 _11_01_2019_to_11_30_2019_V1.docx.pdf,117127,444dad112280dedb3e059145c191af1a65f6921401f926781cc8b5d3337dd76c,True,5,12140,5,0,
2020-01-16__6901296223852828324__DMR Daily - MI0020257 _12_01_2019_to_12_31_2019_V1.docx.pdf,F:\WWTP DOCUMENT DIVE\Cadillac_MiEnviro_2011-2026\documents\2020-01-16__6901296223852828324__DMR Daily - MI0020257 _12_01_2019_to_12_31_2019_V1.docx.pdf,138014,60fe20a3f18803affc800ce4236e3cd848949cad8bbd5de8c72421213510b8da,True,8,17045,8,0,
2020-01-16__8695668662734402304__DMR Summary - MI0020257 _12_01_2019_to_12_31_2019_V1.docx.pdf,F:\WWTP DOCUMENT DIVE\Cadillac_MiEnviro_2011-2026\documents\2020-01-16__8695668662734402304__DMR Summary - MI0020257 _12_01_2019_to_12_31_2019_V1.docx.pdf,107179,7a7e73c4cfcbcadae747596999aff2ba86daf2df5a18fd2579996e18d7ea06c6,True,4,10176,4,0,
2020-02-11__-1004089419836381226__EM-RMP Modification Applic submitted to Donal Brady.msg.pdf,F:\WWTP DOCUMENT DIVE\Cadillac_MiEnviro_2011-2026\documents\2020-02-11__-1004089419836381226__EM-RMP Modification Applic submitted to Donal Brady.msg.pdf,39227,662ceb4412cc5e14d924e26a052a4e6eb1d4458d41a186ce7a38bb763dcf8436,True,1,757,1,0,
2020-02-11__-1059360609849530823__RMP Modification Request-July 2014.doc.pdf,F:\WWTP DOCUMENT DIVE\Cadillac_MiEnviro_2011-2026\documents\2020-02-11__-1059360609849530823__RMP Modification Request-July 2014.doc.pdf,87059,70c6987bfc66660b51de71eabb419a93d02d3c55a6f9858bbb1e6a7da0cde353,True,2,2121,2,0,
2020-02-11__-4312345816805112594__HNX-E8Q7-TQ4BF V1.pdf v1.pdf,F:\WWTP DOCUMENT DIVE\Cadillac_MiEnviro_2011-2026\documents\2020-02-11__-4312345816805112594__HNX-E8Q7-TQ4BF V1.pdf v1.pdf,33946,4f3dd3e4a9bc74e6d57fd05f13600b47782132e98ca33e4d66a3a9d19b08ecb3,True,1,838,1,0,
2020-02-11__-4952532529280965728__RMP-Class A EQ-DEQ letter.pdf.pdf,F:\WWTP DOCUMENT DIVE\Cadillac_MiEnviro_2011-2026\documents\2020-02-11__-4952532529280965728__RMP-Class A EQ-DEQ letter.pdf.pdf,245775,84214c916cb4f029fe8b1f3ebef596244a6b9dc0a83067b476f1c25d48cbe79a,True,1,0,0,1,
2020-02-11__6260115591376493978__EM-RMP Mod Applic submitted.msg.pdf,F:\WWTP DOCUMENT DIVE\Cadillac_MiEnviro_2011-2026\documents\2020-02-11__6260115591376493978__EM-RMP Mod Applic submitted.msg.pdf,65613,949fd2189641870647f381581d70ff6b25a76ad99f540c442439b45f1f4daf0e,True,2,1949,2,0,
2020-02-11__8000300937872960374__FY20 RMP Mod Request Letter.doc.pdf,F:\WWTP DOCUMENT DIVE\Cadillac_MiEnviro_2011-2026\documents\2020-02-11__8000300937872960374__FY20 RMP Mod Request Letter.doc.pdf,104768,f7938c4b70bb88a4e0408d5ae2da197f55e63401d3260b79d40b263594a5eada,True,1,1284,1,0,
2020-02-18__4971276605776623665__DMR Daily - MI0020257 _01_01_2020_to_01_31_2020_V1.docx.pdf,F:\WWTP DOCUMENT DIVE\Cadillac_MiEnviro_2011-2026\documents\2020-02-18__4971276605776623665__DMR Daily - MI0020257 _01_01_2020_to_01_31_2020_V1.docx.pdf,138109,1b0f8f177c843414738384a940276c3143d4528950c16d1c7adce1515e9f9676,True,8,17033,8,0,
2020-02-18__7829297075121030860__DMR Summary - MI0020257 _01_01_2020_to_01_31_2020_V1.docx.pdf,F:\WWTP DOCUMENT DIVE\Cadillac_MiEnviro_2011-2026\documents\2020-02-18__7829297075121030860__DMR Summary - MI0020257 _01_01_2020_to_01_31_2020_V1.docx.pdf,107240,13d823ec1cd2c360bc03ae4983478f5f2b33ff5222e6a01dbcd7fbdbef6e2bbf,True,4,10207,4,0,
2020-03-10__-3086391385719853857__DMR Daily - MI0020257 _02_01_2020_to_02_29_2020_V1.docx.pdf,F:\WWTP DOCUMENT DIVE\Cadillac_MiEnviro_2011-2026\documents\2020-03-10__-3086391385719853857__DMR Daily - MI0020257 _02_01_2020_to_02_29_2020_V1.docx.pdf,136462,24b3c43fe0e71b522541a616e30475800405979f246a543d5834d3ada5b97922,True,8,16584,8,0,
2020-03-10__-8244759568150087056__DMR Summary - MI0020257 _02_01_2020_to_02_29_2020_V1.docx.pdf,F:\WWTP DOCUMENT DIVE\Cadillac_MiEnviro_2011-2026\documents\2020-03-10__-8244759568150087056__DMR Summary - MI0020257 _02_01_2020_to_02_29_2020_V1.docx.pdf,107170,91424fc8fad6d5a09a454e526c6efdc971a4da88b2e34396757d5eb108c19929,True,4,10161,4,0,
2020-03-24__-4707268831554083833__[Untitled].pdf.pdf,F:\WWTP DOCUMENT DIVE\Cadillac_MiEnviro_2011-2026\documents\2020-03-24__-4707268831554083833__[Untitled].pdf.pdf,24802,99c277be8a5ed5b60f016722ba7359ea8762971d1459f7296cd87c8afc870b9a,True,1,0,0,1,
2020-03-24__-8585248556278470835__HNY-0A3C-HVRY7 V1.pdf v1.pdf,F:\WWTP DOCUMENT DIVE\Cadillac_MiEnviro_2011-2026\documents\2020-03-24__-8585248556278470835__HNY-0A3C-HVRY7 V1.pdf v1.pdf,261112,511f0e56cb9dd841dad39f0b87e002c21512745cf79e869bab6096a53071d77a,True,2,7517,2,0,
2020-03-24__1611229033523596445__POTW_Monitoring_Data_Summary 2019.xlsx.pdf,F:\WWTP DOCUMENT DIVE\Cadillac_MiEnviro_2011-2026\documents\2020-03-24__1611229033523596445__POTW_Monitoring_Data_Summary 2019.xlsx.pdf,73724,c25f5edc1e6c12560fc22bb1651749d506a2838491b173037e4d9104de8fb910,True,4,1668,4,0,
2020-03-24__4473589058410684374__POTW_Oversight_Table 2019.xlsx.pdf,F:\WWTP DOCUMENT DIVE\Cadillac_MiEnviro_2011-2026\documents\2020-03-24__4473589058410684374__POTW_Oversight_Table 2019.xlsx.pdf,48628,2d39658b026635458487db3d32f647e10b5c47d95e112ef57106aa2986ec8dd9,True,14,4309,14,0,
2020-03-24__7404543692145492921__SIU-CIU_List.xlsx.pdf,F:\WWTP DOCUMENT DIVE\Cadillac_MiEnviro_2011-2026\documents\2020-03-24__7404543692145492921__SIU-CIU_List.xlsx.pdf,48802,b6962175ae922016e0413a70c5a3659007a1e3202cc8cd7923d37cced2ea5c82,True,6,4445,6,0,
2020-03-30__-2375101511519353358__TVS Sludge data with June 2019.xlsx.pdf,F:\WWTP DOCUMENT DIVE\Cadillac_MiEnviro_2011-2026\documents\2020-03-30__-2375101511519353358__TVS Sludge data with June 2019.xlsx.pdf,40906,26c53bf4d612672c00158e06756eca6284cab31c1980e134743e4eef77bdcfed,True,2,878,2,0,
2020-03-30__-2865070882730237278__4-19 Sludge Data.pdf.pdf,F:\WWTP DOCUMENT DIVE\Cadillac_MiEnviro_2011-2026\documents\2020-03-30__-2865070882730237278__4-19 Sludge Data.pdf.pdf,980838,3ea3225b18534b2a59142978953252e2c001a9ee26be94d0ac0fce28951e6764,True,4,0,0,4,
2020-03-30__-640586683954684380__EM-RMP Sludge Data - 38 percent vol sol reduc info.msg.pdf,F:\WWTP DOCUMENT DIVE\Cadillac_MiEnviro_2011-2026\documents\2020-03-30__-640586683954684380__EM-RMP Sludge Data - 38 percent vol sol reduc info.msg.pdf,2210215,e5b8b3bf3fb36464864d586dc8f24945d3c7121866bb5b51ef645f410840ba12,True,15,1605,6,9,
2020-03-30__-8976390437726751257__3-19 Sludge Data.pdf.pdf,F:\WWTP DOCUMENT DIVE\Cadillac_MiEnviro_2011-2026\documents\2020-03-30__-8976390437726751257__3-19 Sludge Data.pdf.pdf,992746,a94f6f9622f342b62908fc9eff2db9dfb313b9f7d5307331bc3b0383b0da8f55,True,4,0,0,4,
2020-03-30__-9149089842875174068__FY19 Biosolids Lab data Sheet-June.pdf.pdf,F:\WWTP DOCUMENT DIVE\Cadillac_MiEnviro_2011-2026\documents\2020-03-30__-9149089842875174068__FY19 Biosolids Lab data Sheet-June.pdf.pdf,137679,9537e5c5821bd709b8e243eb3983ecfe57a02ca2b45c420e60e2632ff2f21814,True,1,0,0,1,
2020-04-01__531947349630284964__EM-raw sludge data - excel spreadsheet - do you have.......msg.pdf,F:\WWTP DOCUMENT DIVE\Cadillac_MiEnviro_2011-2026\documents\2020-04-01__531947349630284964__EM-raw sludge data - excel spreadsheet - do you have.......msg.pdf,40808,16098efc55f87d5e49ec78186c1a0d6d4f2fa6d327e5b360ad2e8a00c8bc3789,True,1,943,1,0,
2020-04-02__-2306083742306536230__Map of WWTP-plus....pdf.pdf,F:\WWTP DOCUMENT DIVE\Cadillac_MiEnviro_2011-2026\documents\2020-04-02__-2306083742306536230__Map of WWTP-plus....pdf.pdf,1140282,baec26cc87331a0de5493b2b214b89dde07a912d5d88e97f1589adbf670d4c64,True,3,0,0,3,
2020-04-02__-2960176964360922578__EM-raw sludge data - excel spreadsheet - June 2019 attached.msg.pdf,F:\WWTP DOCUMENT DIVE\Cadillac_MiEnviro_2011-2026\documents\2020-04-02__-2960176964360922578__EM-raw sludge data - excel spreadsheet - June 2019 attached.msg.pdf,108702,2b74962778040d5eb6abc6920e32c5ad8437b744d89248b3bef0316ca7f94f7e,True,4,2426,4,0,
2020-04-02__6333816970892467646__TVS Sludge-Temp data Mar-Apr-June 2019.xlsx.pdf,F:\WWTP DOCUMENT DIVE\Cadillac_MiEnviro_2011-2026\documents\2020-04-02__6333816970892467646__TVS Sludge-Temp data Mar-Apr-June 2019.xlsx.pdf,40906,17c0ebe76fe0928afa5b373898616dc4a8f810e3afda2afd794634abbf533dc5,True,2,878,2,0,
2020-04-02__7167064064318080607__TVS Sludge data with June 2019 - CS.xlsx.pdf,F:\WWTP DOCUMENT DIVE\Cadillac_MiEnviro_2011-2026\documents\2020-04-02__7167064064318080607__TVS Sludge data with June 2019 - CS.xlsx.pdf,46269,500a75e97b1b2429ff3ef1682dc4fcd2883f6f50a8256aaf058b604399c024f3,True,4,912,3,1,
2020-04-03__-3898013246824429371__FY20 Biosolids Lab data sheet-Nov.pdf.pdf,F:\WWTP DOCUMENT DIVE\Cadillac_MiEnviro_2011-2026\documents\2020-04-03__-3898013246824429371__FY20 Biosolids Lab data sheet-Nov.pdf.pdf,126198,655f4c3807e5c04d230450600f67dff1586b303581e2de04d921dc5f223f61d6,True,1,0,0,1,
2020-04-03__-8226255631460587730__TVS Sludge-Temp data for 2018 and 2019.xlsx.pdf,F:\WWTP DOCUMENT DIVE\Cadillac_MiEnviro_2011-2026\documents\2020-04-03__-8226255631460587730__TVS Sludge-Temp data for 2018 and 2019.xlsx.pdf,59102,6119563771ec586624ae00947dbfb1975b8ccf2800d35ee3ef20b370ba8ebaf8,True,7,6352,7,0,
2020-04-03__2380160427227463614__EM-Documentation to continue the RMP Mod Review - Received.msg.pdf,F:\WWTP DOCUMENT DIVE\Cadillac_MiEnviro_2011-2026\documents\2020-04-03__2380160427227463614__EM-Documentation to continue the RMP Mod Review - Received.msg.pdf,97125,843c1316ac09c93f8e5cc943ab3482eb63b9e4f28910c51ffb62588cd22fb2a7,True,2,3916,2,0,
2020-04-03__4306864775266012666__EM-Documentation needed to continue the RMP Mod Review.msg.pdf,F:\WWTP DOCUMENT DIVE\Cadillac_MiEnviro_2011-2026\documents\2020-04-03__4306864775266012666__EM-Documentation needed to continue the RMP Mod Review.msg.pdf,78134,ea369dd25184fb50a85003cab5ef8cd636c2b7227f92357c911ba1379191719b,True,2,3154,2,0,
2020-04-03__7466681245637844361__FY20 Pathogen results-Fall.pdf.pdf,F:\WWTP DOCUMENT DIVE\Cadillac_MiEnviro_2011-2026\documents\2020-04-03__7466681245637844361__FY20 Pathogen results-Fall.pdf.pdf,178168,f287c40cc0d544f1ab2e1f9fdf922793de8bea98b19187724b59bdf55aa9ab5e,True,1,0,0,1,
2020-04-03__7830709612651859340__EM-Documentation to continue the RMP Mod Review.msg.pdf,F:\WWTP DOCUMENT DIVE\Cadillac_MiEnviro_2011-2026\documents\2020-04-03__7830709612651859340__EM-Documentation to continue the RMP Mod Review.msg.pdf,496493,9f953daf1ed11c7779bda49eacd207faf9aef3d6991de916da1c6a204f043095,True,17,10968,15,2,
2020-04-03__9121627631978315512__TVS 38 percent Reduction Formula-Example.xls.pdf,F:\WWTP DOCUMENT DIVE\Cadillac_MiEnviro_2011-2026\documents\2020-04-03__9121627631978315512__TVS 38 percent Reduction Formula-Example.xls.pdf,29757,95687bfacb2cb3419d102e0f53b612e4ae4ab157349f3256a453c9e8292b4ec9,True,2,568,2,0,
2020-04-07__-2402552479564888584__FY18 Biosolids Lab Data sheet-May.pdf.pdf,F:\WWTP DOCUMENT DIVE\Cadillac_MiEnviro_2011-2026\documents\2020-04-07__-2402552479564888584__FY18 Biosolids Lab Data sheet-May.pdf.pdf,145831,3f2a6c4f849908ef7b665083a26f54a37e46105c0d8830eedeb0b00370841a7c,True,1,0,0,1,
2020-04-07__-3616924148492431618__FY19 Pathogen Results-Spring.pdf.pdf,F:\WWTP DOCUMENT DIVE\Cadillac_MiEnviro_2011-2026\documents\2020-04-07__-3616924148492431618__FY19 Pathogen Results-Spring.pdf.pdf,1080770,cf21c110af5fd94b35d6fdbd554936acfb88315a3b5349e44a38897149deeb58,True,3,0,0,3,
2020-04-07__-5300288323518781339__FY19 Fecal Only result-Spring Pathogen retest.pdf.pdf,F:\WWTP DOCUMENT DIVE\Cadillac_MiEnviro_2011-2026\documents\2020-04-07__-5300288323518781339__FY19 Fecal Only result-Spring Pathogen retest.pdf.pdf,164727,4d40b0124810b2e12b41fa91ac7a5461538ab97c82d1898fcbdfe74d95ba1004,True,1,0,0,1,
2020-04-07__2840525739333211318__FY19 Pathogen results-Fall.pdf.pdf,F:\WWTP DOCUMENT DIVE\Cadillac_MiEnviro_2011-2026\documents\2020-04-07__2840525739333211318__FY19 Pathogen results-Fall.pdf.pdf,190207,d095ffb68569f89c175a263ec9e55673af722ed4968f8e0ccf31cc7619856138,True,2,0,0,2,
2020-04-07__6934318977461350840__FY19 Biosolids Lab Data sheet-Oct.pdf.pdf,F:\WWTP DOCUMENT DIVE\Cadillac_MiEnviro_2011-2026\documents\2020-04-07__6934318977461350840__FY19 Biosolids Lab Data sheet-Oct.pdf.pdf,137811,5cbed2b4abee4e24fa038c64d90fd4fd465f9e1a12632f01ef56564c8e79b409,True,1,0,0,1,
2020-04-07__8916420307035958490__FY18 Pathogen Results-Spring.pdf.pdf,F:\WWTP DOCUMENT DIVE\Cadillac_MiEnviro_2011-2026\documents\2020-04-07__8916420307035958490__FY18 Pathogen Results-Spring.pdf.pdf,414125,03507ff794218b2b50b0244c9af479f63c4fd9110ec7b3ed0eca919ee6e67237,True,2,0,0,2,
2020-04-08__-3131571223960417678__TVS Sludge-Temp data for 2018 and 2019 - CS.xlsx.pdf,F:\WWTP DOCUMENT DIVE\Cadillac_MiEnviro_2011-2026\documents\2020-04-08__-3131571223960417678__TVS Sludge-Temp data for 2018 and 2019 - CS.xlsx.pdf,91028,8f53497385f70ca468f858019b5139fd3f1bbad5f2bfe746e08280b696d60735,True,16,10465,16,0,
2020-04-14__-8688763702920279353__DMR Daily - MI0020257 _03_01_2020_to_03_31_2020_V1.docx.pdf,F:\WWTP DOCUMENT DIVE\Cadillac_MiEnviro_2011-2026\documents\2020-04-14__-8688763702920279353__DMR Daily - MI0020257 _03_01_2020_to_03_31_2020_V1.docx.pdf,138093,bc923813ad89d5af1c22c5d17f62b2bd50d3fc53819d7514f95ded4a9703b8ad,True,8,16883,8,0,
2020-04-14__904120559304729915__DMR Summary - MI0020257 _03_01_2020_to_03_31_2020_V1.docx.pdf,F:\WWTP DOCUMENT DIVE\Cadillac_MiEnviro_2011-2026\documents\2020-04-14__904120559304729915__DMR Summary - MI0020257 _03_01_2020_to_03_31_2020_V1.docx.pdf,107191,0564814c1b7d962ff2c129b436d8aaf2b093be2543e0eea41873e78d5f4b0964,True,4,10168,4,0,
2020-04-29__-3205026037225796189__FY20 RMP Mod Approval Letter.pdf.pdf,F:\WWTP DOCUMENT DIVE\Cadillac_MiEnviro_2011-2026\documents\2020-04-29__-3205026037225796189__FY20 RMP Mod Approval Letter.pdf.pdf,131577,0b2ea35a0007deaa71fcbe3bb43ee5b4c843ea868e7b57097787e9afd0131a69,True,2,4978,2,0,
2020-04-29__-6039639665655559987__EM-FY20 RMP Mod Approval Letter.msg.pdf,F:\WWTP DOCUMENT DIVE\Cadillac_MiEnviro_2011-2026\documents\2020-04-29__-6039639665655559987__EM-FY20 RMP Mod Approval Letter.msg.pdf,216066,f884903b973285b944590b25fc003b9c9c4baae7c9fa481dd3ba4087c4d61e19,True,4,6165,4,0,
2020-05-14__5359287556564624361__DMR Daily - MI0020257 _04_01_2020_to_04_30_2020_V1.docx.pdf,F:\WWTP DOCUMENT DIVE\Cadillac_MiEnviro_2011-2026\documents\2020-05-14__5359287556564624361__DMR Daily - MI0020257 _04_01_2020_to_04_30_2020_V1.docx.pdf,137844,c28e470f2e66cc3182fb4ffbab9fb8191c3488c1d33a81a8f22d9cb926effbb3,True,8,17198,8,0,
2020-05-14__714725476643353392__DMR Summary - MI0020257 _04_01_2020_to_04_30_2020_V1.docx.pdf,F:\WWTP DOCUMENT DIVE\Cadillac_MiEnviro_2011-2026\documents\2020-05-14__714725476643353392__DMR Summary - MI0020257 _04_01_2020_to_04_30_2020_V1.docx.pdf,116823,aa3d569e7707da2c3272d0b8a15acd6cdb8849cdcd16f68141c4de269413ab67,True,5,11733,5,0,
2020-06-12__-2734719407847125814__DMR Daily - MI0020257 _05_01_2020_to_05_31_2020_V1.docx.pdf,F:\WWTP DOCUMENT DIVE\Cadillac_MiEnviro_2011-2026\documents\2020-06-12__-2734719407847125814__DMR Daily - MI0020257 _05_01_2020_to_05_31_2020_V1.docx.pdf,137971,65c04acb44f1dbc53eafac9938c9353b2bcc3e2d5565011a4a2b6338ce487beb,True,8,16806,8,0,
2020-06-12__-8346867488967724727__DMR Summary - MI0020257 _05_01_2020_to_05_31_2020_V1.docx.pdf,F:\WWTP DOCUMENT DIVE\Cadillac_MiEnviro_2011-2026\documents\2020-06-12__-8346867488967724727__DMR Summary - MI0020257 _05_01_2020_to_05_31_2020_V1.docx.pdf,113981,17654d95480a9da279bad2f26805c04d2753176c001ff3e03516751cebd50e74,True,4,10330,4,0,
2020-07-15__1126698237618620725__DMR Daily - MI0020257 _06_01_2020_to_06_30_2020_V1.docx.pdf,F:\WWTP DOCUMENT DIVE\Cadillac_MiEnviro_2011-2026\documents\2020-07-15__1126698237618620725__DMR Daily - MI0020257 _06_01_2020_to_06_30_2020_V1.docx.pdf,136704,9d7aa75dce4aff90b55cd2b4b7a38d75473f3a1108ce644bde3ee9966d98db91,True,8,16933,8,0,
2020-07-15__8474571005477585786__DMR Summary - MI0020257 _06_01_2020_to_06_30_2020_V1.docx.pdf,F:\WWTP DOCUMENT DIVE\Cadillac_MiEnviro_2011-2026\documents\2020-07-15__8474571005477585786__DMR Summary - MI0020257 _06_01_2020_to_06_30_2020_V1.docx.pdf,112546,7bd88ada1724c8d74a865d4f012850ca4f150e7d2dfe9a666991f55cb76bc803,True,4,10067,4,0,
2020-07-31__-621303826784066175__UPDATED Cadillac Waste Water AMP - NPDES permit report document 2020.docx.pdf,F:\WWTP DOCUMENT DIVE\Cadillac_MiEnviro_2011-2026\documents\2020-07-31__-621303826784066175__UPDATED Cadillac Waste Water AMP - NPDES permit report document 2020.docx.pdf,63368,dae13ed709cbdf35a3281c31348e1bf01f8247fdf92d3eced8ed9b5e8e6b6968,True,3,2681,3,0,
2020-07-31__7621784426946083240__HP1-NF8B-MDEG6 V1.pdf v1.pdf,F:\WWTP DOCUMENT DIVE\Cadillac_MiEnviro_2011-2026\documents\2020-07-31__7621784426946083240__HP1-NF8B-MDEG6 V1.pdf v1.pdf,33809,f054ae32962452794f7b76f2ebc74de73eefd33e336e73c5d53089339c587370,True,1,782,1,0,
2020-08-13__-603957263521988219__DMR Daily - MI0020257 _07_01_2020_to_07_31_2020_V1.docx.pdf,F:\WWTP DOCUMENT DIVE\Cadillac_MiEnviro_2011-2026\documents\2020-08-13__-603957263521988219__DMR Daily - MI0020257 _07_01_2020_to_07_31_2020_V1.docx.pdf,137064,d60d1eead4ad2fb7029e65c0915aa7ec953f2047cc89934e3c4c4592906ec481,True,8,17048,8,0,
2020-08-13__1261659723395150130__DMR Summary - MI0020257 _07_01_2020_to_07_31_2020_V1.docx.pdf,F:\WWTP DOCUMENT DIVE\Cadillac_MiEnviro_2011-2026\documents\2020-08-13__1261659723395150130__DMR Summary - MI0020257 _07_01_2020_to_07_31_2020_V1.docx.pdf,112584,e24f42cd4ba0d858b3ef61487b191570b11f3fd8d780c10ef8acf27b738ab051,True,4,10102,4,0,
2020-09-11__-7894316523983511702__DMR Summary - MI0020257 _08_01_2020_to_08_31_2020_V1.docx.pdf,F:\WWTP DOCUMENT DIVE\Cadillac_MiEnviro_2011-2026\documents\2020-09-11__-7894316523983511702__DMR Summary - MI0020257 _08_01_2020_to_08_31_2020_V1.docx.pdf,112537,48550c51ef2203a0c7854371b5ecacc3347ebfddf299283961ae28183204d734,True,4,10062,4,0,
2020-09-11__7319678251053000664__DMR Daily - MI0020257 _08_01_2020_to_08_31_2020_V1.docx.pdf,F:\WWTP DOCUMENT DIVE\Cadillac_MiEnviro_2011-2026\documents\2020-09-11__7319678251053000664__DMR Daily - MI0020257 _08_01_2020_to_08_31_2020_V1.docx.pdf,136953,875303b62f65325606f2fb17823f3d12e11a47391bfc786baa30e699d0ed04ca,True,8,16882,8,0,
2020-10-07__-2594967681375761019__Cadillac WWTP 4th PFAS IPP Mailing.pdf.pdf,F:\WWTP DOCUMENT DIVE\Cadillac_MiEnviro_2011-2026\documents\2020-10-07__-2594967681375761019__Cadillac WWTP 4th PFAS IPP Mailing.pdf.pdf,339087,cbf2e4795f330895f5596a998544d7dfb6574577cd2820dd6c8823e0a9907091,True,7,0,0,7,
2020-10-16__-2495816032889701004__DMR Summary - MI0020257 _09_01_2020_to_09_30_2020_V1.docx.pdf,F:\WWTP DOCUMENT DIVE\Cadillac_MiEnviro_2011-2026\documents\2020-10-16__-2495816032889701004__DMR Summary - MI0020257 _09_01_2020_to_09_30_2020_V1.docx.pdf,112530,0dab5e994a7188a5f190909d3fb79661d2f2916ce8741bfcbd9d834f7902608c,True,4,10058,4,0,
2020-10-16__6120318385795256851__DMR Daily - MI0020257 _09_01_2020_to_09_30_2020_V1.docx.pdf,F:\WWTP DOCUMENT DIVE\Cadillac_MiEnviro_2011-2026\documents\2020-10-16__6120318385795256851__DMR Daily - MI0020257 _09_01_2020_to_09_30_2020_V1.docx.pdf,136464,68782e33214f033006fec057c3b8d5db5e347876c905f781dd436be08ce314a5,True,8,17045,8,0,
2020-10-22__4001861427588441034__2020-10-22 VN-011108 Cadillac WWTP.pdf.pdf,F:\WWTP DOCUMENT DIVE\Cadillac_MiEnviro_2011-2026\documents\2020-10-22__4001861427588441034__2020-10-22 VN-011108 Cadillac WWTP.pdf.pdf,128337,5fff30df4912f649583326f3400e168647efa2d598af82a36b1d111ab10b5649,True,5,12951,5,0,
2020-10-30__-1421922713361138980__FY20 Lab Log-Solids and DTs-Spring 2020.pdf.pdf,F:\WWTP DOCUMENT DIVE\Cadillac_MiEnviro_2011-2026\documents\2020-10-30__-1421922713361138980__FY20 Lab Log-Solids and DTs-Spring 2020.pdf.pdf,135171,16437eb675651dc8d869cc8f78e2f963778a0262f26b3c581802a781a86a1eb9,True,1,0,0,1,
2020-10-30__-1465774990016543863__FY20 Land Appl Sites Listed-Info.pdf.pdf,F:\WWTP DOCUMENT DIVE\Cadillac_MiEnviro_2011-2026\documents\2020-10-30__-1465774990016543863__FY20 Land Appl Sites Listed-Info.pdf.pdf,621955,a27f897ee07608b53991f3f46feab8311189e8511125abcb561601a92c134ad8,True,3,0,0,3,
2020-10-30__-1820768598297398743__FY20 Metals-Nutrient Results-Sept 2019.pdf.pdf,F:\WWTP DOCUMENT DIVE\Cadillac_MiEnviro_2011-2026\documents\2020-10-30__-1820768598297398743__FY20 Metals-Nutrient Results-Sept 2019.pdf.pdf,2763721,08265699315653419cbf487adc3a750246c948a817fa9a4c4227070da6bfb607,True,22,24810,20,2,
2020-10-30__-1878291943815829193__FY20 Metals-Nutrient-VOC Results-March 2020.pdf.pdf,F:\WWTP DOCUMENT DIVE\Cadillac_MiEnviro_2011-2026\documents\2020-10-30__-1878291943815829193__FY20 Metals-Nutrient-VOC Results-March 2020.pdf.pdf,1737304,60fca6e42b065faecbae544713fb7b395c1be888af6bcc93a00f1287834b3e6b,True,50,93115,48,2,
2020-10-30__-2356150972183489066__FY20 Pathogen Results-Mar 2020.pdf.pdf,F:\WWTP DOCUMENT DIVE\Cadillac_MiEnviro_2011-2026\documents\2020-10-30__-2356150972183489066__FY20 Pathogen Results-Mar 2020.pdf.pdf,1055136,7d24409da4157db02e76e64c9e253193caee1560cb5e0e2577021b4ed5fd3f8e,True,3,0,0,3,
2020-10-30__-3061208309596263741__FY20 Digestor Sludge Temps-Spring 2020.pdf.pdf,F:\WWTP DOCUMENT DIVE\Cadillac_MiEnviro_2011-2026\documents\2020-10-30__-3061208309596263741__FY20 Digestor Sludge Temps-Spring 2020.pdf.pdf,2884821,8e892b3ea73fea4c0aae41c7051011d87962248de9d51fa94c19254bd0d95b0f,True,12,0,0,12,
2020-10-30__-3373663795635721601__HP3-HWDR-V8Y73 V1.pdf v1.pdf,F:\WWTP DOCUMENT DIVE\Cadillac_MiEnviro_2011-2026\documents\2020-10-30__-3373663795635721601__HP3-HWDR-V8Y73 V1.pdf v1.pdf,69534,d6d563b3ec4ff8e0fbeb2a32d08f1c48b0bd5f3f73e806a4d88876dfd91aab0d,True,5,8811,5,0,
2020-10-30__-3595321980453110117__FY20 Applier Certification-Management Practices.pdf.pdf,F:\WWTP DOCUMENT DIVE\Cadillac_MiEnviro_2011-2026\documents\2020-10-30__-3595321980453110117__FY20 Applier Certification-Management Practices.pdf.pdf,548519,7c1c9d363362f895d93588e5fe920314d1747bd3309aeb9fc5e4c2460717be4a,True,4,0,0,4,
2020-10-30__-6228740327260048235__FY20 Applier Certification- VAR.pdf.pdf,F:\WWTP DOCUMENT DIVE\Cadillac_MiEnviro_2011-2026\documents\2020-10-30__-6228740327260048235__FY20 Applier Certification- VAR.pdf.pdf,459405,98e3d240fd50ec196c3027f2cf2deb6356aad7c0a499494b3358f194e8a7fd72,True,2,0,0,2,
2020-10-30__-7181669812693631837__FY20 Land Appl Site Listing-Dry Tonnage Info.pdf.pdf,F:\WWTP DOCUMENT DIVE\Cadillac_MiEnviro_2011-2026\documents\2020-10-30__-7181669812693631837__FY20 Land Appl Site Listing-Dry Tonnage Info.pdf.pdf,181811,0ada6f596a97e558428d2127484ebeed7bd8240652fedb5a22f99c9223816beb,True,1,0,0,1,
2020-10-30__-7995792267920570600__FY20 Digestor Sludge Temps-Fall 2019.pdf.pdf,F:\WWTP DOCUMENT DIVE\Cadillac_MiEnviro_2011-2026\documents\2020-10-30__-7995792267920570600__FY20 Digestor Sludge Temps-Fall 2019.pdf.pdf,2894425,7876cefa60992ead4a47933591491d89324b86d30e3b93d547a20a831a047072,True,12,0,0,12,
2020-10-30__3940615118159600923__FY20 Lab Log-Solids and DTs-Fall 2019.pdf.pdf,F:\WWTP DOCUMENT DIVE\Cadillac_MiEnviro_2011-2026\documents\2020-10-30__3940615118159600923__FY20 Lab Log-Solids and DTs-Fall 2019.pdf.pdf,129951,37c8aa1ea692ec6f6f40d4fb57422b4474aa42f2092f3ed34eb4687f1e862d7c,True,1,0,0,1,
2020-10-30__4435118231646965674__FY20 Applier Certification-Class B Pathogen Reduction and Site Restrictions.pdf.pdf,F:\WWTP DOCUMENT DIVE\Cadillac_MiEnviro_2011-2026\documents\2020-10-30__4435118231646965674__FY20 Applier Certification-Class B Pathogen Reduction and Site Restrictions.pdf.pdf,767931,ff962c20a732841ef5508c5ab0b6654e7451ec35aca788bdb664ff39f5dd45a6,True,5,0,0,5,
2020-10-30__5077630968363806354__DMR Summary - MI0020257 _10_01_2019_to_09_30_2020_V1.docx.pdf,F:\WWTP DOCUMENT DIVE\Cadillac_MiEnviro_2011-2026\documents\2020-10-30__5077630968363806354__DMR Summary - MI0020257 _10_01_2019_to_09_30_2020_V1.docx.pdf,103198,873590d70611979085b1a132116a36d75bd3fee1dd1603119c6d846dab3a80c7,True,4,10145,4,0,
2020-10-30__6182514467428443791__FY20 Pathogen Results-Sept 2019.pdf.pdf,F:\WWTP DOCUMENT DIVE\Cadillac_MiEnviro_2011-2026\documents\2020-10-30__6182514467428443791__FY20 Pathogen Results-Sept 2019.pdf.pdf,805125,da92e451782126c17a22c4ac2cd91c26160ae2cf17fbee8a4d46a03aa0e177c7,True,2,0,0,2,
2020-10-30__6438358885807165188__FY20 Metals Worksheets.pdf.pdf,F:\WWTP DOCUMENT DIVE\Cadillac_MiEnviro_2011-2026\documents\2020-10-30__6438358885807165188__FY20 Metals Worksheets.pdf.pdf,1086968,b0adaa589b3d4a2840276ecdd94c26ec76c09fffde7d6c09465cf46991c831a6,True,5,0,0,5,
2020-10-30__7364327176372798168__FY20 TVS Reduction Log-Nov 2019 and May 2020.xlsx.pdf,F:\WWTP DOCUMENT DIVE\Cadillac_MiEnviro_2011-2026\documents\2020-10-30__7364327176372798168__FY20 TVS Reduction Log-Nov 2019 and May 2020.xlsx.pdf,49986,c8644a44576fbd9d053ba08935689b9b699f9e7a9bc41175fc55d03dd7334916,True,4,1236,4,0,
2020-11-19__-2325435557703822824__DMR Daily - MI0020257 _10_01_2020_to_10_31_2020_V1.docx.pdf,F:\WWTP DOCUMENT DIVE\Cadillac_MiEnviro_2011-2026\documents\2020-11-19__-2325435557703822824__DMR Daily - MI0020257 _10_01_2020_to_10_31_2020_V1.docx.pdf,141016,f4655e2feb69f479d87506560f69a8aec00b6c97537660c426752f30807b602b,True,9,18829,9,0,
2020-11-19__-4968018007594740390__DMR Summary - MI0020257 _10_01_2020_to_10_31_2020_V1.docx.pdf,F:\WWTP DOCUMENT DIVE\Cadillac_MiEnviro_2011-2026\documents\2020-11-19__-4968018007594740390__DMR Summary - MI0020257 _10_01_2020_to_10_31_2020_V1.docx.pdf,117091,eae1fcfb82dd6eb981cc5ae503d910948415df1745e41adfc9550a91596db16f,True,5,12282,5,0,
2020-11-25__4946311325009739480__2020-11-25 RE_ EGLE WRD VN-011108 Cadillac WWTP.msg.pdf,F:\WWTP DOCUMENT DIVE\Cadillac_MiEnviro_2011-2026\documents\2020-11-25__4946311325009739480__2020-11-25 RE_ EGLE WRD VN-011108 Cadillac WWTP.msg.pdf,152900,caef07e3ea35e45c70d17c4abe0c2ac16db32b82b609a679b22f8c461c5a1e7f,True,3,2593,2,1,
2020-12-09__-271713624464570818__DMR Daily - MI0020257 _11_01_2020_to_11_30_2020_V1.docx.pdf,F:\WWTP DOCUMENT DIVE\Cadillac_MiEnviro_2011-2026\documents\2020-12-09__-271713624464570818__DMR Daily - MI0020257 _11_01_2020_to_11_30_2020_V1.docx.pdf,137495,0cf30763e9cac30ca85cf2f481d44b3360f45c9bd32a84c10544cf89b2ab30a5,True,8,17025,8,0,
2020-12-09__8229030749320318482__DMR Summary - MI0020257 _11_01_2020_to_11_30_2020_V1.docx.pdf,F:\WWTP DOCUMENT DIVE\Cadillac_MiEnviro_2011-2026\documents\2020-12-09__8229030749320318482__DMR Summary - MI0020257 _11_01_2020_to_11_30_2020_V1.docx.pdf,107195,28d08a7c9a6bf65caf03ce42bbd7947b667fc0bc91c1e27ca26c8ee6e01230bd,True,4,10211,4,0,
2020-12-15__-4510826923768930961__DEQ Letter Violation Notice - Claire Lowe - 12152020.doc.pdf,F:\WWTP DOCUMENT DIVE\Cadillac_MiEnviro_2011-2026\documents\2020-12-15__-4510826923768930961__DEQ Letter Violation Notice - Claire Lowe - 12152020.doc.pdf,115001,82185208b76d9ae1e820878e13edf8015b6bec11c478872c6ccbf950b83b262e,True,2,2020,2,0,
2020-12-15__3516646527834417673__AAR RT categorical permit (002).docx.pdf,F:\WWTP DOCUMENT DIVE\Cadillac_MiEnviro_2011-2026\documents\2020-12-15__3516646527834417673__AAR RT categorical permit (002).docx.pdf,177116,9720448585d1487b6482255c0ff702f4b74c6d7e0473b9c52a53a9c85d423440,True,23,55187,23,0,
2020-12-15__5299583232266631464__HP5-16GH-VNKPV V1.pdf v1.pdf,F:\WWTP DOCUMENT DIVE\Cadillac_MiEnviro_2011-2026\documents\2020-12-15__5299583232266631464__HP5-16GH-VNKPV V1.pdf v1.pdf,33446,9fba34d17080c58d6ff0bee4fab851296a42200770801ddb14f0482ff177bc37,True,1,760,1,0,
2020-12-15__9199088666007251058__HP5-16EW-CW2T4 V1.pdf v1.pdf,F:\WWTP DOCUMENT DIVE\Cadillac_MiEnviro_2011-2026\documents\2020-12-15__9199088666007251058__HP5-16EW-CW2T4 V1.pdf v1.pdf,33397,42b250f7df5b71aab6db5228728ef87757a000e262ebfe511ff5c4d1541f1d21,True,1,778,1,0,
2021-01-14__-5216939555966009161__DMR Daily - MI0020257 _12_01_2020_to_12_31_2020_V1.docx.pdf,F:\WWTP DOCUMENT DIVE\Cadillac_MiEnviro_2011-2026\documents\2021-01-14__-5216939555966009161__DMR Daily - MI0020257 _12_01_2020_to_12_31_2020_V1.docx.pdf,138457,eecd199739736c673956bdc2b61f785e0031fc83c23971da09d41cb819889309,True,8,17452,8,0,
2021-01-14__-8187359153766679796__DMR Summary - MI0020257 _12_01_2020_to_12_31_2020_V1.docx.pdf,F:\WWTP DOCUMENT DIVE\Cadillac_MiEnviro_2011-2026\documents\2021-01-14__-8187359153766679796__DMR Summary - MI0020257 _12_01_2020_to_12_31_2020_V1.docx.pdf,113966,3e877de989592b59f5600b2c64882b684b0858f04231099f8ad00c578a6c0565,True,4,10360,4,0,
2021-01-14__6237514284723177011__EM-FY19 Biosolids LA info - problems.msg.pdf,F:\WWTP DOCUMENT DIVE\Cadillac_MiEnviro_2011-2026\documents\2021-01-14__6237514284723177011__EM-FY19 Biosolids LA info - problems.msg.pdf,108886,39de7364e720f99a9490a02b91083ff3796b6ed70917b109d79c207ec4d5a29f,True,2,2718,2,0,
2021-01-25__-1540861456886629140__Example-CPLR Notification Letter-06S06W04-SF01.docx.pdf,F:\WWTP DOCUMENT DIVE\Cadillac_MiEnviro_2011-2026\documents\2021-01-25__-1540861456886629140__Example-CPLR Notification Letter-06S06W04-SF01.docx.pdf,92473,f6995adb547c33dbdbf38aca9b55e3f3f01819d9a61e459babfb7e638d282afe,True,1,1736,1,0,
2021-01-25__-2377671664964831691__Example-CPLR Notification Letter-06S06W04-SF01.docx.pdf,F:\WWTP DOCUMENT DIVE\Cadillac_MiEnviro_2011-2026\documents\2021-01-25__-2377671664964831691__Example-CPLR Notification Letter-06S06W04-SF01.docx.pdf,92473,f6995adb547c33dbdbf38aca9b55e3f3f01819d9a61e459babfb7e638d282afe,True,1,1736,1,0,
2021-01-25__-9182293101992928732__Example-CPLR Site Notification Ltr - RH01.pdf.pdf,F:\WWTP DOCUMENT DIVE\Cadillac_MiEnviro_2011-2026\documents\2021-01-25__-9182293101992928732__Example-CPLR Site Notification Ltr - RH01.pdf.pdf,427905,2eb683f3cd27d694af179cd6b479f7a037967d820dd98e8de3ffff8c6c7f2f6c,True,1,0,0,1,
2021-01-25__3067968206844043988__Example-CPLR site - exceeds Copper.pdf.pdf,F:\WWTP DOCUMENT DIVE\Cadillac_MiEnviro_2011-2026\documents\2021-01-25__3067968206844043988__Example-CPLR site - exceeds Copper.pdf.pdf,140007,ed1228f40d698ca40ab5ac0bdf0d414ba8c79d01c8218bdc864118db1839f2e7,True,1,2284,1,0,
2021-01-25__4873548006900359851__EM-CPLR Notification examples.msg.pdf,F:\WWTP DOCUMENT DIVE\Cadillac_MiEnviro_2011-2026\documents\2021-01-25__4873548006900359851__EM-CPLR Notification examples.msg.pdf,749279,0e679ba1d4650051de3f29e31465ac6753888a36889c6275376db06c679ad5a9,True,7,6332,6,1,
2021-01-25__5764293174176539684__Example-CPLR Site Notification Ltr - RH01.pdf.pdf,F:\WWTP DOCUMENT DIVE\Cadillac_MiEnviro_2011-2026\documents\2021-01-25__5764293174176539684__Example-CPLR Site Notification Ltr - RH01.pdf.pdf,427905,2eb683f3cd27d694af179cd6b479f7a037967d820dd98e8de3ffff8c6c7f2f6c,True,1,0,0,1,
2021-01-25__7655166816613235567__EM-CPLR Notification examples.msg.pdf,F:\WWTP DOCUMENT DIVE\Cadillac_MiEnviro_2011-2026\documents\2021-01-25__7655166816613235567__EM-CPLR Notification examples.msg.pdf,749279,4eeb4e6d7721269f7e93066769b8cb4d89999b7e5290958517ce3ab39ff6fc89,True,7,6332,6,1,
2021-01-25__9176220962172897471__Example-CPLR site - exceeds Copper.pdf.pdf,F:\WWTP DOCUMENT DIVE\Cadillac_MiEnviro_2011-2026\documents\2021-01-25__9176220962172897471__Example-CPLR site - exceeds Copper.pdf.pdf,140007,ed1228f40d698ca40ab5ac0bdf0d414ba8c79d01c8218bdc864118db1839f2e7,True,1,2284,1,0,
2021-01-28__1630500943979458367__HNT-5SPH-XVKKZ V2.pdf v2.pdf,F:\WWTP DOCUMENT DIVE\Cadillac_MiEnviro_2011-2026\documents\2021-01-28__1630500943979458367__HNT-5SPH-XVKKZ V2.pdf v2.pdf,69396,2705e241cb1ed18cba26af827ae4887a9f1851f62825e4c4d0e913934ca7fca2,True,5,9162,5,0,
2021-01-28__3155049770956466046__Class B Pathogen Reduction and Site Res..pdf.pdf,F:\WWTP DOCUMENT DIVE\Cadillac_MiEnviro_2011-2026\documents\2021-01-28__3155049770956466046__Class B Pathogen Reduction and Site Res..pdf.pdf,770719,1675fd3ecc8b273d64d21cbedd2f86512f2d25e696b9dc2d681ff77cc849b9c8,True,5,0,0,5,
2021-01-28__555555133104521288__EM-Cadillac WWTP-FY19 CPLR Arsenic Exceeded Notification.msg.pdf,F:\WWTP DOCUMENT DIVE\Cadillac_MiEnviro_2011-2026\documents\2021-01-28__555555133104521288__EM-Cadillac WWTP-FY19 CPLR Arsenic Exceeded Notification.msg.pdf,292616,df1b295d43b41922b583626f7c3353046cbfe99a3079c7ed32d4be8b8123b12a,True,3,762,2,1,
2021-01-28__697514453136914568__EM-Cadillac WWTP-FY19 CPLR Arsenic Exceeded Notification - Received.msg.pdf,F:\WWTP DOCUMENT DIVE\Cadillac_MiEnviro_2011-2026\documents\2021-01-28__697514453136914568__EM-Cadillac WWTP-FY19 CPLR Arsenic Exceeded Notification - Received.msg.pdf,105011,7da79b159385f8c5913db7ec4f021658108a56a1feced1126e909dc204298422,True,1,1131,1,0,
2021-01-28__8791805065657436320__Cadillac WWTP-FY19 CPLR Arsenic Exceeded Notification.pdf.pdf,F:\WWTP DOCUMENT DIVE\Cadillac_MiEnviro_2011-2026\documents\2021-01-28__8791805065657436320__Cadillac WWTP-FY19 CPLR Arsenic Exceeded Notification.pdf.pdf,236650,e50ff61bfff643bd7c10e08060b678c99ff75e09a2158283c6aa4c0479e18bef,True,1,0,0,1,
2021-02-19__2774047219998886498__MI0020257_2021-01-01_to_2021-01-31_1_DMR.pdf.pdf,F:\WWTP DOCUMENT DIVE\Cadillac_MiEnviro_2011-2026\documents\2021-02-19__2774047219998886498__MI0020257_2021-01-01_to_2021-01-31_1_DMR.pdf.pdf,244336,f2eca18e075779c8ad7a46e4e53295935516adf5fe169241d7972bc3caf7e01b,True,12,26614,12,0,
2021-03-16__-8362253429290520676__MI0020257_2021-02-01_to_2021-02-28_1_DMR.pdf.pdf,F:\WWTP DOCUMENT DIVE\Cadillac_MiEnviro_2011-2026\documents\2021-03-16__-8362253429290520676__MI0020257_2021-02-01_to_2021-02-28_1_DMR.pdf.pdf,242374,7bacccd9b9f54f8324629ad3be32e53c15bdac5f057160758a6eceb15a40b671,True,12,26150,12,0,
2021-03-26__-1138678306013829471__POTW_Monitoring_Data_Summary 2020.xlsx.pdf,F:\WWTP DOCUMENT DIVE\Cadillac_MiEnviro_2011-2026\documents\2021-03-26__-1138678306013829471__POTW_Monitoring_Data_Summary 2020.xlsx.pdf,73679,5c7bf8df2a580fec5704f31443a1c7c86bbe0bd53deb60b7e9d0ad4107e59983,True,4,1688,4,0,
2021-03-26__-3019964684910016392__POTW_Oversight_Table.xlsx.pdf,F:\WWTP DOCUMENT DIVE\Cadillac_MiEnviro_2011-2026\documents\2021-03-26__-3019964684910016392__POTW_Oversight_Table.xlsx.pdf,45982,5483e17d4cf833ec76e7425c53ff55e6a8f04ed3b89468f797294ae7954b0967,True,7,4079,7,0,
2021-03-26__-4393377774059515002__Affidavit of Publication.pdf.pdf,F:\WWTP DOCUMENT DIVE\Cadillac_MiEnviro_2011-2026\documents\2021-03-26__-4393377774059515002__Affidavit of Publication.pdf.pdf,172087,eeaf57deebb85a1022474069c078288c4c7a717628937ed4c7159ba204f94e89,True,1,0,0,1,
2021-03-26__-5015938620228106531__HP6-YDST-46BJ3 V1.pdf v1.pdf,F:\WWTP DOCUMENT DIVE\Cadillac_MiEnviro_2011-2026\documents\2021-03-26__-5015938620228106531__HP6-YDST-46BJ3 V1.pdf v1.pdf,273357,a13bd92bd67e36bd05c02ec7a55299bcd1b4891180602ffea323de74ee155bca,True,3,7194,3,0,
2021-03-26__3302861723882328898__SIU-CIU_List.xlsx.pdf,F:\WWTP DOCUMENT DIVE\Cadillac_MiEnviro_2011-2026\documents\2021-03-26__3302861723882328898__SIU-CIU_List.xlsx.pdf,48411,4de381e803372b3424ac13dcb62ed94af10af0f2b8dc5f5bb2100c331936d56a,True,6,4274,6,0,
2021-04-13__-5185417842054396477__MI0020257_2021-03-01_to_2021-03-31_1_DMR.pdf.pdf,F:\WWTP DOCUMENT DIVE\Cadillac_MiEnviro_2011-2026\documents\2021-04-13__-5185417842054396477__MI0020257_2021-03-01_to_2021-03-31_1_DMR.pdf.pdf,244305,69d0721ad6d0c4ce472716dfb9ee2bb768ff7881778f1fa177d322287411cdce,True,12,26666,12,0,
2021-04-16__-2092231590657635414__Cadillac WWTP - RMP PFAS Modification 4-5-2021.pdf.pdf,F:\WWTP DOCUMENT DIVE\Cadillac_MiEnviro_2011-2026\documents\2021-04-16__-2092231590657635414__Cadillac WWTP - RMP PFAS Modification 4-5-2021.pdf.pdf,232308,4900dc0c38d60aeabba7f631b0d327c8f6ca886027fb7c792b4ccfd2d46a91e9,True,5,0,0,5,
2021-04-16__-87438577420274852__Notification of WRDs approach to PFAS in Biosolids – an Interim Strategy.msg.pdf,F:\WWTP DOCUMENT DIVE\Cadillac_MiEnviro_2011-2026\documents\2021-04-16__-87438577420274852__Notification of WRDs approach to PFAS in Biosolids – an Interim Strategy.msg.pdf,297239,c7eebd851ba273d02bff176a3695e3af0b9aaea3670e789936665b3e6bf9e4c1,True,7,2411,2,5,
2021-05-17__2119075287875955002__MI0020257_2021-04-01_to_2021-04-30_1_DMR.pdf.pdf,F:\WWTP DOCUMENT DIVE\Cadillac_MiEnviro_2011-2026\documents\2021-05-17__2119075287875955002__MI0020257_2021-04-01_to_2021-04-30_1_DMR.pdf.pdf,243574,3f7c51c66dfd35d3b2ab584da3ce03d20efe72d3a3172008781d72b956b68fc7,True,12,26718,12,0,
2021-06-16__-1290401862186501671__MI0020257_2021-05-01_to_2021-05-31_1_DMR.pdf.pdf,F:\WWTP DOCUMENT DIVE\Cadillac_MiEnviro_2011-2026\documents\2021-06-16__-1290401862186501671__MI0020257_2021-05-01_to_2021-05-31_1_DMR.pdf.pdf,244145,d5b5453e9a44dd065827245a886edc45e6d214ac3a1fa3c92819b3d3e0a8e635,True,12,26558,12,0,
2021-07-20__-6400240489053772159__MI0020257_2021-06-01_to_2021-06-30_1_DMR.pdf.pdf,F:\WWTP DOCUMENT DIVE\Cadillac_MiEnviro_2011-2026\documents\2021-07-20__-6400240489053772159__MI0020257_2021-06-01_to_2021-06-30_1_DMR.pdf.pdf,248398,3666e8474115e70d1840c453e1d90cb79b9982f63877a9eee13dd3a75e31bfcb,True,12,26764,12,0,
2021-08-18__-2335519049487257658__MI0020257_2021-07-01_to_2021-07-31_1_DMR.pdf.pdf,F:\WWTP DOCUMENT DIVE\Cadillac_MiEnviro_2011-2026\documents\2021-08-18__-2335519049487257658__MI0020257_2021-07-01_to_2021-07-31_1_DMR.pdf.pdf,241548,f8343c2cd667fc27c27833742a34901765768b1015f9ee8ee59ca878c95162e7,True,12,26310,12,0,
2021-08-18__6056844495337694689__IPP Profile (word).docx.pdf,F:\WWTP DOCUMENT DIVE\Cadillac_MiEnviro_2011-2026\documents\2021-08-18__6056844495337694689__IPP Profile (word).docx.pdf,61839,9e73bb9318eb9f4d96a25247c0643512d45caa2436be96b1f9a85382629c5fca,True,4,7015,4,0,
2021-09-09__-1828046107349546245__21.08.31.Eff.AddlMonit.ParagonRepeat.pdf.pdf,F:\WWTP DOCUMENT DIVE\Cadillac_MiEnviro_2011-2026\documents\2021-09-09__-1828046107349546245__21.08.31.Eff.AddlMonit.ParagonRepeat.pdf.pdf,1972041,b53c2ce6898566ea0359fea3b6ec5b0391fde24f608c5154f5168e02aeda48e6,True,6,3874,5,1,
2021-09-09__138676979288106194__21.08.31.Eff.AddlMonit.MeritConfirm.pdf.pdf,F:\WWTP DOCUMENT DIVE\Cadillac_MiEnviro_2011-2026\documents\2021-09-09__138676979288106194__21.08.31.Eff.AddlMonit.MeritConfirm.pdf.pdf,461927,7ea41906c025ff4ebafc629872c6a9eca6c3ddaf6fdb7165895faadd9cf4dde7,True,8,7360,7,1,
2021-09-09__1450974773328511929__21.08.Eff.AddlMonit.ERM.pdf.pdf,F:\WWTP DOCUMENT DIVE\Cadillac_MiEnviro_2011-2026\documents\2021-09-09__1450974773328511929__21.08.Eff.AddlMonit.ERM.pdf.pdf,1954633,25e09eace8cf4c3c4d793e035c8d886ee0693c9bb4b10c7229c07292608ef560,True,37,24041,37,0,
2021-09-09__2434142290908894935__21.08.16.Eff.AddlMonit.Paragon.pdf.pdf,F:\WWTP DOCUMENT DIVE\Cadillac_MiEnviro_2011-2026\documents\2021-09-09__2434142290908894935__21.08.16.Eff.AddlMonit.Paragon.pdf.pdf,2941497,647b9622ba517e5d20162a691a8020c69e4e86bd5279aacedc3a7c733a89f605,True,8,4116,5,3,
2021-09-09__6574033254126510035__21.08.Eff.AddlMonit.Fibertec.pdf.pdf,F:\WWTP DOCUMENT DIVE\Cadillac_MiEnviro_2011-2026\documents\2021-09-09__6574033254126510035__21.08.Eff.AddlMonit.Fibertec.pdf.pdf,212301,95e2e315ed7eff153c672d9e52a5f3b28ccb267f52169f1a9c9bffbf2aba270f,True,8,18664,7,1,
2021-09-09__8103832926959524260__HPB-KP8T-GKSNS V1.pdf v1.pdf,F:\WWTP DOCUMENT DIVE\Cadillac_MiEnviro_2011-2026\documents\2021-09-09__8103832926959524260__HPB-KP8T-GKSNS V1.pdf v1.pdf,42074,11cf483370f98fc7a726f2a564dba9ddb39cf2a91ea772ab902bfe60fe5c7551,True,1,1830,1,0,
2021-09-09__9125400453898556841__21.08.16.Eff.AddlMonit.ParagonRepeat.pdf.pdf,F:\WWTP DOCUMENT DIVE\Cadillac_MiEnviro_2011-2026\documents\2021-09-09__9125400453898556841__21.08.16.Eff.AddlMonit.ParagonRepeat.pdf.pdf,286313,7992e7782726ca59f6ff22b5dd56d610b09d2fddedf49a5d93ae1f79fee65b30,True,1,116,1,0,
2021-09-16__4261245958963501496__MI0020257_2021-08-01_to_2021-08-31_DMR.pdf.pdf,F:\WWTP DOCUMENT DIVE\Cadillac_MiEnviro_2011-2026\documents\2021-09-16__4261245958963501496__MI0020257_2021-08-01_to_2021-08-31_DMR.pdf.pdf,249260,a9e6807ee9a48870ddfac3eafb00d2a6298b3cd583dc5094daa7d2201e857445,True,12,26927,12,0,
2021-09-22__4774476861127196487__Inspection Report.docx.pdf,F:\WWTP DOCUMENT DIVE\Cadillac_MiEnviro_2011-2026\documents\2021-09-22__4774476861127196487__Inspection Report.docx.pdf,115290,254ce9a192238ae8f2d1b45589bf6ab9220b4720b022b70fd7611a01626adab5,True,19,34840,19,0,
2021-09-30__-3489435999352372800__2021-09-30 VN-012230 Cadillac WWTP.pdf.pdf,F:\WWTP DOCUMENT DIVE\Cadillac_MiEnviro_2011-2026\documents\2021-09-30__-3489435999352372800__2021-09-30 VN-012230 Cadillac WWTP.pdf.pdf,297796,96bc79c5922bee4e8d9a9b4028d3cee3efe95c25a9e663f110d830c50dddfd9b,True,7,21629,7,0,
2021-09-30__-5308815659450264794__Read Receipt of VN-012230.pdf.pdf,F:\WWTP DOCUMENT DIVE\Cadillac_MiEnviro_2011-2026\documents\2021-09-30__-5308815659450264794__Read Receipt of VN-012230.pdf.pdf,340606,b9f457f69fc376a5c0008342c3cdc159497d18be469ada89efa846c1809d0d8f,True,1,456,1,0,
2021-10-14__-9041157712118940874__MI0020257_2021-09-01_to_2021-09-30_DMR.pdf.pdf,F:\WWTP DOCUMENT DIVE\Cadillac_MiEnviro_2011-2026\documents\2021-10-14__-9041157712118940874__MI0020257_2021-09-01_to_2021-09-30_DMR.pdf.pdf,241362,f1eeaf224045fcc6e8158966de179e2c7e2cb96e528dabf31054a758fedbc6da,True,12,26241,12,0,
2021-10-14__3492103724352203543__HPC-F6W0-X1G7P V1.pdf v1.pdf,F:\WWTP DOCUMENT DIVE\Cadillac_MiEnviro_2011-2026\documents\2021-10-14__3492103724352203543__HPC-F6W0-X1G7P V1.pdf v1.pdf,51522,d1c5cfa586cc34c07d4197f07f06fcbc4c37e1e4fa65c8c85a7d5001778a843c,True,4,5400,4,0,
2021-10-14__5592435760858523770__2021 Biosolids PFAS Results and QC Report.pdf.pdf,F:\WWTP DOCUMENT DIVE\Cadillac_MiEnviro_2011-2026\documents\2021-10-14__5592435760858523770__2021 Biosolids PFAS Results and QC Report.pdf.pdf,1028841,ca5fedff5ac9891b9eb8801c762b5d37a92b3113eb155c9aba947e5fb2da6486,True,29,54475,29,0,
2021-10-20__-895366165129511824__RE_ IPP Annual report.msg.pdf,F:\WWTP DOCUMENT DIVE\Cadillac_MiEnviro_2011-2026\documents\2021-10-20__-895366165129511824__RE_ IPP Annual report.msg.pdf,96091,3d9d97e96292f2210df2d8c463ac035252ecb88af70b8800c37d0c2622ffd691,True,2,3364,2,0,
2021-10-25__6499276414308014200__RE_ City of Cadillac .msg.pdf,F:\WWTP DOCUMENT DIVE\Cadillac_MiEnviro_2011-2026\documents\2021-10-25__6499276414308014200__RE_ City of Cadillac .msg.pdf,619583,c0c9d6ba627741e4f2ee8118f2577407048afd174b50859adb837f15bd96217e,True,5,2480,3,2,
2021-10-26__-1100342612453597963__My Communtiy Dental Center.pdf.pdf,F:\WWTP DOCUMENT DIVE\Cadillac_MiEnviro_2011-2026\documents\2021-10-26__-1100342612453597963__My Communtiy Dental Center.pdf.pdf,605737,444cccc71cfaad17a4352b9bb45519f3ebd5f9dc6cb276a4a00ecb0b1c29d9b2,True,2,0,0,2,
2021-10-26__-1290048560639934115__Brilliant Smiles Family Dentistry.pdf.pdf,F:\WWTP DOCUMENT DIVE\Cadillac_MiEnviro_2011-2026\documents\2021-10-26__-1290048560639934115__Brilliant Smiles Family Dentistry.pdf.pdf,1088928,ffea1af379a81b2c3577b76b48a503ea3f81f094a5ad1ce6c049800f9218f0e6,True,4,0,0,4,
2021-10-26__-1354583974200746964__Northern Quality Dental.pdf.pdf,F:\WWTP DOCUMENT DIVE\Cadillac_MiEnviro_2011-2026\documents\2021-10-26__-1354583974200746964__Northern Quality Dental.pdf.pdf,1074908,8e608404ed8c82351514463585f6fc8d45f024353194b196562299a896d5ffbb,True,4,0,0,4,
2021-10-26__-795255606312594736__Bright Dental Health.pdf.pdf,F:\WWTP DOCUMENT DIVE\Cadillac_MiEnviro_2011-2026\documents\2021-10-26__-795255606312594736__Bright Dental Health.pdf.pdf,850923,93d134ebf14c48eda02fab9a4f472717a3f21adbd3bb6df7296d3840bdab3a2b,True,4,0,0,4,
2021-10-26__2212363529115360305__Life Smiles Dentistry.pdf.pdf,F:\WWTP DOCUMENT DIVE\Cadillac_MiEnviro_2011-2026\documents\2021-10-26__2212363529115360305__Life Smiles Dentistry.pdf.pdf,1070936,e2a5f1e34ccb03519088edbab6409beaab1b6eefe0b4be9cb0209ee83b99683b,True,4,0,0,4,
2021-10-26__3254596432615889974__HPC-RJ1M-FCGM7 V1.pdf v1.pdf,F:\WWTP DOCUMENT DIVE\Cadillac_MiEnviro_2011-2026\documents\2021-10-26__3254596432615889974__HPC-RJ1M-FCGM7 V1.pdf v1.pdf,32911,037a526d3506eac409c77d0af5c65dcd2a89bcb026d96cdd3063f8453d1b796e,True,1,857,1,0,
2021-10-28__-1189789345381575955__21N08W30-AB04.pdf.pdf,F:\WWTP DOCUMENT DIVE\Cadillac_MiEnviro_2011-2026\documents\2021-10-28__-1189789345381575955__21N08W30-AB04.pdf.pdf,1710759,293781dfa197fc6304d9cd85735b5d054de2f8a31bbd593dbf787987eddcc932,True,7,0,0,7,
2021-10-28__-3180384114940849609__Generators Cert.pdf.pdf,F:\WWTP DOCUMENT DIVE\Cadillac_MiEnviro_2011-2026\documents\2021-10-28__-3180384114940849609__Generators Cert.pdf.pdf,239879,aebd4583222282d931ef01fccd6133eace41bd8248255c99931086cfb17f45c8,True,1,0,0,1,
2021-10-28__-3298554166669332689__TVS & 38% Reduction.xlsx.pdf,F:\WWTP DOCUMENT DIVE\Cadillac_MiEnviro_2011-2026\documents\2021-10-28__-3298554166669332689__TVS & 38% Reduction.xlsx.pdf,49985,d98d6ceb12ae6346e7ac74857684defb81ea031d1df58b34724535da154ddc05,True,4,1274,4,0,
2021-10-28__-3733560267737762096__21N08W30-AB01.pdf.pdf,F:\WWTP DOCUMENT DIVE\Cadillac_MiEnviro_2011-2026\documents\2021-10-28__-3733560267737762096__21N08W30-AB01.pdf.pdf,1742735,ef916c10a6e80cf12a64e6bd6c8055bb0a4f52c390cabb092822b7129e33a692,True,7,0,0,7,
2021-10-28__-7341052496516370424__Digester Temps.pdf.pdf,F:\WWTP DOCUMENT DIVE\Cadillac_MiEnviro_2011-2026\documents\2021-10-28__-7341052496516370424__Digester Temps.pdf.pdf,6044793,7eea267a03352399777166a29d1e7baf24803b5e941007c452bf96fe805914a2,True,23,0,0,23,
2021-10-28__-7489878598942820947__HML Spring.pdf.pdf,F:\WWTP DOCUMENT DIVE\Cadillac_MiEnviro_2011-2026\documents\2021-10-28__-7489878598942820947__HML Spring.pdf.pdf,169383,8958b41cf30a38dc3be7c5f26cd478e17a7afb070b3c0cda7a98702b97f006b1,True,1,0,0,1,
2021-10-28__-7570309269568142166__Mangement Practices.pdf.pdf,F:\WWTP DOCUMENT DIVE\Cadillac_MiEnviro_2011-2026\documents\2021-10-28__-7570309269568142166__Mangement Practices.pdf.pdf,611255,aaaef397e1eabbac6840afc71619d8e7623a09e83f99e29616a0ee6981a3e770,True,4,0,0,4,
2021-10-28__-7680208070141768458__MI0020257_2020-10-01_to_2021-09-30_DMR.pdf.pdf,F:\WWTP DOCUMENT DIVE\Cadillac_MiEnviro_2011-2026\documents\2021-10-28__-7680208070141768458__MI0020257_2020-10-01_to_2021-09-30_DMR.pdf.pdf,103030,144961b24ab410b1c4b9d7b141635d4be172e637f26a83e34a204ce018ecbd67,True,4,9828,4,0,
2021-10-28__-8709036736254824662__Vector Attraction Reduction.pdf.pdf,F:\WWTP DOCUMENT DIVE\Cadillac_MiEnviro_2011-2026\documents\2021-10-28__-8709036736254824662__Vector Attraction Reduction.pdf.pdf,518481,568e24cc8c72831fd899a635fc0a2110e86de4a84f7e8f2aef07c77791285429,True,2,0,0,2,
2021-10-28__1519080636172375997__21N08W30-AB02.pdf.pdf,F:\WWTP DOCUMENT DIVE\Cadillac_MiEnviro_2011-2026\documents\2021-10-28__1519080636172375997__21N08W30-AB02.pdf.pdf,1733723,d48f4ecf854096fac6bb2af8d33f7c752e3c5b2246657c4dfabc57a96060edf0,True,7,0,0,7,
2021-10-28__1684248672901506223__Cadillac Dry Tons 2021.pdf.pdf,F:\WWTP DOCUMENT DIVE\Cadillac_MiEnviro_2011-2026\documents\2021-10-28__1684248672901506223__Cadillac Dry Tons 2021.pdf.pdf,29669,d2b05d1c0222943f2ec093a22f68861802d6dcab6abcc2f349aa41fb5016f546,True,1,311,1,0,
2021-10-28__2908091594482021215__Spring 21 Lab Data.pdf.pdf,F:\WWTP DOCUMENT DIVE\Cadillac_MiEnviro_2011-2026\documents\2021-10-28__2908091594482021215__Spring 21 Lab Data.pdf.pdf,141179,76515687a823612d0211554e3ae707073ffbd8209272adf1f806d3130c4d1bd2,True,1,0,0,1,
2021-10-28__3866537862984620121__Lab Data Fall 2020.pdf.pdf,F:\WWTP DOCUMENT DIVE\Cadillac_MiEnviro_2011-2026\documents\2021-10-28__3866537862984620121__Lab Data Fall 2020.pdf.pdf,143619,549a6bfbc8f77f8e47b3cc8ec2d92261f6e14ac6445b683616c532eb570f4264,True,1,0,0,1,
2021-10-28__455839343080021381__Fall 20biosolids.PACE.pdf.pdf,F:\WWTP DOCUMENT DIVE\Cadillac_MiEnviro_2011-2026\documents\2021-10-28__455839343080021381__Fall 20biosolids.PACE.pdf.pdf,833841,87525bcf0044cdf465ccbed729fc99a0be5c0e65d08ffc12b18a9b18348ec968,True,22,26522,20,2,
2021-10-28__5406302315541864880__Fall 20 biosolids.HML.pdf.pdf,F:\WWTP DOCUMENT DIVE\Cadillac_MiEnviro_2011-2026\documents\2021-10-28__5406302315541864880__Fall 20 biosolids.HML.pdf.pdf,413201,5587a4c82d8972a6de2d96dc73e706a84c74829cdfe96f8d9fc7964dce82bb05,True,1,1211,1,0,
2021-10-28__6124237801834637487__Site Info.pdf.pdf,F:\WWTP DOCUMENT DIVE\Cadillac_MiEnviro_2011-2026\documents\2021-10-28__6124237801834637487__Site Info.pdf.pdf,783915,6b911764e763fb2b7b92bfa37931a3c8182b262cba7ee1044765fd4ef45c74d8,True,3,0,0,3,
2021-10-28__6298732138091894525__210303.biosolids.PACE.pdf.pdf,F:\WWTP DOCUMENT DIVE\Cadillac_MiEnviro_2011-2026\documents\2021-10-28__6298732138091894525__210303.biosolids.PACE.pdf.pdf,2593813,24135b45971d0fb9a2b26a6f6be7772c99685368363006005e2fdd65818e66b6,True,48,88884,46,2,
2021-10-28__8661271844273540574__Cadillac 2021 Land Ap Certification.pdf.pdf,F:\WWTP DOCUMENT DIVE\Cadillac_MiEnviro_2011-2026\documents\2021-10-28__8661271844273540574__Cadillac 2021 Land Ap Certification.pdf.pdf,137173,046ad78ff8cb47932f30ec147c6ad270171afc742b1d51871bd95902e005b6a1,True,1,3701,1,0,
2021-10-28__8741003816631086568__HPC-K20Z-68T3J V1.pdf v1.pdf,F:\WWTP DOCUMENT DIVE\Cadillac_MiEnviro_2011-2026\documents\2021-10-28__8741003816631086568__HPC-K20Z-68T3J V1.pdf v1.pdf,69934,95703723b0aab5decaec50e7eac4ef9c7f97a33aaafbb139dfd01160c7bd1819,True,5,9440,5,0,
2021-10-29__2032354698997421530__2021 Biosolids PFAS Monitoring Report Review - Cadillac WWTP.msg.pdf,F:\WWTP DOCUMENT DIVE\Cadillac_MiEnviro_2011-2026\documents\2021-10-29__2032354698997421530__2021 Biosolids PFAS Monitoring Report Review - Cadillac WWTP.msg.pdf,104568,f9f812555e24a8a620f4d92cb1301b0a4bfa9631b2e5e796bf51506988aa1134,True,2,3136,2,0,
2021-11-04__-6888435979687265980__2021-11-04 Follow-up to VN-012230 Extension Request - City of Cadillac.pdf.pdf,F:\WWTP DOCUMENT DIVE\Cadillac_MiEnviro_2011-2026\documents\2021-11-04__-6888435979687265980__2021-11-04 Follow-up to VN-012230 Extension Request - City of Cadillac.pdf.pdf,228305,c374d6648cc1a89fa53ef1113de27de63da1f79f186a32e61cef47c15ae132a1,True,2,4616,2,0,
2021-11-04__7533708642884943679__Read Receipt for VN-012230.pdf.pdf,F:\WWTP DOCUMENT DIVE\Cadillac_MiEnviro_2011-2026\documents\2021-11-04__7533708642884943679__Read Receipt for VN-012230.pdf.pdf,965569,9a466377e0071a6ecca100286aaedb633e79385f73cb975153092a53af71e887,True,1,1376,1,0,
2021-11-18__-7964221357068103056__MI0020257_2021-10-01_to_2021-10-31_DMR.pdf.pdf,F:\WWTP DOCUMENT DIVE\Cadillac_MiEnviro_2011-2026\documents\2021-11-18__-7964221357068103056__MI0020257_2021-10-01_to_2021-10-31_DMR.pdf.pdf,243942,65b0751d0cab3b175e5471f4aa4f851adfa14bcf83cdb6b7dd92c01f9fabde15,True,12,26910,12,0,
2021-11-29__1777401984217742158__Cadillac-FY21 DT determination.xlsx.pdf,F:\WWTP DOCUMENT DIVE\Cadillac_MiEnviro_2011-2026\documents\2021-11-29__1777401984217742158__Cadillac-FY21 DT determination.xlsx.pdf,36356,9bc5aae160510e734547d08435dda7f301bc46f7a5f01d6523092b16afec3f3e,True,2,1084,2,0,
2021-12-01__359672696916305281__21.10.Eff.PFAS.Eurofins.pdf.pdf,F:\WWTP DOCUMENT DIVE\Cadillac_MiEnviro_2011-2026\documents\2021-12-01__359672696916305281__21.10.Eff.PFAS.Eurofins.pdf.pdf,1032041,7166af3ab7dc743b5e51bfe3029b030531f63ec0c55eeaf1e800cab7eef1a43a,True,22,35220,22,0,
2021-12-01__5807004865029102699__21.04.Eff.PFAS.Eurofins.pdf.pdf,F:\WWTP DOCUMENT DIVE\Cadillac_MiEnviro_2011-2026\documents\2021-12-01__5807004865029102699__21.04.Eff.PFAS.Eurofins.pdf.pdf,1064343,d1a7742eb7a6c71be7da5c232a1f833b0fcbd016087e6b41009b056009223463,True,23,34083,23,0,
2021-12-01__6140963438152350458__HPD-MWSX-Y48BC V1.pdf v1.pdf,F:\WWTP DOCUMENT DIVE\Cadillac_MiEnviro_2011-2026\documents\2021-12-01__6140963438152350458__HPD-MWSX-Y48BC V1.pdf v1.pdf,48088,c623720b8219f4852fd4c098dfb0a6874ceee46f825f7b993546e4de6487cb23,True,3,5296,3,0,
2021-12-02__5310011562451925486__RE_ December 2021 PFAS POTW Effluent Monitoring Report.msg.pdf,F:\WWTP DOCUMENT DIVE\Cadillac_MiEnviro_2011-2026\documents\2021-12-02__5310011562451925486__RE_ December 2021 PFAS POTW Effluent Monitoring Report.msg.pdf,60018,a1dc354bd52686bc6dac99f9156ec20de16bbd8179d81f73cee118c44744ffb5,True,1,1446,1,0,
2021-12-02__6509552559668982680__HPC-RJ1M-FCGM7 V2.pdf v2.pdf,F:\WWTP DOCUMENT DIVE\Cadillac_MiEnviro_2011-2026\documents\2021-12-02__6509552559668982680__HPC-RJ1M-FCGM7 V2.pdf v2.pdf,34021,fb6dc17f0b048e2d05db805eb6b100a27eb658d2d0cb98c307b0f63e61d3a158,True,1,1037,1,0,
2021-12-02__7929871620943933588__HPD-MWSX-Y48BC V2.pdf v2.pdf,F:\WWTP DOCUMENT DIVE\Cadillac_MiEnviro_2011-2026\documents\2021-12-02__7929871620943933588__HPD-MWSX-Y48BC V2.pdf v2.pdf,48699,2433943dcd15881f4d161f835c4c4557b5e59e7671b3e6c45ef5780fbde095c5,True,3,5439,3,0,
2021-12-02__894307998170732902__Dental List.docx.pdf,F:\WWTP DOCUMENT DIVE\Cadillac_MiEnviro_2011-2026\documents\2021-12-02__894307998170732902__Dental List.docx.pdf,19355,0ca99b4883bd51a1757ee0ea606ff5fb0fc2b107193da915b6452597c65f35f9,True,1,308,1,0,
2021-12-17__8877420906946055825__MI0020257_2021-11-01_to_2021-11-30_DMR.pdf.pdf,F:\WWTP DOCUMENT DIVE\Cadillac_MiEnviro_2011-2026\documents\2021-12-17__8877420906946055825__MI0020257_2021-11-01_to_2021-11-30_DMR.pdf.pdf,253363,25f644702d1119d7939dbaea27e01dee67304a919e0a739c26cfd6efe03a5c58,True,13,28413,13,0,
2022-01-19__3119282448110398396__MI0020257_2021-12-01_to_2021-12-31_DMR.pdf.pdf,F:\WWTP DOCUMENT DIVE\Cadillac_MiEnviro_2011-2026\documents\2022-01-19__3119282448110398396__MI0020257_2021-12-01_to_2021-12-31_DMR.pdf.pdf,267044,aae19baa50f0c08090e1a5d106a33b0dbd33e77a14902e9456da8441040e17ea,True,13,28905,13,0,
2022-02-17__-1732170923419106851__MI0020257_2022-01-01_to_2022-01-31_DMR.pdf.pdf,F:\WWTP DOCUMENT DIVE\Cadillac_MiEnviro_2011-2026\documents\2022-02-17__-1732170923419106851__MI0020257_2022-01-01_to_2022-01-31_DMR.pdf.pdf,276585,87dbf37b8e812a3fdb116cd8009ccca8216df9c71a2656cb4d1e8cfb043f85c4,True,12,26755,12,0,
2022-03-09__-3429744774982411880__MI0020257_2022-02-01_to_2022-02-28_DMR.pdf.pdf,F:\WWTP DOCUMENT DIVE\Cadillac_MiEnviro_2011-2026\documents\2022-03-09__-3429744774982411880__MI0020257_2022-02-01_to_2022-02-28_DMR.pdf.pdf,275432,eaca9b66c020c38ac13848e0f7e99231d1187ea2b95bafb80de8071fa1df6894,True,12,27272,12,0,
2022-03-23__-1256077365103863283__HPG-CXVZ-DDE1A V1.pdf v1.pdf,F:\WWTP DOCUMENT DIVE\Cadillac_MiEnviro_2011-2026\documents\2022-03-23__-1256077365103863283__HPG-CXVZ-DDE1A V1.pdf v1.pdf,46190,c02258bf2d5f3df29a97219ac8073f1fe509fa6bfdb7745649ad8725f38f99e5,True,3,3394,3,0,
2022-03-23__8580242349684844090__220308.PFAS.biosolids.Eurofins.pdf.pdf,F:\WWTP DOCUMENT DIVE\Cadillac_MiEnviro_2011-2026\documents\2022-03-23__8580242349684844090__220308.PFAS.biosolids.Eurofins.pdf.pdf,1164053,80c9daa283fe0b81892f03401825f31875784dbecfbd0a345024480273892123,True,29,53631,29,0,
2022-03-24__-3597137077750831484__POTW_Monitoring_Data_Summary 2021.xlsx.pdf,F:\WWTP DOCUMENT DIVE\Cadillac_MiEnviro_2011-2026\documents\2022-03-24__-3597137077750831484__POTW_Monitoring_Data_Summary 2021.xlsx.pdf,81425,e34c601fff3a5c944056bab5814a204466ed11a4a0c9f290858295dec3d2d7fa,True,4,1713,4,0,
2022-03-24__-475799617271843387__HPG-1ZNB-Y56ZQ V1.pdf v1.pdf,F:\WWTP DOCUMENT DIVE\Cadillac_MiEnviro_2011-2026\documents\2022-03-24__-475799617271843387__HPG-1ZNB-Y56ZQ V1.pdf v1.pdf,65772,33ad2548285404aa976d75a0f2e3c547b08775e36d7ac8a7771f4e61855629b7,True,3,7172,3,0,
2022-03-24__4974659969152722161__POTW_Oversight_Table.xlsx.pdf,F:\WWTP DOCUMENT DIVE\Cadillac_MiEnviro_2011-2026\documents\2022-03-24__4974659969152722161__POTW_Oversight_Table.xlsx.pdf,51952,1eda023f995f2a768766f782a86976fb724d5946f098c1744c1d69e821836517,True,7,4013,7,0,
2022-03-24__787138057214835311__Aff of Pub.pdf.pdf,F:\WWTP DOCUMENT DIVE\Cadillac_MiEnviro_2011-2026\documents\2022-03-24__787138057214835311__Aff of Pub.pdf.pdf,19283,71def64829ece864c348250c4659c8f15d649cf8694c7e7489033e196922f46e,True,1,0,0,1,
2022-03-24__8653222852169871792__SIU-CIU_List.xlsx.pdf,F:\WWTP DOCUMENT DIVE\Cadillac_MiEnviro_2011-2026\documents\2022-03-24__8653222852169871792__SIU-CIU_List.xlsx.pdf,54833,48468578c80f9576997f27bc36f916d44ae65360c972effcd79ca7f06ab5adbb,True,6,4275,6,0,
2022-03-25__-1609727155324516351__Michigan Rubber.docx.pdf,F:\WWTP DOCUMENT DIVE\Cadillac_MiEnviro_2011-2026\documents\2022-03-25__-1609727155324516351__Michigan Rubber.docx.pdf,61466,69c633cb006fbcb71f641676676ca3f0e288bf07285eff46c2adc89404f1b5f2,True,1,1503,1,0,
2022-03-25__-1663681396002714125__20.05.Eff.AddlMonit.ERM.pdf.pdf,F:\WWTP DOCUMENT DIVE\Cadillac_MiEnviro_2011-2026\documents\2022-03-25__-1663681396002714125__20.05.Eff.AddlMonit.ERM.pdf.pdf,2165163,a9e227ca36bacae19ed7c41007e2240e3fe4a033e5a7a7eee7985e919614d9b6,True,39,24370,39,0,
2022-03-25__-1935043363084687865__Plant Brochure.pdf.pdf,F:\WWTP DOCUMENT DIVE\Cadillac_MiEnviro_2011-2026\documents\2022-03-25__-1935043363084687865__Plant Brochure.pdf.pdf,4285743,12b51b03de98c50698094c994f87140091cd5ee88d7c660891dd3d41de8957dc,True,9,0,0,9,
2022-03-25__-2700478788420225539__21.08.Eff.AddlMonit.ERM.pdf.pdf,F:\WWTP DOCUMENT DIVE\Cadillac_MiEnviro_2011-2026\documents\2022-03-25__-2700478788420225539__21.08.Eff.AddlMonit.ERM.pdf.pdf,1954633,25e09eace8cf4c3c4d793e035c8d886ee0693c9bb4b10c7229c07292608ef560,True,37,24041,37,0,
2022-03-25__-2789951035115288771__CRE.docx.pdf,F:\WWTP DOCUMENT DIVE\Cadillac_MiEnviro_2011-2026\documents\2022-03-25__-2789951035115288771__CRE.docx.pdf,61064,f3e1673704886ca9e1e82adef7517490999f10a8867fae33e610c4039308af1c,True,1,1528,1,0,
2022-03-25__-3145474438009150056__AAR 6th.docx.pdf,F:\WWTP DOCUMENT DIVE\Cadillac_MiEnviro_2011-2026\documents\2022-03-25__-3145474438009150056__AAR 6th.docx.pdf,61023,909427c6b7a80740ac6c6b1b5fb71c4aeef0ae8541e8ddc003f71ffba0ed39f7,True,1,1516,1,0,
2022-03-25__-4005974298201292411__21.03.Eff.AddlMonit.ERM.pdf.pdf,F:\WWTP DOCUMENT DIVE\Cadillac_MiEnviro_2011-2026\documents\2022-03-25__-4005974298201292411__21.03.Eff.AddlMonit.ERM.pdf.pdf,2151739,11e2ac62858e5f55e7cd397b94c1b9e01ab0d664a85944d0d70f14b4646d666a,True,39,24407,39,0,
2022-03-25__-4206316346880227567__CCI.docx.pdf,F:\WWTP DOCUMENT DIVE\Cadillac_MiEnviro_2011-2026\documents\2022-03-25__-4206316346880227567__CCI.docx.pdf,61656,87d0d82e10f8dfcc9de44a04ba32c1047f7a04bb86e7490bcf32f9cbfaf372be,True,1,1610,1,0,
2022-03-25__-4261631751625588326__NPDES Map.pdf.pdf,F:\WWTP DOCUMENT DIVE\Cadillac_MiEnviro_2011-2026\documents\2022-03-25__-4261631751625588326__NPDES Map.pdf.pdf,60529,f809ae7f23d8bb9fcb21aed5b0c1c9fdadf217b707960b09bfe12c7d1a67f689,True,3,6599,3,0,
2022-03-25__-5613527384135323207__Process Flow Diagram.pdf.pdf,F:\WWTP DOCUMENT DIVE\Cadillac_MiEnviro_2011-2026\documents\2022-03-25__-5613527384135323207__Process Flow Diagram.pdf.pdf,173551,9ff341fda1ddedcb8c3c5cc25139947efcda7faefa1fef535010bdf47da69cca,True,3,0,0,3,
2022-03-25__-590765037392295649__19.12.Eff.FollowUp.WET.ERM.pdf.pdf,F:\WWTP DOCUMENT DIVE\Cadillac_MiEnviro_2011-2026\documents\2022-03-25__-590765037392295649__19.12.Eff.FollowUp.WET.ERM.pdf.pdf,1678868,c1e30150ed94699b38234f32933c80c2152559f9e661933ce416e1201b8c50de,True,41,25266,41,0,
2022-03-25__-624552684400765787__19.10.Eff.AddlMonit.WET.ERM.pdf.pdf,F:\WWTP DOCUMENT DIVE\Cadillac_MiEnviro_2011-2026\documents\2022-03-25__-624552684400765787__19.10.Eff.AddlMonit.WET.ERM.pdf.pdf,1681410,ec381de4c807ccc3246eebf619733f7e07da642b03423c461dc4240af793b6fa,True,41,24394,41,0,
2022-03-25__-7778014742664487960__AKWEL.docx.pdf,F:\WWTP DOCUMENT DIVE\Cadillac_MiEnviro_2011-2026\documents\2022-03-25__-7778014742664487960__AKWEL.docx.pdf,61819,50ba73ca30e49dd725aeeaaa14c444ef9458c335dada5dd36224e2f80d200daf,True,1,1493,1,0,
2022-03-25__2977203173047862814__SPENCER.docx.pdf,F:\WWTP DOCUMENT DIVE\Cadillac_MiEnviro_2011-2026\documents\2022-03-25__2977203173047862814__SPENCER.docx.pdf,60948,89cf40bee4b430fd4bf944f7092c8453e5812b31038b49ad5584f3921fa9df75,True,1,1508,1,0,
2022-03-25__3702501772031474881__REC BOAT TRAILER.docx.pdf,F:\WWTP DOCUMENT DIVE\Cadillac_MiEnviro_2011-2026\documents\2022-03-25__3702501772031474881__REC BOAT TRAILER.docx.pdf,61239,2265b12ad1cab218c9719c2da883505d970f5f397152d77bb02159e47bc166c9,True,1,1529,1,0,
2022-03-25__4297122055300226205__PIRANHA.docx.pdf,F:\WWTP DOCUMENT DIVE\Cadillac_MiEnviro_2011-2026\documents\2022-03-25__4297122055300226205__PIRANHA.docx.pdf,60736,60171781bb7fbb26c3a37a2e3710af8a50ea60a7d6f82b2d83b05d06fee3ecc4,True,1,1506,1,0,
2022-03-25__5020368200015356472__FIAMM.docx.pdf,F:\WWTP DOCUMENT DIVE\Cadillac_MiEnviro_2011-2026\documents\2022-03-25__5020368200015356472__FIAMM.docx.pdf,61037,cc2e3f4515c3cadedc466bc737faef4794f5b683f55392826a704262d500fe58,True,1,1510,1,0,
2022-03-25__526960610788760180__Munson.docx.pdf,F:\WWTP DOCUMENT DIVE\Cadillac_MiEnviro_2011-2026\documents\2022-03-25__526960610788760180__Munson.docx.pdf,60314,27cb487516fcd402d97dc8dcc702efc2df8d38f378322b8f83fa6d5718f7085b,True,1,1490,1,0,
2022-03-25__5352980977156860563__Borg Warner.docx.pdf,F:\WWTP DOCUMENT DIVE\Cadillac_MiEnviro_2011-2026\documents\2022-03-25__5352980977156860563__Borg Warner.docx.pdf,60543,0ca698aa16ed1b7e86375e284a7e36e05ea658b358eca0488c3bf915e2ee8da1,True,1,1502,1,0,
2022-03-25__6253923130134244300__AVON Protection.docx.pdf,F:\WWTP DOCUMENT DIVE\Cadillac_MiEnviro_2011-2026\documents\2022-03-25__6253923130134244300__AVON Protection.docx.pdf,61443,c2638f7ff7dadb98590fc9071226a5cabbadc2f0997ee6715d94ea176e15aac3,True,1,1505,1,0,
2022-03-25__7575683056928006754__AAR Facility.docx.pdf,F:\WWTP DOCUMENT DIVE\Cadillac_MiEnviro_2011-2026\documents\2022-03-25__7575683056928006754__AAR Facility.docx.pdf,61112,5eaeade1af2cba4452ebdb7ef36bc0be5dcb1692795687dfb2a770d85c348619,True,1,1502,1,0,
2022-03-25__7798043710107434054__Hutchinson.docx.pdf,F:\WWTP DOCUMENT DIVE\Cadillac_MiEnviro_2011-2026\documents\2022-03-25__7798043710107434054__Hutchinson.docx.pdf,61137,c0087f3f4726db50252734662b54902e4c47758a30c718f442be6833d64b9709,True,1,1519,1,0,
2022-03-25__8761093821144015731__AAR Rinse Tank.docx.pdf,F:\WWTP DOCUMENT DIVE\Cadillac_MiEnviro_2011-2026\documents\2022-03-25__8761093821144015731__AAR Rinse Tank.docx.pdf,61158,22396a0537a4062bdb55b1964f90f3982f7d4894cf5106b57b442f4c125b6311,True,1,1517,1,0,
2022-03-25__8815045039278668901__ARVCO.docx.pdf,F:\WWTP DOCUMENT DIVE\Cadillac_MiEnviro_2011-2026\documents\2022-03-25__8815045039278668901__ARVCO.docx.pdf,60928,bd967d1a0a8549b244dc42703a907496210a79f08face586620171d3fc2f6e9c,True,1,1497,1,0,
2022-03-25__8907371498125764811__AKWEL 5th St Manhole.docx.pdf,F:\WWTP DOCUMENT DIVE\Cadillac_MiEnviro_2011-2026\documents\2022-03-25__8907371498125764811__AKWEL 5th St Manhole.docx.pdf,61819,f4efd3617ef3f04dd55b0165fd1e0636fbf03c090524057ec70aab1926f9f3c9,True,1,1494,1,0,
2022-03-29__9165338536597504504__2022 Biosolids PFAS Monitoring Report Review - Cadillac WWTP.msg.pdf,F:\WWTP DOCUMENT DIVE\Cadillac_MiEnviro_2011-2026\documents\2022-03-29__9165338536597504504__2022 Biosolids PFAS Monitoring Report Review - Cadillac WWTP.msg.pdf,765811,ead2816dd094f957bd63f477040bc84240e85843df263896dc8070f1865ff902,True,2,3431,2,0,
2022-04-14__4323816041620336930__2022-04-14 MAHL Plan Review - Cadillac WWTP.pdf.pdf,F:\WWTP DOCUMENT DIVE\Cadillac_MiEnviro_2011-2026\documents\2022-04-14__4323816041620336930__2022-04-14 MAHL Plan Review - Cadillac WWTP.pdf.pdf,222815,441b7665dfe00eead9d580050530dd9c8266f5d53fe9853109833277f2cb75b1,True,3,8334,3,0,
2022-04-19__-3130391630238484165__LocalLimitsReview_Cadillac WWTP_4-19-2022.doc.pdf,F:\WWTP DOCUMENT DIVE\Cadillac_MiEnviro_2011-2026\documents\2022-04-19__-3130391630238484165__LocalLimitsReview_Cadillac WWTP_4-19-2022.doc.pdf,58251,1b7c809dc7c5ebcfdb34422ff54631f5f8638f718a53b245f7f4c22b589611e6,True,2,3693,2,0,
2022-04-19__-6670479302323436273__LocalLimitsReview_Cadillac WWTP_4-19-2022.pdf.pdf,F:\WWTP DOCUMENT DIVE\Cadillac_MiEnviro_2011-2026\documents\2022-04-19__-6670479302323436273__LocalLimitsReview_Cadillac WWTP_4-19-2022.pdf.pdf,71086,5b8fd48b8b832e7d8bfd06647a8929f6aa0620b73299665b5224b33ae2078bc2,True,8,13405,8,0,
2022-04-19__5336563291699515996__CadillacWWTP_LocalLimitsReview_Convs.docx.pdf,F:\WWTP DOCUMENT DIVE\Cadillac_MiEnviro_2011-2026\documents\2022-04-19__5336563291699515996__CadillacWWTP_LocalLimitsReview_Convs.docx.pdf,66910,2d7db1a3a5a5afc8f0cae17040e4695000a7b628978be052b10a7c8d995dd0cd,True,3,6784,3,0,
2022-04-19__7584257851526266595__MI0020257_2022-03-01_to_2022-03-31_DMR.pdf.pdf,F:\WWTP DOCUMENT DIVE\Cadillac_MiEnviro_2011-2026\documents\2022-04-19__7584257851526266595__MI0020257_2022-03-01_to_2022-03-31_DMR.pdf.pdf,276906,c2d8d5d5087065a01f0473673d71e6e5d34c345f2722a7a96fc433b17d65201c,True,12,26959,12,0,
2022-05-02__-7296880298012613526__05-02-22 Ltr to Clare Lowe - EGLE.PDF.pdf,F:\WWTP DOCUMENT DIVE\Cadillac_MiEnviro_2011-2026\documents\2022-05-02__-7296880298012613526__05-02-22 Ltr to Clare Lowe - EGLE.PDF.pdf,175984,5a3063432ec42f6a07c8ae3253a0d6b59a2d33723b843ce5fccd71112002ce94,True,2,0,0,2,
2022-05-02__7003016327677449564__FW_ City of Cadillac.msg.pdf,F:\WWTP DOCUMENT DIVE\Cadillac_MiEnviro_2011-2026\documents\2022-05-02__7003016327677449564__FW_ City of Cadillac.msg.pdf,241219,db027ad88b22b27a9cbd90812c713f3bfe5a64a74ffd4d825ff738dba84ac5d8,True,5,1584,2,3,
2022-05-17__-6368852271337137347__Cadillac WWTP PFAS RMP Modification.pdf.pdf,F:\WWTP DOCUMENT DIVE\Cadillac_MiEnviro_2011-2026\documents\2022-05-17__-6368852271337137347__Cadillac WWTP PFAS RMP Modification.pdf.pdf,356834,e16c71a69b7ca9c1a80658744987ed7ea8101319bf6a7b081c65c80a26305332,True,6,14342,6,0,
2022-05-23__5574496772239378194__2022-05-23 Follow-up to VN-012230 and VN-011108 - Cadillac WWTP.pdf.pdf,F:\WWTP DOCUMENT DIVE\Cadillac_MiEnviro_2011-2026\documents\2022-05-23__5574496772239378194__2022-05-23 Follow-up to VN-012230 and VN-011108 - Cadillac WWTP.pdf.pdf,225046,df40de58ffcc7b8f863830d812f713ccc9448739f022bd23901c602c6d121c27,True,3,7886,3,0,
2022-05-27__774517763016927145__MI0020257_2022-04-01_to_2022-04-30_DMR.pdf.pdf,F:\WWTP DOCUMENT DIVE\Cadillac_MiEnviro_2011-2026\documents\2022-05-27__774517763016927145__MI0020257_2022-04-01_to_2022-04-30_DMR.pdf.pdf,275574,4d6f124a1484d7de9037072f86f1c3fc7f304f2a55255c5bd2924097431059f6,True,12,26574,12,0,
2022-06-01__-2283050594041417352__Biologist App Review Email_MI0020257_6-1-2022.msg.pdf,F:\WWTP DOCUMENT DIVE\Cadillac_MiEnviro_2011-2026\documents\2022-06-01__-2283050594041417352__Biologist App Review Email_MI0020257_6-1-2022.msg.pdf,95064,d24e8884b257bffcf62f34a44fa8be409810760774331d0575a8b6368c7f57d5,True,1,1547,1,0,
2022-06-01__-3945892520899596699__Biologist Application Complete Checklist - Municipal_MI0020257_6-1-2022.docx.pdf,F:\WWTP DOCUMENT DIVE\Cadillac_MiEnviro_2011-2026\documents\2022-06-01__-3945892520899596699__Biologist Application Complete Checklist - Municipal_MI0020257_6-1-2022.docx.pdf,80903,9d3f0791354264e3d1f3c9b37bbb7718882c18d3daf3aa4f87023e6a3817f357,True,3,5856,3,0,
2022-06-06__970575005377321453__Application Complete Checklist - Municipal (Word).docx.pdf,F:\WWTP DOCUMENT DIVE\Cadillac_MiEnviro_2011-2026\documents\2022-06-06__970575005377321453__Application Complete Checklist - Municipal (Word).docx.pdf,104470,a9bbc4e9b57e3a560ee40001a03b4704ceef26d855be300679625df904a92ec1,True,4,9769,4,0,
2022-06-16__-6976748332576932732__MI0020257_2022-05-01_to_2022-05-31_DMR.pdf.pdf,F:\WWTP DOCUMENT DIVE\Cadillac_MiEnviro_2011-2026\documents\2022-06-16__-6976748332576932732__MI0020257_2022-05-01_to_2022-05-31_DMR.pdf.pdf,276762,3426aa6e34f1a2845b40df9317dae3d5762e3cd29d62d5a51faea2760f4d7ed1,True,12,27055,12,0,
2022-06-23__-1514920619837083834__21.10.Eff.PFAS.Eurofins.pdf.pdf,F:\WWTP DOCUMENT DIVE\Cadillac_MiEnviro_2011-2026\documents\2022-06-23__-1514920619837083834__21.10.Eff.PFAS.Eurofins.pdf.pdf,1032041,7166af3ab7dc743b5e51bfe3029b030531f63ec0c55eeaf1e800cab7eef1a43a,True,22,35220,22,0,
2022-06-23__-3360876257724434354__20.04.Eff.PFAS.TestAm.pdf.pdf,F:\WWTP DOCUMENT DIVE\Cadillac_MiEnviro_2011-2026\documents\2022-06-23__-3360876257724434354__20.04.Eff.PFAS.TestAm.pdf.pdf,1798452,d1e44fe1164ddbb9511bf8971f76aecb620e061b526cb5b7137161675113dc9b,True,19,28187,19,0,
2022-06-23__-4359728924631276359__22.04.Eff.PFAS.Fibertec.pdf.pdf,F:\WWTP DOCUMENT DIVE\Cadillac_MiEnviro_2011-2026\documents\2022-06-23__-4359728924631276359__22.04.Eff.PFAS.Fibertec.pdf.pdf,397841,b71fbad8e6f9dfcc74f0fd206b569aa1652e4d5ddc412a1e67c6745452751f4d,True,7,14001,6,1,
2022-06-23__-6056841659418736604__HPC-K20Z-68T3J V2.pdf v2.pdf,F:\WWTP DOCUMENT DIVE\Cadillac_MiEnviro_2011-2026\documents\2022-06-23__-6056841659418736604__HPC-K20Z-68T3J V2.pdf v2.pdf,72329,fbeea19b30a6d8fbf8c642df95b8f2fc74b1c16d90d771710955c1d5739f8e25,True,6,9537,6,0,
2022-06-23__-872813351944594838__HPJ-N5BJ-2CYH5 V1.pdf v1.pdf,F:\WWTP DOCUMENT DIVE\Cadillac_MiEnviro_2011-2026\documents\2022-06-23__-872813351944594838__HPJ-N5BJ-2CYH5 V1.pdf v1.pdf,81511,d711340bf287d4630a400490a0abb5a6ae5d6c83de8814621ddf0a2b58f860da,True,9,18359,9,0,
2022-06-23__2287533861268370801__RE_ Concerning your submission #HPC-K20Z-68T3J_ Annual Report Form For Reporting Biosolids.msg.pdf,F:\WWTP DOCUMENT DIVE\Cadillac_MiEnviro_2011-2026\documents\2022-06-23__2287533861268370801__RE_ Concerning your submission #HPC-K20Z-68T3J_ Annual Report Form For Reporting Biosolids.msg.pdf,98725,c3f871784cbf6beedc103f0b5922911fdd22339950bdb06df742937078162d0f,True,2,2118,2,0,
2022-06-23__4882332167979671814__21.04.Eff.PFAS.Eurofins.pdf.pdf,F:\WWTP DOCUMENT DIVE\Cadillac_MiEnviro_2011-2026\documents\2022-06-23__4882332167979671814__21.04.Eff.PFAS.Eurofins.pdf.pdf,1064343,d1a7742eb7a6c71be7da5c232a1f833b0fcbd016087e6b41009b056009223463,True,23,34083,23,0,
2022-06-23__6445624706899949300__19.10.Eff.PFAS.TestAm.pdf.pdf,F:\WWTP DOCUMENT DIVE\Cadillac_MiEnviro_2011-2026\documents\2022-06-23__6445624706899949300__19.10.Eff.PFAS.TestAm.pdf.pdf,1882305,bd4ea07f130c0cb92c4cbc01ea1b7cf399cd50a50c9dddb42075219a0066b85b,True,19,27900,19,0,
2022-06-23__6925668021878723106__20.10.Eff.PFAS.TestAm.pdf.pdf,F:\WWTP DOCUMENT DIVE\Cadillac_MiEnviro_2011-2026\documents\2022-06-23__6925668021878723106__20.10.Eff.PFAS.TestAm.pdf.pdf,1905769,e0f43558e5fffa272f17680e6b9f602e889b8d4aa1071afed622b080ff83fa9e,True,22,31860,22,0,
2022-07-20__4870446819837315901__MI0020257_2022-06-01_to_2022-06-30_DMR.pdf.pdf,F:\WWTP DOCUMENT DIVE\Cadillac_MiEnviro_2011-2026\documents\2022-07-20__4870446819837315901__MI0020257_2022-06-01_to_2022-06-30_DMR.pdf.pdf,322766,99bb72cf84118171e332ac1c36897f5beb8054346af0a68b4c97097b68dd6404,True,14,29144,14,0,
2022-08-17__-3895743267772400781__MI0020257_2022-07-01_to_2022-07-31_DMR.pdf.pdf,F:\WWTP DOCUMENT DIVE\Cadillac_MiEnviro_2011-2026\documents\2022-08-17__-3895743267772400781__MI0020257_2022-07-01_to_2022-07-31_DMR.pdf.pdf,319899,8a513903b633083728ce194e85365bfabea1dfc5234f52684b9e3f4b2ac354f2,True,13,27331,13,0,
2022-09-13__-7256055479082035985__MI0020257_2022-08-01_to_2022-08-31_DMR.pdf.pdf,F:\WWTP DOCUMENT DIVE\Cadillac_MiEnviro_2011-2026\documents\2022-09-13__-7256055479082035985__MI0020257_2022-08-01_to_2022-08-31_DMR.pdf.pdf,316150,70f7d0e5e278957564467212b1aaa3529bfc722c1d3a59fc3ed80375f0374756,True,13,27207,13,0,
2022-09-21__-4778943972245778196__19.10.Eff.AddlMonit.Paragon.revised.pdf.pdf,F:\WWTP DOCUMENT DIVE\Cadillac_MiEnviro_2011-2026\documents\2022-09-21__-4778943972245778196__19.10.Eff.AddlMonit.Paragon.revised.pdf.pdf,538096,7474a9abd2a9640524a2e45ac7308688a9e38b6095afa1c89d4b45a36e98d1d2,True,9,13621,9,0,
2022-09-21__-8412550484232206194__Application_HPG-1ZSF-KC99G V2.pdf v2.pdf,F:\WWTP DOCUMENT DIVE\Cadillac_MiEnviro_2011-2026\documents\2022-09-21__-8412550484232206194__Application_HPG-1ZSF-KC99G V2.pdf v2.pdf,146446,c9eafb720d5a15d881e464fc346883e52c399d351592d437a9e0082d62ccbec7,True,18,34771,18,0,
2022-09-29__9109382976863389692__Cadillac WWTP MI 0020257 CEI Report 092722.docx.pdf,F:\WWTP DOCUMENT DIVE\Cadillac_MiEnviro_2011-2026\documents\2022-09-29__9109382976863389692__Cadillac WWTP MI 0020257 CEI Report 092722.docx.pdf,124808,4ddd3e00bf14c42cdd5043ff58e69a97190ab80b2caecc8e683b2af04ea84692,True,21,32885,21,0,
2022-09-29__913622558951974305__Cadillac WWTP NPDES 2022 CEI Photos 092722.docx.pdf,F:\WWTP DOCUMENT DIVE\Cadillac_MiEnviro_2011-2026\documents\2022-09-29__913622558951974305__Cadillac WWTP NPDES 2022 CEI Photos 092722.docx.pdf,10612785,a05ac0800398187fc8cba2f0f85dd7c868270372636081bba8d0d01515379682,True,13,1460,13,0,
2022-09-30__4402276834753335923__Cadillac WWTP MI0020257 2022 CEI Transmittal and CC004335 093022.msg.pdf,F:\WWTP DOCUMENT DIVE\Cadillac_MiEnviro_2011-2026\documents\2022-09-30__4402276834753335923__Cadillac WWTP MI0020257 2022 CEI Transmittal and CC004335 093022.msg.pdf,188082,5a24762f3cd88192d18d35ae1beefd54d1214ff20aaba8a80e0b25f93e9f71ac,True,24,38495,24,0,
2022-10-06__-2695911669999007694__ConvWQBEL_CadillacWWTP_HaringTwpWWTP_23.docx.pdf,F:\WWTP DOCUMENT DIVE\Cadillac_MiEnviro_2011-2026\documents\2022-10-06__-2695911669999007694__ConvWQBEL_CadillacWWTP_HaringTwpWWTP_23.docx.pdf,69650,9317358f54611458c2bb48f74917b7b46433539a6c2413282be65d44098efa23,True,4,7387,4,0,
2022-10-17__-3253706086432660697__WQBELBiologistReview_MI0020257_10-17-2022.doc.pdf,F:\WWTP DOCUMENT DIVE\Cadillac_MiEnviro_2011-2026\documents\2022-10-17__-3253706086432660697__WQBELBiologistReview_MI0020257_10-17-2022.doc.pdf,88680,5ec43433d40e9d820160e4da861afb32a1faca1ea5a9863f2cda0b3578a53338,True,6,21741,6,0,
2022-10-17__5271549274279379575__WQBELBiologistFactSheet_MI0020257_10-17-2022.pdf.pdf,F:\WWTP DOCUMENT DIVE\Cadillac_MiEnviro_2011-2026\documents\2022-10-17__5271549274279379575__WQBELBiologistFactSheet_MI0020257_10-17-2022.pdf.pdf,139148,b1b0c70f629fdb52c7407ce43cb03cd33a647ba2923c058ffbac4ffa894d25c8,True,29,61410,29,0,
2022-10-19__-2483047203526071080__MI0020257_2022-09-01_to_2022-09-30_DMR.pdf.pdf,F:\WWTP DOCUMENT DIVE\Cadillac_MiEnviro_2011-2026\documents\2022-10-19__-2483047203526071080__MI0020257_2022-09-01_to_2022-09-30_DMR.pdf.pdf,315919,e3984b32bfd80e46e3acf3a71f20fbe3e5437736871884be3e882339df68f85e,True,13,27651,13,0,
2022-10-28__-1522915370808729294__Fall 21 Lab Data.pdf.pdf,F:\WWTP DOCUMENT DIVE\Cadillac_MiEnviro_2011-2026\documents\2022-10-28__-1522915370808729294__Fall 21 Lab Data.pdf.pdf,156735,3943dbffba61f2d9e98777446b1d2527bd435d9e3ed034dbd95bac765bf6c8c7,True,1,0,0,1,
2022-10-28__-2557511827589635905__21N08W30-AB04.pdf.pdf,F:\WWTP DOCUMENT DIVE\Cadillac_MiEnviro_2011-2026\documents\2022-10-28__-2557511827589635905__21N08W30-AB04.pdf.pdf,1710759,293781dfa197fc6304d9cd85735b5d054de2f8a31bbd593dbf787987eddcc932,True,7,0,0,7,
2022-10-28__-3379215731425773250__21N09W27-WR01.pdf.pdf,F:\WWTP DOCUMENT DIVE\Cadillac_MiEnviro_2011-2026\documents\2022-10-28__-3379215731425773250__21N09W27-WR01.pdf.pdf,4526478,af9197142fc7a35c01378e35ccd2310038eb55ab5f9f2be96f06643ceb863aba,True,7,3923,2,5,
2022-10-28__-3748991011777642818__220308.biosolids.HML.pdf.pdf,F:\WWTP DOCUMENT DIVE\Cadillac_MiEnviro_2011-2026\documents\2022-10-28__-3748991011777642818__220308.biosolids.HML.pdf.pdf,964590,e59c75d5b2148c2507f26e0f2092b658602fc3204c78303515783a49ea48a72d,True,3,0,0,3,
2022-10-28__-3834514761618804079__2021 Alan Benson 30-01.pdf.pdf,F:\WWTP DOCUMENT DIVE\Cadillac_MiEnviro_2011-2026\documents\2022-10-28__-3834514761618804079__2021 Alan Benson 30-01.pdf.pdf,118977,c15945c697bc3cd1fbaec14447d8f8f1e92b8c30cdd8de8897a8c87f41844034,True,1,1543,1,0,
2022-10-28__-4298928221021636283__2022 Spring Lab Data.pdf.pdf,F:\WWTP DOCUMENT DIVE\Cadillac_MiEnviro_2011-2026\documents\2022-10-28__-4298928221021636283__2022 Spring Lab Data.pdf.pdf,271517,88904be8c4d87d4c604f9c9081fa4dfff0a1f255af6fa8b2f7466e139cce6fe9,True,1,0,0,1,
2022-10-28__-4723721513289652420__2021 Alan Benson 30-03.pdf.pdf,F:\WWTP DOCUMENT DIVE\Cadillac_MiEnviro_2011-2026\documents\2022-10-28__-4723721513289652420__2021 Alan Benson 30-03.pdf.pdf,118966,4186b235ebb42bed01e7d6c03bffda69d682983a89a12ca6bece917c97ce278a,True,1,1559,1,0,
2022-10-28__-4786289552379418815__MI0020257_2021-10-01_to_2022-09-30_DMR.pdf.pdf,F:\WWTP DOCUMENT DIVE\Cadillac_MiEnviro_2011-2026\documents\2022-10-28__-4786289552379418815__MI0020257_2021-10-01_to_2022-09-30_DMR.pdf.pdf,166712,ffe7945a782b5d130c91acbaef2ddbaa808616fc74949185b99524fd6ffd47f2,True,5,10667,5,0,
2022-10-28__-5069295854585408995__21N09W27-JR01.pdf.pdf,F:\WWTP DOCUMENT DIVE\Cadillac_MiEnviro_2011-2026\documents\2022-10-28__-5069295854585408995__21N09W27-JR01.pdf.pdf,1628523,785ec74f1da03516708402e60bf85670860f54ca78d8a3239e047eba6b21a2cd,True,7,4137,2,5,
2022-10-28__-5444812538118836760__Re_ 2021 Biosolids PFAS Lab Report.msg.pdf,F:\WWTP DOCUMENT DIVE\Cadillac_MiEnviro_2011-2026\documents\2022-10-28__-5444812538118836760__Re_ 2021 Biosolids PFAS Lab Report.msg.pdf,1253594,a0875a0a4df41be9523d4a74fb6f47e099b0726786add280978da9e87d162701,True,7,11020,7,0,
2022-10-28__-5711808560365142314__2021 Alan Benson 30-02.pdf.pdf,F:\WWTP DOCUMENT DIVE\Cadillac_MiEnviro_2011-2026\documents\2022-10-28__-5711808560365142314__2021 Alan Benson 30-02.pdf.pdf,118979,1ad8e28b4a830753182b0e8e6711e0988728853d2984e3d8b6505c3a8636dacc,True,1,1561,1,0,
2022-10-28__-5893730427306446665__21N08W30-AB02.pdf.pdf,F:\WWTP DOCUMENT DIVE\Cadillac_MiEnviro_2011-2026\documents\2022-10-28__-5893730427306446665__21N08W30-AB02.pdf.pdf,1733723,d48f4ecf854096fac6bb2af8d33f7c752e3c5b2246657c4dfabc57a96060edf0,True,7,0,0,7,
2022-10-28__-656960315240919665__21N08W30-AB04.pdf.pdf,F:\WWTP DOCUMENT DIVE\Cadillac_MiEnviro_2011-2026\documents\2022-10-28__-656960315240919665__21N08W30-AB04.pdf.pdf,1710759,293781dfa197fc6304d9cd85735b5d054de2f8a31bbd593dbf787987eddcc932,True,7,0,0,7,
2022-10-28__-6794089825706926283__220328.Metals.biosolids.PACE.pdf.pdf,F:\WWTP DOCUMENT DIVE\Cadillac_MiEnviro_2011-2026\documents\2022-10-28__-6794089825706926283__220328.Metals.biosolids.PACE.pdf.pdf,858835,1ecefa10dae5ccad72e18763b49fe352ba1f9942fb5bc6f24440d18e9476b853,True,11,9716,9,2,
2022-10-28__-7558384777916551667__HML Fall Biosolids.pdf.pdf,F:\WWTP DOCUMENT DIVE\Cadillac_MiEnviro_2011-2026\documents\2022-10-28__-7558384777916551667__HML Fall Biosolids.pdf.pdf,176423,7c5052d5fe8639b4bc031165c2408720ffe799152b9fa43790610653808bbf4d,True,1,0,0,1,
2022-10-28__-8614765146536661066__Soil Test Reports - Spring 2022.pdf.pdf,F:\WWTP DOCUMENT DIVE\Cadillac_MiEnviro_2011-2026\documents\2022-10-28__-8614765146536661066__Soil Test Reports - Spring 2022.pdf.pdf,1580587,853c7fadab96e4134310ef0bb8e1bb4aced55d9b27785a4252bb13a02ea11630,True,3,0,0,3,
2022-10-28__-9167866091439106840__Cadillac 2022 Land Ap Certification.pdf.pdf,F:\WWTP DOCUMENT DIVE\Cadillac_MiEnviro_2011-2026\documents\2022-10-28__-9167866091439106840__Cadillac 2022 Land Ap Certification.pdf.pdf,98335,a0daf0bce93638cd67088a5a5d7cbc9a67fcfd98d2f13380dba28f125d90b607,True,1,4075,1,0,
2022-10-28__1052343698472846740__2021 Alan Benson 30-04.pdf.pdf,F:\WWTP DOCUMENT DIVE\Cadillac_MiEnviro_2011-2026\documents\2022-10-28__1052343698472846740__2021 Alan Benson 30-04.pdf.pdf,118970,5434a5c44f008b9d3709143c0739227df333d17adb0ee88697294ce0ce6b43f5,True,1,1559,1,0,
2022-10-28__2074112032347207439__21N08W30-AB03.pdf.pdf,F:\WWTP DOCUMENT DIVE\Cadillac_MiEnviro_2011-2026\documents\2022-10-28__2074112032347207439__21N08W30-AB03.pdf.pdf,1722815,769d23fc1bd3311d09a7bd51f2bcd30ab9964f8ab7792f369c585696d735bdb2,True,7,0,0,7,
2022-10-28__2301115461688554716__Cadillac Haul Summary.pdf.pdf,F:\WWTP DOCUMENT DIVE\Cadillac_MiEnviro_2011-2026\documents\2022-10-28__2301115461688554716__Cadillac Haul Summary.pdf.pdf,36580,6d3d0ae91f3a257097ee87d4dbb81c1368a0de2161468ab432c2307638749a0a,True,1,367,1,0,
2022-10-28__2472874066259310211__220308.biosolids.PACE.pdf.pdf,F:\WWTP DOCUMENT DIVE\Cadillac_MiEnviro_2011-2026\documents\2022-10-28__2472874066259310211__220308.biosolids.PACE.pdf.pdf,995305,5bf35b03d8ba2f69dcba50014fe576467ddabcb56dcbd3b29b2d98a295265d44,True,49,90151,47,2,
2022-10-28__2613312278168314069__Fall 21 Lab Data.pdf.pdf,F:\WWTP DOCUMENT DIVE\Cadillac_MiEnviro_2011-2026\documents\2022-10-28__2613312278168314069__Fall 21 Lab Data.pdf.pdf,156735,3943dbffba61f2d9e98777446b1d2527bd435d9e3ed034dbd95bac765bf6c8c7,True,1,0,0,1,
2022-10-28__359721079694276642__Digester Temps..pdf.pdf,F:\WWTP DOCUMENT DIVE\Cadillac_MiEnviro_2011-2026\documents\2022-10-28__359721079694276642__Digester Temps..pdf.pdf,12378014,183100a584770c42b1e9e4c499cdc8759370563efab56e414d478b4700e956ca,True,48,0,0,48,
2022-10-28__3713988856787110245__210902.biosolids.HML.pdf.pdf,F:\WWTP DOCUMENT DIVE\Cadillac_MiEnviro_2011-2026\documents\2022-10-28__3713988856787110245__210902.biosolids.HML.pdf.pdf,433329,f0e48e8590136c74dd95c1f003f90bee3479b5ca6ee995be2e01c699b5b1e458,True,2,0,0,2,
2022-10-28__4512040073876093266__TVS & 38% Reduction 2022.xlsx.pdf,F:\WWTP DOCUMENT DIVE\Cadillac_MiEnviro_2011-2026\documents\2022-10-28__4512040073876093266__TVS & 38% Reduction 2022.xlsx.pdf,56606,150723045b864da0daa7735f0272c168dd4b864c0d0b38959e509ef3c889ea2d,True,6,1294,4,2,
2022-10-28__5340983926300339030__220308.PFAS.biosolids.Eurofins.pdf.pdf,F:\WWTP DOCUMENT DIVE\Cadillac_MiEnviro_2011-2026\documents\2022-10-28__5340983926300339030__220308.PFAS.biosolids.Eurofins.pdf.pdf,1164053,80c9daa283fe0b81892f03401825f31875784dbecfbd0a345024480273892123,True,29,53631,29,0,
2022-10-28__6156821384679455800__21N08W30-AB01.pdf.pdf,F:\WWTP DOCUMENT DIVE\Cadillac_MiEnviro_2011-2026\documents\2022-10-28__6156821384679455800__21N08W30-AB01.pdf.pdf,1742735,ef916c10a6e80cf12a64e6bd6c8055bb0a4f52c390cabb092822b7129e33a692,True,7,0,0,7,
2022-10-28__6160475526321207014__2021 Fall Biosolids Pace.pdf.pdf,F:\WWTP DOCUMENT DIVE\Cadillac_MiEnviro_2011-2026\documents\2022-10-28__6160475526321207014__2021 Fall Biosolids Pace.pdf.pdf,845826,ddb0535258bd3ab0e2c5b875d2c2cdfe5953f2360187de2bcbf8b0119ff14ec2,True,22,26582,21,1,
2022-10-28__6698643745379527068__HPN-5DCS-H4WTR V1.pdf v1.pdf,F:\WWTP DOCUMENT DIVE\Cadillac_MiEnviro_2011-2026\documents\2022-10-28__6698643745379527068__HPN-5DCS-H4WTR V1.pdf v1.pdf,71632,bb8f61945a672b884e95ce88b31becaeebdc07f6b8da67a7c885e356eec6ba8a,True,6,10188,6,0,
2022-10-28__6744959516118720964__Cadillac preops_11-21-21.pdf.pdf,F:\WWTP DOCUMENT DIVE\Cadillac_MiEnviro_2011-2026\documents\2022-10-28__6744959516118720964__Cadillac preops_11-21-21.pdf.pdf,5252773,db0268dbd708b68ec67799b698cf2faae6bb6b7b948701586e63fcc22e8c5409,True,14,15231,14,0,
2022-10-28__6872046597324017931__20N09W06-DI01.pdf.pdf,F:\WWTP DOCUMENT DIVE\Cadillac_MiEnviro_2011-2026\documents\2022-10-28__6872046597324017931__20N09W06-DI01.pdf.pdf,1938080,13de95ee026a8b337df7aace129b2b8c331457815541a11b301fb4ce07442a98,True,7,0,0,7,
2022-10-28__6981536826753546736__21N09W25-AB01.pdf.pdf,F:\WWTP DOCUMENT DIVE\Cadillac_MiEnviro_2011-2026\documents\2022-10-28__6981536826753546736__21N09W25-AB01.pdf.pdf,1830328,3cb35c300e1ee150cdc0f40fe97ac5db7a8540306281941a3a60fdabc91a39b8,True,7,0,0,7,
2022-10-28__8790880448839423536__220308.biosolids.HML.pdf.pdf,F:\WWTP DOCUMENT DIVE\Cadillac_MiEnviro_2011-2026\documents\2022-10-28__8790880448839423536__220308.biosolids.HML.pdf.pdf,964590,e59c75d5b2148c2507f26e0f2092b658602fc3204c78303515783a49ea48a72d,True,3,0,0,3,
2022-11-08__-5590290295023868628__MI0020257_2022-04-01_to_2022-04-30_2_DMR.pdf.pdf,F:\WWTP DOCUMENT DIVE\Cadillac_MiEnviro_2011-2026\documents\2022-11-08__-5590290295023868628__MI0020257_2022-04-01_to_2022-04-30_2_DMR.pdf.pdf,331186,89f531ec31cc278858f45afce5fbd6dde04c41e5feeee841252145f63c813eb6,True,13,27672,13,0,
2022-11-08__3508116555321248913__MI0020257_2022-05-01_to_2022-05-31_2_DMR.pdf.pdf,F:\WWTP DOCUMENT DIVE\Cadillac_MiEnviro_2011-2026\documents\2022-11-08__3508116555321248913__MI0020257_2022-05-01_to_2022-05-31_2_DMR.pdf.pdf,332207,78ef5d00f6e32726d0eac8866fac94237e3a89b0c0c7f1ec168c7b2e5154cd82,True,13,27777,13,0,
2022-11-09__-6065102162656990709__22.04.Eff.PFASedd.Fibertec.xls.pdf,F:\WWTP DOCUMENT DIVE\Cadillac_MiEnviro_2011-2026\documents\2022-11-09__-6065102162656990709__22.04.Eff.PFASedd.Fibertec.xls.pdf,38752,df3b0b5bd3d30a5f13a859cf25cf387345ea5bc362eed25be65ce88d0e6e0ba0,True,6,9474,6,0,
2022-11-09__1665759284824618102__22.10.Eff.PFASedd.Fibertec.xls.pdf,F:\WWTP DOCUMENT DIVE\Cadillac_MiEnviro_2011-2026\documents\2022-11-09__1665759284824618102__22.10.Eff.PFASedd.Fibertec.xls.pdf,47896,b6407f1778f4608cf6fc8cbc6efdbd0c63398ccba85e2d5d80abc486c01b6233,True,6,10513,6,0,
2022-11-09__3335842116132403673__22.10.Eff.PFAS.Fibertec.pdf.pdf,F:\WWTP DOCUMENT DIVE\Cadillac_MiEnviro_2011-2026\documents\2022-11-09__3335842116132403673__22.10.Eff.PFAS.Fibertec.pdf.pdf,358324,e8b6d5960dbfe91780d7cf7583d2896a049fc8fb68e5dae6b159855b9a4c8865,True,7,13011,6,1,
2022-11-09__638679157423204646__22.04.Eff.PFAS.Fibertec.pdf.pdf,F:\WWTP DOCUMENT DIVE\Cadillac_MiEnviro_2011-2026\documents\2022-11-09__638679157423204646__22.04.Eff.PFAS.Fibertec.pdf.pdf,397841,b71fbad8e6f9dfcc74f0fd206b569aa1652e4d5ddc412a1e67c6745452751f4d,True,7,14001,6,1,
2022-11-09__6871345741167251834__HPP-2914-8S45C V1.pdf v1.pdf,F:\WWTP DOCUMENT DIVE\Cadillac_MiEnviro_2011-2026\documents\2022-11-09__6871345741167251834__HPP-2914-8S45C V1.pdf v1.pdf,53832,d60eea25d16786f76cac74fa8c7213024f3e90b8c11449f63334744522668859,True,4,6465,4,0,
2022-11-09__9118183799075284971__MI0020257_2022-10-01_to_2022-10-31_DMR.pdf.pdf,F:\WWTP DOCUMENT DIVE\Cadillac_MiEnviro_2011-2026\documents\2022-11-09__9118183799075284971__MI0020257_2022-10-01_to_2022-10-31_DMR.pdf.pdf,332044,69ec1d9512c6183c98e9848852478e8b78289d7f859375a955355bcfe1cb1530,True,13,28073,13,0,
2022-11-22__-310938013515273317__Cadillac Casting Meeting 11-22-22.docx.pdf,F:\WWTP DOCUMENT DIVE\Cadillac_MiEnviro_2011-2026\documents\2022-11-22__-310938013515273317__Cadillac Casting Meeting 11-22-22.docx.pdf,30682,3bf12c7b4ae98a8bac402b5280e83060d1c95976125b444911198d93c3db9940,True,2,3420,2,0,
2022-11-22__-5376236809626939578__Cadillac Casting Meeting 11-22-22.docx.pdf,F:\WWTP DOCUMENT DIVE\Cadillac_MiEnviro_2011-2026\documents\2022-11-22__-5376236809626939578__Cadillac Casting Meeting 11-22-22.docx.pdf,28727,bf0624c2ec7e7d9a586e41b0432412903ed48f04fc1d7a82e4691bc9d1a78292,True,2,3420,2,0,
2022-11-28__-4226573320530097253__RE_ Categorical determination meeting_phone call.msg.pdf,F:\WWTP DOCUMENT DIVE\Cadillac_MiEnviro_2011-2026\documents\2022-11-28__-4226573320530097253__RE_ Categorical determination meeting_phone call.msg.pdf,128077,c1292bf05c0ff693a6c598845ff13d31cd3c41abc1199ef2fe4278f7cc84385e,True,6,9304,6,0,
2022-11-30__-4079014274836137113__PLANT SEWER LINES.pdf.pdf,F:\WWTP DOCUMENT DIVE\Cadillac_MiEnviro_2011-2026\documents\2022-11-30__-4079014274836137113__PLANT SEWER LINES.pdf.pdf,1194308,17515c83ecba40f24134c9ff3a68a7d51d9b7ef2678b8b53ed024eeaa6a64e44,True,1,1265,1,0,
2022-11-30__8779469031468916456__2022-11-30RE_ Categorical determination _ CCI plant map with sewer drain lines.msg.pdf,F:\WWTP DOCUMENT DIVE\Cadillac_MiEnviro_2011-2026\documents\2022-11-30__8779469031468916456__2022-11-30RE_ Categorical determination _ CCI plant map with sewer drain lines.msg.pdf,135648,1f905f6c10213df6fd69be97fcf483be4acc3482ad002ed9ab813258b27d2278,True,8,11318,8,0,
2022-12-05__-4629405798728367349__FW_ Categorical determination _ CCI plant map with sewer drain lines.msg.pdf,F:\WWTP DOCUMENT DIVE\Cadillac_MiEnviro_2011-2026\documents\2022-12-05__-4629405798728367349__FW_ Categorical determination _ CCI plant map with sewer drain lines.msg.pdf,1444187,9619392a31b931b82f1207188b62272a8d65718a8e83bc9686bc08992285f0e7,True,11,16258,11,0,
2022-12-05__-5544698014196752694__RE_ Categorical determination _ CCI plant map with sewer drain lines.msg.pdf,F:\WWTP DOCUMENT DIVE\Cadillac_MiEnviro_2011-2026\documents\2022-12-05__-5544698014196752694__RE_ Categorical determination _ CCI plant map with sewer drain lines.msg.pdf,1442965,30e8027c2fcea54951dc2539478d00f429ffaf186ea18b56b49e32cc8b874339,True,11,14421,10,1,
2022-12-05__-6727498971597060316__PLANT SEWER LINES.pdf.pdf,F:\WWTP DOCUMENT DIVE\Cadillac_MiEnviro_2011-2026\documents\2022-12-05__-6727498971597060316__PLANT SEWER LINES.pdf.pdf,1263693,06659cf5a1f70f4ea3745f6e8cbf3eca37e6a70c749d7c17b5c79a4f4203ec44,True,1,1470,1,0,
2022-12-14__7493418984917684481__MI0020257_2022-11-01_to_2022-11-30_DMR.pdf.pdf,F:\WWTP DOCUMENT DIVE\Cadillac_MiEnviro_2011-2026\documents\2022-12-14__7493418984917684481__MI0020257_2022-11-01_to_2022-11-30_DMR.pdf.pdf,331742,4fb0f74ff74837fc21fbb7bf7da9f5f4f4cde45289226ea85754577855fdae54,True,13,28195,13,0,
2023-01-17__4932616064872093542__Cadillac WWTP Pretreatment MAHL.msg.pdf,F:\WWTP DOCUMENT DIVE\Cadillac_MiEnviro_2011-2026\documents\2023-01-17__4932616064872093542__Cadillac WWTP Pretreatment MAHL.msg.pdf,47181,10e2a5c06342370587afc94c826ebea7e0e08d3c3e6204460aca0249867389d0,True,1,886,1,0,
2023-01-19__-5222364171687714003__MI0020257_2022-12-01_to_2022-12-31_DMR.pdf.pdf,F:\WWTP DOCUMENT DIVE\Cadillac_MiEnviro_2011-2026\documents\2023-01-19__-5222364171687714003__MI0020257_2022-12-01_to_2022-12-31_DMR.pdf.pdf,329996,28b2422a568e28f7fa24ac6c64ed91e3db6a2a5581bf84fa12e7d30ebf588708,True,13,27472,13,0,
2023-01-26__-1501875472525095997__HPG-1ZNB-Y56ZQ v2.pdf v2.pdf,F:\WWTP DOCUMENT DIVE\Cadillac_MiEnviro_2011-2026\documents\2023-01-26__-1501875472525095997__HPG-1ZNB-Y56ZQ v2.pdf v2.pdf,69079,eb7526190df260d9a46bd1063a5be171b12640780f9b9501d914875bb8274a85,True,3,7503,3,0,
2023-01-26__-2502405131923357677__Copy of Copy of Cadillac_POTW_Oversight_comments Revised.xlsx.pdf,F:\WWTP DOCUMENT DIVE\Cadillac_MiEnviro_2011-2026\documents\2023-01-26__-2502405131923357677__Copy of Copy of Cadillac_POTW_Oversight_comments Revised.xlsx.pdf,51947,75d8757f2b51d86ccbe248becdc61a434229841d83c5258f16324c3d5b3c6c66,True,7,4021,7,0,
2023-01-26__-3261503517011531799__HPN-5DCS-H4WTR v2.pdf v2.pdf,F:\WWTP DOCUMENT DIVE\Cadillac_MiEnviro_2011-2026\documents\2023-01-26__-3261503517011531799__HPN-5DCS-H4WTR v2.pdf v2.pdf,74848,36f0f62c3001b7186e20964459f9a5dc67fa0b045eb6b366a43fd7b748e93989,True,6,10461,6,0,
2023-01-26__-5073065224517371865__Biosolids Dry Tons Calc Spring 2022.xls.pdf,F:\WWTP DOCUMENT DIVE\Cadillac_MiEnviro_2011-2026\documents\2023-01-26__-5073065224517371865__Biosolids Dry Tons Calc Spring 2022.xls.pdf,87143,0134c70157eba8f0087d6a443811f585070223b15cbf0af85144b75ab7233e3e,True,1,1887,1,0,
2023-01-26__-7866177930338727791__Copy of Cadillac_POTW_Monitoring_Data_Summary_comments.xlsx.pdf,F:\WWTP DOCUMENT DIVE\Cadillac_MiEnviro_2011-2026\documents\2023-01-26__-7866177930338727791__Copy of Cadillac_POTW_Monitoring_Data_Summary_comments.xlsx.pdf,84264,5ea4154c8e5f02cd5f3a18c18e4d5015f0ca7eb857bae4c906e293349dd3734b,True,4,2043,4,0,
2023-01-26__2784982293074044526__2023-01-26FW_ Timeframe.msg.pdf,F:\WWTP DOCUMENT DIVE\Cadillac_MiEnviro_2011-2026\documents\2023-01-26__2784982293074044526__2023-01-26FW_ Timeframe.msg.pdf,143295,adbbeb1cd5c5ac376e255e5540fa4ce4e3beda2b062dcdb4bf9744647b18644a,True,2,3150,2,0,
2023-01-26__5778351404021667404__Copy of SIU-CIU_List comments Revised.xlsx.pdf,F:\WWTP DOCUMENT DIVE\Cadillac_MiEnviro_2011-2026\documents\2023-01-26__5778351404021667404__Copy of SIU-CIU_List comments Revised.xlsx.pdf,54946,4e6199f6f0931ef46b93ecab766c2d1c718dbb7c00f1dca6dedcce8b8871ffeb,True,6,4426,6,0,
2023-01-26__8551113993498243935__2022 Spring Lab Data.pdf.pdf,F:\WWTP DOCUMENT DIVE\Cadillac_MiEnviro_2011-2026\documents\2023-01-26__8551113993498243935__2022 Spring Lab Data.pdf.pdf,271517,88904be8c4d87d4c604f9c9081fa4dfff0a1f255af6fa8b2f7466e139cce6fe9,True,1,0,0,1,
2023-01-27__-2539768404401797754__2023-01-27 RE_ Timeframe.msg.pdf,F:\WWTP DOCUMENT DIVE\Cadillac_MiEnviro_2011-2026\documents\2023-01-27__-2539768404401797754__2023-01-27 RE_ Timeframe.msg.pdf,192943,57260f25c19497dfc48d2782faa912b22bb5fbe5f2c66a7cb4bc1ead8c01b6f9,True,3,4417,3,0,
2023-01-27__7397616175680015486__Categorical determination - Cadillac casting.msg.pdf,F:\WWTP DOCUMENT DIVE\Cadillac_MiEnviro_2011-2026\documents\2023-01-27__7397616175680015486__Categorical determination - Cadillac casting.msg.pdf,62535,b0e8e5d03542c2b0e5503af2cf062dd88175e294fe6f4ce8295ca39b4568b9d8,True,3,2409,3,0,
2023-01-30__2291773997099292855__Categorical determination - Cadillac casting email chain discussing processes .msg.pdf,F:\WWTP DOCUMENT DIVE\Cadillac_MiEnviro_2011-2026\documents\2023-01-30__2291773997099292855__Categorical determination - Cadillac casting email chain discussing processes .msg.pdf,128210,cdf8cea1fb87157e75da499e968105f39b78846298557ef9763cda4728a02cd7,True,3,5536,3,0,
2023-02-01__-8646920525963922439__Biosolids CPLR 21N08W30-AB01.xls.pdf,F:\WWTP DOCUMENT DIVE\Cadillac_MiEnviro_2011-2026\documents\2023-02-01__-8646920525963922439__Biosolids CPLR 21N08W30-AB01.xls.pdf,87095,c1e5f554c89c5b2e63e96a9da4a20d67fad7297331a54cd9ae759d956e3e0c5e,True,1,1803,1,0,
2023-02-14__-8099930221942787423__MI0020257_2023-01-01_to_2023-01-31_DMR.pdf.pdf,F:\WWTP DOCUMENT DIVE\Cadillac_MiEnviro_2011-2026\documents\2023-02-14__-8099930221942787423__MI0020257_2023-01-01_to_2023-01-31_DMR.pdf.pdf,330123,d42f4f83469997d56295cb414115110c8db86c2fa0eb3118af7532ba0d73e7d0,True,13,27372,13,0,
2023-02-24__4930666656990348064__Categorical determination - Cadillac casting flow diagram.msg.pdf,F:\WWTP DOCUMENT DIVE\Cadillac_MiEnviro_2011-2026\documents\2023-02-24__4930666656990348064__Categorical determination - Cadillac casting flow diagram.msg.pdf,659942,e747caecb1e5381e99d69867c43467a0b35b85a03f7b0d60ce449ce60ba1aba5,True,7,7256,5,2,
2023-03-02__-4876625107941421488__22.01.Inf.Eff.LLHg.Pace.pdf.pdf,F:\WWTP DOCUMENT DIVE\Cadillac_MiEnviro_2011-2026\documents\2023-03-02__-4876625107941421488__22.01.Inf.Eff.LLHg.Pace.pdf.pdf,830444,1759cd496dbeaf197e6387314c263533f949252f810a5336b95d14f8b6342b78,True,15,12423,13,2,
2023-03-02__-5502699534190531294__22.10.Inf.Eff.LLHg.Pace.pdf.pdf,F:\WWTP DOCUMENT DIVE\Cadillac_MiEnviro_2011-2026\documents\2023-03-02__-5502699534190531294__22.10.Inf.Eff.LLHg.Pace.pdf.pdf,2081705,702ad371393e97e1b13e4b2b4c6d754527b84ca8f3a44afcefc6f793f8b055a9,True,16,13178,14,2,
2023-03-02__-6341729527407241338__22.04.Inf.Eff.LLHg.Pace.pdf.pdf,F:\WWTP DOCUMENT DIVE\Cadillac_MiEnviro_2011-2026\documents\2023-03-02__-6341729527407241338__22.04.Inf.Eff.LLHg.Pace.pdf.pdf,880409,e55ab82eb40e3df8bd1996483cbb8686e7eb6c5c614411a55e171592af4a007f,True,15,12514,13,2,
2023-03-02__-8432930753741426596__22.07.Inf.Eff.LLHg.Pace.pdf.pdf,F:\WWTP DOCUMENT DIVE\Cadillac_MiEnviro_2011-2026\documents\2023-03-02__-8432930753741426596__22.07.Inf.Eff.LLHg.Pace.pdf.pdf,847068,d978bfb84961f7155352c1948716050e456f8506e6481ee4d364feb2a133a227,True,15,12692,13,2,
2023-03-02__2550046888663328517__HPR-V2MX-EVFMF v1.pdf v1.pdf,F:\WWTP DOCUMENT DIVE\Cadillac_MiEnviro_2011-2026\documents\2023-03-02__2550046888663328517__HPR-V2MX-EVFMF v1.pdf v1.pdf,50972,b5f5fbcfe8eb6e929e58837687d28399f6baa9b00677619914babcca35dbb1b7,True,3,3492,3,0,
2023-03-02__4481898124785245370__220308.biosolids.PACE.pdf.pdf,F:\WWTP DOCUMENT DIVE\Cadillac_MiEnviro_2011-2026\documents\2023-03-02__4481898124785245370__220308.biosolids.PACE.pdf.pdf,995305,5bf35b03d8ba2f69dcba50014fe576467ddabcb56dcbd3b29b2d98a295265d44,True,49,90151,47,2,
2023-03-02__4645671508185599697__List of Potential Mercury Sources 2022.doc.pdf,F:\WWTP DOCUMENT DIVE\Cadillac_MiEnviro_2011-2026\documents\2023-03-02__4645671508185599697__List of Potential Mercury Sources 2022.doc.pdf,38780,af3a3e92e3afac71f6fffbb6f041527bc439839a4fd638096f4481d2334b58e2,True,1,1070,1,0,
2023-03-02__5005199782516719822__220922.biosolids.wHg.PACE.pdf.pdf,F:\WWTP DOCUMENT DIVE\Cadillac_MiEnviro_2011-2026\documents\2023-03-02__5005199782516719822__220922.biosolids.wHg.PACE.pdf.pdf,1976282,7d0dd83e38786b00df8d2a2dcdd7e14a15cacefeb4273373bcea02937ae4ce0e,True,16,20184,14,2,
2023-03-03__5945261452330875896__2023-03-03-Cadillac Casting Categorical determination.docx.pdf,F:\WWTP DOCUMENT DIVE\Cadillac_MiEnviro_2011-2026\documents\2023-03-03__5945261452330875896__2023-03-03-Cadillac Casting Categorical determination.docx.pdf,53577,ad590c76fdec36749fe0679b8b73030f0085a2acc97e49d5459dd6ce771a50b8,True,2,4180,2,0,
2023-03-07__6784107865186182958__2023-03-07 Categorical IU Assessment Request - Cadillac WWTP.pdf.pdf,F:\WWTP DOCUMENT DIVE\Cadillac_MiEnviro_2011-2026\documents\2023-03-07__6784107865186182958__2023-03-07 Categorical IU Assessment Request - Cadillac WWTP.pdf.pdf,243811,66ecee1031ed8b253d243b2355410219ecd7751b38e88092d7b35cc3d5c94740,True,2,3399,2,0,
2023-03-15__-6731272644299148160__MI0020257_2023-02-01_to_2023-02-28_DMR.pdf.pdf,F:\WWTP DOCUMENT DIVE\Cadillac_MiEnviro_2011-2026\documents\2023-03-15__-6731272644299148160__MI0020257_2023-02-01_to_2023-02-28_DMR.pdf.pdf,328690,8aafaee160efa7e9e27754cb359dc8cdfbae1b6bca2614ea7acbc92b65fdacd9,True,13,26909,13,0,
2023-03-17__5848440851923005277__Cadillac IPP follow up.msg.pdf,F:\WWTP DOCUMENT DIVE\Cadillac_MiEnviro_2011-2026\documents\2023-03-17__5848440851923005277__Cadillac IPP follow up.msg.pdf,133246,b879f27466b61fe14517c2a5d02a06e258744e67fd9904af2d542318c447fd85,True,2,3381,2,0,
2023-03-21__5689250136172512254__2023-03-21 RE_ Cadillac IPP follow up.msg.pdf,F:\WWTP DOCUMENT DIVE\Cadillac_MiEnviro_2011-2026\documents\2023-03-21__5689250136172512254__2023-03-21 RE_ Cadillac IPP follow up.msg.pdf,368902,273fd570c1670e4f30c76d7a6d87a3a26a8e53513b3d39843c40d1319444919b,True,4,7808,4,0,
2023-03-21__6580583183333019148__2023-03-21 RE_ Cadillac IPP follow up.msg.pdf,F:\WWTP DOCUMENT DIVE\Cadillac_MiEnviro_2011-2026\documents\2023-03-21__6580583183333019148__2023-03-21 RE_ Cadillac IPP follow up.msg.pdf,351395,b3c6da72fe6bee4648518622aace114c3023e873a6c47d6484684c4cc603fe78,True,5,8656,5,0,
2023-04-10__-4325347701521375082__IPP 2022 News.pdf.pdf,F:\WWTP DOCUMENT DIVE\Cadillac_MiEnviro_2011-2026\documents\2023-04-10__-4325347701521375082__IPP 2022 News.pdf.pdf,641163,9b10cbdd4dd32ea253b6da10c023d84a858bf27ebc15e72e951ab05562e284cd,True,1,0,0,1,
2023-04-10__-7396306740027901357__HPS-A3KN-2FH30 v1.pdf v1.pdf,F:\WWTP DOCUMENT DIVE\Cadillac_MiEnviro_2011-2026\documents\2023-04-10__-7396306740027901357__HPS-A3KN-2FH30 v1.pdf v1.pdf,67744,4cb40c7de9bdba11bbc04911c652d7911c9442e241f45c07ba8efa74b937fd81,True,3,7208,3,0,
2023-04-10__-7854015285679267528__SIU-CIU_List 2022.xlsx.pdf,F:\WWTP DOCUMENT DIVE\Cadillac_MiEnviro_2011-2026\documents\2023-04-10__-7854015285679267528__SIU-CIU_List 2022.xlsx.pdf,55414,fe9a9418bd47f26fa20667fef140a46c2cd613a03c2fc05dfc095162853aad9b,True,7,4446,7,0,
2023-04-10__628790507374549505__POTW_Monitoring_Data_Summary 2022.xlsx.pdf,F:\WWTP DOCUMENT DIVE\Cadillac_MiEnviro_2011-2026\documents\2023-04-10__628790507374549505__POTW_Monitoring_Data_Summary 2022.xlsx.pdf,83751,4f8babf855df1b339da5f37d854cadb1de3c5df30f2a02d37cb461843bd96eed,True,4,2162,4,0,
2023-04-10__6846973406582359__IPP News Affidavit 2023.pdf.pdf,F:\WWTP DOCUMENT DIVE\Cadillac_MiEnviro_2011-2026\documents\2023-04-10__6846973406582359__IPP News Affidavit 2023.pdf.pdf,21403,7026af6ab2e97eff836f2000c14b6d1ee3c2d1fb4117978f950eb757515a6e4a,True,1,0,0,1,
2023-04-10__900324230421960658__Copy of Copy of Cadillac_POTW_Oversight 2022.xlsx.pdf,F:\WWTP DOCUMENT DIVE\Cadillac_MiEnviro_2011-2026\documents\2023-04-10__900324230421960658__Copy of Copy of Cadillac_POTW_Oversight 2022.xlsx.pdf,51662,c7761ac2ffc4a8fac4365e066c2111ce45d08092d9135e7f0d27d46a4d118443,True,7,3674,7,0,
2023-04-18__2369463525612990207__Application Compliance Comments Memo - NPDES.docx.pdf,F:\WWTP DOCUMENT DIVE\Cadillac_MiEnviro_2011-2026\documents\2023-04-18__2369463525612990207__Application Compliance Comments Memo - NPDES.docx.pdf,111685,0e5a6600014354a7d14781bb1d6c43ea164d60bbc44fa33a9e20544729373f81,True,3,6804,3,0,
2023-04-20__-3895171563158295781__HPG-1ZNB-Y56ZQ v3.pdf v3.pdf,F:\WWTP DOCUMENT DIVE\Cadillac_MiEnviro_2011-2026\documents\2023-04-20__-3895171563158295781__HPG-1ZNB-Y56ZQ v3.pdf v3.pdf,69244,2e04de276b53532cc71245cd298a7c55f2d7a39daf441ad837de412ccd27048a,True,3,7598,3,0,
2023-04-20__5869492236756434666__SIU-CIU_List 2022.xlsx.pdf,F:\WWTP DOCUMENT DIVE\Cadillac_MiEnviro_2011-2026\documents\2023-04-20__5869492236756434666__SIU-CIU_List 2022.xlsx.pdf,55170,27d769b51ffef15353834d68905a865a2074e63c12b3b50ca0c6ea41f9ceeef9,True,7,4267,7,0,
2023-04-20__7751947053449677155__MI0020257_2023-03-01_to_2023-03-31_DMR.pdf.pdf,F:\WWTP DOCUMENT DIVE\Cadillac_MiEnviro_2011-2026\documents\2023-04-20__7751947053449677155__MI0020257_2023-03-01_to_2023-03-31_DMR.pdf.pdf,337648,6334398cee3314551d2bf830844276021c5d268aa9fc2feedb0deb5ed8a05df9,True,13,27858,13,0,
2023-04-24__-1676672740964083188__Basis for Decision Memo-FINAL_Cadillac WWTP.docx.pdf,F:\WWTP DOCUMENT DIVE\Cadillac_MiEnviro_2011-2026\documents\2023-04-24__-1676672740964083188__Basis for Decision Memo-FINAL_Cadillac WWTP.docx.pdf,120715,5a72ef37c10b43df6cddec50b4c786e9cadbe3c047a786165648789016e667b6,True,5,11773,5,0,
2023-04-25__3328442549855357227__NPDES Permit-FINAL_Cadillac WWTP.docx.pdf,F:\WWTP DOCUMENT DIVE\Cadillac_MiEnviro_2011-2026\documents\2023-04-25__3328442549855357227__NPDES Permit-FINAL_Cadillac WWTP.docx.pdf,256010,a7071afe8cf5286a232094ee6c42e47c3c83c920bce89772b5759588af6db6d8,True,43,129802,43,0,
2023-04-27__-2349539817018783904__2023-04-27 SVN-01351 Cadillac WWTP.pdf.pdf,F:\WWTP DOCUMENT DIVE\Cadillac_MiEnviro_2011-2026\documents\2023-04-27__-2349539817018783904__2023-04-27 SVN-01351 Cadillac WWTP.pdf.pdf,250612,afac7f09906bbd98b04e7c016d6e2a6d9bea3fa52b6235bb7e9496b640cc2753,True,3,7246,3,0,
2023-04-27__-4803265575480304473__Fact Sheet for NPDES Permit_Cadillac WWTP.docx.pdf,F:\WWTP DOCUMENT DIVE\Cadillac_MiEnviro_2011-2026\documents\2023-04-27__-4803265575480304473__Fact Sheet for NPDES Permit_Cadillac WWTP.docx.pdf,852164,6ad0e6513ff9931621a35982fb326eb642e24a9ed2cf5beff7acd4781883cba8,True,3,5883,3,0,
2023-05-18__2087007105066150606__MI0020257_2023-04-01_to_2023-04-30_DMR.pdf.pdf,F:\WWTP DOCUMENT DIVE\Cadillac_MiEnviro_2011-2026\documents\2023-05-18__2087007105066150606__MI0020257_2023-04-01_to_2023-04-30_DMR.pdf.pdf,329267,f722da5aa592166e87a07a53d17c142269cb5f3d64e7840183c272061b68c181,True,13,27151,13,0,
2023-05-31__-8387245820521192173__23.04.Eff.PFAS.PACEalpha.pdf.pdf,F:\WWTP DOCUMENT DIVE\Cadillac_MiEnviro_2011-2026\documents\2023-05-31__-8387245820521192173__23.04.Eff.PFAS.PACEalpha.pdf.pdf,815319,fd8e26bef2c1f424b18b7c50168299635e9ae57d5bf5731e4815369c960e28e8,True,34,57550,34,0,
2023-05-31__-9073857214908716294__HPV-1RCJ-X06GE v1.pdf.pdf,F:\WWTP DOCUMENT DIVE\Cadillac_MiEnviro_2011-2026\documents\2023-05-31__-9073857214908716294__HPV-1RCJ-X06GE v1.pdf.pdf,47536,f8be375bb69c5bb2d1472b98cb2ab4b532c3842391b4f78cafc429b3466a0010,True,3,3928,3,0,
2023-06-12__-5466261733930014819__Cadillac WWTP 2023 SFS 061223.docx.pdf,F:\WWTP DOCUMENT DIVE\Cadillac_MiEnviro_2011-2026\documents\2023-06-12__-5466261733930014819__Cadillac WWTP 2023 SFS 061223.docx.pdf,65670,24112d4d8c27a3858b7212462bfb686a25f8fce657b48b0c7fe4a8be072fd3ea,True,1,1280,1,0,
2023-06-12__3372222984602268546__2023-6-12 RE_ Cadillac IPP follow up.msg.pdf,F:\WWTP DOCUMENT DIVE\Cadillac_MiEnviro_2011-2026\documents\2023-06-12__3372222984602268546__2023-6-12 RE_ Cadillac IPP follow up.msg.pdf,354303,90a250b1dfb0851d14067a9713249883604f33d6529114ee88245a6ed46223c4,True,6,9435,6,0,
2023-06-12__4352999731468470130__2023-06-12 RE_ Cadillac IPP follow up.msg.pdf,F:\WWTP DOCUMENT DIVE\Cadillac_MiEnviro_2011-2026\documents\2023-06-12__4352999731468470130__2023-06-12 RE_ Cadillac IPP follow up.msg.pdf,359847,de4872fdab070dc29655cbc5f4ab4ff1a669e69aaa4a683f072616778cc28f2f,True,6,10191,6,0,
2023-06-15__848804122887967375__MI0020257_2023-05-01_to_2023-05-31_DMR.pdf.pdf,F:\WWTP DOCUMENT DIVE\Cadillac_MiEnviro_2011-2026\documents\2023-06-15__848804122887967375__MI0020257_2023-05-01_to_2023-05-31_DMR.pdf.pdf,330556,27de63882d690761fe216f6fb05dae83b3638d4e4fb06d25a5e378f3e4847672,True,13,27429,13,0,
2023-06-29__-6680653334060657986__Public Notice Document_Cadillac WWTP.docx.pdf,F:\WWTP DOCUMENT DIVE\Cadillac_MiEnviro_2011-2026\documents\2023-06-29__-6680653334060657986__Public Notice Document_Cadillac WWTP.docx.pdf,56622,fd677ba1981374ccdfdebdc5f71c074b61b9af4f5f6b37a1c6a6a1cbbc14fcee,True,1,4575,1,0,
2023-07-10__-7988070970922691434__Cadillac WWTP Jul 2023 WRD CSI Inspection Form 071023.pdf.pdf,F:\WWTP DOCUMENT DIVE\Cadillac_MiEnviro_2011-2026\documents\2023-07-10__-7988070970922691434__Cadillac WWTP Jul 2023 WRD CSI Inspection Form 071023.pdf.pdf,186706,366393f7752d5caa4c5b164d8f383e6c120b6068e62cd857067c0e32b0f6a112,True,16,26091,16,0,
2023-07-18__-5546649233492118689__HPS-NR5G-MY95T v2.pdf.pdf,F:\WWTP DOCUMENT DIVE\Cadillac_MiEnviro_2011-2026\documents\2023-07-18__-5546649233492118689__HPS-NR5G-MY95T v2.pdf.pdf,81562,8712728b6fe51a97e63019a795a545960886062d7932b25f7cd621b8f07a3b41,True,6,9674,6,0,
2023-07-18__8493033564372153818__MI0020257_2023-06-01_to_2023-06-30_DMR.pdf.pdf,F:\WWTP DOCUMENT DIVE\Cadillac_MiEnviro_2011-2026\documents\2023-07-18__8493033564372153818__MI0020257_2023-06-01_to_2023-06-30_DMR.pdf.pdf,328076,ba5dedef1fa3c094256858b949ce7fb4568f7ce19254d70a4b0876fde47670c2,True,13,26881,13,0,
2023-07-27__6467084543884516640__Pre-Public Notice Letter_Cadillac WWTP.msg.pdf,F:\WWTP DOCUMENT DIVE\Cadillac_MiEnviro_2011-2026\documents\2023-07-27__6467084543884516640__Pre-Public Notice Letter_Cadillac WWTP.msg.pdf,2154066,0ec8dfe0f0215b6e846132e612e50d27ea0abe5033347ad4b15689bca3888c9d,True,57,156063,57,0,
2023-08-01__-1172770483702568257__IPP modification 812023.pdf.pdf,F:\WWTP DOCUMENT DIVE\Cadillac_MiEnviro_2011-2026\documents\2023-08-01__-1172770483702568257__IPP modification 812023.pdf.pdf,462479,20ef2ece7370680cf4610028ed783d7f2f68c17fe65dd968fab9a0298bf0ec82,True,2,0,0,2,
2023-08-01__-1408874561353041047__WQBELBiologistFactSheet_MI0020257_PFOS_08-01-2023.doc.pdf,F:\WWTP DOCUMENT DIVE\Cadillac_MiEnviro_2011-2026\documents\2023-08-01__-1408874561353041047__WQBELBiologistFactSheet_MI0020257_PFOS_08-01-2023.doc.pdf,62820,f5d721519f279740f540557701576d4b1d8a320284a4157b8cf27aa680b737c3,True,2,4210,2,0,
2023-08-01__1195067454859372668__Preliminary Effluent Limits (PEL)_MI0020257_Outfall 001_PFAS_08-01-2023.xls.pdf,F:\WWTP DOCUMENT DIVE\Cadillac_MiEnviro_2011-2026\documents\2023-08-01__1195067454859372668__Preliminary Effluent Limits (PEL)_MI0020257_Outfall 001_PFAS_08-01-2023.xls.pdf,616904,e229b6069956739e378d40e5411e7d5309eda33d4f8d2b2b4b1f9797e9a50892,True,70,81183,70,0,
2023-08-15__-6276326128858613540__MI0020257_2023-07-01_to_2023-07-31_DMR.pdf.pdf,F:\WWTP DOCUMENT DIVE\Cadillac_MiEnviro_2011-2026\documents\2023-08-15__-6276326128858613540__MI0020257_2023-07-01_to_2023-07-31_DMR.pdf.pdf,327441,1b6e7dae62148ac0c2fa3870eea712338fefeb3345959c27b6680b71ed0d6faf,True,13,26925,13,0,
2023-08-22__3176009271693558800__2023 Cadillac WWTP CSI Final Sampling Report 082223.pdf.pdf,F:\WWTP DOCUMENT DIVE\Cadillac_MiEnviro_2011-2026\documents\2023-08-22__3176009271693558800__2023 Cadillac WWTP CSI Final Sampling Report 082223.pdf.pdf,219572,87b7ae3c9d8bf2c7f70081fe22a264b51c5aa7ce9b0c560d9759e22eb92a44f2,True,9,10325,9,0,
2023-09-19__-4700055520337929844__MI0020257_2023-08-01_to_2023-08-31_DMR.pdf.pdf,F:\WWTP DOCUMENT DIVE\Cadillac_MiEnviro_2011-2026\documents\2023-09-19__-4700055520337929844__MI0020257_2023-08-01_to_2023-08-31_DMR.pdf.pdf,326745,246612eca93eebef3922411132b0a0a9c26dfd29117ca60d90529423a72b5e13,True,13,27048,13,0,
2023-09-29__-7665686165939302867__Cadillac WWTP July 10 2023 Inspection Transmit 092923.msg.pdf,F:\WWTP DOCUMENT DIVE\Cadillac_MiEnviro_2011-2026\documents\2023-09-29__-7665686165939302867__Cadillac WWTP July 10 2023 Inspection Transmit 092923.msg.pdf,413675,f9bc1e000199b94c61cf9831a65a6ea1a616b7620581df621ed212f298408809,True,29,39236,28,1,
2023-10-02__-4688409677041119888__854440 Cadillac MAHL Report 2023_comments_CLL.pdf.pdf,F:\WWTP DOCUMENT DIVE\Cadillac_MiEnviro_2011-2026\documents\2023-10-02__-4688409677041119888__854440 Cadillac MAHL Report 2023_comments_CLL.pdf.pdf,3911124,9c7ecf5239d513c6533c95820fe094b0449b0aa83ee1374432490b7d308d745a,True,146,308363,142,4,
2023-10-03__658827487378612350__2023-10-03 NPDES IPP Modification Submittal - Cadillac WWTP.pdf.pdf,F:\WWTP DOCUMENT DIVE\Cadillac_MiEnviro_2011-2026\documents\2023-10-03__658827487378612350__2023-10-03 NPDES IPP Modification Submittal - Cadillac WWTP.pdf.pdf,4000699,59d94febec8eb4e286597e9aa2dae4ace83251f55acf45fb28c2aad367c9a17f,True,148,310850,144,4,
2023-10-05__-3005959437642101164__RE Cadillac WWTP Application Review - IPP.msg.pdf,F:\WWTP DOCUMENT DIVE\Cadillac_MiEnviro_2011-2026\documents\2023-10-05__-3005959437642101164__RE Cadillac WWTP Application Review - IPP.msg.pdf,94390,327868723b487bc87f6438e90c3e4cac092d966f77f2e54f57d9bb0767e04810,True,2,2410,2,0,
2023-10-05__-5468174260920066034__Fwd Cadillac - Preliminary Pre-Public Notice Discussion Items.msg.pdf,F:\WWTP DOCUMENT DIVE\Cadillac_MiEnviro_2011-2026\documents\2023-10-05__-5468174260920066034__Fwd Cadillac - Preliminary Pre-Public Notice Discussion Items.msg.pdf,175631,e66231885976d86551cff8f3dc951a0461d3894c36011c28b824e047ae153523,True,4,2299,4,0,
2023-10-05__-7629441400464847672__Pre-Public Notice Comments and Response-Fourth Round_Cadillac WWTP.msg.pdf,F:\WWTP DOCUMENT DIVE\Cadillac_MiEnviro_2011-2026\documents\2023-10-05__-7629441400464847672__Pre-Public Notice Comments and Response-Fourth Round_Cadillac WWTP.msg.pdf,2364562,eec1004c2025aa8477f7b0bfb2b5e9b4e57d12f167c9966c785c97d617f13e20,True,72,189362,72,0,
2023-10-05__-825643718394833452__Public Notice Letter_Cadillac WWTP.msg.pdf,F:\WWTP DOCUMENT DIVE\Cadillac_MiEnviro_2011-2026\documents\2023-10-05__-825643718394833452__Public Notice Letter_Cadillac WWTP.msg.pdf,2166420,83a8d9e5440ee7e825916cc34190e8ce009e320bb0067e186aba9894d07e4f1e,True,58,157907,58,0,
2023-10-05__-8291667399128555217__Pre-Public Notice Comments and Response-First Round_Cadillac WWTP.msg.pdf,F:\WWTP DOCUMENT DIVE\Cadillac_MiEnviro_2011-2026\documents\2023-10-05__-8291667399128555217__Pre-Public Notice Comments and Response-First Round_Cadillac WWTP.msg.pdf,1246421,43b0d46b8c3967b7a37242407acd4b79a8a685b41324c9e712874718ea4257fe,True,58,159019,58,0,
2023-10-05__2370249937544737160__Pre-Public Notice Comments and Response-Third Round_Cadillac WWTP.msg.pdf,F:\WWTP DOCUMENT DIVE\Cadillac_MiEnviro_2011-2026\documents\2023-10-05__2370249937544737160__Pre-Public Notice Comments and Response-Third Round_Cadillac WWTP.msg.pdf,382168,59e18d1aa2246d8d25f7cdad22352afd5ab9fcd7e6fc2e97e18b272c01a28640,True,14,30385,14,0,
2023-10-05__2497047599243435925__FW Ammonia Implementation - FY23 Facility Information_Cadillac WWTP.msg.pdf,F:\WWTP DOCUMENT DIVE\Cadillac_MiEnviro_2011-2026\documents\2023-10-05__2497047599243435925__FW Ammonia Implementation - FY23 Facility Information_Cadillac WWTP.msg.pdf,312080,3beacc12ea2e349301567631ae2b6115d737fd60058469668fa8016ac0627acc,True,255,209106,200,55,
2023-10-05__5993948840787884044__NPDES Permit-DRAFT for Public Notice_Cadillac WWTP.pdf.pdf,F:\WWTP DOCUMENT DIVE\Cadillac_MiEnviro_2011-2026\documents\2023-10-05__5993948840787884044__NPDES Permit-DRAFT for Public Notice_Cadillac WWTP.pdf.pdf,920467,b8988c4201ab429e43d4878aef0a5cb06d154048510fe048ee744ff7a5c54b8f,True,43,131656,43,0,
2023-10-05__600965222148005642__Pre-Public Notice Comments and Response-Second Round_Cadillac WWTP.msg.pdf,F:\WWTP DOCUMENT DIVE\Cadillac_MiEnviro_2011-2026\documents\2023-10-05__600965222148005642__Pre-Public Notice Comments and Response-Second Round_Cadillac WWTP.msg.pdf,2317796,18b9ce257aab44892ed60a361e16bb18726b13df635a3b53ed39dd3bfc8bc869,True,318,380028,263,55,
2023-10-05__6252796811904198433__FW Preliminary City of Cadillac Comments on New Draft NPDES permit - Additional Monitoring.msg.pdf,F:\WWTP DOCUMENT DIVE\Cadillac_MiEnviro_2011-2026\documents\2023-10-05__6252796811904198433__FW Preliminary City of Cadillac Comments on New Draft NPDES permit - Additional Monitoring.msg.pdf,4177544,786e68379da66200f35038c69d542589df6defb310ef6fa0eac538d7f1b1527e,True,28,21689,21,7,
2023-10-05__6907198657668915430__Basis for Decision Memo-DRAFT for Public Notice_Cadillac WWTP.pdf.pdf,F:\WWTP DOCUMENT DIVE\Cadillac_MiEnviro_2011-2026\documents\2023-10-05__6907198657668915430__Basis for Decision Memo-DRAFT for Public Notice_Cadillac WWTP.pdf.pdf,545203,a2b3e25008457e9e72fa869e422a0267407f847178c03bbb4ac44ee96b5c8c89,True,5,12139,5,0,
2023-10-05__7705666445379538630__RE Cadillac WWTP - Asset Management.msg.pdf,F:\WWTP DOCUMENT DIVE\Cadillac_MiEnviro_2011-2026\documents\2023-10-05__7705666445379538630__RE Cadillac WWTP - Asset Management.msg.pdf,87431,7ed0e8623910facc4448720abab532f21c966ba2cd707f238e31ff5e58c9cf7c,True,1,1411,1,0,
2023-10-05__9048110131299513037__RE Cadillac WWTP - Facility Upgrade History.msg.pdf,F:\WWTP DOCUMENT DIVE\Cadillac_MiEnviro_2011-2026\documents\2023-10-05__9048110131299513037__RE Cadillac WWTP - Facility Upgrade History.msg.pdf,154300,6a2084774b73318fc31a4ed8ce89c1a9d81578a5b5d100fde8cde45cb8d28df7,True,3,3528,3,0,
2023-10-09__-6211174137511669758__Public Notice Notification_Cadillac WWTP.msg.pdf,F:\WWTP DOCUMENT DIVE\Cadillac_MiEnviro_2011-2026\documents\2023-10-09__-6211174137511669758__Public Notice Notification_Cadillac WWTP.msg.pdf,83776,9f173623fac5312691029e918b9db488a820e099cbe017914a6be8d7e6d10c90,True,1,2422,1,0,
2023-10-10__8376801999318758889__Public Notice Verification_Cadillac WWTP.msg.pdf,F:\WWTP DOCUMENT DIVE\Cadillac_MiEnviro_2011-2026\documents\2023-10-10__8376801999318758889__Public Notice Verification_Cadillac WWTP.msg.pdf,131295,b3595be5b94f7e9b7ba498f30f63c508fc8208d6838478e1c4f1e2f8006ae6bd,True,3,3829,2,1,
2023-10-18__-4136545451102060813__MI0020257_2023-09-01_to_2023-09-30_DMR.pdf.pdf,F:\WWTP DOCUMENT DIVE\Cadillac_MiEnviro_2011-2026\documents\2023-10-18__-4136545451102060813__MI0020257_2023-09-01_to_2023-09-30_DMR.pdf.pdf,332336,7cfb6afd8d5a850c49b70412a1c0a7e5f1fa8525f12283fa9a37831bd6949c86,True,13,27168,13,0,
2023-10-30__-160333847240832666__230413.biosolids.PACE.pdf.pdf,F:\WWTP DOCUMENT DIVE\Cadillac_MiEnviro_2011-2026\documents\2023-10-30__-160333847240832666__230413.biosolids.PACE.pdf.pdf,2328657,ce6e08fd01405782b9930f8269ba6bc4a7a537c0f95275dde2b9466cc09589d0,True,50,90902,48,2,
2023-10-30__-1962674721861553142__TVS & 38% Reduction 2023.xlsx.pdf,F:\WWTP DOCUMENT DIVE\Cadillac_MiEnviro_2011-2026\documents\2023-10-30__-1962674721861553142__TVS & 38% Reduction 2023.xlsx.pdf,56085,ca03fa73714c4f9de34dae210dd2618fa334d6cd719daa9164e4bc80d81b1aaa,True,6,1273,4,2,
2023-10-30__-3886276640963097788__HPY-PZSD-5P4KK v1.pdf.pdf,F:\WWTP DOCUMENT DIVE\Cadillac_MiEnviro_2011-2026\documents\2023-10-30__-3886276640963097788__HPY-PZSD-5P4KK v1.pdf.pdf,71933,3e8d89b5e91dd39a2f847d3fe73a274c3de32a433982f26cf2bbcc2379bff769,True,5,9165,5,0,
2023-10-30__-5094807491365226409__220908.biosolids.HML.pdf.pdf,F:\WWTP DOCUMENT DIVE\Cadillac_MiEnviro_2011-2026\documents\2023-10-30__-5094807491365226409__220908.biosolids.HML.pdf.pdf,1221230,aeb4f2d2de399dde9479e6dd6fe013d6e147b834773c12ef4675f180fae9695b,True,4,0,0,4,
2023-10-30__-5425218218864500363__MI0020257_2022-10-01_to_2023-09-30_DMR.pdf.pdf,F:\WWTP DOCUMENT DIVE\Cadillac_MiEnviro_2011-2026\documents\2023-10-30__-5425218218864500363__MI0020257_2022-10-01_to_2023-09-30_DMR.pdf.pdf,178462,6669892adcd32602628db5265c89bdbf584f84b78dab1a008255df0e3c70b374,True,5,10503,5,0,
2023-10-30__-5819914351835707910__220308.PFAS.biosolids.Eurofins.pdf.pdf,F:\WWTP DOCUMENT DIVE\Cadillac_MiEnviro_2011-2026\documents\2023-10-30__-5819914351835707910__220308.PFAS.biosolids.Eurofins.pdf.pdf,1164053,80c9daa283fe0b81892f03401825f31875784dbecfbd0a345024480273892123,True,29,53631,29,0,
2023-10-30__-6451230067817997181__230413.biosolids.pathogens.HML.pdf.pdf,F:\WWTP DOCUMENT DIVE\Cadillac_MiEnviro_2011-2026\documents\2023-10-30__-6451230067817997181__230413.biosolids.pathogens.HML.pdf.pdf,700452,7b2e90b1b049216f58eb01986819701ddb02fe9b7beeeefdaccc954d06e798f2,True,2,0,0,2,
2023-10-30__-6824609228541828470__TVS & 38% Reduction 2023.xlsx.pdf,F:\WWTP DOCUMENT DIVE\Cadillac_MiEnviro_2011-2026\documents\2023-10-30__-6824609228541828470__TVS & 38% Reduction 2023.xlsx.pdf,56085,c5c1110892f2ead9cd24d3a5720a1953907bc579069fd57b066339907ec305ee,True,6,1273,4,2,
2023-10-30__-7497999519749080906__230413.biosolids.PFAS.Eurofins.pdf.pdf,F:\WWTP DOCUMENT DIVE\Cadillac_MiEnviro_2011-2026\documents\2023-10-30__-7497999519749080906__230413.biosolids.PFAS.Eurofins.pdf.pdf,1276867,421645945a60e08dcf4fcec0b26a6ea99cea0266d85bf5939c3c2fed049849e6,True,24,38472,24,0,
2023-10-30__-8569167833142375104__Lab&Hauling Data Spring 2023.pdf.pdf,F:\WWTP DOCUMENT DIVE\Cadillac_MiEnviro_2011-2026\documents\2023-10-30__-8569167833142375104__Lab&Hauling Data Spring 2023.pdf.pdf,223307,9c34487aaf38ce25ce770b72228e148137084ec9c2bbbbc5e5a0feda3590dff0,True,1,0,0,1,
2023-10-30__2043208135530013588__220908.biosolids.HML.pdf.pdf,F:\WWTP DOCUMENT DIVE\Cadillac_MiEnviro_2011-2026\documents\2023-10-30__2043208135530013588__220908.biosolids.HML.pdf.pdf,1221230,aeb4f2d2de399dde9479e6dd6fe013d6e147b834773c12ef4675f180fae9695b,True,4,0,0,4,
2023-10-30__2155700982656304587__Biosoilids Lab&Hauling Data Fall 22.pdf.pdf,F:\WWTP DOCUMENT DIVE\Cadillac_MiEnviro_2011-2026\documents\2023-10-30__2155700982656304587__Biosoilids Lab&Hauling Data Fall 22.pdf.pdf,169291,8ba2202d3fb58b5897454b4fb6ea312d9276860a2961399144e6e8b11b7333fc,True,1,0,0,1,
2023-10-30__2881992229410529896__wrd-biosolids-land-application-Fall 2022.docx.pdf,F:\WWTP DOCUMENT DIVE\Cadillac_MiEnviro_2011-2026\documents\2023-10-30__2881992229410529896__wrd-biosolids-land-application-Fall 2022.docx.pdf,83753,fc9a1b35a2d972895b529cde9ea80ab84b7b1b780573ca5c72a082ff94dbcf6a,True,1,2102,1,0,
2023-10-30__2889346767375100617__220908.biosolids.PACE(1).pdf.pdf,F:\WWTP DOCUMENT DIVE\Cadillac_MiEnviro_2011-2026\documents\2023-10-30__2889346767375100617__220908.biosolids.PACE(1).pdf.pdf,2255976,f23cb23674f0dc30d9cfc864900db7295e4a31670a2930d7e5902a9bdd8b3cfc,True,51,92150,49,2,
2023-10-30__3062463628357687507__Cadillac 2023 Certification.pdf.pdf,F:\WWTP DOCUMENT DIVE\Cadillac_MiEnviro_2011-2026\documents\2023-10-30__3062463628357687507__Cadillac 2023 Certification.pdf.pdf,56381,274285ac64c0c9033cd577f523cc6409e464e07151e59e6530584f5aebceb66f,True,1,3729,1,0,
2023-10-30__3295667852876068635__220922.biosolids.wHg.PACE.pdf.pdf,F:\WWTP DOCUMENT DIVE\Cadillac_MiEnviro_2011-2026\documents\2023-10-30__3295667852876068635__220922.biosolids.wHg.PACE.pdf.pdf,1976282,7d0dd83e38786b00df8d2a2dcdd7e14a15cacefeb4273373bcea02937ae4ce0e,True,16,20184,14,2,
2023-10-30__4645414317850651588__230413.biosolids.pathogens.HML.pdf.pdf,F:\WWTP DOCUMENT DIVE\Cadillac_MiEnviro_2011-2026\documents\2023-10-30__4645414317850651588__230413.biosolids.pathogens.HML.pdf.pdf,700452,7b2e90b1b049216f58eb01986819701ddb02fe9b7beeeefdaccc954d06e798f2,True,2,0,0,2,
2023-10-30__5524288719980718474__Biosolids Land-App Ammounts Spring 2023.docx.pdf,F:\WWTP DOCUMENT DIVE\Cadillac_MiEnviro_2011-2026\documents\2023-10-30__5524288719980718474__Biosolids Land-App Ammounts Spring 2023.docx.pdf,84253,aafe99e8e2bd65879b2273baa1595dde0c7de8aaebeb81e048d736a5662c3264,True,1,2085,1,0,
2023-11-09__-5340921174317880270__RE Cadillac WWTP NH4 Treatment Capacity.msg.pdf,F:\WWTP DOCUMENT DIVE\Cadillac_MiEnviro_2011-2026\documents\2023-11-09__-5340921174317880270__RE Cadillac WWTP NH4 Treatment Capacity.msg.pdf,102247,87163b17b978ef3ad9aeb3f2cfdd78552d84cb4ecba867f34737e36ca797fe3d,True,3,5679,3,0,
2023-11-13__-2807753579069029758__QA QC Report_Cadillac WWTP.docx.pdf,F:\WWTP DOCUMENT DIVE\Cadillac_MiEnviro_2011-2026\documents\2023-11-13__-2807753579069029758__QA QC Report_Cadillac WWTP.docx.pdf,102407,e2dbe3db29a7938d6b9abeeec16fc44a7d4287f139033ccd00477c5338fabe95,True,16,22254,16,0,
2023-11-15__3424349290255103354__MI0020257_2023-10-01_to_2023-10-31_DMR.pdf.pdf,F:\WWTP DOCUMENT DIVE\Cadillac_MiEnviro_2011-2026\documents\2023-11-15__3424349290255103354__MI0020257_2023-10-01_to_2023-10-31_DMR.pdf.pdf,329090,fd86039bb763a8308214adb8885220a012b5074d66766bdb618f8e04a1b1a741,True,13,27538,13,0,
2023-12-06__-8417291737125858667__IP Issuance Letter_Cadillac WWTP.msg.pdf,F:\WWTP DOCUMENT DIVE\Cadillac_MiEnviro_2011-2026\documents\2023-12-06__-8417291737125858667__IP Issuance Letter_Cadillac WWTP.msg.pdf,94406,fa999dc2dbff654f82e19e07df24468a6d589833ba9a38f0d5c95a3ac8a2bd2f,True,1,2754,1,0,
2023-12-19__-6153695210689889833__MI0020257_2023-11-01_to_2023-11-30_DMR.pdf.pdf,F:\WWTP DOCUMENT DIVE\Cadillac_MiEnviro_2011-2026\documents\2023-12-19__-6153695210689889833__MI0020257_2023-11-01_to_2023-11-30_DMR.pdf.pdf,329378,bec6c7afc2a8f8ea1bd6b2ce354e07ea40a716936891f223b3ba6633bdfffabe,True,13,27475,13,0,
2023-12-20__706798892213849649__20231220073633.pdf.pdf,F:\WWTP DOCUMENT DIVE\Cadillac_MiEnviro_2011-2026\documents\2023-12-20__706798892213849649__20231220073633.pdf.pdf,11901393,7bf926b7952a74ac1426870a17eda3bdd3484a8a391c2e8b7409b162d2e1cb5b,True,46,0,0,46,
2023-12-27__-5715032538938355155__23.04.Eff.PFAS.PACEalpha.pdf.pdf,F:\WWTP DOCUMENT DIVE\Cadillac_MiEnviro_2011-2026\documents\2023-12-27__-5715032538938355155__23.04.Eff.PFAS.PACEalpha.pdf.pdf,815319,fd8e26bef2c1f424b18b7c50168299635e9ae57d5bf5731e4815369c960e28e8,True,34,57550,34,0,
2023-12-27__-5932251857499979435__HQ0-715X-88YTN v1.pdf.pdf,F:\WWTP DOCUMENT DIVE\Cadillac_MiEnviro_2011-2026\documents\2023-12-27__-5932251857499979435__HQ0-715X-88YTN v1.pdf.pdf,55149,109121c07d48ae93ea03f9b3184badd7aa0ba9aee896a191bbce013433ec4bcf,True,4,6871,4,0,
2023-12-27__4818593718558488586__23.10.Eff.PFAS.PACE.pdf.pdf,F:\WWTP DOCUMENT DIVE\Cadillac_MiEnviro_2011-2026\documents\2023-12-27__4818593718558488586__23.10.Eff.PFAS.PACE.pdf.pdf,2005362,8ec61323eb1fd76f1aa098f4f87d7edb5f3933a64a24e09241520f01caa3f954,True,18,28870,16,2,
2024-01-02__2384776969229054939__2024 PFAS RMP Modification Cadillac WWTP.pdf.pdf,F:\WWTP DOCUMENT DIVE\Cadillac_MiEnviro_2011-2026\documents\2024-01-02__2384776969229054939__2024 PFAS RMP Modification Cadillac WWTP.pdf.pdf,325728,3431cda347d98c48bd23c892cc29173c7e8592bf57fa381c6f2843e37b44c7ca,True,6,14459,6,0,
2024-01-02__3311213816207012155__EGLE WRD Notification of 2024 Biosolids Containing PFAS Interim Strategy - Important Update.msg.pdf,F:\WWTP DOCUMENT DIVE\Cadillac_MiEnviro_2011-2026\documents\2024-01-02__3311213816207012155__EGLE WRD Notification of 2024 Biosolids Containing PFAS Interim Strategy - Important Update.msg.pdf,442058,eafaa192b0f8ac9b62445402cd1bf0a553a6b3f8bc9ed166cd7ad3941ed06d72,True,10,17689,10,0,
2024-01-04__-1717711465238624689__RE_ EGLE WRD Notification of 2024 Biosolids Containing PFAS Interim Strategy - Important Update.msg.pdf,F:\WWTP DOCUMENT DIVE\Cadillac_MiEnviro_2011-2026\documents\2024-01-04__-1717711465238624689__RE_ EGLE WRD Notification of 2024 Biosolids Containing PFAS Interim Strategy - Important Update.msg.pdf,102363,8cdb49c5653ea6e9e4ef6a711232068ad794d2e394956791f0f7a9b09ff9a33f,True,2,1900,1,1,
2024-01-17__1575329048286160499__City of Cadillac December DMR .msg.pdf,F:\WWTP DOCUMENT DIVE\Cadillac_MiEnviro_2011-2026\documents\2024-01-17__1575329048286160499__City of Cadillac December DMR .msg.pdf,42584,d5bcc618b2dace779f524de4065d8441b306843a362e353c5ab82b2f965da103,True,1,966,1,0,
2024-01-18__-7671114250576559038__MI0020257_2023-12-01_to_2023-12-31_DMR.pdf.pdf,F:\WWTP DOCUMENT DIVE\Cadillac_MiEnviro_2011-2026\documents\2024-01-18__-7671114250576559038__MI0020257_2023-12-01_to_2023-12-31_DMR.pdf.pdf,336655,393b292b7dfbf21c8c347aa2a54be316f4445493d1880bd0586335e5d51b1de4,True,13,27630,13,0,
2024-01-22__2890800664751381439__2024-01-22 Follow-up to VN-012230 IPP Procedures Manual Mod - City of Cadillac.pdf.pdf,F:\WWTP DOCUMENT DIVE\Cadillac_MiEnviro_2011-2026\documents\2024-01-22__2890800664751381439__2024-01-22 Follow-up to VN-012230 IPP Procedures Manual Mod - City of Cadillac.pdf.pdf,6389653,ebdcb5c308c554b07aeadc916f714f37885d608bdd78f942172c0c6811b78d9e,True,466,982373,463,3,
2024-02-23__-4582637983325779571__MI0020257_2024-01-01_to_2024-01-31_DMR.pdf.pdf,F:\WWTP DOCUMENT DIVE\Cadillac_MiEnviro_2011-2026\documents\2024-02-23__-4582637983325779571__MI0020257_2024-01-01_to_2024-01-31_DMR.pdf.pdf,352912,60e1e1841d997c3193fe6003369bd232e6e1e957f52d2cadbbc60d32f5e488f5,True,17,35833,17,0,
2024-02-28__-7896215355329695707__MI0020257_2024-01-01_to_2024-01-31_2_DMR.pdf.pdf,F:\WWTP DOCUMENT DIVE\Cadillac_MiEnviro_2011-2026\documents\2024-02-28__-7896215355329695707__MI0020257_2024-01-01_to_2024-01-31_2_DMR.pdf.pdf,352623,6f04516c354ae8b82cbaf35ab8ed830e25655215ee20c32dc77d19991885c2c6,True,17,35849,17,0,
2024-02-28__-8946453493866835799__HQ1-1PD1-TAM4K v1.pdf.pdf,F:\WWTP DOCUMENT DIVE\Cadillac_MiEnviro_2011-2026\documents\2024-02-28__-8946453493866835799__HQ1-1PD1-TAM4K v1.pdf.pdf,47708,cc287ac58f8a73fcbc678b06f2e374d78a05273099387d326b35215ed5908b50,True,3,3971,3,0,
2024-02-28__113876732928915668__24.01.PFOS.Pace.pdf.pdf,F:\WWTP DOCUMENT DIVE\Cadillac_MiEnviro_2011-2026\documents\2024-02-28__113876732928915668__24.01.PFOS.Pace.pdf.pdf,1914734,16debf504107ef21b2bd7030a198755cb11c0482950e75d142d191e842a3eafe,True,18,31713,16,2,
2024-03-14__-2161533198352051130__Cadillac POTW Oversight 2023.xlsx.pdf,F:\WWTP DOCUMENT DIVE\Cadillac_MiEnviro_2011-2026\documents\2024-03-14__-2161533198352051130__Cadillac POTW Oversight 2023.xlsx.pdf,50548,a14357099e96d0107a80cf614c7d9196efc2837d66e19ab732243fef5312410e,True,3,3988,3,0,
2024-03-14__-2941727261432326363__HQ2-3J17-F59S4 v1.pdf.pdf,F:\WWTP DOCUMENT DIVE\Cadillac_MiEnviro_2011-2026\documents\2024-03-14__-2941727261432326363__HQ2-3J17-F59S4 v1.pdf.pdf,68390,8f6329e1f250cfbf6a6f335d51c45af218437611bbca1e14b24f55eeaf2646fa,True,3,7211,3,0,
2024-03-14__-3620922242050658812__FW_ Box advertisment.msg.pdf,F:\WWTP DOCUMENT DIVE\Cadillac_MiEnviro_2011-2026\documents\2024-03-14__-3620922242050658812__FW_ Box advertisment.msg.pdf,185109,55ed14157363a101e879e2c9e440b9a3ae697ac3727bd5492c487b351e21f027,True,4,3511,4,0,
2024-03-14__-4388086132233008333__SIU CIU List 2023.xlsx.pdf,F:\WWTP DOCUMENT DIVE\Cadillac_MiEnviro_2011-2026\documents\2024-03-14__-4388086132233008333__SIU CIU List 2023.xlsx.pdf,55165,bebc795f410571a3ff5be8e0fce4a46eb0f8cce9473e536224b4560ee628dc6b,True,7,4255,7,0,
2024-03-14__-4840329572969354378__HPS-A3KN-2FH30 v2.pdf.pdf,F:\WWTP DOCUMENT DIVE\Cadillac_MiEnviro_2011-2026\documents\2024-03-14__-4840329572969354378__HPS-A3KN-2FH30 v2.pdf.pdf,68504,480f73aa309fc5222ed6918a8684ae79e58180ee75c4ea97a664417fc3f6108d,True,3,7348,3,0,
2024-03-14__-6270738930326041252__Public Notice of IPP Violation 2023.pdf.pdf,F:\WWTP DOCUMENT DIVE\Cadillac_MiEnviro_2011-2026\documents\2024-03-14__-6270738930326041252__Public Notice of IPP Violation 2023.pdf.pdf,118113,46a9f809acfac89106b3a90a5b8a896e9848398434475fd41388287d601add05,True,1,1672,1,0,
2024-03-14__287067914951903330__POTW Monitoring Data Summary 2023.xlsx.pdf,F:\WWTP DOCUMENT DIVE\Cadillac_MiEnviro_2011-2026\documents\2024-03-14__287067914951903330__POTW Monitoring Data Summary 2023.xlsx.pdf,83817,64ff456e8ea9eddde3716c92925d0766090a441c8efed3151324c9fbcc97dd51,True,4,2325,4,0,
2024-03-19__-8451675010957020339__MI0020257_2024-02-01_to_2024-02-29_DMR.pdf.pdf,F:\WWTP DOCUMENT DIVE\Cadillac_MiEnviro_2011-2026\documents\2024-03-19__-8451675010957020339__MI0020257_2024-02-01_to_2024-02-29_DMR.pdf.pdf,347665,0b5a1ecaa1e0bb55efd0326748ac03b8fdfc630c59934463ccffdd9dadf8310e,True,16,34384,16,0,
2024-04-04__-5361236644085330885__IPP Revision extension.msg.pdf,F:\WWTP DOCUMENT DIVE\Cadillac_MiEnviro_2011-2026\documents\2024-04-04__-5361236644085330885__IPP Revision extension.msg.pdf,95752,b312f62b8aecc9afef75feb9ecd41b7c7ebbcaebf46a1c6f1f51f94c8198af4b,True,1,910,1,0,
2024-04-04__-7911758323516852438__Cadillac WWTP IPP.msg.pdf,F:\WWTP DOCUMENT DIVE\Cadillac_MiEnviro_2011-2026\documents\2024-04-04__-7911758323516852438__Cadillac WWTP IPP.msg.pdf,55680,4c73b4bbe575342cd1da2e01099a789591a6af6ef74cabc87290b8b1179bda81,True,1,717,1,0,
2024-04-04__2761365522297909421__RE_ IPP Revision extension.msg.pdf,F:\WWTP DOCUMENT DIVE\Cadillac_MiEnviro_2011-2026\documents\2024-04-04__2761365522297909421__RE_ IPP Revision extension.msg.pdf,139614,9f74e8114d60042bedf6f16c931ecf2ac97e1426b858619365e116f062771794,True,2,1650,2,0,
2024-04-10__-1920710798673030611__IPP Annual Report.msg.pdf,F:\WWTP DOCUMENT DIVE\Cadillac_MiEnviro_2011-2026\documents\2024-04-10__-1920710798673030611__IPP Annual Report.msg.pdf,57637,84ec83b4669189f81579816f9a5dca8dc1e107c2894f2b5b0a3e1c5e95f1b86a,True,1,1362,1,0,
2024-04-17__8653999699327277742__MI0020257_2024-03-01_to_2024-03-31_DMR.pdf.pdf,F:\WWTP DOCUMENT DIVE\Cadillac_MiEnviro_2011-2026\documents\2024-04-17__8653999699327277742__MI0020257_2024-03-01_to_2024-03-31_DMR.pdf.pdf,351020,05a9650e40f2d02d7f119f3e55e3d6933dca634087ac010932d09b9896ae2f93,True,17,35640,17,0,
2024-04-24__6728668410666358695__2024 Recon Report.docx.pdf,F:\WWTP DOCUMENT DIVE\Cadillac_MiEnviro_2011-2026\documents\2024-04-24__6728668410666358695__2024 Recon Report.docx.pdf,41220,7687806fbfb4483cd4c62dc2c5f911d1ba8f6d800dd6a4492e9df033c8473739,True,1,2082,1,0,
2024-05-15__597291886414484474__MI0020257_2024-04-01_to_2024-04-30_DMR.pdf.pdf,F:\WWTP DOCUMENT DIVE\Cadillac_MiEnviro_2011-2026\documents\2024-05-15__597291886414484474__MI0020257_2024-04-01_to_2024-04-30_DMR.pdf.pdf,350604,ca5d6c637f857693aee60f2db6c123f0074b34e3af14289363b81218c7116a12,True,17,36334,17,0,
2024-05-30__1975340473533412745__RE_ Time delay for IPP information.msg.pdf,F:\WWTP DOCUMENT DIVE\Cadillac_MiEnviro_2011-2026\documents\2024-05-30__1975340473533412745__RE_ Time delay for IPP information.msg.pdf,138936,14dea41b692a3f8656da0b79162c42f8375fe2bfd5c4ca098751d92b2efa681d,True,2,1457,2,0,
2024-06-14__-3078907644679546253__HQ2-3J17-F59S4 v2.pdf.pdf,F:\WWTP DOCUMENT DIVE\Cadillac_MiEnviro_2011-2026\documents\2024-06-14__-3078907644679546253__HQ2-3J17-F59S4 v2.pdf.pdf,68982,ea094df53accefbac84ffd5afd3484b51f8123d9d52be182b2d43f97b778885e,True,3,7344,3,0,
2024-06-14__3873970634705685549__HPS-A3KN-2FH30 v3.pdf.pdf,F:\WWTP DOCUMENT DIVE\Cadillac_MiEnviro_2011-2026\documents\2024-06-14__3873970634705685549__HPS-A3KN-2FH30 v3.pdf.pdf,68648,d5d192b67b108610d092ccd0efee6bfcaf172d15fc335dce5252a073ab0136d0,True,3,7411,3,0,
2024-06-17__-7872674955440036361__RE_ IPP Program Manual.msg.pdf,F:\WWTP DOCUMENT DIVE\Cadillac_MiEnviro_2011-2026\documents\2024-06-17__-7872674955440036361__RE_ IPP Program Manual.msg.pdf,140361,275ac0a81837ef7ad2e56cde42e13c5f7385c0929daf1b4dd41b675d5164ff53,True,1,1222,1,0,
2024-06-20__1513680993316561227__MI0020257_2024-05-01_to_2024-05-31_DMR.pdf.pdf,F:\WWTP DOCUMENT DIVE\Cadillac_MiEnviro_2011-2026\documents\2024-06-20__1513680993316561227__MI0020257_2024-05-01_to_2024-05-31_DMR.pdf.pdf,350852,f6f7a57e762a9fca5a48e12bdc912b7df95c36a54df71c474b167992fe4e82bd,True,17,36192,17,0,
2024-07-01__-1499921416533827855__50374521_frc.pdf.pdf,F:\WWTP DOCUMENT DIVE\Cadillac_MiEnviro_2011-2026\documents\2024-07-01__-1499921416533827855__50374521_frc.pdf.pdf,2280736,bd23494af024f7de2c7a8117a42480ebed0dc262914ab690eec14867c61e6ed8,True,18,30026,16,2,
2024-07-01__5544170528469842000__HQ4-SQ4J-259F6 v1.pdf.pdf,F:\WWTP DOCUMENT DIVE\Cadillac_MiEnviro_2011-2026\documents\2024-07-01__5544170528469842000__HQ4-SQ4J-259F6 v1.pdf.pdf,48014,54a8273622bee819f0a07fe1cc6f91f451b619bd9ee884fe8699e8bc6c6c74dd,True,3,3963,3,0,
2024-07-02__4670973250636877518__HQ4-SQ4J-259F6 v2.pdf.pdf,F:\WWTP DOCUMENT DIVE\Cadillac_MiEnviro_2011-2026\documents\2024-07-02__4670973250636877518__HQ4-SQ4J-259F6 v2.pdf.pdf,48741,bee4e7672f3d25d96b45871a2a1ce5129e825bbb206d2bbc18128c1d5448e4ca,True,3,4099,3,0,
2024-07-10__-7142388875090971516__HQ4-SQ4J-259F6 v3.pdf.pdf,F:\WWTP DOCUMENT DIVE\Cadillac_MiEnviro_2011-2026\documents\2024-07-10__-7142388875090971516__HQ4-SQ4J-259F6 v3.pdf.pdf,48811,4c70f4de1da8cad2fb6f36d574e38dc5d933b32c0f1a8352561cfeac3d7cfbe3,True,3,4193,3,0,
2024-07-10__6990146337876146453__24.05.PFOS.EDD.Pace.xlsx.pdf,F:\WWTP DOCUMENT DIVE\Cadillac_MiEnviro_2011-2026\documents\2024-07-10__6990146337876146453__24.05.PFOS.EDD.Pace.xlsx.pdf,25044,739c5e63c6e65481764baa54ae5d05cdc38f2ce5e29e604e6a0c42a43beae8f2,True,6,11355,6,0,
2024-07-11__7130246730144492849__MI0020257_2024-05-01_to_2024-05-31_2_DMR.pdf.pdf,F:\WWTP DOCUMENT DIVE\Cadillac_MiEnviro_2011-2026\documents\2024-07-11__7130246730144492849__MI0020257_2024-05-01_to_2024-05-31_2_DMR.pdf.pdf,351321,2c722e6bba0c1790b7d8180245c77b17db7ee864b70c602d90fad5b88998c822,True,17,36013,17,0,
2024-07-19__8052270716262584561__MI0020257_2024-06-01_to_2024-06-30_DMR.pdf.pdf,F:\WWTP DOCUMENT DIVE\Cadillac_MiEnviro_2011-2026\documents\2024-07-19__8052270716262584561__MI0020257_2024-06-01_to_2024-06-30_DMR.pdf.pdf,345676,df26bd57f5dc515c60f592ed4d532f59d3e0ca593736ec7c711b9bcf73a35929,True,16,34338,16,0,
2024-08-15__2563736590353480106__MI0020257_2024-07-01_to_2024-07-31_DMR.pdf.pdf,F:\WWTP DOCUMENT DIVE\Cadillac_MiEnviro_2011-2026\documents\2024-08-15__2563736590353480106__MI0020257_2024-07-01_to_2024-07-31_DMR.pdf.pdf,349478,fc86d0db12e860202e5f650f41bbf9266cf97f637795a527d6f902a356d18c47,True,17,35927,17,0,
2024-09-14__-247854643893151782__24.08.08.AMR.Trace.pdf.pdf,F:\WWTP DOCUMENT DIVE\Cadillac_MiEnviro_2011-2026\documents\2024-09-14__-247854643893151782__24.08.08.AMR.Trace.pdf.pdf,594863,88c3bd45c07aad15ab976518988eb2d5c28104cf31356d7adce4b1a877c90eaa,True,21,29402,21,0,
2024-09-14__-4521792806745338433__HQ6-MRKV-Q3MJJ v1.pdf.pdf,F:\WWTP DOCUMENT DIVE\Cadillac_MiEnviro_2011-2026\documents\2024-09-14__-4521792806745338433__HQ6-MRKV-Q3MJJ v1.pdf.pdf,43995,3adedd5808269bc935ab21dc0aae20f33f0a99139720e2edfbd5a3fd1e002a35,True,1,1325,1,0,
2024-09-17__1419439410428948197__MI0020257_2024-08-01_to_2024-08-31_DMR.pdf.pdf,F:\WWTP DOCUMENT DIVE\Cadillac_MiEnviro_2011-2026\documents\2024-09-17__1419439410428948197__MI0020257_2024-08-01_to_2024-08-31_DMR.pdf.pdf,357986,f600afdf427de6be8dd203f49bd6671350fe5133db0ace037f4ab96bf8d1268c,True,17,36334,17,0,
2024-10-01__-4990952383601584011__50381719.xlsx.pdf,F:\WWTP DOCUMENT DIVE\Cadillac_MiEnviro_2011-2026\documents\2024-10-01__-4990952383601584011__50381719.xlsx.pdf,18434,c416a863bf7d93d435aaa5c726264932987a000e7bc76070aabcb1f266ba5052,True,3,5165,3,0,
2024-10-01__-8271012263607576939__HQ7-24YS-A06A1 v1.pdf.pdf,F:\WWTP DOCUMENT DIVE\Cadillac_MiEnviro_2011-2026\documents\2024-10-01__-8271012263607576939__HQ7-24YS-A06A1 v1.pdf.pdf,47957,6e77d710639ae0ce78a78867ea55be28fd8fa78f69cab68a800811f139ad6184,True,3,3898,3,0,
2024-10-01__395191260386625755__50381719_frc.pdf.pdf,F:\WWTP DOCUMENT DIVE\Cadillac_MiEnviro_2011-2026\documents\2024-10-01__395191260386625755__50381719_frc.pdf.pdf,2490913,49646bf49b09b089bc6a3ee137126fc509f7979a51315ec0e7e1ba8b4f3f6748,True,15,21646,13,2,
2024-10-09__-369627156666323289__IU Permit notes.msg.pdf,F:\WWTP DOCUMENT DIVE\Cadillac_MiEnviro_2011-2026\documents\2024-10-09__-369627156666323289__IU Permit notes.msg.pdf,142234,8c68c6581b39046203396e777370131f185943e00d298e923d929f291b823589,True,6,12016,6,0,
2024-10-09__5278388822824581116__RE_ Cadillac MAHL revisions.msg.pdf,F:\WWTP DOCUMENT DIVE\Cadillac_MiEnviro_2011-2026\documents\2024-10-09__5278388822824581116__RE_ Cadillac MAHL revisions.msg.pdf,180115,774fbfdfab32e0b3f346b9093d6c9420471c82daca8a5146bc0233d088b38249,True,3,3933,3,0,
2024-10-09__6645952068854823121__IU Permit notes_COPY.msg.pdf,F:\WWTP DOCUMENT DIVE\Cadillac_MiEnviro_2011-2026\documents\2024-10-09__6645952068854823121__IU Permit notes_COPY.msg.pdf,142234,922d05eddbe052431f94f6cedfc9691e1380a48cadcb61ae69042138de81ed39,True,6,12016,6,0,
2024-10-17__7899524153410466852__MI0020257_2024-09-01_to_2024-09-30_DMR.pdf.pdf,F:\WWTP DOCUMENT DIVE\Cadillac_MiEnviro_2011-2026\documents\2024-10-17__7899524153410466852__MI0020257_2024-09-01_to_2024-09-30_DMR.pdf.pdf,346217,bca86c0c42ec9f7b5083842c0fedd72f13a43b61a56afd430685c13ccf9959fe,True,16,34490,16,0,
2024-10-30__-3041292426956319507__Biosolids Land-App Ammounts Fall 2023.docx.pdf,F:\WWTP DOCUMENT DIVE\Cadillac_MiEnviro_2011-2026\documents\2024-10-30__-3041292426956319507__Biosolids Land-App Ammounts Fall 2023.docx.pdf,84257,c90cd6bb48416782ddf0a7ff6780560f4c82f871c564c354c7850537d4333206,True,1,2077,1,0,
2024-10-30__-3266222552542661633__230928.biosolids.chem.PACE.RevRL.pdf.pdf,F:\WWTP DOCUMENT DIVE\Cadillac_MiEnviro_2011-2026\documents\2024-10-30__-3266222552542661633__230928.biosolids.chem.PACE.RevRL.pdf.pdf,2104540,15f4b18e9ae16c9066a2806e3ff235b94495e481ebdc628f26541cbdedec813b,True,53,99384,51,2,
2024-10-30__-5360080740906900455__Biosoilids Lab&Hauling Sheet Spring 2024.pdf.pdf,F:\WWTP DOCUMENT DIVE\Cadillac_MiEnviro_2011-2026\documents\2024-10-30__-5360080740906900455__Biosoilids Lab&Hauling Sheet Spring 2024.pdf.pdf,212767,a5e61db030c469551b4b9c589b40dea85854e7d5f49838b11e43598d4a552ac0,True,1,0,0,1,
2024-10-30__-5441174763107233264__240401.biosolids.pathogens.HML.pdf.pdf,F:\WWTP DOCUMENT DIVE\Cadillac_MiEnviro_2011-2026\documents\2024-10-30__-5441174763107233264__240401.biosolids.pathogens.HML.pdf.pdf,764455,76fc462d99e3f0c52b956be94ea4a6ddcb1801f88c1672f5051b8ee56d28871c,True,2,0,0,2,
2024-10-30__-6011635340153448138__TVS & 38% Reduction 2024.xlsx.pdf,F:\WWTP DOCUMENT DIVE\Cadillac_MiEnviro_2011-2026\documents\2024-10-30__-6011635340153448138__TVS & 38% Reduction 2024.xlsx.pdf,56511,75753898d44020b5984a3930f5c444be766b3b4da424f74d79662c2582b54973,True,6,1296,4,2,
2024-10-30__-8364081325262992024__240401.biosolids.chem.PACE.pdf.pdf,F:\WWTP DOCUMENT DIVE\Cadillac_MiEnviro_2011-2026\documents\2024-10-30__-8364081325262992024__240401.biosolids.chem.PACE.pdf.pdf,2284737,2f8b67963d01f7b23522dda0c8064f077bd154914d45f34cd722a80eefd64ef0,True,54,103580,52,2,
2024-10-30__-8437946533852073880__MI0020257_2023-10-01_to_2024-09-30_DMR.pdf.pdf,F:\WWTP DOCUMENT DIVE\Cadillac_MiEnviro_2011-2026\documents\2024-10-30__-8437946533852073880__MI0020257_2023-10-01_to_2024-09-30_DMR.pdf.pdf,177586,868408835aa5953efc8af511c148280594a7fd029309492e3ecd87b8e81c4c48,True,5,10502,5,0,
2024-10-30__-8627948806872428177__240401.biosolids.pathogens.HML.pdf.pdf,F:\WWTP DOCUMENT DIVE\Cadillac_MiEnviro_2011-2026\documents\2024-10-30__-8627948806872428177__240401.biosolids.pathogens.HML.pdf.pdf,764455,76fc462d99e3f0c52b956be94ea4a6ddcb1801f88c1672f5051b8ee56d28871c,True,2,0,0,2,
2024-10-30__1016221546561089184__Biosolids Lab&Hauling Sheet Fall 2023.xlsx.pdf,F:\WWTP DOCUMENT DIVE\Cadillac_MiEnviro_2011-2026\documents\2024-10-30__1016221546561089184__Biosolids Lab&Hauling Sheet Fall 2023.xlsx.pdf,37552,909412eb927d6920ed4a67b4b4daf7ffebf403cdca2d94e5354e7ab1d89a2671,True,1,659,1,0,
2024-10-30__1093106499317263357__Degester Temps.pdf.pdf,F:\WWTP DOCUMENT DIVE\Cadillac_MiEnviro_2011-2026\documents\2024-10-30__1093106499317263357__Degester Temps.pdf.pdf,65056,f1be09364952b087df1d6a84d1608e37d154348cd2668eb959c2956d794036ac,True,1,1326,1,0,
2024-10-30__1207437932588016146__Cadillac 2023 Certification.pdf.pdf,F:\WWTP DOCUMENT DIVE\Cadillac_MiEnviro_2011-2026\documents\2024-10-30__1207437932588016146__Cadillac 2023 Certification.pdf.pdf,56381,274285ac64c0c9033cd577f523cc6409e464e07151e59e6530584f5aebceb66f,True,1,3729,1,0,
2024-10-30__1594485611588998726__Biosoilids Lab&Hauling Sheet Spring 2024.pdf.pdf,F:\WWTP DOCUMENT DIVE\Cadillac_MiEnviro_2011-2026\documents\2024-10-30__1594485611588998726__Biosoilids Lab&Hauling Sheet Spring 2024.pdf.pdf,212767,a5e61db030c469551b4b9c589b40dea85854e7d5f49838b11e43598d4a552ac0,True,1,0,0,1,
2024-10-30__1817787417347902394__Biosolids Lab&Hauling Sheet Fall 2023.xlsx.pdf,F:\WWTP DOCUMENT DIVE\Cadillac_MiEnviro_2011-2026\documents\2024-10-30__1817787417347902394__Biosolids Lab&Hauling Sheet Fall 2023.xlsx.pdf,37552,b585f921b82f2bf5552cf5ae4e191fc1b81a4fe0716ef5ce3fa42f9c17dc7c8a,True,1,659,1,0,
2024-10-30__2088079526050332__Biosolids Land-App Ammounts 2.docx.pdf,F:\WWTP DOCUMENT DIVE\Cadillac_MiEnviro_2011-2026\documents\2024-10-30__2088079526050332__Biosolids Land-App Ammounts 2.docx.pdf,85425,fdb20d9d3b314750206cae672ffa87ae896e8c1bad055f8e19a6203f7c6b47bd,True,1,2077,1,0,
2024-10-30__2399809218499427481__HQ7-KAAW-2S9Y5 v1.pdf.pdf,F:\WWTP DOCUMENT DIVE\Cadillac_MiEnviro_2011-2026\documents\2024-10-30__2399809218499427481__HQ7-KAAW-2S9Y5 v1.pdf.pdf,74626,980d476bef70fdc427a8bce092c3e122302cedd56bf5404f1abb1a5bc05577bf,True,6,9559,6,0,
2024-10-30__3365756924658739394__Mgt Practices Certification.doc.pdf,F:\WWTP DOCUMENT DIVE\Cadillac_MiEnviro_2011-2026\documents\2024-10-30__3365756924658739394__Mgt Practices Certification.doc.pdf,66252,e8fd87a4470e5095218d4f42ac8d3a97966d427bedfd7c4d1584b75e7990e930,True,1,3652,1,0,
2024-10-30__3912111913383129866__TVS & 38% Reduction 2024.xlsx.pdf,F:\WWTP DOCUMENT DIVE\Cadillac_MiEnviro_2011-2026\documents\2024-10-30__3912111913383129866__TVS & 38% Reduction 2024.xlsx.pdf,56511,817d242d43d2a2cd3450dfa664b4b4ca2a7c2a45fcfe019a638cc47de4882aee,True,6,1296,4,2,
2024-10-30__5612513914398156745__230928.biosolids.pathogens.HML.pdf.pdf,F:\WWTP DOCUMENT DIVE\Cadillac_MiEnviro_2011-2026\documents\2024-10-30__5612513914398156745__230928.biosolids.pathogens.HML.pdf.pdf,758810,30ff4261db43638ecc69afbad8644a859b8b9223b7ef5879fa4470aae25e4420,True,2,0,0,2,
2024-10-30__6377962537871703258__Biosolids Land-App Ammounts 1.docx.pdf,F:\WWTP DOCUMENT DIVE\Cadillac_MiEnviro_2011-2026\documents\2024-10-30__6377962537871703258__Biosolids Land-App Ammounts 1.docx.pdf,83790,a3db67c83002d70ab782633a48ae81f31b9969a057a424a75c941599c22156dd,True,1,2046,1,0,
2024-10-30__6519947209063911443__230928.biosolids.pathogens.HML.pdf.pdf,F:\WWTP DOCUMENT DIVE\Cadillac_MiEnviro_2011-2026\documents\2024-10-30__6519947209063911443__230928.biosolids.pathogens.HML.pdf.pdf,758810,30ff4261db43638ecc69afbad8644a859b8b9223b7ef5879fa4470aae25e4420,True,2,0,0,2,
2024-10-30__82358434522651429__240401.biosolids.PFAS.Merit.PDF.pdf,F:\WWTP DOCUMENT DIVE\Cadillac_MiEnviro_2011-2026\documents\2024-10-30__82358434522651429__240401.biosolids.PFAS.Merit.PDF.pdf,601931,ccb9d84404d408b2fedbd03dc24d19561bf585394872d1823a7d8ee70aa12d7b,True,10,12388,9,1,
2024-11-19__4861022496716362318__MI0020257_2024-10-01_to_2024-10-31_DMR.pdf.pdf,F:\WWTP DOCUMENT DIVE\Cadillac_MiEnviro_2011-2026\documents\2024-11-19__4861022496716362318__MI0020257_2024-10-01_to_2024-10-31_DMR.pdf.pdf,351595,f4d138d3783391245d3d5f318a21f1979565c3ef06fbdccf1a33d344ae920f61,True,17,36741,17,0,
2024-12-16__-7067429303309482327__854440 Cadillac MAHL Report Dec2024_Combined Final (2).pdf.pdf,F:\WWTP DOCUMENT DIVE\Cadillac_MiEnviro_2011-2026\documents\2024-12-16__-7067429303309482327__854440 Cadillac MAHL Report Dec2024_Combined Final (2).pdf.pdf,6106949,16b162c2357bb834139f58ffa91cf120c0c029bbca8c420b32d96b3107b3d846,True,131,246141,122,9,
2024-12-19__7862861734108588722__MI0020257_2024-11-01_to_2024-11-30_DMR.pdf.pdf,F:\WWTP DOCUMENT DIVE\Cadillac_MiEnviro_2011-2026\documents\2024-12-19__7862861734108588722__MI0020257_2024-11-01_to_2024-11-30_DMR.pdf.pdf,361577,65e4d1841c64042c6cc6e7fa3f42dd1cfd4bcd9f2fc3a54cdad98c913f2b8881,True,18,39720,18,0,
2025-01-10__7292030081914521790__Cadillac MAHL - December 2024.msg.pdf,F:\WWTP DOCUMENT DIVE\Cadillac_MiEnviro_2011-2026\documents\2025-01-10__7292030081914521790__Cadillac MAHL - December 2024.msg.pdf,119161,ea9a6cd6d2d541b05f7369c3c5d18d0622e18239de14861ef998442f4f652ff9,True,4,4459,4,0,
2025-01-14__-3398495639330811667__240401.biosolids.PFAS.Merit.PDF.pdf,F:\WWTP DOCUMENT DIVE\Cadillac_MiEnviro_2011-2026\documents\2025-01-14__-3398495639330811667__240401.biosolids.PFAS.Merit.PDF.pdf,601931,ccb9d84404d408b2fedbd03dc24d19561bf585394872d1823a7d8ee70aa12d7b,True,10,12388,9,1,
2025-01-14__-4169784832648480403__HQ9-MNFB-AE3ND_v1.pdf.pdf,F:\WWTP DOCUMENT DIVE\Cadillac_MiEnviro_2011-2026\documents\2025-01-14__-4169784832648480403__HQ9-MNFB-AE3ND_v1.pdf.pdf,868064,c56c3eb2cce7f9d973c7a9c419b25d0b145e87a261ba29b6110ff2fd3761cf5e,True,6,7769,6,0,
2025-01-14__1478970889339479833__240716.biosolids.PFAS.Merit.PDF.pdf,F:\WWTP DOCUMENT DIVE\Cadillac_MiEnviro_2011-2026\documents\2025-01-14__1478970889339479833__240716.biosolids.PFAS.Merit.PDF.pdf,574627,2bbbd5195ed96edab8dacc3eadcc78583c5795fc0b5bb49020627848b3fda5de,True,10,12399,9,1,
2025-01-14__1500028112926484462__240227.biosolids.PFAS.Merit.pdf.pdf,F:\WWTP DOCUMENT DIVE\Cadillac_MiEnviro_2011-2026\documents\2025-01-14__1500028112926484462__240227.biosolids.PFAS.Merit.pdf.pdf,649361,bab627dede8b71e86f3066faf61e839a6ab156b46c4d366ba6fa2e3cffa7b94f,True,41,48014,39,2,
2025-01-14__5747460297891963847__241008.biosolids.PFAS.Merit.PDF.pdf,F:\WWTP DOCUMENT DIVE\Cadillac_MiEnviro_2011-2026\documents\2025-01-14__5747460297891963847__241008.biosolids.PFAS.Merit.PDF.pdf,585312,cf0cacffd68ea563991cfd69a7ded74dc96aee9716d4df3203827e39f9382690,True,10,12380,9,1,
2025-01-15__-6881359030424666038__Digester Detention Times.pdf.pdf,F:\WWTP DOCUMENT DIVE\Cadillac_MiEnviro_2011-2026\documents\2025-01-15__-6881359030424666038__Digester Detention Times.pdf.pdf,138443,2540be36b055edf030ffb067d41f5fcde7dbf5b0266e812ec560af4e6513017c,True,4,4734,4,0,
2025-01-15__4156681419211944636__HQ7-KAAW-2S9Y5_v2.pdf.pdf,F:\WWTP DOCUMENT DIVE\Cadillac_MiEnviro_2011-2026\documents\2025-01-15__4156681419211944636__HQ7-KAAW-2S9Y5_v2.pdf.pdf,331754,fcd795a06bf2db98e78d426b50e604652044c44a6d9515919f6cee6012f90ade,True,6,9080,6,0,
2025-01-16__-2060283985167062654__MI0020257_2024-12-01_to_2024-12-31_DMR.pdf.pdf,F:\WWTP DOCUMENT DIVE\Cadillac_MiEnviro_2011-2026\documents\2025-01-16__-2060283985167062654__MI0020257_2024-12-01_to_2024-12-31_DMR.pdf.pdf,351264,d8401173e9db7047549ab13c050e6b0683588117c81d7dca3d0b97272c20abce,True,17,36382,17,0,
2025-01-16__3889729669385105688__RE_ Cadillac MAHL - December 2024.msg.pdf,F:\WWTP DOCUMENT DIVE\Cadillac_MiEnviro_2011-2026\documents\2025-01-16__3889729669385105688__RE_ Cadillac MAHL - December 2024.msg.pdf,827867,f1e208e42d04fd6dafd9241d7be4cf01cc653fa7439366445c06d4676ac52225,True,8,16346,8,0,
2025-01-21__-8948881917471742688__RE_ Cadillac MAHL revisions.msg.pdf,F:\WWTP DOCUMENT DIVE\Cadillac_MiEnviro_2011-2026\documents\2025-01-21__-8948881917471742688__RE_ Cadillac MAHL revisions.msg.pdf,180115,91e1ee74ccaaddabd1ad6c16f00b8f12de876252b749e18eb5d3824e88b7d242,True,3,3933,3,0,
2025-01-24__-536555223081369280__RE_ Cadillac MAHL - December 2024.msg.pdf,F:\WWTP DOCUMENT DIVE\Cadillac_MiEnviro_2011-2026\documents\2025-01-24__-536555223081369280__RE_ Cadillac MAHL - December 2024.msg.pdf,829292,15a7422bb50ddfd7a4d8aad28c17401ebe257e83210ca424ee544bd5d01651ad,True,9,16457,9,0,
2025-01-31__-2878420644219278617__25.01.PFOS.Pace.pdf.pdf,F:\WWTP DOCUMENT DIVE\Cadillac_MiEnviro_2011-2026\documents\2025-01-31__-2878420644219278617__25.01.PFOS.Pace.pdf.pdf,2310911,1be3c78cb5e9743152715f8aa54b86b1d3540f82e9cada4a0d6757ad9aa97e1e,True,16,24765,14,2,
2025-01-31__5742473880199862701__25.01.PFOS.EDD.Pace.xlsx.pdf,F:\WWTP DOCUMENT DIVE\Cadillac_MiEnviro_2011-2026\documents\2025-01-31__5742473880199862701__25.01.PFOS.EDD.Pace.xlsx.pdf,18121,4b2cb3ce5e54a2acc934115f3a8cade1d3db4c64ca351cf7fb754ecd712b3c80,True,3,5167,3,0,
2025-01-31__857383557715116487__HQA-1Y8Z-BBRZS_v1.pdf.pdf,F:\WWTP DOCUMENT DIVE\Cadillac_MiEnviro_2011-2026\documents\2025-01-31__857383557715116487__HQA-1Y8Z-BBRZS_v1.pdf.pdf,737000,9a07ca55de5033008e858cc4dc46856a2ddbf8844476b6b29ca4bf81c8019826,True,3,3761,3,0,
2025-02-10__7853322543497302151__MI0020257_2025-01-01_to_2025-01-31_DMR.pdf.pdf,F:\WWTP DOCUMENT DIVE\Cadillac_MiEnviro_2011-2026\documents\2025-02-10__7853322543497302151__MI0020257_2025-01-01_to_2025-01-31_DMR.pdf.pdf,351205,f7b510a67a95ae6941eee21044f78c3f8eee763bea73cf76b58c5a160db6b6b2,True,17,36218,17,0,
2025-03-05__3055689922791814885__Cadillac MAHL.msg.pdf,F:\WWTP DOCUMENT DIVE\Cadillac_MiEnviro_2011-2026\documents\2025-03-05__3055689922791814885__Cadillac MAHL.msg.pdf,10692124,9aecbfcf4abc8de85cafd1c9a9287e683a62585771316b3ffcfb2cbd864d06f5,True,204,452367,191,13,
2025-03-11__6167934285264609791__MI0020257_2025-02-01_to_2025-02-28_DMR.pdf.pdf,F:\WWTP DOCUMENT DIVE\Cadillac_MiEnviro_2011-2026\documents\2025-03-11__6167934285264609791__MI0020257_2025-02-01_to_2025-02-28_DMR.pdf.pdf,346375,35822a40fad3cf9d4b674074a6333a353d39dc71482044f71d8ad56cd20232cb,True,16,34444,16,0,
2025-03-19__4282924020073135452__HQB-6T2F-9M76H_v1.pdf.pdf,F:\WWTP DOCUMENT DIVE\Cadillac_MiEnviro_2011-2026\documents\2025-03-19__4282924020073135452__HQB-6T2F-9M76H_v1.pdf.pdf,255749,eda79e4d4c2deac573bef3ac2f365be72790e370da31310eb4b1785662e94db8,True,3,2976,3,0,
2025-03-19__5759077546895716633__250227.biosolids.PFAS.Merit.PDF.pdf,F:\WWTP DOCUMENT DIVE\Cadillac_MiEnviro_2011-2026\documents\2025-03-19__5759077546895716633__250227.biosolids.PFAS.Merit.PDF.pdf,511201,c7c8f53f529e3feb1176e7bc66ce27a3dfc8d2a8731759f304e18d2a6295bfef,True,10,12505,9,1,
2025-03-19__8469828454197728223__HQB-6T2F-9M76H_v1.pdf.pdf,F:\WWTP DOCUMENT DIVE\Cadillac_MiEnviro_2011-2026\documents\2025-03-19__8469828454197728223__HQB-6T2F-9M76H_v1.pdf.pdf,255744,875ebc24ace2beba263c6eb6de710ed8de5b0d2a0feffe5a0a94dbe8a57f9125,True,3,2976,3,0,
2025-03-20__-1851005839859134110__DMRQA Study 44-Cadillac WWTP_COPY.pdf.pdf,F:\WWTP DOCUMENT DIVE\Cadillac_MiEnviro_2011-2026\documents\2025-03-20__-1851005839859134110__DMRQA Study 44-Cadillac WWTP_COPY.pdf.pdf,22777562,48f8601a76144a31e00149476d9767d5ef7e07514c2feaed878740ec1cee2db9,True,6,0,0,6,
2025-03-20__7045747428092139791__DMRQA Study 44-Cadillac WWTP.pdf.pdf,F:\WWTP DOCUMENT DIVE\Cadillac_MiEnviro_2011-2026\documents\2025-03-20__7045747428092139791__DMRQA Study 44-Cadillac WWTP.pdf.pdf,22777562,48f8601a76144a31e00149476d9767d5ef7e07514c2feaed878740ec1cee2db9,True,6,0,0,6,
2025-03-27__-181957830977451756__Cadillac News Affidavit of Publication 03-19-2025.pdf.pdf,F:\WWTP DOCUMENT DIVE\Cadillac_MiEnviro_2011-2026\documents\2025-03-27__-181957830977451756__Cadillac News Affidavit of Publication 03-19-2025.pdf.pdf,207338,724054a11ecd914c6d265a015312aa52e4764c5d67eae062e1d782c615efd7e3,True,1,2261,1,0,
2025-03-27__-4041280387536601589__SIU CIU List 2024.xlsx.pdf,F:\WWTP DOCUMENT DIVE\Cadillac_MiEnviro_2011-2026\documents\2025-03-27__-4041280387536601589__SIU CIU List 2024.xlsx.pdf,55089,4ac1081f51af800182680c7d02c97c5293d9dee2d4ca2484c0b5180a21e33b5b,True,7,4252,7,0,
2025-03-27__-7861509141315722088__HQB-BNKM-1SC3Q_v1.pdf.pdf,F:\WWTP DOCUMENT DIVE\Cadillac_MiEnviro_2011-2026\documents\2025-03-27__-7861509141315722088__HQB-BNKM-1SC3Q_v1.pdf.pdf,492808,303994987abcd89f57345d9878fa5d101376c902d0c5b9daddbff8d003d3812a,True,3,5859,3,0,
2025-03-27__-8415402284149542607__Cadillac POTW Oversight 2024.xlsx.pdf,F:\WWTP DOCUMENT DIVE\Cadillac_MiEnviro_2011-2026\documents\2025-03-27__-8415402284149542607__Cadillac POTW Oversight 2024.xlsx.pdf,50336,5591168bbaba04326feb83ffb238cbd9c017d26e42286b789e641e4ff4663658,True,3,4268,3,0,
2025-03-27__2955929295405056977__Public Notice of IPP Violation 2024.pdf.pdf,F:\WWTP DOCUMENT DIVE\Cadillac_MiEnviro_2011-2026\documents\2025-03-27__2955929295405056977__Public Notice of IPP Violation 2024.pdf.pdf,119427,ce602598cbb51a963077c39418b7356757b9fd222f5397afe5934a015149fdfc,True,1,1585,1,0,
2025-03-27__4202406131478727568__POTW Monitoring Data Summary 2024.xlsx.pdf,F:\WWTP DOCUMENT DIVE\Cadillac_MiEnviro_2011-2026\documents\2025-03-27__4202406131478727568__POTW Monitoring Data Summary 2024.xlsx.pdf,80988,46832c3eeb75c602036501b7b79aeac21a3a12e969032b1a10419dcc9dc7da2f,True,3,2034,3,0,
2025-04-15__-7015665829450677566__MI0020257_2025-03-01_to_2025-03-31_DMR.pdf.pdf,F:\WWTP DOCUMENT DIVE\Cadillac_MiEnviro_2011-2026\documents\2025-04-15__-7015665829450677566__MI0020257_2025-03-01_to_2025-03-31_DMR.pdf.pdf,350421,2f30be3493c8fd194269dd0a4b189f7d1ee450b91f6a1972ee5afcb65bd397ef,True,17,35850,17,0,
2025-04-16__-94646851769060147__RE_ Cadillac MAHL.msg.pdf,F:\WWTP DOCUMENT DIVE\Cadillac_MiEnviro_2011-2026\documents\2025-04-16__-94646851769060147__RE_ Cadillac MAHL.msg.pdf,6606387,3db93feeaf816931a89a2ee36526651eafa9d4de1dad6aef63f8cc3cc106f94c,True,135,249816,126,9,
2025-04-16__3814413274055356023__854440 Cadillac MAHL Report April 2025 - Final Combined.pdf.pdf,F:\WWTP DOCUMENT DIVE\Cadillac_MiEnviro_2011-2026\documents\2025-04-16__3814413274055356023__854440 Cadillac MAHL Report April 2025 - Final Combined.pdf.pdf,6409293,9e67bc822d9c4d1cb10b5dc98baa5e04010274e897af5555c18b3be1268a9133,True,132,246811,123,9,
2025-04-16__8215308103086839996__IPP Annual Report.msg.pdf,F:\WWTP DOCUMENT DIVE\Cadillac_MiEnviro_2011-2026\documents\2025-04-16__8215308103086839996__IPP Annual Report.msg.pdf,91545,ea4e9da2b92b13ea451d6e669b5dd48bec407bf2ea749d1ef0fefa5cdcf83553,True,1,1931,1,0,
2025-04-30__-8643712850746890280__Cadillac WWTP 2025 Below 20 Letter Interim Strategy.pdf.pdf,F:\WWTP DOCUMENT DIVE\Cadillac_MiEnviro_2011-2026\documents\2025-04-30__-8643712850746890280__Cadillac WWTP 2025 Below 20 Letter Interim Strategy.pdf.pdf,187444,3f77ea79a9e2abd50900cbde16e5a9841f480454402a3c5ecd0cce8cabb4e497,True,2,4399,2,0,
2025-04-30__7982831860443566308__Cadillac WWTP 2025 PFAS Biosolids Letter.msg.pdf,F:\WWTP DOCUMENT DIVE\Cadillac_MiEnviro_2011-2026\documents\2025-04-30__7982831860443566308__Cadillac WWTP 2025 PFAS Biosolids Letter.msg.pdf,236999,416af2199898d8c5bf706518b30d51bdb8c7b87ca8e790169a5540697a187180,True,4,5647,4,0,
2025-05-08__-5034860910529130086__POTW Monitoring Data Summary 2024 (Revised).xlsx.pdf,F:\WWTP DOCUMENT DIVE\Cadillac_MiEnviro_2011-2026\documents\2025-05-08__-5034860910529130086__POTW Monitoring Data Summary 2024 (Revised).xlsx.pdf,81171,16ecfc6f1d5df6414de0f4ecaed4eca0835a930f017abbf00e17f01d6a6d3732,True,3,2181,3,0,
2025-05-08__6247695824161056764__Cadillac POTW Oversight 2024 (Revised).xlsx.pdf,F:\WWTP DOCUMENT DIVE\Cadillac_MiEnviro_2011-2026\documents\2025-05-08__6247695824161056764__Cadillac POTW Oversight 2024 (Revised).xlsx.pdf,50334,93952c4cffd1bf92af335ce43629996416a6d7701b22b3beb6b193ab286a0e1c,True,3,4266,3,0,
2025-05-08__8455081372316052116__HQB-BNKM-1SC3Q_v2.pdf.pdf,F:\WWTP DOCUMENT DIVE\Cadillac_MiEnviro_2011-2026\documents\2025-05-08__8455081372316052116__HQB-BNKM-1SC3Q_v2.pdf.pdf,493469,406f1ac27438816728a825ed6c2560749169ec21456c8aca2486b16e22b09b38,True,3,6126,3,0,
2025-05-13__-626431502200600831__MI0020257_2025-04-01_to_2025-04-30_DMR.pdf.pdf,F:\WWTP DOCUMENT DIVE\Cadillac_MiEnviro_2011-2026\documents\2025-05-13__-626431502200600831__MI0020257_2025-04-01_to_2025-04-30_DMR.pdf.pdf,350456,851f7d2e7fd4c13666be605d9e99b018fca77763d0cc7e071949050eebe14846,True,17,36041,17,0,
2025-06-11__-2221401634882338637__25.05.PFAS.Pace.pdf.pdf,F:\WWTP DOCUMENT DIVE\Cadillac_MiEnviro_2011-2026\documents\2025-06-11__-2221401634882338637__25.05.PFAS.Pace.pdf.pdf,2779935,9d0c5f8087c14f3f606efa5f8ec7709551a3bc890329028ae4a4d6898263016f,True,15,20501,13,2,
2025-06-11__-3242537781810572657__HQD-91C4-TNX99_v1.pdf.pdf,F:\WWTP DOCUMENT DIVE\Cadillac_MiEnviro_2011-2026\documents\2025-06-11__-3242537781810572657__HQD-91C4-TNX99_v1.pdf.pdf,736925,0c10aaf3450eaa12521e8ab655424079d871563ceabae12201c78914dcdcdc3e,True,3,3773,3,0,
2025-06-11__-6063287590384448481__HQD-8ZEE-2KJD5_v1.pdf.pdf,F:\WWTP DOCUMENT DIVE\Cadillac_MiEnviro_2011-2026\documents\2025-06-11__-6063287590384448481__HQD-8ZEE-2KJD5_v1.pdf.pdf,52655,1f58ad26a798b8e67bba4af4a7f30fec9c6dba337c09c05264cf4d27b6a7d232,True,1,1299,1,0,
2025-06-11__4977073668872332252__25.05.22.AMR.Trace.pdf.pdf,F:\WWTP DOCUMENT DIVE\Cadillac_MiEnviro_2011-2026\documents\2025-06-11__4977073668872332252__25.05.22.AMR.Trace.pdf.pdf,573998,4acfa7d9828718636158d0cea24b8463c01f04e48b8c9bf236b9af6aa60b67ed,True,20,29111,20,0,
2025-06-11__7099943325746607091__25.05.PFAS.EDD.Pace.xlsx.pdf,F:\WWTP DOCUMENT DIVE\Cadillac_MiEnviro_2011-2026\documents\2025-06-11__7099943325746607091__25.05.PFAS.EDD.Pace.xlsx.pdf,18485,61995efe8a100252540bc7fff9774f58b547d1b1b4d13c48cb4f87935568e7d4,True,3,4987,3,0,
2025-06-18__8173427442946719350__MI0020257_2025-05-01_to_2025-05-31_DMR.pdf.pdf,F:\WWTP DOCUMENT DIVE\Cadillac_MiEnviro_2011-2026\documents\2025-06-18__8173427442946719350__MI0020257_2025-05-01_to_2025-05-31_DMR.pdf.pdf,349923,e65dc47f91424e97b514dc0c462fda71cb8ad6163668aec6bbb1bb175a945786,True,17,35901,17,0,
2025-07-16__6200779458073406984__MI0020257_2025-06-01_to_2025-06-30_DMR.pdf.pdf,F:\WWTP DOCUMENT DIVE\Cadillac_MiEnviro_2011-2026\documents\2025-07-16__6200779458073406984__MI0020257_2025-06-01_to_2025-06-30_DMR.pdf.pdf,355753,02f056bdd5c399c1b17edfdb31838f30d5f0908421c91f7ff045ddfc1bcf460b,True,17,36038,17,0,
2025-07-23__3310026868931260439__Biosolids audit transmittal (word).docx.pdf,F:\WWTP DOCUMENT DIVE\Cadillac_MiEnviro_2011-2026\documents\2025-07-23__3310026868931260439__Biosolids audit transmittal (word).docx.pdf,93985,55c1f0c7f62a856ef3d8972080d017b480c5eca2ad0176e04315d201ba5a275d,True,3,5561,3,0,
2025-07-30__-510682859352455980__Inspection Report.docx.pdf,F:\WWTP DOCUMENT DIVE\Cadillac_MiEnviro_2011-2026\documents\2025-07-30__-510682859352455980__Inspection Report.docx.pdf,105447,b7cfc87f596b021eb08e74a59cf83f9602b1ad2f043867589d63d50737e27e3c,True,16,24225,16,0,
2025-07-30__6467174389828823059__Compliance Communication.docx.pdf,F:\WWTP DOCUMENT DIVE\Cadillac_MiEnviro_2011-2026\documents\2025-07-30__6467174389828823059__Compliance Communication.docx.pdf,101057,101ae4ce7dbef3ba558d9c9830fc2d6a2c382f35e89712ff62421285e9a65854,True,3,6495,3,0,
2025-07-30__8598444985671510356__Cadillac WWTP CEI Photos.pdf.pdf,F:\WWTP DOCUMENT DIVE\Cadillac_MiEnviro_2011-2026\documents\2025-07-30__8598444985671510356__Cadillac WWTP CEI Photos.pdf.pdf,954623,1f66937f033985c01a068e0295fecf67855119e42d2c68443cc44f6d277751ab,True,7,175,4,3,
2025-08-01__-2789065301880376783__HQE-GX1V-TH10E_v1.pdf.pdf,F:\WWTP DOCUMENT DIVE\Cadillac_MiEnviro_2011-2026\documents\2025-08-01__-2789065301880376783__HQE-GX1V-TH10E_v1.pdf.pdf,263391,b94db33a934be7b3607c8a1b9c2eb5340cdb2ed8443b4d7ae6ffee7661fabd57,True,3,3634,3,0,
2025-08-01__3982269381461444704__250716.biosolids.PFAS.Merit.PDF.pdf,F:\WWTP DOCUMENT DIVE\Cadillac_MiEnviro_2011-2026\documents\2025-08-01__3982269381461444704__250716.biosolids.PFAS.Merit.PDF.pdf,2029922,77a057132f5105d45e9841e6f4dca81f17d1f8809f7de165bc5a943480a90914,True,10,12797,9,1,
2025-08-08__-3417167092726412792__Attachment 1 - Cadillac WWTP Violations.pdf.pdf,F:\WWTP DOCUMENT DIVE\Cadillac_MiEnviro_2011-2026\documents\2025-08-08__-3417167092726412792__Attachment 1 - Cadillac WWTP Violations.pdf.pdf,92072,695a3718b9214acc7a2e8bdbf1a905c28777a486eace79a781e3a0f4239acde3,True,2,3113,2,0,
2025-08-12__-1367589943429210076__MI0020257_2025-07-01_to_2025-07-31_DMR.pdf.pdf,F:\WWTP DOCUMENT DIVE\Cadillac_MiEnviro_2011-2026\documents\2025-08-12__-1367589943429210076__MI0020257_2025-07-01_to_2025-07-31_DMR.pdf.pdf,350959,62dd3510466af9868570c754da2b9c7c98466c3c8b3df5454c1a1fa9bc2889e0,True,17,36235,17,0,
2025-08-14__-1369103640106107754__Inspection Report.docx.pdf,F:\WWTP DOCUMENT DIVE\Cadillac_MiEnviro_2011-2026\documents\2025-08-14__-1369103640106107754__Inspection Report.docx.pdf,70935,61a336a953a30fd7659ec17567105a163a139c6e9fcec7f637d1f68ac363ac8e,True,9,11732,9,0,
2025-08-19__8885463623950106776__EGLE FILE CC No_ Cadillac Wastewater Treatment Plant (WWTP) CC-006510.msg.pdf,F:\WWTP DOCUMENT DIVE\Cadillac_MiEnviro_2011-2026\documents\2025-08-19__8885463623950106776__EGLE FILE CC No_ Cadillac Wastewater Treatment Plant (WWTP) CC-006510.msg.pdf,258865,6434f255c127dca247d42e37c875452a5bb70669c404f4d35d62d98e7da495fa,True,7,10583,7,0,
2025-08-26__4163983663567910122__Inspection Report.docx.pdf,F:\WWTP DOCUMENT DIVE\Cadillac_MiEnviro_2011-2026\documents\2025-08-26__4163983663567910122__Inspection Report.docx.pdf,44013,2faf3547bfd8c83c4a55a2a4e6827ce235abbe07702226b39945a561be31a000,True,2,2275,2,0,
2025-09-04__4478858756949736661__City of Cadillac CEI Response.pdf.pdf,F:\WWTP DOCUMENT DIVE\Cadillac_MiEnviro_2011-2026\documents\2025-09-04__4478858756949736661__City of Cadillac CEI Response.pdf.pdf,203761,14d4edfa1b48de7f9c56ab60d6d6973bac6263735a82dfc9da98540949df8310,True,3,0,0,3,
2025-09-15__-6645238760247438612__MI0020257_2025-08-01_to_2025-08-31_DMR.pdf.pdf,F:\WWTP DOCUMENT DIVE\Cadillac_MiEnviro_2011-2026\documents\2025-09-15__-6645238760247438612__MI0020257_2025-08-01_to_2025-08-31_DMR.pdf.pdf,347964,12ddad6d1a26b2050ce3f027b3b37e183cf065d1629081bec5b47b1daff72acc,True,17,35285,17,0,
2025-09-16__-4158673748337869517__EGLE FILE Biosolids Audit letter for Cadillac WWTP.msg.pdf,F:\WWTP DOCUMENT DIVE\Cadillac_MiEnviro_2011-2026\documents\2025-09-16__-4158673748337869517__EGLE FILE Biosolids Audit letter for Cadillac WWTP.msg.pdf,191487,5795f9167beb26b22785dcfad932bca45173ad395478cd9d161d7d20aa0c1a7d,True,5,6582,5,0,
2025-09-16__-8482039543770819803__Biosolids Audit Transmittal - Cadillac WWTP.pdf.pdf,F:\WWTP DOCUMENT DIVE\Cadillac_MiEnviro_2011-2026\documents\2025-09-16__-8482039543770819803__Biosolids Audit Transmittal - Cadillac WWTP.pdf.pdf,99751,000984f1ba6d7837097aa80192ec2dd82b41071baafa2eb95b8bd29664f89b4d,True,3,5561,3,0,
2025-09-30__-8736889914825252154__IPP Local Limits Review.docx.pdf,F:\WWTP DOCUMENT DIVE\Cadillac_MiEnviro_2011-2026\documents\2025-09-30__-8736889914825252154__IPP Local Limits Review.docx.pdf,59080,ac6f04ce7950dbf132c932ebeac1d0d5f6c4c5ed5fb317f32363f424fead4f94,True,1,2427,1,0,
2025-09-30__4944106276029373114__IPP Local Limits PEL_MI0020257_9-30-2025.xls.pdf,F:\WWTP DOCUMENT DIVE\Cadillac_MiEnviro_2011-2026\documents\2025-09-30__4944106276029373114__IPP Local Limits PEL_MI0020257_9-30-2025.xls.pdf,249741,172fea22068c04ccf7ade298d18bf326f5acaced2b90e156e4bf35d2df895c80,True,25,51611,25,0,
2025-10-13__-1102905466883927159__2025-10-13 Follow-up to VN-012230.pdf.pdf,F:\WWTP DOCUMENT DIVE\Cadillac_MiEnviro_2011-2026\documents\2025-10-13__-1102905466883927159__2025-10-13 Follow-up to VN-012230.pdf.pdf,71250,b0b93d67059dee138acc7035d49c32af3c59864f084741f5ad9eab9a84b32687,True,3,5295,3,0,
2025-10-20__-4104155551233652870__MI0020257_2025-09-01_to_2025-09-30_DMR.pdf.pdf,F:\WWTP DOCUMENT DIVE\Cadillac_MiEnviro_2011-2026\documents\2025-10-20__-4104155551233652870__MI0020257_2025-09-01_to_2025-09-30_DMR.pdf.pdf,354706,e1aaef2f7a5492ac315060abd09f90c95564a62ef1ffe0f1a5ecac76f5159219,True,17,36634,17,0,
2025-10-21__-2526145117277274167__Digester Detention Times and Temps 2025.xlsx.pdf,F:\WWTP DOCUMENT DIVE\Cadillac_MiEnviro_2011-2026\documents\2025-10-21__-2526145117277274167__Digester Detention Times and Temps 2025.xlsx.pdf,27690,0bd4a63b010b05aab92aa906acc0886f796922f69b04815c4b4955d8220fa30f,True,4,7962,4,0,
2025-10-21__-4090788587239314090__TVS & 38% Reduction 2025.xlsx.pdf,F:\WWTP DOCUMENT DIVE\Cadillac_MiEnviro_2011-2026\documents\2025-10-21__-4090788587239314090__TVS & 38% Reduction 2025.xlsx.pdf,56510,acb224077b8acc87bdfee60ea3213421ac0f1aed98042c1a802a9ae7b143717f,True,6,1298,4,2,
2025-10-21__-4309639422885279956__251001.biosolids.PFAS.Merit.PDF.pdf,F:\WWTP DOCUMENT DIVE\Cadillac_MiEnviro_2011-2026\documents\2025-10-21__-4309639422885279956__251001.biosolids.PFAS.Merit.PDF.pdf,597306,b350c7a5ed87addede13bd10d0b98c893f5ae23d15305c46bf8b3be76d5e8f87,True,10,12743,9,1,
2025-10-21__-4770863282810476186__21n08w30-AB01.pdf.pdf,F:\WWTP DOCUMENT DIVE\Cadillac_MiEnviro_2011-2026\documents\2025-10-21__-4770863282810476186__21n08w30-AB01.pdf.pdf,2622582,3bbe404e48f473a9d8169efd93b1ccc49ea59f51ad9e6cdabf23879f278835cd,True,14,0,0,14,
2025-10-21__-5185702848276321737__25.09.PFAS.Pace.pdf.pdf,F:\WWTP DOCUMENT DIVE\Cadillac_MiEnviro_2011-2026\documents\2025-10-21__-5185702848276321737__25.09.PFAS.Pace.pdf.pdf,4783381,95e40af937e205e92f5690a58a4433a4ae6dabedeb46f37afc2c96a85b00016e,True,16,23024,16,0,
2025-10-21__-5429584481354854423__250428.biosolids.PFASqc.Merit.PDF.pdf,F:\WWTP DOCUMENT DIVE\Cadillac_MiEnviro_2011-2026\documents\2025-10-21__-5429584481354854423__250428.biosolids.PFASqc.Merit.PDF.pdf,520916,b41251b1d7299d6577659e5a893f3b6c6c6d03eb1b1df5391a6f98f3840dd90d,True,26,27942,25,1,
2025-10-21__-6343434200269479220__Biosolids Lab&Hauling Sheet Spring 2025.xlsx.pdf,F:\WWTP DOCUMENT DIVE\Cadillac_MiEnviro_2011-2026\documents\2025-10-21__-6343434200269479220__Biosolids Lab&Hauling Sheet Spring 2025.xlsx.pdf,38320,fe86d7b38101b8cced1f04a022ce6df360dc73bb1db88ad5758bd750b896c96b,True,1,823,1,0,
2025-10-21__-6374841911455111305__21N09W25-AB01.pdf.pdf,F:\WWTP DOCUMENT DIVE\Cadillac_MiEnviro_2011-2026\documents\2025-10-21__-6374841911455111305__21N09W25-AB01.pdf.pdf,1966451,d8dcb1fdf7deaa0a9fbdf990e9d10a3d1599e1d2d341e9921887d6ad0656e0a9,True,8,0,0,8,
2025-10-21__-6501159339708416890__21n08w30-AB02.pdf.pdf,F:\WWTP DOCUMENT DIVE\Cadillac_MiEnviro_2011-2026\documents\2025-10-21__-6501159339708416890__21n08w30-AB02.pdf.pdf,2611330,279b4333f648f132faeed39aefd943fc7bbb0c54cc06e124d3302fa18379f568,True,14,0,0,14,
2025-10-21__-6880457329183141828__22N11W25-RBL03.pdf.pdf,F:\WWTP DOCUMENT DIVE\Cadillac_MiEnviro_2011-2026\documents\2025-10-21__-6880457329183141828__22N11W25-RBL03.pdf.pdf,2625881,3c17568ba2873d2fcbcc114e1df0e1578a27b7c5d13a6f33f2fda9134a6d32c0,True,10,0,0,10,
2025-10-21__-8247537671644519013__251001.biosolids.PFASqc.Merit.PDF.pdf,F:\WWTP DOCUMENT DIVE\Cadillac_MiEnviro_2011-2026\documents\2025-10-21__-8247537671644519013__251001.biosolids.PFASqc.Merit.PDF.pdf,605087,6b271e1f5371c9ae69cbc437b02c7854ead3b5cfede5b93b33509a4bb5cb1b63,True,22,22207,21,1,
2025-10-21__-8440672871505165049__21n09w25-DG01.pdf.pdf,F:\WWTP DOCUMENT DIVE\Cadillac_MiEnviro_2011-2026\documents\2025-10-21__-8440672871505165049__21n09w25-DG01.pdf.pdf,2064675,ae5feece4a5f9c7fe90ecc0d7238c4c90451aec2272d74ced3f54509b329566e,True,8,0,0,8,
2025-10-21__-8955567820652492016__241003.biosolids.chem.PACE.pdf.pdf,F:\WWTP DOCUMENT DIVE\Cadillac_MiEnviro_2011-2026\documents\2025-10-21__-8955567820652492016__241003.biosolids.chem.PACE.pdf.pdf,2578282,241a56cb0db1f872d7e67e8041271f95a3be5adc1b2b79adacfeb8822186789f,True,51,92545,49,2,
2025-10-21__1055859154349255360__HQG-GN3K-JNK5K_v1.pdf.pdf,F:\WWTP DOCUMENT DIVE\Cadillac_MiEnviro_2011-2026\documents\2025-10-21__1055859154349255360__HQG-GN3K-JNK5K_v1.pdf.pdf,263322,1118f466bc18be7566fabc00f19489199f9cbcf09fac06696ad46eae5fde134f,True,3,3695,3,0,
2025-10-21__165898801283931609__250227.biosolids.PFAS.Merit.PDF.pdf,F:\WWTP DOCUMENT DIVE\Cadillac_MiEnviro_2011-2026\documents\2025-10-21__165898801283931609__250227.biosolids.PFAS.Merit.PDF.pdf,511201,c7c8f53f529e3feb1176e7bc66ce27a3dfc8d2a8731759f304e18d2a6295bfef,True,10,12505,9,1,
2025-10-21__1756584387181983433__21n09w25-AB01.pdf.pdf,F:\WWTP DOCUMENT DIVE\Cadillac_MiEnviro_2011-2026\documents\2025-10-21__1756584387181983433__21n09w25-AB01.pdf.pdf,2779187,0231c2ae4ac8136e5fce08f1928e67116b7a1ef01a3055a7c6efb21a9dca2f46,True,14,0,0,14,
2025-10-21__3865716950995014409__Biosolids Lab&Hauling Sheet Fall 2024.xlsx.pdf,F:\WWTP DOCUMENT DIVE\Cadillac_MiEnviro_2011-2026\documents\2025-10-21__3865716950995014409__Biosolids Lab&Hauling Sheet Fall 2024.xlsx.pdf,37215,399cd40b9bcea35d7211e0d88e2bad686b9262d55e8617dd30b6fa8abd72ecc7,True,1,764,1,0,
2025-10-21__4091057910215997032__250317.biosolids.chem.PACE.pdf.pdf,F:\WWTP DOCUMENT DIVE\Cadillac_MiEnviro_2011-2026\documents\2025-10-21__4091057910215997032__250317.biosolids.chem.PACE.pdf.pdf,2605554,802432c49862f1542d8ec96ca8a5548f2d14e66a77bc135ad23a1224d78fa872,True,52,97515,50,2,
2025-10-21__4308176365419696393__MI0020257_2024-10-01_to_2025-09-30_DMR.pdf.pdf,F:\WWTP DOCUMENT DIVE\Cadillac_MiEnviro_2011-2026\documents\2025-10-21__4308176365419696393__MI0020257_2024-10-01_to_2025-09-30_DMR.pdf.pdf,176312,b78da9b952fc69be5330d8a8b886302623a405cf861bdfbca14eeafe7d8e41fe,True,5,10442,5,0,
2025-10-21__5036048420451447716__241003.biosolids.pathogens.HML.pdf.pdf,F:\WWTP DOCUMENT DIVE\Cadillac_MiEnviro_2011-2026\documents\2025-10-21__5036048420451447716__241003.biosolids.pathogens.HML.pdf.pdf,781372,9f21ad28971ca01e27f7ee90c415caab5dfc3ad092001c342aa6f0e06a05d8cc,True,2,0,0,2,
2025-10-21__5282319378754063253__HQG-GN3K-JNK5K_v2.pdf.pdf,F:\WWTP DOCUMENT DIVE\Cadillac_MiEnviro_2011-2026\documents\2025-10-21__5282319378754063253__HQG-GN3K-JNK5K_v2.pdf.pdf,460373,e7abf9df51f8d33779b0871c3275eaf943a54d7d1fbac5e686fd129ba40d6060,True,4,5562,4,0,
2025-10-21__5540935925562313424__Biosolids Dry Tons Calc 12.16.24b.xls.pdf,F:\WWTP DOCUMENT DIVE\Cadillac_MiEnviro_2011-2026\documents\2025-10-21__5540935925562313424__Biosolids Dry Tons Calc 12.16.24b.xls.pdf,87176,7e40a8772ca577e9d6855d8436435f542d84c0592e35fdf19817e367f04290ca,True,1,1876,1,0,
2025-10-21__562148345479421133__250428.biosolids.PFAS.Merit.PDF.pdf,F:\WWTP DOCUMENT DIVE\Cadillac_MiEnviro_2011-2026\documents\2025-10-21__562148345479421133__250428.biosolids.PFAS.Merit.PDF.pdf,515659,a98e184f288c6b4eb38c9d5f2a86fae85c64faa68ac95b6844ed5eff39a3123f,True,10,12792,9,1,
2025-10-21__5632388820838511085__241008.biosolids.PFAS.Merit.PDF.pdf,F:\WWTP DOCUMENT DIVE\Cadillac_MiEnviro_2011-2026\documents\2025-10-21__5632388820838511085__241008.biosolids.PFAS.Merit.PDF.pdf,585312,cf0cacffd68ea563991cfd69a7ded74dc96aee9716d4df3203827e39f9382690,True,10,12380,9,1,
2025-10-21__5695653979430565068__HQG-GM42-A2DBC_v1.pdf.pdf,F:\WWTP DOCUMENT DIVE\Cadillac_MiEnviro_2011-2026\documents\2025-10-21__5695653979430565068__HQG-GM42-A2DBC_v1.pdf.pdf,330268,1d4618b76ccea13b12ca3d2aaa3a478af5b9baf6a367c62ae9e9516560cfee71,True,6,8790,6,0,
2025-10-21__645872500195507040__T22NR11W-RBL02.pdf.pdf,F:\WWTP DOCUMENT DIVE\Cadillac_MiEnviro_2011-2026\documents\2025-10-21__645872500195507040__T22NR11W-RBL02.pdf.pdf,2211576,5d004d4d0088082561b77377167b8fb53d41f494e5873370acbf5bf0643efa95,True,8,0,0,8,
2025-10-21__7158166854189804635__Biosolids Dry Tons Calc 12.13.24.xls.pdf,F:\WWTP DOCUMENT DIVE\Cadillac_MiEnviro_2011-2026\documents\2025-10-21__7158166854189804635__Biosolids Dry Tons Calc 12.13.24.xls.pdf,87163,004e5af173a2c42fddbcf8a63e63bab963cc60bc58463d9d61b3d84992b77ccc,True,1,1863,1,0,
2025-10-21__7159881994930730916__HQG-GKRH-8B37J_v1.pdf.pdf,F:\WWTP DOCUMENT DIVE\Cadillac_MiEnviro_2011-2026\documents\2025-10-21__7159881994930730916__HQG-GKRH-8B37J_v1.pdf.pdf,674700,05c4841b100a92050599a3e10377c8e9fe0b38fd43cfa787163606b2af7ab4b2,True,3,4195,3,0,
2025-10-21__7710627415890729851__250317.biosolids.pathogens.HML.pdf.pdf,F:\WWTP DOCUMENT DIVE\Cadillac_MiEnviro_2011-2026\documents\2025-10-21__7710627415890729851__250317.biosolids.pathogens.HML.pdf.pdf,237179,6217b2210fe7050dacaf22e23537a6a5781c3e53fa7673166be06f8ea429ef1d,True,1,1061,1,0,
2025-10-21__9174144093660902326__Mgt Practices Certification.doc.pdf,F:\WWTP DOCUMENT DIVE\Cadillac_MiEnviro_2011-2026\documents\2025-10-21__9174144093660902326__Mgt Practices Certification.doc.pdf,66255,4dabe7b7b2e29554f3704dbb75026df85fd0f9a4a5fc92c937607cd2a42942b3,True,1,3652,1,0,
2025-10-24__3720641380305327115__HQG-GKRH-8B37J_v2.pdf.pdf,F:\WWTP DOCUMENT DIVE\Cadillac_MiEnviro_2011-2026\documents\2025-10-24__3720641380305327115__HQG-GKRH-8B37J_v2.pdf.pdf,684386,b235555ee5e9285fbfa7920c7c0cdbdc46208d674257f4f6f787eab1e5438b2b,True,3,4528,3,0,
2025-10-24__5490706325301464099__50412958.xlsx.pdf,F:\WWTP DOCUMENT DIVE\Cadillac_MiEnviro_2011-2026\documents\2025-10-24__5490706325301464099__50412958.xlsx.pdf,18504,d53628fc61e0602f5820008a3cbebc1172f4018c4d0c05af867314e9ce1524f5,True,3,5022,3,0,
2025-10-30__-645990763212332188__HQG-QQ9K-KSZ7V_v1.pdf.pdf,F:\WWTP DOCUMENT DIVE\Cadillac_MiEnviro_2011-2026\documents\2025-10-30__-645990763212332188__HQG-QQ9K-KSZ7V_v1.pdf.pdf,43275,7b0d4b8f55d1c3d42165404867cea975126e60ede3fcc32466002cc2f39fbea8,True,1,525,1,0,
2025-10-30__-7618620738326605034__RE_ Cadillac Additional Local Limits Parameters - Proposed Sampling Plan.msg.pdf,F:\WWTP DOCUMENT DIVE\Cadillac_MiEnviro_2011-2026\documents\2025-10-30__-7618620738326605034__RE_ Cadillac Additional Local Limits Parameters - Proposed Sampling Plan.msg.pdf,213498,5c493c09b67c5206b19c1b7c3aca4babf869eb561f4df3b4b3cc865ff8aa6887,True,5,8388,5,0,
2025-10-30__357373492342145391__FW_ Cadillac Additional Local Limits Parameters - Proposed Sampling Plan.msg.pdf,F:\WWTP DOCUMENT DIVE\Cadillac_MiEnviro_2011-2026\documents\2025-10-30__357373492342145391__FW_ Cadillac Additional Local Limits Parameters - Proposed Sampling Plan.msg.pdf,270354,1a6c1d78d9a62e19be02885c20dff14a499bedb5f3f0aa3f557d28fbe809085b,True,7,8843,7,0,
2025-10-30__4876017487440937730__Cadillac WWTP MAHL Sampling Plan Additional Parameters Rev.pdf.pdf,F:\WWTP DOCUMENT DIVE\Cadillac_MiEnviro_2011-2026\documents\2025-10-30__4876017487440937730__Cadillac WWTP MAHL Sampling Plan Additional Parameters Rev.pdf.pdf,241379,1ffee4cf43710cd47e32c7e7369db1029ebd2b7fb8a172567d3e6716b6ada36f,True,2,4393,2,0,
2025-11-17__8699862027015199493__MI0020257_2025-10-01_to_2025-10-31_DMR.pdf.pdf,F:\WWTP DOCUMENT DIVE\Cadillac_MiEnviro_2011-2026\documents\2025-11-17__8699862027015199493__MI0020257_2025-10-01_to_2025-10-31_DMR.pdf.pdf,351044,0dc79852a37ae74157e001ac3d33b3fd65ae2b1f2e652f20ae3d0fa8c2902082,True,17,36360,17,0,
2025-11-24__2774844551579587410__FW_ Michigan Department of Environment_ Great Lakes_ and Energy - Lab Report 2510354.msg.pdf,F:\WWTP DOCUMENT DIVE\Cadillac_MiEnviro_2011-2026\documents\2025-11-24__2774844551579587410__FW_ Michigan Department of Environment_ Great Lakes_ and Energy - Lab Report 2510354.msg.pdf,753632,87c850d7316233e09badd1a2c89ca5d4a64464efb2031d21fe79b148548dbf70,True,20,46931,19,1,
2025-11-24__4688361025082182327__2510354 FINAL EGLE Excel 24 Nov 25 1129.xls.pdf,F:\WWTP DOCUMENT DIVE\Cadillac_MiEnviro_2011-2026\documents\2025-11-24__4688361025082182327__2510354 FINAL EGLE Excel 24 Nov 25 1129.xls.pdf,39324,250158ca9c7242cd876069c70d7ced1e34a76e01b6afc6573e1e58986dc3fdf8,True,20,48428,14,6,
2025-11-24__7256004877716821693__2510354_1 ENVReport 11 24 2025 1129.pdf.pdf,F:\WWTP DOCUMENT DIVE\Cadillac_MiEnviro_2011-2026\documents\2025-11-24__7256004877716821693__2510354_1 ENVReport 11 24 2025 1129.pdf.pdf,675406,45b4b12f25d4ce006f8a00328049e8b4ebffa55660b3d3747c245fcee4a7e45e,True,18,45334,17,1,
2025-11-26__4931570776904702952__October 2025 PFAS sample results.msg.pdf,F:\WWTP DOCUMENT DIVE\Cadillac_MiEnviro_2011-2026\documents\2025-11-26__4931570776904702952__October 2025 PFAS sample results.msg.pdf,801044,1a12e67c31b1eff85285ea1fc577c09640fbd9d2fbd0bf43f86b6be06d7e89a6,True,41,95411,34,7,
2025-12-16__3158526991311105464__MI0020257_2025-11-01_to_2025-11-30_DMR.pdf.pdf,F:\WWTP DOCUMENT DIVE\Cadillac_MiEnviro_2011-2026\documents\2025-12-16__3158526991311105464__MI0020257_2025-11-01_to_2025-11-30_DMR.pdf.pdf,348402,50dfe014f6fd8f133b38fc1336733cc9b28e79dff27b8113830f3cdc2831de5b,True,17,35890,17,0,
2026-01-15__6508160864504021266__MI0020257_2025-12-01_to_2025-12-31_DMR.pdf.pdf,F:\WWTP DOCUMENT DIVE\Cadillac_MiEnviro_2011-2026\documents\2026-01-15__6508160864504021266__MI0020257_2025-12-01_to_2025-12-31_DMR.pdf.pdf,349979,f6cc7b6fa18ac0f32e66483a47095da3431fa8981a389a3b105abd81515396d0,True,17,36024,17,0,
2026-02-12__-4926414550211924092__HQK-A647-67DN7_v1.pdf.pdf,F:\WWTP DOCUMENT DIVE\Cadillac_MiEnviro_2011-2026\documents\2026-02-12__-4926414550211924092__HQK-A647-67DN7_v1.pdf.pdf,736738,e5dc11ed030a0e3f3b163a896e5d2a3606fea3092b775f5fca3a6f18a65fe7d9,True,3,3776,3,0,
2026-02-12__-5578812166437150195__26.01.PFAS.EDD.Pace.xlsx.pdf,F:\WWTP DOCUMENT DIVE\Cadillac_MiEnviro_2011-2026\documents\2026-02-12__-5578812166437150195__26.01.PFAS.EDD.Pace.xlsx.pdf,18482,3be584b52f96b3d65f0c44ccef61218e8b55044cf3d7766262cc772a0b0b83f2,True,3,5029,3,0,
2026-02-12__1874461106224616627__26.01.PFAS.Pace.pdf.pdf,F:\WWTP DOCUMENT DIVE\Cadillac_MiEnviro_2011-2026\documents\2026-02-12__1874461106224616627__26.01.PFAS.Pace.pdf.pdf,4031589,0e84031ab624368aba0881adeb95de93ac394af6f56516a9274a15e04050cde5,True,16,22630,16,0,
2026-02-13__-6034143549699434901__MI0020257_2026-01-01_to_2026-01-31_DMR.pdf.pdf,F:\WWTP DOCUMENT DIVE\Cadillac_MiEnviro_2011-2026\documents\2026-02-13__-6034143549699434901__MI0020257_2026-01-01_to_2026-01-31_DMR.pdf.pdf,350185,98fcfa19dc3bbc5e67f64b1f63dc0d7530215418d4e1b2d7fb2bcc5855674a51,True,17,35761,17,0,
2026-03-09__-8890797696595488087__Cadillac WWTP - MAHL 2026.msg.pdf,F:\WWTP DOCUMENT DIVE\Cadillac_MiEnviro_2011-2026\documents\2026-03-09__-8890797696595488087__Cadillac WWTP - MAHL 2026.msg.pdf,131038,391f5d6263f706bdf4068d8f0d8f374d45bf3d8d235b8007ce8c8510379df0c9,True,5,6968,5,0,
2026-03-11__8102816380018443357__MI0020257_2026-02-01_to_2026-02-28_DMR.pdf.pdf,F:\WWTP DOCUMENT DIVE\Cadillac_MiEnviro_2011-2026\documents\2026-03-11__8102816380018443357__MI0020257_2026-02-01_to_2026-02-28_DMR.pdf.pdf,344619,771a6fc2b5a02054b1c349d5af7f2e19a023e8698522a61f0d7c258444ae2c36,True,16,33978,16,0,
2026-03-13__-807426977827984435__260225.biosolids.PFAS.Merit.PDF.pdf,F:\WWTP DOCUMENT DIVE\Cadillac_MiEnviro_2011-2026\documents\2026-03-13__-807426977827984435__260225.biosolids.PFAS.Merit.PDF.pdf,923589,b476597f704ae5c2d25872864f58b1b63f0c7096c382e56aec08c3f196fd355e,True,10,12577,9,1,
2026-03-13__2211822359886279510__HQM-0Z2W-CZ7GW_v1.pdf.pdf,F:\WWTP DOCUMENT DIVE\Cadillac_MiEnviro_2011-2026\documents\2026-03-13__2211822359886279510__HQM-0Z2W-CZ7GW_v1.pdf.pdf,256646,54928cf529148cf9acde26752c9f70916b5ab8845bd5f32877219e590c5bfc88,True,3,2784,3,0,
2026-03-24__-3721864453893234678__POTW Monitoring Data Summary 2025.xlsx.pdf,F:\WWTP DOCUMENT DIVE\Cadillac_MiEnviro_2011-2026\documents\2026-03-24__-3721864453893234678__POTW Monitoring Data Summary 2025.xlsx.pdf,80885,accaf4d649279fed4dbbc09d64a811254028cf0dd1ebd801a041cb6fb4bc3426,True,3,2515,3,0,
2026-03-24__-6483532604420044350__Cadillac POTW Oversight 2025.xlsx.pdf,F:\WWTP DOCUMENT DIVE\Cadillac_MiEnviro_2011-2026\documents\2026-03-24__-6483532604420044350__Cadillac POTW Oversight 2025.xlsx.pdf,50108,1534e9b5b8037f9adcaba25eb1a9c3c9a4ded575415a2ed4905c0a9fb570e396,True,6,3244,6,0,
2026-03-24__320030128169425910__SIU CIU List 2025.xlsx.pdf,F:\WWTP DOCUMENT DIVE\Cadillac_MiEnviro_2011-2026\documents\2026-03-24__320030128169425910__SIU CIU List 2025.xlsx.pdf,52019,9b30b77ed746c84e493e9120a4d08f17e22ccb64cb7ed689986d167360356194,True,7,3102,7,0,
2026-03-24__5857446858094699876__Affidavit of Publication.pdf.pdf,F:\WWTP DOCUMENT DIVE\Cadillac_MiEnviro_2011-2026\documents\2026-03-24__5857446858094699876__Affidavit of Publication.pdf.pdf,1329982,6e3dde5219e362b2d4818ec11d3e4d1b78f96bf53af30620830375f0c76a6fa8,True,1,0,0,1,
2026-03-24__6247456133542199927__HQM-9QCZ-PE5QR_v1.pdf.pdf,F:\WWTP DOCUMENT DIVE\Cadillac_MiEnviro_2011-2026\documents\2026-03-24__6247456133542199927__HQM-9QCZ-PE5QR_v1.pdf.pdf,488256,cb1a3e52e8f0293097899abb1f4f16b28e6b04e42964105e06fe51a0b10d87ff,True,3,5778,3,0,
2026-03-25__-367073813989245298__MI0020257_2025-01-01_to_2025-01-31_2_DMR.pdf.pdf,F:\WWTP DOCUMENT DIVE\Cadillac_MiEnviro_2011-2026\documents\2026-03-25__-367073813989245298__MI0020257_2025-01-01_to_2025-01-31_2_DMR.pdf.pdf,349805,723798253f99172f7654473f42df725a5bee3e4d2933b29403b67211240dd52b,True,17,35901,17,0,
2026-03-25__-4287516719655978438__MI0020257_2024-04-01_to_2024-04-30_2_DMR.pdf.pdf,F:\WWTP DOCUMENT DIVE\Cadillac_MiEnviro_2011-2026\documents\2026-03-25__-4287516719655978438__MI0020257_2024-04-01_to_2024-04-30_2_DMR.pdf.pdf,347433,277bd0afbf7a364cc294da2b0476fe22ed88a32a92d4dee2d49de9a45b8e6780,True,16,34880,16,0,
2026-03-25__-4391327775627724470__26.03.05.AMR.Trace.pdf.pdf,F:\WWTP DOCUMENT DIVE\Cadillac_MiEnviro_2011-2026\documents\2026-03-25__-4391327775627724470__26.03.05.AMR.Trace.pdf.pdf,591727,ae1299bd02275b307c76d5d0ccbfa8f3e3bb694481bec5009f3e6c03533d87bc,True,0,0,0,0,PdfReadError: Could not read Boolean object
2026-03-25__-4713217909402636999__MI0020257_2025-04-01_to_2025-04-30_2_DMR.pdf.pdf,F:\WWTP DOCUMENT DIVE\Cadillac_MiEnviro_2011-2026\documents\2026-03-25__-4713217909402636999__MI0020257_2025-04-01_to_2025-04-30_2_DMR.pdf.pdf,346349,f300503a1e9dbbb12fdb58ee93a52c493871e1e5545e6fbbd625b20f921114d3,True,16,34602,16,0,
2026-03-25__-4858218891363921251__24.08.08.AMR.Trace.rev.pdf.pdf,F:\WWTP DOCUMENT DIVE\Cadillac_MiEnviro_2011-2026\documents\2026-03-25__-4858218891363921251__24.08.08.AMR.Trace.rev.pdf.pdf,623625,12372b6558906146a3cbf378e1dd6d58ab72e5e84277fa89f6b495108810156a,True,0,0,0,0,PdfReadError: Could not read Boolean object
2026-03-25__-588199248180010083__HQM-5QVG-V9A98_v1.pdf.pdf,F:\WWTP DOCUMENT DIVE\Cadillac_MiEnviro_2011-2026\documents\2026-03-25__-588199248180010083__HQM-5QVG-V9A98_v1.pdf.pdf,53324,d25fa06b2a958fed9a00c37c2c743bc6803796d044a8cad454f8033f101ac209,True,1,1360,1,0,
2026-03-25__-6883744622283512660__MI0020257_2024-10-01_to_2024-10-31_2_DMR.pdf.pdf,F:\WWTP DOCUMENT DIVE\Cadillac_MiEnviro_2011-2026\documents\2026-03-25__-6883744622283512660__MI0020257_2024-10-01_to_2024-10-31_2_DMR.pdf.pdf,350599,4976d67e88d449143a7c089867360d27e628644ad0e25c02cec355044ff79851,True,17,36393,17,0,
2026-03-25__-7324557563678758195__MI0020257_2025-10-01_to_2025-10-31_2_DMR.pdf.pdf,F:\WWTP DOCUMENT DIVE\Cadillac_MiEnviro_2011-2026\documents\2026-03-25__-7324557563678758195__MI0020257_2025-10-01_to_2025-10-31_2_DMR.pdf.pdf,349651,df47e792de825353e0b43c0b1c0d09ee2af32188cbe1ab0d480d857ef56948af,True,17,36233,17,0,
2026-03-25__-884835855454563670__MI0020257_2026-01-01_to_2026-01-31_2_DMR.pdf.pdf,F:\WWTP DOCUMENT DIVE\Cadillac_MiEnviro_2011-2026\documents\2026-03-25__-884835855454563670__MI0020257_2026-01-01_to_2026-01-31_2_DMR.pdf.pdf,349870,2903e374abcee4cafe5a9b0253b1105ea69e33a2c3b3efed7b61dd8efae1f4af,True,17,35673,17,0,
2026-03-25__-9162074554534653440__25.05.22.AMR.Trace.rev.pdf.pdf,F:\WWTP DOCUMENT DIVE\Cadillac_MiEnviro_2011-2026\documents\2026-03-25__-9162074554534653440__25.05.22.AMR.Trace.rev.pdf.pdf,600656,474c187c1d1f50aaa8c656812699c2f0f78d862d13c3bfa96534b1b995b8fb8c,True,0,0,0,0,PdfReadError: Could not read Boolean object
2026-03-25__2523134679191929216__MI0020257_2024-01-01_to_2024-01-31_3_DMR.pdf.pdf,F:\WWTP DOCUMENT DIVE\Cadillac_MiEnviro_2011-2026\documents\2026-03-25__2523134679191929216__MI0020257_2024-01-01_to_2024-01-31_3_DMR.pdf.pdf,349741,173130947c73b91d1b4fce2e82a9455cc9eccfdd8e36b290759b0cd1b3f616fa,True,17,35518,17,0,
2026-03-25__26061418605483136__MI0020257_2025-07-01_to_2025-07-31_2_DMR.pdf.pdf,F:\WWTP DOCUMENT DIVE\Cadillac_MiEnviro_2011-2026\documents\2026-03-25__26061418605483136__MI0020257_2025-07-01_to_2025-07-31_2_DMR.pdf.pdf,349201,b8323e66138b7f66e7da600ae946dc56ad33cc76a8c3544d83dd91cd093b0d31,True,17,35895,17,0,
2026-03-25__5037402671701845309__MI0020257_2024-07-01_to_2024-07-31_2_DMR.pdf.pdf,F:\WWTP DOCUMENT DIVE\Cadillac_MiEnviro_2011-2026\documents\2026-03-25__5037402671701845309__MI0020257_2024-07-01_to_2024-07-31_2_DMR.pdf.pdf,348301,65e531d156b5ebc87911507f4010efede3ed125c37fde561fdc21f47033ff4fc,True,17,35607,17,0,
2026-03-25__7169233141793584971__26.03.04.Benzidine.CN.addlAMR.Trace.pdf.pdf,F:\WWTP DOCUMENT DIVE\Cadillac_MiEnviro_2011-2026\documents\2026-03-25__7169233141793584971__26.03.04.Benzidine.CN.addlAMR.Trace.pdf.pdf,521115,bed5593f7a7463b9fdc6ed42dc46040987e9abc7e1eff257e59899b85df3ea89,True,7,5646,7,0,
2026-03-25__8471620628372917757__HQD-8ZEE-2KJD5_v2.pdf.pdf,F:\WWTP DOCUMENT DIVE\Cadillac_MiEnviro_2011-2026\documents\2026-03-25__8471620628372917757__HQD-8ZEE-2KJD5_v2.pdf.pdf,44767,f441814d93518b4945b938807c4f566c70b69c05dafe824bcceb7cc7e3d09ef0,True,1,1497,1,0,
2026-03-25__8769358100661492726__HQ6-MRKV-Q3MJJ_v2.pdf.pdf,F:\WWTP DOCUMENT DIVE\Cadillac_MiEnviro_2011-2026\documents\2026-03-25__8769358100661492726__HQ6-MRKV-Q3MJJ_v2.pdf.pdf,44691,526016cdc8357762bd14dac42d1ac761aacd2dd5b32d039a309f44b061375592,True,1,1496,1,0,
2026-03-26__-1555351778584676093__POTW Monitoring Data Summary 2025.xlsx.pdf,F:\WWTP DOCUMENT DIVE\Cadillac_MiEnviro_2011-2026\documents\2026-03-26__-1555351778584676093__POTW Monitoring Data Summary 2025.xlsx.pdf,81336,477485a354dfdbd671ef8e7bb93bba7b6ffcdfe97562a5eebc56d467d150e615,True,3,2670,3,0,
2026-03-26__-2416974935471009222__HQM-3D1M-M17FW_v1.pdf.pdf,F:\WWTP DOCUMENT DIVE\Cadillac_MiEnviro_2011-2026\documents\2026-03-26__-2416974935471009222__HQM-3D1M-M17FW_v1.pdf.pdf,513354,37b61a33e576be700a39f6a1c7ef7dbc612f67d55c01d3bf2978fe86f34cf66c,True,7,9868,7,0,
2026-03-26__-493491631835091944__IPP Annual Report.msg.pdf,F:\WWTP DOCUMENT DIVE\Cadillac_MiEnviro_2011-2026\documents\2026-03-26__-493491631835091944__IPP Annual Report.msg.pdf,82832,1da444beae350fafc8a045ae22c23f3214b37e6842dadd2725dbcfd4ba530971,True,1,1221,1,0,
2026-03-26__250871982403116597__HQM-9QCZ-PE5QR_v2.pdf.pdf,F:\WWTP DOCUMENT DIVE\Cadillac_MiEnviro_2011-2026\documents\2026-03-26__250871982403116597__HQM-9QCZ-PE5QR_v2.pdf.pdf,483742,9347605e6de6cc4a2233fb8cc414eda89dd409afa2d12d39a4b54cff3ff65d52,True,3,6151,3,0,
2026-03-30__1716654376011487622__Cadillac WWTP 0257 DMRQA45.pdf.pdf,F:\WWTP DOCUMENT DIVE\Cadillac_MiEnviro_2011-2026\documents\2026-03-30__1716654376011487622__Cadillac WWTP 0257 DMRQA45.pdf.pdf,4260981,8c31565796281b14c91a36f3866e27b153ed92b455813759a155baa25af33dda,True,18,14866,15,3,
2026-04-10__7207999630428628908__MI0020257_2026-03-01_to_2026-03-31_DMR.pdf.pdf,F:\WWTP DOCUMENT DIVE\Cadillac_MiEnviro_2011-2026\documents\2026-04-10__7207999630428628908__MI0020257_2026-03-01_to_2026-03-31_DMR.pdf.pdf,349621,a696aeacb3e18f779b82dbd87a27a1defc147b57c097f8689dfdf35934b84b3a,True,17,35616,17,0,
2026-05-01__2546315888356251367__HQN-7PHN-WHK7P_v1.pdf.pdf,F:\WWTP DOCUMENT DIVE\Cadillac_MiEnviro_2011-2026\documents\2026-05-01__2546315888356251367__HQN-7PHN-WHK7P_v1.pdf.pdf,69494,242157bb08ec38ba4352a066862464aeb2e496921585894c3fd2b7a1fdadbd84,True,3,3476,3,0,
2026-05-04__4573335286633922747__2026 Cadillac WWTP Biosolids PFAS Letter.msg.pdf,F:\WWTP DOCUMENT DIVE\Cadillac_MiEnviro_2011-2026\documents\2026-05-04__4573335286633922747__2026 Cadillac WWTP Biosolids PFAS Letter.msg.pdf,410445,c3b68b331115631bd9c85e2987f007ea36e95feb7df39284cf91d6c98cfacb33,True,4,5995,4,0,
2026-05-04__5725793592317696694__Cadillac WWTP Class A EQ Letter_Interim_Strategy_2026.pdf.pdf,F:\WWTP DOCUMENT DIVE\Cadillac_MiEnviro_2011-2026\documents\2026-05-04__5725793592317696694__Cadillac WWTP Class A EQ Letter_Interim_Strategy_2026.pdf.pdf,296962,791e80c7c35203ef6fe940c3715a3a394649214958706bb71eb0bacba0bbd75b,True,2,4562,2,0,
2026-05-13__207703776627933965__Cadillac WWTP MAHL 2026 vers 2 comments 5-13-26_COPY.docx.pdf,F:\WWTP DOCUMENT DIVE\Cadillac_MiEnviro_2011-2026\documents\2026-05-13__207703776627933965__Cadillac WWTP MAHL 2026 vers 2 comments 5-13-26_COPY.docx.pdf,40475,7cdb38eef808c8bde030130a9e25691bdd2bb5715dc7d756ed3eea311b4b446e,True,1,2287,1,0,
2026-05-19__-609203971089774878__MI0020257_2026-04-01_to_2026-04-30_DMR.pdf.pdf,F:\WWTP DOCUMENT DIVE\Cadillac_MiEnviro_2011-2026\documents\2026-05-19__-609203971089774878__MI0020257_2026-04-01_to_2026-04-30_DMR.pdf.pdf,359068,e2ce6bfd17cc11306d97e9b30e192509b31e909bb1cd654a059b0bfdf1d5c816,True,18,38680,18,0,
2026-05-19__454803594652256667__HQN-NX4Y-ZMB09_v1.pdf.pdf,F:\WWTP DOCUMENT DIVE\Cadillac_MiEnviro_2011-2026\documents\2026-05-19__454803594652256667__HQN-NX4Y-ZMB09_v1.pdf.pdf,111741,deecadf922a0ebaa37101c6bb15d4023944ce7b0d25729c5bae3cf5c5e0011ba,True,4,4133,4,0,
2026-05-22__-1255819534835910397__EGLE WRD Correspondence_ SVN-01952_Cadillac WWTP.msg.pdf,F:\WWTP DOCUMENT DIVE\Cadillac_MiEnviro_2011-2026\documents\2026-05-22__-1255819534835910397__EGLE WRD Correspondence_ SVN-01952_Cadillac WWTP.msg.pdf,486483,16dae2e386d4a6ca3242cda43d4dd4b5abe27dfd2178b0dcd5bd0767eb34941d,True,16,30171,16,0,
2026-05-22__-1834643150412972249__EGLE WRD Correspondence_ SVN-01952_Cadillac WWTP_COPY.msg.pdf,F:\WWTP DOCUMENT DIVE\Cadillac_MiEnviro_2011-2026\documents\2026-05-22__-1834643150412972249__EGLE WRD Correspondence_ SVN-01952_Cadillac WWTP_COPY.msg.pdf,486483,7db46990afdd8f02211b43fa025ca1e4f91d580c8e8e1331f86c0bca6a335d31,True,16,30171,16,0,
2026-05-22__5461108364321894572__MI0020257_2026-04-01_to_2026-04-30_2_DMR.pdf.pdf,F:\WWTP DOCUMENT DIVE\Cadillac_MiEnviro_2011-2026\documents\2026-05-22__5461108364321894572__MI0020257_2026-04-01_to_2026-04-30_2_DMR.pdf.pdf,359713,03760162b77ccb24be36660bed0e48fb0ec82e2aac3665d808f2abf8c7fbeb35,True,18,38963,18,0,
2026-05-27__-4134587087805206304__Cadillac WWTP IPP - Civil and criminal penalties.msg.pdf,F:\WWTP DOCUMENT DIVE\Cadillac_MiEnviro_2011-2026\documents\2026-05-27__-4134587087805206304__Cadillac WWTP IPP - Civil and criminal penalties.msg.pdf,104244,ab2692869ee68ff57060aa02b354ea4c605c2a57b135cda38fdb14eabe18c02f,True,1,1541,1,0,
2026-05-27__-4934400107452369809__Violation Notice (VN 019184) Cadillac WWTP.docx.pdf,F:\WWTP DOCUMENT DIVE\Cadillac_MiEnviro_2011-2026\documents\2026-05-27__-4934400107452369809__Violation Notice (VN 019184) Cadillac WWTP.docx.pdf,95700,5e26c04f42e16908e4cada309111b6e4ca1e47114ea64e6025c0e44aaf21f654,True,2,5339,2,0,
2026-06-10__-1595657276095531899__EGLE FILE Violation Notice - VN No_ VN-019184.msg.pdf,F:\WWTP DOCUMENT DIVE\Cadillac_MiEnviro_2011-2026\documents\2026-06-10__-1595657276095531899__EGLE FILE Violation Notice - VN No_ VN-019184.msg.pdf,291361,d034c13b29fe1bc1fdb1232048794b15806e36f6df9c11cda115baa6a2cdc2d1,True,4,6432,4,0,
2026-06-17__-5936415988770754121__HQP-CM46-C1C5E_v1.pdf.pdf,F:\WWTP DOCUMENT DIVE\Cadillac_MiEnviro_2011-2026\documents\2026-06-17__-5936415988770754121__HQP-CM46-C1C5E_v1.pdf.pdf,902249,ab92237a6ea3a38b07ac7051b43966e7a31bc16516a1a40bb0d742d4053b826c,True,5,5591,5,0,
2026-06-17__2720206187583558296__26.05.PFAS.Pace.pdf.pdf,F:\WWTP DOCUMENT DIVE\Cadillac_MiEnviro_2011-2026\documents\2026-06-17__2720206187583558296__26.05.PFAS.Pace.pdf.pdf,2452799,e9a7fcc4464e83c9272fa95916980649dc4c5c0eec56b324f2c8bf78f3a203b7,True,16,22559,16,0,
2026-06-17__4681107026027633042__26.05.PFAS.EDD.Pace.xlsx.pdf,F:\WWTP DOCUMENT DIVE\Cadillac_MiEnviro_2011-2026\documents\2026-06-17__4681107026027633042__26.05.PFAS.EDD.Pace.xlsx.pdf,130754,94506d00dd7f2095f4e8c041c2e46e1a4d1a108df47a8345d1269e18f242707b,True,1,5021,1,0,
2026-06-18__1959483062303199837__MI0020257_2026-05-01_to_2026-05-31_DMR.pdf.pdf,F:\WWTP DOCUMENT DIVE\Cadillac_MiEnviro_2011-2026\documents\2026-06-18__1959483062303199837__MI0020257_2026-05-01_to_2026-05-31_DMR.pdf.pdf,1061101,8f35d17c5298b50aa017cde8b2157001d82fb9e47f9df562ccf7babb7a0636d4,True,17,38057,17,0,
2026-06-26__-5182600334400963923__HQP-KKME-72W1M_v1.pdf.pdf,F:\WWTP DOCUMENT DIVE\Cadillac_MiEnviro_2011-2026\documents\2026-06-26__-5182600334400963923__HQP-KKME-72W1M_v1.pdf.pdf,66738,1119a9a7017e71663476c4a319ccd75d4e2b64811078c1ade849e7a80504f2d5,True,2,1225,2,0,
2026-06-26__-8990104727855864312__854440 Cadillac Additional Limits June 2026.pdf.pdf,F:\WWTP DOCUMENT DIVE\Cadillac_MiEnviro_2011-2026\documents\2026-06-26__-8990104727855864312__854440 Cadillac Additional Limits June 2026.pdf.pdf,18291128,d1b0ee101fc9c89b750a66bf79caa0e4374e91deb39bfb1e21a8f4af9ddc4b62,True,346,477109,344,2,
2026-07-13__-2335537377096476465__Cadillac SUO w proposed mark ups - jeff 5302024 July2026.pdf.pdf,F:\WWTP DOCUMENT DIVE\Cadillac_MiEnviro_2011-2026\documents\2026-07-13__-2335537377096476465__Cadillac SUO w proposed mark ups - jeff 5302024 July2026.pdf.pdf,604348,f6d5ef142519bf29286ed539f741014bb2843e4ef8754cac3e742fd86bb898af,True,41,128739,41,0,
2026-07-13__-724492843495781795__HQQ-0ZQQ-VCZ9T_v1.pdf.pdf,F:\WWTP DOCUMENT DIVE\Cadillac_MiEnviro_2011-2026\documents\2026-07-13__-724492843495781795__HQQ-0ZQQ-VCZ9T_v1.pdf.pdf,66740,8757e8c268309a3bc78cb376bf4060926640b28163b023355b3fa3bbbc0d5df5,True,2,1229,2,0,
2026-07-20__-2130394822376927917__MI0020257_2026-06-01_to_2026-06-30_DMR.pdf.pdf,F:\WWTP DOCUMENT DIVE\Cadillac_MiEnviro_2011-2026\documents\2026-07-20__-2130394822376927917__MI0020257_2026-06-01_to_2026-06-30_DMR.pdf.pdf,982080,f1501daa350b987bbd006e63dcf8e59e9ccd92ab835da327b786015af49d7ea9,True,16,37127,16,0,
2026-08-05__-9001675935930886663__260722.biosolids.PFASqc.Merit.PDF.pdf,F:\WWTP DOCUMENT DIVE\Cadillac_MiEnviro_2011-2026\documents\2026-08-05__-9001675935930886663__260722.biosolids.PFASqc.Merit.PDF.pdf,615375,8a2a1772264930bf41c8ed32489f6bfd06c61190fe2e0c86b4680cf5125f9c0e,True,15,14220,14,1,
2026-08-05__1188533409975558428__HQQ-JWPA-R1S8B_v1.pdf.pdf,F:\WWTP DOCUMENT DIVE\Cadillac_MiEnviro_2011-2026\documents\2026-08-05__1188533409975558428__HQQ-JWPA-R1S8B_v1.pdf.pdf,953352,04524ac2433d49b34d0db29487766e4f8217c3093bf607e96fb4454bc0cb0979,True,4,6080,4,0,
2026-08-05__7082440348336298437__260722.biosolids.PFAS.Merit.PDF.pdf,F:\WWTP DOCUMENT DIVE\Cadillac_MiEnviro_2011-2026\documents\2026-08-05__7082440348336298437__260722.biosolids.PFAS.Merit.PDF.pdf,638692,6d1750649c4af1cce4594eb97cda65f90b8d4df490f38d565356b9b97afa2ac6,True,10,12808,9,1,
