"Created","Name","Description","Category","SystemId","Program","FunctionalArea","SourceNumber","SourceType","Url","LocalPath","DownloadStatus","Error"
"2021-01-25","Example-CPLR Site Notification Ltr - RH01.pdf","went along with EGLE email to WWTP Oper.","Misc Site Docs","-9182293101992928732","n/a","Site","15637","Site","https://mienviro.michigan.gov/ncore/downloadpdf/-9182293101992928732","F:\WWTP DOCUMENT DIVE\Cadillac_MiEnviro_2011-2026\documents\2021-01-25__-9182293101992928732__Example-CPLR Site Notification Ltr - RH01.pdf.pdf","Already downloaded",""
"2020-03-30","FY19 Biosolids Lab data Sheet-June.pdf","came w/ em from WWTP","NPDES Submittal Docs","-9149089842875174068","WRD - NPDES","Application/Request","HNX-E8Q7-TQ4BF","Schedule - Biosolids Residuals Management Program (RMP) Submittal or Modification","https://mienviro.michigan.gov/ncore/downloadpdf/-9149089842875174068","F:\WWTP DOCUMENT DIVE\Cadillac_MiEnviro_2011-2026\documents\2020-03-30__-9149089842875174068__FY19 Biosolids Lab data Sheet-June.pdf.pdf","Already downloaded",""
"2017-04-03","0P1-02 Process Flow.pdf v1","0P1-02 Process Flow.pdf","Applicant Attachments","-9090737734205945229","WRD - NPDES","Application/Request","2Q7-HQ21-P66B","Permit Change - National Pollutant Discharge Elimination System (NPDES) Municipal Application Form (Reissuance)","https://mienviro.michigan.gov/ncore/downloadpdf/-9090737734205945229","F:\WWTP DOCUMENT DIVE\Cadillac_MiEnviro_2011-2026\documents\2017-04-03__-9090737734205945229__0P1-02 Process Flow.pdf v1.pdf","Already downloaded",""
"2022-10-28","Cadillac 2022 Land Ap Certification.pdf","nForm Document","Form Submission Attachments","-9167866091439106840","WRD - NPDES","Application/Request","HPN-5DCS-H4WTR","Schedule - Biosolids Annual Report","https://mienviro.michigan.gov/ncore/downloadpdf/-9167866091439106840","F:\WWTP DOCUMENT DIVE\Cadillac_MiEnviro_2011-2026\documents\2022-10-28__-9167866091439106840__Cadillac 2022 Land Ap Certification.pdf.pdf","Already downloaded",""
"2026-03-25","25.05.22.AMR.Trace.rev.pdf","nForm Document","Form Submission Attachments","-9162074554534653440","WRD - NPDES","Application/Request","HQD-8ZEE-2KJD5","Schedule - Certification of Completion of Additional Monitoring Requirements","https://mienviro.michigan.gov/ncore/downloadpdf/-9162074554534653440","F:\WWTP DOCUMENT DIVE\Cadillac_MiEnviro_2011-2026\documents\2026-03-25__-9162074554534653440__25.05.22.AMR.Trace.rev.pdf.pdf","Already downloaded",""
"2017-04-03","AVON.docx v1","AVON.docx","Applicant Attachments","-9118125169549468879","WRD - NPDES","Application/Request","2Q7-HQ21-P66B","Permit Change - National Pollutant Discharge Elimination System (NPDES) Municipal Application Form (Reissuance)","https://mienviro.michigan.gov/ncore/downloadpdf/-9118125169549468879","F:\WWTP DOCUMENT DIVE\Cadillac_MiEnviro_2011-2026\documents\2017-04-03__-9118125169549468879__AVON.docx v1.pdf","Already downloaded",""
"2023-05-31","HPV-1RCJ-X06GE v1.pdf","Submission PDF","Form Submission Attachments","-9073857214908716294","WRD - NPDES","Application/Request","HPV-1RCJ-X06GE","Schedule - PFAS POTW Effluent Monitoring Report","https://mienviro.michigan.gov/ncore/downloadpdf/-9073857214908716294","F:\WWTP DOCUMENT DIVE\Cadillac_MiEnviro_2011-2026\documents\2023-05-31__-9073857214908716294__HPV-1RCJ-X06GE v1.pdf.pdf","Already downloaded",""
"2019-03-20","POTW_Monitoring_Data_Summary 2018.xlsx v1","1. Upload a copy of the annual pollutant monitoring summary.","Applicant Attachments","-9071229891747866357","WRD - NPDES","Application/Request","HNN-0QFE-AG22Q","Schedule - Michigan Industrial Pretreatment Program (IPP) Annual Report","https://mienviro.michigan.gov/ncore/downloadpdf/-9071229891747866357","F:\WWTP DOCUMENT DIVE\Cadillac_MiEnviro_2011-2026\documents\2019-03-20__-9071229891747866357__POTW_Monitoring_Data_Summary 2018.xlsx v1.pdf","Already downloaded",""
"2021-10-14","MI0020257_2021-09-01_to_2021-09-30_DMR.pdf","","Schedule - DMR Documents","-9041157712118940874","WRD - NPDES","Permit","MI0020257 v6.0","Schedule - DMR","https://mienviro.michigan.gov/ncore/downloadpdf/-9041157712118940874","F:\WWTP DOCUMENT DIVE\Cadillac_MiEnviro_2011-2026\documents\2021-10-14__-9041157712118940874__MI0020257_2021-09-01_to_2021-09-30_DMR.pdf.pdf","Already downloaded",""
"2018-10-29","FY18 Applier-VAR Certification-Spring 2018.pdf v1","Land App-Vector Attraction Reduction.pdf","Applicant Attachments","-9056692038543053966","WRD - NPDES","Application/Request","HNH-M790-67ZPK","Schedule - Biosolids Annual Report","https://mienviro.michigan.gov/ncore/downloadpdf/-9056692038543053966","F:\WWTP DOCUMENT DIVE\Cadillac_MiEnviro_2011-2026\documents\2018-10-29__-9056692038543053966__FY18 Applier-VAR Certification-Spring 2018.pdf v1.pdf","Already downloaded",""
"2019-11-19","EM-RMP modifications - Scheduled Report now in Miwaters.msg","EGLE to WWTP","Misc. Submittal Docs","-9022831803921967807","WRD - NPDES","Application/Request","HNX-E8Q7-TQ4BF","Schedule - Biosolids Residuals Management Program (RMP) Submittal or Modification","https://mienviro.michigan.gov/ncore/downloadpdf/-9022831803921967807","F:\WWTP DOCUMENT DIVE\Cadillac_MiEnviro_2011-2026\documents\2019-11-19__-9022831803921967807__EM-RMP modifications - Scheduled Report now in Miwaters.msg.pdf","Already downloaded",""
"2026-08-05","260722.biosolids.PFASqc.Merit.PDF","nForm Document","Form Submission Attachments","-9001675935930886663","WRD - NPDES","Application/Request","HQQ-JWPA-R1S8B","Schedule - Biosolids PFAS Monitoring Report","https://mienviro.michigan.gov/ncore/downloadpdf/-9001675935930886663","F:\WWTP DOCUMENT DIVE\Cadillac_MiEnviro_2011-2026\documents\2026-08-05__-9001675935930886663__260722.biosolids.PFASqc.Merit.PDF.pdf","Already downloaded",""
"2026-06-26","854440 Cadillac Additional Limits June 2026.pdf","nForm Document","Form Submission Attachments","-8990104727855864312","WRD - NPDES","Application/Request","HQP-KKME-72W1M","Schedule - Updated MAHL Study (Benzidine, Beryllium, and Phenol)","https://mienviro.michigan.gov/ncore/downloadpdf/-8990104727855864312","F:\WWTP DOCUMENT DIVE\Cadillac_MiEnviro_2011-2026\documents\2026-06-26__-8990104727855864312__854440 Cadillac Additional Limits June 2026.pdf.pdf","Already downloaded",""
"2016-06-15","DMR Summary - MI0020257 _05_01_2016_to_05_31_2016_V1.docx","DMR Summary Data for period 05/01/2016 - 05/31/2016_V1","Schedule - DMR Documents","-9054802322981204104","WRD - NPDES","Permit","MI0020257 v5.0","NPDES Individual Permit","https://mienviro.michigan.gov/ncore/downloadpdf/-9054802322981204104","F:\WWTP DOCUMENT DIVE\Cadillac_MiEnviro_2011-2026\documents\2016-06-15__-9054802322981204104__DMR Summary - MI0020257 _05_01_2016_to_05_31_2016_V1.docx.pdf","Already downloaded",""
"2020-03-30","3-19 Sludge Data.pdf","came w/ em from WWTP","NPDES Submittal Docs","-8976390437726751257","WRD - NPDES","Application/Request","HNX-E8Q7-TQ4BF","Schedule - Biosolids Residuals Management Program (RMP) Submittal or Modification","https://mienviro.michigan.gov/ncore/downloadpdf/-8976390437726751257","F:\WWTP DOCUMENT DIVE\Cadillac_MiEnviro_2011-2026\documents\2020-03-30__-8976390437726751257__3-19 Sludge Data.pdf.pdf","Already downloaded",""
"2018-05-21","April 2018-RJ02 Soils Test.pdf","Actual doc; goes w/ field inspection conducted w/ audit","NPDES Biosolids Evaluation","-8954288284284844625","WRD - NPDES","Evaluation","E-DHWW-FYB-ZBN","Biosolids Audit (05/11/2018)","https://mienviro.michigan.gov/ncore/downloadpdf/-8954288284284844625","F:\WWTP DOCUMENT DIVE\Cadillac_MiEnviro_2011-2026\documents\2018-05-21__-8954288284284844625__April 2018-RJ02 Soils Test.pdf.pdf","Already downloaded",""
"2025-10-21","241003.biosolids.chem.PACE.pdf","nForm Document","Form Submission Attachments","-8955567820652492016","WRD - NPDES","Application/Request","HQG-GM42-A2DBC","Schedule - Biosolids Annual Report","https://mienviro.michigan.gov/ncore/downloadpdf/-8955567820652492016","F:\WWTP DOCUMENT DIVE\Cadillac_MiEnviro_2011-2026\documents\2025-10-21__-8955567820652492016__241003.biosolids.chem.PACE.pdf.pdf","Already downloaded",""
"2025-01-21","RE_ Cadillac MAHL revisions.msg","Comments on use of minimum removal in MAHL.","Industrial Pretreatment Program (IPP)","-8948881917471742688","WRD - NPDES","Application/Request","HPV-DHMB-MCAGV","Schedule - Submit MAHL and proposed local limits","https://mienviro.michigan.gov/ncore/downloadpdf/-8948881917471742688","F:\WWTP DOCUMENT DIVE\Cadillac_MiEnviro_2011-2026\documents\2025-01-21__-8948881917471742688__RE_ Cadillac MAHL revisions.msg.pdf","Already downloaded",""
"2026-03-09","Cadillac WWTP - MAHL 2026.msg","Comments on MAHL submitted for review January 2026.","Industrial Pretreatment Program (IPP)","-8890797696595488087","WRD - NPDES","Application/Request","HQ8-XRFB-J9GAX","Schedule - Local Limits Evaluation (IPP)","https://mienviro.michigan.gov/ncore/downloadpdf/-8890797696595488087","F:\WWTP DOCUMENT DIVE\Cadillac_MiEnviro_2011-2026\documents\2026-03-09__-8890797696595488087__Cadillac WWTP - MAHL 2026.msg.pdf","Already downloaded",""
"2024-02-28","HQ1-1PD1-TAM4K v1.pdf","Submission PDF","Form Submission Attachments","-8946453493866835799","WRD - NPDES","Application/Request","HQ1-1PD1-TAM4K","Schedule - PFAS POTW Effluent Monitoring Report","https://mienviro.michigan.gov/ncore/downloadpdf/-8946453493866835799","F:\WWTP DOCUMENT DIVE\Cadillac_MiEnviro_2011-2026\documents\2024-02-28__-8946453493866835799__HQ1-1PD1-TAM4K v1.pdf.pdf","Already downloaded",""
"2016-09-16","DMR Summary - MI0020257 _08_01_2016_to_08_31_2016_V1.docx","DMR Summary Data for period 08/01/2016 - 08/31/2016_V1","Schedule - DMR Documents","-8864258566189946951","WRD - NPDES","Permit","MI0020257 v5.0","NPDES Individual Permit","https://mienviro.michigan.gov/ncore/downloadpdf/-8864258566189946951","F:\WWTP DOCUMENT DIVE\Cadillac_MiEnviro_2011-2026\documents\2016-09-16__-8864258566189946951__DMR Summary - MI0020257 _08_01_2016_to_08_31_2016_V1.docx.pdf","Already downloaded",""
"2012-01-18","Cadillac WWTP Must Apply Letter.pdf","","Conversion - SITE","-8849600511584876014","n/a","Site","15637","Site","https://mienviro.michigan.gov/ncore/downloadpdf/-8849600511584876014","F:\WWTP DOCUMENT DIVE\Cadillac_MiEnviro_2011-2026\documents\2012-01-18__-8849600511584876014__Cadillac WWTP Must Apply Letter.pdf.pdf","Already downloaded",""
"2016-01-12","2010-2016_Cadillac WWTP_District Compliance File.pdf","District Scanned","NPDES Misc. Site Docs","-8836688320995793733","n/a","Site","15637","Site","https://mienviro.michigan.gov/ncore/downloadpdf/-8836688320995793733","F:\WWTP DOCUMENT DIVE\Cadillac_MiEnviro_2011-2026\documents\2016-01-12__-8836688320995793733__2010-2016_Cadillac WWTP_District Compliance File.pdf.pdf","Already downloaded",""
"2013-04-18","WQBEL Memo - Toxics.doc","WQBEL Memo - Toxics","Conversion - Permit","-8853155827505618463","WRD - NPDES","Permit","MI0020257 v5.0","NPDES Individual Permit","https://mienviro.michigan.gov/ncore/downloadpdf/-8853155827505618463","F:\WWTP DOCUMENT DIVE\Cadillac_MiEnviro_2011-2026\documents\2013-04-18__-8853155827505618463__WQBEL Memo - Toxics.doc.pdf","Already downloaded",""
"2017-12-15","DMR Summary - MI0020257 _11_01_2017_to_11_30_2017_V1.docx","DMR Summary Data for period 11/01/2017 - 11/30/2017_V1","Schedule - DMR Documents","-8814440160125396713","WRD - NPDES","Permit","MI0020257 v5.1","NPDES Individual Permit","https://mienviro.michigan.gov/ncore/downloadpdf/-8814440160125396713","F:\WWTP DOCUMENT DIVE\Cadillac_MiEnviro_2011-2026\documents\2017-12-15__-8814440160125396713__DMR Summary - MI0020257 _11_01_2017_to_11_30_2017_V1.docx.pdf","Already downloaded",""
"2019-08-19","DMR Summary - MI0020257 _07_01_2019_to_07_31_2019_V1.docx","DMR Summary Data for period 07/01/2019 - 07/31/2019_V1","Schedule - DMR Documents","-8739884906953414189","WRD - NPDES","Permit","MI0020257 v5.1","NPDES Individual Permit","https://mienviro.michigan.gov/ncore/downloadpdf/-8739884906953414189","F:\WWTP DOCUMENT DIVE\Cadillac_MiEnviro_2011-2026\documents\2019-08-19__-8739884906953414189__DMR Summary - MI0020257 _07_01_2019_to_07_31_2019_V1.docx.pdf","Already downloaded",""
"2025-09-30","IPP Local Limits Review.docx","","NPDES Application Docs","-8736889914825252154","WRD - NPDES","Application/Request","HQF-TQCJ-GZWEB","Application - IPP Local Limits WQBEL Request Form","https://mienviro.michigan.gov/ncore/downloadpdf/-8736889914825252154","F:\WWTP DOCUMENT DIVE\Cadillac_MiEnviro_2011-2026\documents\2025-09-30__-8736889914825252154__IPP Local Limits Review.docx.pdf","Already downloaded",""
"2017-04-03","Paragon Wet Test (3).pdf v1","Paragon Wet Test (3).pdf","Applicant Attachments","-8713293357649151288","WRD - NPDES","Application/Request","2Q7-HQ21-P66B","Permit Change - National Pollutant Discharge Elimination System (NPDES) Municipal Application Form (Reissuance)","https://mienviro.michigan.gov/ncore/downloadpdf/-8713293357649151288","F:\WWTP DOCUMENT DIVE\Cadillac_MiEnviro_2011-2026\documents\2017-04-03__-8713293357649151288__Paragon Wet Test (3).pdf v1.pdf","Already downloaded",""
"2021-10-28","Vector Attraction Reduction.pdf","FY21 Applier Certification-VAR; Midwest Injection Inc.;","Form Submission Attachments","-8709036736254824662","WRD - NPDES","Application/Request","HPC-K20Z-68T3J","Schedule - Biosolids Annual Report","https://mienviro.michigan.gov/ncore/downloadpdf/-8709036736254824662","F:\WWTP DOCUMENT DIVE\Cadillac_MiEnviro_2011-2026\documents\2021-10-28__-8709036736254824662__Vector Attraction Reduction.pdf.pdf","Already downloaded",""
"2020-04-14","DMR Daily - MI0020257 _03_01_2020_to_03_31_2020_V1.docx","DMR Daily Data for period 03/01/2020 - 03/31/2020_V1","Schedule - DMR Documents","-8688763702920279353","WRD - NPDES","Permit","MI0020257 v6.0","NPDES Individual Permit","https://mienviro.michigan.gov/ncore/downloadpdf/-8688763702920279353","F:\WWTP DOCUMENT DIVE\Cadillac_MiEnviro_2011-2026\documents\2020-04-14__-8688763702920279353__DMR Daily - MI0020257 _03_01_2020_to_03_31_2020_V1.docx.pdf","Already downloaded",""
"2018-05-16","DMR Daily - MI0020257 _04_01_2018_to_04_30_2018_V1.docx","DMR Daily Data for period 04/01/2018 - 04/30/2018_V1","Schedule - DMR Documents","-8678962175045195900","WRD - NPDES","Permit","MI0020257 v5.1","NPDES Individual Permit","https://mienviro.michigan.gov/ncore/downloadpdf/-8678962175045195900","F:\WWTP DOCUMENT DIVE\Cadillac_MiEnviro_2011-2026\documents\2018-05-16__-8678962175045195900__DMR Daily - MI0020257 _04_01_2018_to_04_30_2018_V1.docx.pdf","Already downloaded",""
"2023-02-01","Biosolids CPLR 21N08W30-AB01.xls","","NPDES Submittal Docs","-8646920525963922439","WRD - NPDES","Application/Request","HPN-5DCS-H4WTR","Schedule - Biosolids Annual Report","https://mienviro.michigan.gov/ncore/downloadpdf/-8646920525963922439","F:\WWTP DOCUMENT DIVE\Cadillac_MiEnviro_2011-2026\documents\2023-02-01__-8646920525963922439__Biosolids CPLR 21N08W30-AB01.xls.pdf","Already downloaded",""
"2025-04-30","Cadillac WWTP 2025 Below 20 Letter Interim Strategy.pdf","","Misc. Submittal Docs","-8643712850746890280","WRD - NPDES","Application/Request","HQB-6T2F-9M76H","Schedule - Biosolids PFAS Monitoring Report","https://mienviro.michigan.gov/ncore/downloadpdf/-8643712850746890280","F:\WWTP DOCUMENT DIVE\Cadillac_MiEnviro_2011-2026\documents\2025-04-30__-8643712850746890280__Cadillac WWTP 2025 Below 20 Letter Interim Strategy.pdf.pdf","Already downloaded",""
"2024-10-30","240401.biosolids.pathogens.HML.pdf","nForm Document","Form Submission Attachments","-8627948806872428177","WRD - NPDES","Application/Request","HQ7-KAAW-2S9Y5","Schedule - Biosolids Annual Report","https://mienviro.michigan.gov/ncore/downloadpdf/-8627948806872428177","F:\WWTP DOCUMENT DIVE\Cadillac_MiEnviro_2011-2026\documents\2024-10-30__-8627948806872428177__240401.biosolids.pathogens.HML.pdf.pdf","Already downloaded",""
"2018-06-13","FW_ City of Cadillac Letter.msg","","Industrial Pretreatment Program (IPP)","-8619958092011217786","n/a","Site","15637","Site","https://mienviro.michigan.gov/ncore/downloadpdf/-8619958092011217786","F:\WWTP DOCUMENT DIVE\Cadillac_MiEnviro_2011-2026\documents\2018-06-13__-8619958092011217786__FW_ City of Cadillac Letter.msg.pdf","Already downloaded",""
"2022-10-28","Soil Test Reports - Spring 2022.pdf","nForm Document","Form Submission Attachments","-8614765146536661066","WRD - NPDES","Application/Request","HPN-5DCS-H4WTR","Schedule - Biosolids Annual Report","https://mienviro.michigan.gov/ncore/downloadpdf/-8614765146536661066","F:\WWTP DOCUMENT DIVE\Cadillac_MiEnviro_2011-2026\documents\2022-10-28__-8614765146536661066__Soil Test Reports - Spring 2022.pdf.pdf","Already downloaded",""
"2020-03-24","HNY-0A3C-HVRY7 V1.pdf v1","Submission PDF","Misc. Application and Request Docs","-8585248556278470835","WRD - NPDES","Application/Request","HNY-0A3C-HVRY7","Schedule - Michigan Industrial Pretreatment Program (IPP) Annual Report","https://mienviro.michigan.gov/ncore/downloadpdf/-8585248556278470835","F:\WWTP DOCUMENT DIVE\Cadillac_MiEnviro_2011-2026\documents\2020-03-24__-8585248556278470835__HNY-0A3C-HVRY7 V1.pdf v1.pdf","Already downloaded",""
"2023-10-30","Lab&Hauling Data Spring 2023.pdf","nForm Document","Form Submission Attachments","-8569167833142375104","WRD - NPDES","Application/Request","HPY-PZSD-5P4KK","Schedule - Biosolids Annual Report","https://mienviro.michigan.gov/ncore/downloadpdf/-8569167833142375104","F:\WWTP DOCUMENT DIVE\Cadillac_MiEnviro_2011-2026\documents\2023-10-30__-8569167833142375104__Lab&Hauling Data Spring 2023.pdf.pdf","Already downloaded",""
"2017-07-18","DMR Summary - MI0020257 _06_01_2017_to_06_30_2017_V1.docx","DMR Summary Data for period 06/01/2017 - 06/30/2017_V1","Schedule - DMR Documents","-8542276497179018047","WRD - NPDES","Permit","MI0020257 v5.1","NPDES Individual Permit","https://mienviro.michigan.gov/ncore/downloadpdf/-8542276497179018047","F:\WWTP DOCUMENT DIVE\Cadillac_MiEnviro_2011-2026\documents\2017-07-18__-8542276497179018047__DMR Summary - MI0020257 _06_01_2017_to_06_30_2017_V1.docx.pdf","Already downloaded",""
"2019-08-30","Issuance Letter_Cadillac WWTP.msg","","NPDES Individual Permit","-8533260144873024140","WRD - NPDES","Permit","MI0020257 v6.0","NPDES Individual Permit","https://mienviro.michigan.gov/ncore/downloadpdf/-8533260144873024140","F:\WWTP DOCUMENT DIVE\Cadillac_MiEnviro_2011-2026\documents\2019-08-30__-8533260144873024140__Issuance Letter_Cadillac WWTP.msg.pdf","Already downloaded",""
"2019-02-28","FW_ Biosolids PFAS - Cadillac.msg","IPP PFAS biosolids sample for IPP PFAS initiative - Dry weight calculations on homogenized (unseparated) sample","Industrial Pretreatment Program (IPP)","-8513053641259165067","n/a","Site","15637","Site","https://mienviro.michigan.gov/ncore/downloadpdf/-8513053641259165067","F:\WWTP DOCUMENT DIVE\Cadillac_MiEnviro_2011-2026\documents\2019-02-28__-8513053641259165067__FW_ Biosolids PFAS - Cadillac.msg.pdf","Already downloaded",""
"2017-04-03","Borg Warner.docx v1","Borg Warner.docx","Applicant Attachments","-8499150955445776749","WRD - NPDES","Application/Request","2Q7-HQ21-P66B","Permit Change - National Pollutant Discharge Elimination System (NPDES) Municipal Application Form (Reissuance)","https://mienviro.michigan.gov/ncore/downloadpdf/-8499150955445776749","F:\WWTP DOCUMENT DIVE\Cadillac_MiEnviro_2011-2026\documents\2017-04-03__-8499150955445776749__Borg Warner.docx v1.pdf","Already downloaded",""
"2013-11-13","Cadillac WWTP Email Exchange 9-3-13.pdf","","Conversion - Compliance Action","-8365213610442199787","WRD - NPDES","Permit","MI0020257 v5.0","NPDES Individual Permit","https://mienviro.michigan.gov/ncore/downloadpdf/-8365213610442199787","F:\WWTP DOCUMENT DIVE\Cadillac_MiEnviro_2011-2026\documents\2013-11-13__-8365213610442199787__Cadillac WWTP Email Exchange 9-3-13.pdf.pdf","Downloaded",""
"2025-09-16","Biosolids Audit Transmittal - Cadillac WWTP.pdf","Signed Biosolids Audit Transittal","NPDES Biosolids Evaluation","-8482039543770819803","WRD - NPDES","Evaluation","E-PP027995818650","Biosolids Audit (04/29/2025)","https://mienviro.michigan.gov/ncore/downloadpdf/-8482039543770819803","F:\WWTP DOCUMENT DIVE\Cadillac_MiEnviro_2011-2026\documents\2025-09-16__-8482039543770819803__Biosolids Audit Transmittal - Cadillac WWTP.pdf.pdf","Downloaded",""
"2025-03-27","Cadillac POTW Oversight 2024.xlsx","nForm Document","Form Submission Attachments","-8415402284149542607","WRD - NPDES","Application/Request","HQB-BNKM-1SC3Q","Schedule - Michigan Industrial Pretreatment Program (IPP) Annual Report","https://mienviro.michigan.gov/ncore/downloadpdf/-8415402284149542607","F:\WWTP DOCUMENT DIVE\Cadillac_MiEnviro_2011-2026\documents\2025-03-27__-8415402284149542607__Cadillac POTW Oversight 2024.xlsx.pdf","Downloaded",""
"2023-12-06","IP Issuance Letter_Cadillac WWTP.msg","","Misc. NPDES Permit Docs","-8417291737125858667","WRD - NPDES","Permit","MI0020257 v7.0","NPDES Individual Permit","https://mienviro.michigan.gov/ncore/downloadpdf/-8417291737125858667","F:\WWTP DOCUMENT DIVE\Cadillac_MiEnviro_2011-2026\documents\2023-12-06__-8417291737125858667__IP Issuance Letter_Cadillac WWTP.msg.pdf","Downloaded",""
"2022-09-21","Application_HPG-1ZSF-KC99G V2.pdf v2","Submission PDF","Misc. Application and Request Docs","-8412550484232206194","WRD - NPDES","Application/Request","HPG-1ZSF-KC99G","Permit Change - National Pollutant Discharge Elimination System (NPDES) Municipal Application Form (Reissuance)","https://mienviro.michigan.gov/ncore/downloadpdf/-8412550484232206194","F:\WWTP DOCUMENT DIVE\Cadillac_MiEnviro_2011-2026\documents\2022-09-21__-8412550484232206194__Application_HPG-1ZSF-KC99G V2.pdf v2.pdf","Downloaded",""
"2024-10-30","MI0020257_2023-10-01_to_2024-09-30_DMR.pdf","","Schedule - DMR Documents","-8437946533852073880","WRD - NPDES","Permit","MI0020257 v7.0","Schedule - DMR","https://mienviro.michigan.gov/ncore/downloadpdf/-8437946533852073880","F:\WWTP DOCUMENT DIVE\Cadillac_MiEnviro_2011-2026\documents\2024-10-30__-8437946533852073880__MI0020257_2023-10-01_to_2024-09-30_DMR.pdf.pdf","Downloaded",""
"2024-03-19","MI0020257_2024-02-01_to_2024-02-29_DMR.pdf","","Schedule - DMR Documents","-8451675010957020339","WRD - NPDES","Permit","MI0020257 v7.0","Schedule - DMR","https://mienviro.michigan.gov/ncore/downloadpdf/-8451675010957020339","F:\WWTP DOCUMENT DIVE\Cadillac_MiEnviro_2011-2026\documents\2024-03-19__-8451675010957020339__MI0020257_2024-02-01_to_2024-02-29_DMR.pdf.pdf","Downloaded",""
"2015-07-08","Fact Sheet.doc","Fact Sheet","Conversion - Permit","-8459938767715139506","WRD - NPDES","Permit","MI0020257 v5.1","NPDES Individual Permit","https://mienviro.michigan.gov/ncore/downloadpdf/-8459938767715139506","F:\WWTP DOCUMENT DIVE\Cadillac_MiEnviro_2011-2026\documents\2015-07-08__-8459938767715139506__Fact Sheet.doc.pdf","Downloaded",""
"2023-03-02","22.07.Inf.Eff.LLHg.Pace.pdf","nForm Document","Form Submission Attachments","-8432930753741426596","WRD - NPDES","Application/Request","HPR-V2MX-EVFMF","Schedule - Pollutant Minimization Program (PMP) Annual Report","https://mienviro.michigan.gov/ncore/downloadpdf/-8432930753741426596","F:\WWTP DOCUMENT DIVE\Cadillac_MiEnviro_2011-2026\documents\2023-03-02__-8432930753741426596__22.07.Inf.Eff.LLHg.Pace.pdf.pdf","Downloaded",""
"2023-05-31","23.04.Eff.PFAS.PACEalpha.pdf","nForm Document","Form Submission Attachments","-8387245820521192173","WRD - NPDES","Application/Request","HPV-1RCJ-X06GE","Schedule - PFAS POTW Effluent Monitoring Report","https://mienviro.michigan.gov/ncore/downloadpdf/-8387245820521192173","F:\WWTP DOCUMENT DIVE\Cadillac_MiEnviro_2011-2026\documents\2023-05-31__-8387245820521192173__23.04.Eff.PFAS.PACEalpha.pdf.pdf","Downloaded",""
"2024-10-30","240401.biosolids.chem.PACE.pdf","nForm Document","Form Submission Attachments","-8364081325262992024","WRD - NPDES","Application/Request","HQ7-KAAW-2S9Y5","Schedule - Biosolids Annual Report","https://mienviro.michigan.gov/ncore/downloadpdf/-8364081325262992024","F:\WWTP DOCUMENT DIVE\Cadillac_MiEnviro_2011-2026\documents\2024-10-30__-8364081325262992024__240401.biosolids.chem.PACE.pdf.pdf","Downloaded",""
"2025-10-21","21n09w25-DG01.pdf","nForm Document","Form Submission Attachments","-8440672871505165049","WRD - NPDES","Application/Request","HQG-GM42-A2DBC","Schedule - Biosolids Annual Report","https://mienviro.michigan.gov/ncore/downloadpdf/-8440672871505165049","F:\WWTP DOCUMENT DIVE\Cadillac_MiEnviro_2011-2026\documents\2025-10-21__-8440672871505165049__21n09w25-DG01.pdf.pdf","Downloaded",""
"2013-08-16","Cadillac WWTP PPN Email Exchange 2.pdf","","Conversion - Compliance Action","-8309188111481449431","WRD - NPDES","Permit","MI0020257 v5.0","NPDES Individual Permit","https://mienviro.michigan.gov/ncore/downloadpdf/-8309188111481449431","F:\WWTP DOCUMENT DIVE\Cadillac_MiEnviro_2011-2026\documents\2013-08-16__-8309188111481449431__Cadillac WWTP PPN Email Exchange 2.pdf.pdf","Downloaded",""
"2021-03-16","MI0020257_2021-02-01_to_2021-02-28_1_DMR.pdf","","Schedule - DMR Documents","-8362253429290520676","WRD - NPDES","Permit","MI0020257 v6.0","Schedule - DMR","https://mienviro.michigan.gov/ncore/downloadpdf/-8362253429290520676","F:\WWTP DOCUMENT DIVE\Cadillac_MiEnviro_2011-2026\documents\2021-03-16__-8362253429290520676__MI0020257_2021-02-01_to_2021-02-28_1_DMR.pdf.pdf","Downloaded",""
"2020-06-12","DMR Summary - MI0020257 _05_01_2020_to_05_31_2020_V1.docx","DMR Summary Data for period 05/01/2020 - 05/31/2020_V1","Schedule - DMR Documents","-8346867488967724727","WRD - NPDES","Permit","MI0020257 v6.0","NPDES Individual Permit","https://mienviro.michigan.gov/ncore/downloadpdf/-8346867488967724727","F:\WWTP DOCUMENT DIVE\Cadillac_MiEnviro_2011-2026\documents\2020-06-12__-8346867488967724727__DMR Summary - MI0020257 _05_01_2020_to_05_31_2020_V1.docx.pdf","Downloaded",""
"2024-10-01","HQ7-24YS-A06A1 v1.pdf","Submission PDF","Form Submission Attachments","-8271012263607576939","WRD - NPDES","Application/Request","HQ7-24YS-A06A1","Schedule - PFAS POTW Effluent Monitoring Report","https://mienviro.michigan.gov/ncore/downloadpdf/-8271012263607576939","F:\WWTP DOCUMENT DIVE\Cadillac_MiEnviro_2011-2026\documents\2024-10-01__-8271012263607576939__HQ7-24YS-A06A1 v1.pdf.pdf","Downloaded",""
"2018-10-29","FY18 Daily Solids Log.pdf v1","Spring 2018 Lab Daily Solids.pdf; Spring 2018 - Total and Volatile;","Applicant Attachments","-8344340778069091413","WRD - NPDES","Application/Request","HNH-M790-67ZPK","Schedule - Biosolids Annual Report","https://mienviro.michigan.gov/ncore/downloadpdf/-8344340778069091413","F:\WWTP DOCUMENT DIVE\Cadillac_MiEnviro_2011-2026\documents\2018-10-29__-8344340778069091413__FY18 Daily Solids Log.pdf v1.pdf","Downloaded",""
"2020-04-03","TVS Sludge-Temp data for 2018 and 2019.xlsx","came w/ em from WWTP","NPDES Submittal Docs","-8226255631460587730","WRD - NPDES","Application/Request","HNX-E8Q7-TQ4BF","Schedule - Biosolids Residuals Management Program (RMP) Submittal or Modification","https://mienviro.michigan.gov/ncore/downloadpdf/-8226255631460587730","F:\WWTP DOCUMENT DIVE\Cadillac_MiEnviro_2011-2026\documents\2020-04-03__-8226255631460587730__TVS Sludge-Temp data for 2018 and 2019.xlsx.pdf","Downloaded",""
"2018-04-13","DMR Daily - MI0020257 _03_01_2018_to_03_31_2018_V1.docx","DMR Daily Data for period 03/01/2018 - 03/31/2018_V1","Schedule - DMR Documents","-8199773167501560754","WRD - NPDES","Permit","MI0020257 v5.1","NPDES Individual Permit","https://mienviro.michigan.gov/ncore/downloadpdf/-8199773167501560754","F:\WWTP DOCUMENT DIVE\Cadillac_MiEnviro_2011-2026\documents\2018-04-13__-8199773167501560754__DMR Daily - MI0020257 _03_01_2018_to_03_31_2018_V1.docx.pdf","Downloaded",""
"2025-10-21","251001.biosolids.PFASqc.Merit.PDF","nForm Document","Form Submission Attachments","-8247537671644519013","WRD - NPDES","Application/Request","HQG-GN3K-JNK5K","Schedule - Biosolids PFAS Monitoring Report","https://mienviro.michigan.gov/ncore/downloadpdf/-8247537671644519013","F:\WWTP DOCUMENT DIVE\Cadillac_MiEnviro_2011-2026\documents\2025-10-21__-8247537671644519013__251001.biosolids.PFASqc.Merit.PDF.pdf","Downloaded",""
"2020-03-10","DMR Summary - MI0020257 _02_01_2020_to_02_29_2020_V1.docx","DMR Summary Data for period 02/01/2020 - 02/29/2020_V1","Schedule - DMR Documents","-8244759568150087056","WRD - NPDES","Permit","MI0020257 v6.0","NPDES Individual Permit","https://mienviro.michigan.gov/ncore/downloadpdf/-8244759568150087056","F:\WWTP DOCUMENT DIVE\Cadillac_MiEnviro_2011-2026\documents\2020-03-10__-8244759568150087056__DMR Summary - MI0020257 _02_01_2020_to_02_29_2020_V1.docx.pdf","Downloaded",""
"2023-10-05","Pre-Public Notice Comments and Response-First Round_Cadillac WWTP.msg","","Misc. NPDES Permit Docs","-8291667399128555217","WRD - NPDES","Permit","MI0020257 v7.0","NPDES Individual Permit","https://mienviro.michigan.gov/ncore/downloadpdf/-8291667399128555217","F:\WWTP DOCUMENT DIVE\Cadillac_MiEnviro_2011-2026\documents\2023-10-05__-8291667399128555217__Pre-Public Notice Comments and Response-First Round_Cadillac WWTP.msg.pdf","Downloaded",""
"2021-01-14","DMR Summary - MI0020257 _12_01_2020_to_12_31_2020_V1.docx","DMR Summary Data for period 12/01/2020 - 12/31/2020_V1","Schedule - DMR Documents","-8187359153766679796","WRD - NPDES","Permit","MI0020257 v6.0","NPDES Individual Permit","https://mienviro.michigan.gov/ncore/downloadpdf/-8187359153766679796","F:\WWTP DOCUMENT DIVE\Cadillac_MiEnviro_2011-2026\documents\2021-01-14__-8187359153766679796__DMR Summary - MI0020257 _12_01_2020_to_12_31_2020_V1.docx.pdf","Downloaded",""
"2019-10-28","FY19 Applier-Class B Pathogen Red and Site Restr.pdf v1","Class B Pathogen Reduction and Site Res..pdf;","Applicant Attachments","-8194005199149734697","WRD - NPDES","Application/Request","HNT-5SPH-XVKKZ","Schedule - Biosolids Annual Report","https://mienviro.michigan.gov/ncore/downloadpdf/-8194005199149734697","F:\WWTP DOCUMENT DIVE\Cadillac_MiEnviro_2011-2026\documents\2019-10-28__-8194005199149734697__FY19 Applier-Class B Pathogen Red and Site Restr.pdf v1.pdf","Downloaded",""
"2018-05-08","IMG_0031-cas.JPG","taken during field inspection","NPDES Biosolids Evaluation","-8093064571610602919","WRD - NPDES","Evaluation","E-DHWW-FYB-ZBN","Biosolids Audit (05/11/2018)","https://mienviro.michigan.gov/ncore/downloadpdf/-8093064571610602919","F:\WWTP DOCUMENT DIVE\Cadillac_MiEnviro_2011-2026\documents\2018-05-08__-8093064571610602919__IMG_0031-cas.JPG.pdf","Downloaded",""
"2016-10-25","DMR Summary - MI0020257 _10_01_2015_to_09_30_2016_V1.docx","DMR Summary Data for period 10/01/2015 - 09/30/2016_V1","Schedule - DMR Documents","-8068360832484337569","WRD - NPDES","Permit","MI0020257 v5.0","NPDES Individual Permit","https://mienviro.michigan.gov/ncore/downloadpdf/-8068360832484337569","F:\WWTP DOCUMENT DIVE\Cadillac_MiEnviro_2011-2026\documents\2016-10-25__-8068360832484337569__DMR Summary - MI0020257 _10_01_2015_to_09_30_2016_V1.docx.pdf","Downloaded",""
"2023-02-14","MI0020257_2023-01-01_to_2023-01-31_DMR.pdf","","Schedule - DMR Documents","-8099930221942787423","WRD - NPDES","Permit","MI0020257 v6.0","Schedule - DMR","https://mienviro.michigan.gov/ncore/downloadpdf/-8099930221942787423","F:\WWTP DOCUMENT DIVE\Cadillac_MiEnviro_2011-2026\documents\2023-02-14__-8099930221942787423__MI0020257_2023-01-01_to_2023-01-31_DMR.pdf.pdf","Downloaded",""
"2024-04-04","Cadillac WWTP IPP.msg","Reminder of missed submission date.","Industrial Pretreatment Program (IPP)","-7911758323516852438","WRD - NPDES","Compliance Action","VN-012230","Violation Notice","https://mienviro.michigan.gov/ncore/downloadpdf/-7911758323516852438","F:\WWTP DOCUMENT DIVE\Cadillac_MiEnviro_2011-2026\documents\2024-04-04__-7911758323516852438__Cadillac WWTP IPP.msg.pdf","Downloaded",""
"2023-07-10","Cadillac WWTP Jul 2023 WRD CSI Inspection Form 071023.pdf","","NPDES Majors and Minors Evaluation","-7988070970922691434","WRD - NPDES","Evaluation","E-11682","NPDES CSI-Conventionals Only (07/10/2023)","https://mienviro.michigan.gov/ncore/downloadpdf/-7988070970922691434","F:\WWTP DOCUMENT DIVE\Cadillac_MiEnviro_2011-2026\documents\2023-07-10__-7988070970922691434__Cadillac WWTP Jul 2023 WRD CSI Inspection Form 071023.pdf.pdf","Downloaded",""
"2017-10-13","Spring Biosolids HML 2017.pdf v1","FY17 - Class A Pathogen results - Mar. 2017","Applicant Attachments","-7940855265872368210","WRD - NPDES","Application/Request","HN8-AEB3-S8NKF","Schedule - Biosolids Annual Report","https://mienviro.michigan.gov/ncore/downloadpdf/-7940855265872368210","F:\WWTP DOCUMENT DIVE\Cadillac_MiEnviro_2011-2026\documents\2017-10-13__-7940855265872368210__Spring Biosolids HML 2017.pdf v1.pdf","Downloaded",""
"2019-01-23","RE_ Cadillac WWTP - IPP PFAS Interim Report Review2.msg","IPP PFAS Interim Rpt discussion correspondence","Industrial Pretreatment Program (IPP)","-7912880971146198502","WRD - NPDES","Application/Request","HNF-P7H3-DCN87","Schedule - IPP PFAS Interim Report-1","https://mienviro.michigan.gov/ncore/downloadpdf/-7912880971146198502","F:\WWTP DOCUMENT DIVE\Cadillac_MiEnviro_2011-2026\documents\2019-01-23__-7912880971146198502__RE_ Cadillac WWTP - IPP PFAS Interim Report Review2.msg.pdf","Downloaded",""
"2024-02-28","MI0020257_2024-01-01_to_2024-01-31_2_DMR.pdf","","Schedule - DMR Documents","-7896215355329695707","WRD - NPDES","Permit","MI0020257 v7.0","Schedule - DMR","https://mienviro.michigan.gov/ncore/downloadpdf/-7896215355329695707","F:\WWTP DOCUMENT DIVE\Cadillac_MiEnviro_2011-2026\documents\2024-02-28__-7896215355329695707__MI0020257_2024-01-01_to_2024-01-31_2_DMR.pdf.pdf","Downloaded",""
"2020-09-11","DMR Summary - MI0020257 _08_01_2020_to_08_31_2020_V1.docx","DMR Summary Data for period 08/01/2020 - 08/31/2020_V1","Schedule - DMR Documents","-7894316523983511702","WRD - NPDES","Permit","MI0020257 v6.0","NPDES Individual Permit","https://mienviro.michigan.gov/ncore/downloadpdf/-7894316523983511702","F:\WWTP DOCUMENT DIVE\Cadillac_MiEnviro_2011-2026\documents\2020-09-11__-7894316523983511702__DMR Summary - MI0020257 _08_01_2020_to_08_31_2020_V1.docx.pdf","Downloaded",""
"2021-11-18","MI0020257_2021-10-01_to_2021-10-31_DMR.pdf","","Schedule - DMR Documents","-7964221357068103056","WRD - NPDES","Permit","MI0020257 v6.0","Schedule - DMR","https://mienviro.michigan.gov/ncore/downloadpdf/-7964221357068103056","F:\WWTP DOCUMENT DIVE\Cadillac_MiEnviro_2011-2026\documents\2021-11-18__-7964221357068103056__MI0020257_2021-10-01_to_2021-10-31_DMR.pdf.pdf","Downloaded",""
"2020-10-30","FY20 Digestor Sludge Temps-Fall 2019.pdf","Vector attraction reduction documentation; Fall 19 Sludge Temps.pdf; Sept. thru Nov. 2019-Digestor sludge temps;","Form Submission Attachments","-7995792267920570600","WRD - NPDES","Application/Request","HP3-HWDR-V8Y73","Schedule - Biosolids Annual Report","https://mienviro.michigan.gov/ncore/downloadpdf/-7995792267920570600","F:\WWTP DOCUMENT DIVE\Cadillac_MiEnviro_2011-2026\documents\2020-10-30__-7995792267920570600__FY20 Digestor Sludge Temps-Fall 2019.pdf.pdf","Downloaded",""
"2024-06-17","RE_ IPP Program Manual.msg","Extension request and approval for due date to submit the IPP program manual.","Industrial Pretreatment Program (IPP)","-7872674955440036361","WRD - NPDES","Compliance Action","VN-012230","Violation Notice","https://mienviro.michigan.gov/ncore/downloadpdf/-7872674955440036361","F:\WWTP DOCUMENT DIVE\Cadillac_MiEnviro_2011-2026\documents\2024-06-17__-7872674955440036361__RE_ IPP Program Manual.msg.pdf","Downloaded",""
"2023-01-26","Copy of Cadillac_POTW_Monitoring_Data_Summary_comments.xlsx","nForm Document","Form Submission Attachments","-7866177930338727791","WRD - NPDES","Application/Request","HPG-1ZNB-Y56ZQ","Schedule - Michigan Industrial Pretreatment Program (IPP) Annual Report","https://mienviro.michigan.gov/ncore/downloadpdf/-7866177930338727791","F:\WWTP DOCUMENT DIVE\Cadillac_MiEnviro_2011-2026\documents\2023-01-26__-7866177930338727791__Copy of Cadillac_POTW_Monitoring_Data_Summary_comments.xlsx.pdf","Downloaded",""
"2023-04-10","SIU-CIU_List 2022.xlsx","nForm Document","Form Submission Attachments","-7854015285679267528","WRD - NPDES","Application/Request","HPS-A3KN-2FH30","Schedule - Michigan Industrial Pretreatment Program (IPP) Annual Report","https://mienviro.michigan.gov/ncore/downloadpdf/-7854015285679267528","F:\WWTP DOCUMENT DIVE\Cadillac_MiEnviro_2011-2026\documents\2023-04-10__-7854015285679267528__SIU-CIU_List 2022.xlsx.pdf","Downloaded",""
"2025-10-21","Biosolids Dry Tons Calc 12.21.24.xls","nForm Document","Form Submission Attachments","-7600461906929922773","WRD - NPDES","Application/Request","HQG-GM42-A2DBC","Schedule - Biosolids Annual Report","","","No download link",""
"2025-03-27","HQB-BNKM-1SC3Q_v1.pdf","Submission PDF","Form Submission Attachments","-7861509141315722088","WRD - NPDES","Application/Request","HQB-BNKM-1SC3Q","Schedule - Michigan Industrial Pretreatment Program (IPP) Annual Report","https://mienviro.michigan.gov/ncore/downloadpdf/-7861509141315722088","F:\WWTP DOCUMENT DIVE\Cadillac_MiEnviro_2011-2026\documents\2025-03-27__-7861509141315722088__HQB-BNKM-1SC3Q_v1.pdf.pdf","Downloaded",""
"2022-03-25","AKWEL.docx","nForm Document","Form Submission Attachments","-7778014742664487960","WRD - NPDES","Application/Request","HPG-1ZSF-KC99G","Permit Change - National Pollutant Discharge Elimination System (NPDES) Municipal Application Form (Reissuance)","https://mienviro.michigan.gov/ncore/downloadpdf/-7778014742664487960","F:\WWTP DOCUMENT DIVE\Cadillac_MiEnviro_2011-2026\documents\2022-03-25__-7778014742664487960__AKWEL.docx.pdf","Downloaded",""
"2019-06-18","DMR Summary - MI0020257 _05_01_2017_to_05_31_2017_V3.docx","DMR Summary Data for period 05/01/2017 - 05/31/2017_V3","Schedule - DMR Documents","-7801879100660621655","WRD - NPDES","Permit","MI0020257 v5.1","NPDES Individual Permit","https://mienviro.michigan.gov/ncore/downloadpdf/-7801879100660621655","F:\WWTP DOCUMENT DIVE\Cadillac_MiEnviro_2011-2026\documents\2019-06-18__-7801879100660621655__DMR Summary - MI0020257 _05_01_2017_to_05_31_2017_V3.docx.pdf","Downloaded",""
"2013-08-08","CadillacWWTP_ToxicsFactSheet.pdf","Updated WQBEL Toxics Recommendations Fact Sheet","Conversion - Compliance Action","-7691202997137362379","WRD - NPDES","Permit","MI0020257 v5.0","NPDES Individual Permit","https://mienviro.michigan.gov/ncore/downloadpdf/-7691202997137362379","F:\WWTP DOCUMENT DIVE\Cadillac_MiEnviro_2011-2026\documents\2013-08-08__-7691202997137362379__CadillacWWTP_ToxicsFactSheet.pdf.pdf","Downloaded",""
"2021-10-28","MI0020257_2020-10-01_to_2021-09-30_DMR.pdf","","Schedule - DMR Documents","-7680208070141768458","WRD - NPDES","Permit","MI0020257 v6.0","Schedule - DMR","https://mienviro.michigan.gov/ncore/downloadpdf/-7680208070141768458","F:\WWTP DOCUMENT DIVE\Cadillac_MiEnviro_2011-2026\documents\2021-10-28__-7680208070141768458__MI0020257_2020-10-01_to_2021-09-30_DMR.pdf.pdf","Downloaded",""
"2018-07-30","Piranha PFAS Survey.pdf v1","Piranha PFAS Survey.pdf","Applicant Attachments","-7794513103865681017","WRD - NPDES","Application/Request","HNF-P7H3-DCN87","Schedule - IPP PFAS Interim Report-1","https://mienviro.michigan.gov/ncore/downloadpdf/-7794513103865681017","F:\WWTP DOCUMENT DIVE\Cadillac_MiEnviro_2011-2026\documents\2018-07-30__-7794513103865681017__Piranha PFAS Survey.pdf v1.pdf","Downloaded",""
"2024-01-18","MI0020257_2023-12-01_to_2023-12-31_DMR.pdf","","Schedule - DMR Documents","-7671114250576559038","WRD - NPDES","Permit","MI0020257 v6.0","Schedule - DMR","https://mienviro.michigan.gov/ncore/downloadpdf/-7671114250576559038","F:\WWTP DOCUMENT DIVE\Cadillac_MiEnviro_2011-2026\documents\2024-01-18__-7671114250576559038__MI0020257_2023-12-01_to_2023-12-31_DMR.pdf.pdf","Downloaded",""
"2018-11-01","RE_ Cadillac WWTP - IPP PFAS Interim Report Review2.msg","IPP PFAS Summ Rpt discussion documents","Industrial Pretreatment Program (IPP)","-7625399138862663878","WRD - NPDES","Application/Request","HNJ-P0ZX-8AVDS","Schedule - IPP PFAS Summary Report","https://mienviro.michigan.gov/ncore/downloadpdf/-7625399138862663878","F:\WWTP DOCUMENT DIVE\Cadillac_MiEnviro_2011-2026\documents\2018-11-01__-7625399138862663878__RE_ Cadillac WWTP - IPP PFAS Interim Report Review2.msg.pdf","Downloaded",""
"2023-09-29","Cadillac WWTP July 10 2023 Inspection Transmit 092923.msg","","NPDES Majors and Minors Evaluation","-7665686165939302867","WRD - NPDES","Evaluation","E-11682","NPDES CSI-Conventionals Only (07/10/2023)","https://mienviro.michigan.gov/ncore/downloadpdf/-7665686165939302867","F:\WWTP DOCUMENT DIVE\Cadillac_MiEnviro_2011-2026\documents\2023-09-29__-7665686165939302867__Cadillac WWTP July 10 2023 Inspection Transmit 092923.msg.pdf","Downloaded",""
"2023-10-05","Pre-Public Notice Comments and Response-Fourth Round_Cadillac WWTP.msg","","Misc. NPDES Permit Docs","-7629441400464847672","WRD - NPDES","Permit","MI0020257 v7.0","NPDES Individual Permit","https://mienviro.michigan.gov/ncore/downloadpdf/-7629441400464847672","F:\WWTP DOCUMENT DIVE\Cadillac_MiEnviro_2011-2026\documents\2023-10-05__-7629441400464847672__Pre-Public Notice Comments and Response-Fourth Round_Cadillac WWTP.msg.pdf","Downloaded",""
"2025-10-30","RE_ Cadillac Additional Local Limits Parameters - Proposed Sampling Plan.msg","","Industrial Pretreatment Program (IPP)","-7618620738326605034","WRD - NPDES","Application/Request","HQG-QQ9K-KSZ7V","Schedule - IPP Unscheduled Submissions for Approval","https://mienviro.michigan.gov/ncore/downloadpdf/-7618620738326605034","F:\WWTP DOCUMENT DIVE\Cadillac_MiEnviro_2011-2026\documents\2025-10-30__-7618620738326605034__RE_ Cadillac Additional Local Limits Parameters - Proposed Sampling Plan.msg.pdf","Downloaded",""
"2022-10-28","HML Fall Biosolids.pdf","nForm Document","Form Submission Attachments","-7558384777916551667","WRD - NPDES","Application/Request","HPN-5DCS-H4WTR","Schedule - Biosolids Annual Report","https://mienviro.michigan.gov/ncore/downloadpdf/-7558384777916551667","F:\WWTP DOCUMENT DIVE\Cadillac_MiEnviro_2011-2026\documents\2022-10-28__-7558384777916551667__HML Fall Biosolids.pdf.pdf","Downloaded",""
"2017-05-19","written rpt ammonia NPDES exceedance 051917.msg","","NPDES Misc. Site Docs","-7534533116651044102","n/a","Site","15637","Site","https://mienviro.michigan.gov/ncore/downloadpdf/-7534533116651044102","F:\WWTP DOCUMENT DIVE\Cadillac_MiEnviro_2011-2026\documents\2017-05-19__-7534533116651044102__written rpt ammonia NPDES exceedance 051917.msg.pdf","Downloaded",""
"2021-10-28","Mangement Practices.pdf","FY21 Applier-Site Restrictions Certifications; Midwest Injection Inc.","Form Submission Attachments","-7570309269568142166","WRD - NPDES","Application/Request","HPC-K20Z-68T3J","Schedule - Biosolids Annual Report","https://mienviro.michigan.gov/ncore/downloadpdf/-7570309269568142166","F:\WWTP DOCUMENT DIVE\Cadillac_MiEnviro_2011-2026\documents\2021-10-28__-7570309269568142166__Mangement Practices.pdf.pdf","Downloaded",""
"2018-07-30","APS PFAS Screening.pdf v1","APS PFAS Screening.pdf","Applicant Attachments","-7526274208066539815","WRD - NPDES","Application/Request","HNF-P7H3-DCN87","Schedule - IPP PFAS Interim Report-1","https://mienviro.michigan.gov/ncore/downloadpdf/-7526274208066539815","F:\WWTP DOCUMENT DIVE\Cadillac_MiEnviro_2011-2026\documents\2018-07-30__-7526274208066539815__APS PFAS Screening.pdf v1.pdf","Downloaded",""
"2023-04-10","HPS-A3KN-2FH30 v1.pdf v1","Submission PDF","Misc. Application and Request Docs","-7396306740027901357","WRD - NPDES","Application/Request","HPS-A3KN-2FH30","Schedule - Michigan Industrial Pretreatment Program (IPP) Annual Report","https://mienviro.michigan.gov/ncore/downloadpdf/-7396306740027901357","F:\WWTP DOCUMENT DIVE\Cadillac_MiEnviro_2011-2026\documents\2023-04-10__-7396306740027901357__HPS-A3KN-2FH30 v1.pdf v1.pdf","Downloaded",""
"2021-10-28","HML Spring.pdf","FY21 Fecal Coliform and Salmonella Results-Mar. 3, 2021;","Form Submission Attachments","-7489878598942820947","WRD - NPDES","Application/Request","HPC-K20Z-68T3J","Schedule - Biosolids Annual Report","https://mienviro.michigan.gov/ncore/downloadpdf/-7489878598942820947","F:\WWTP DOCUMENT DIVE\Cadillac_MiEnviro_2011-2026\documents\2021-10-28__-7489878598942820947__HML Spring.pdf.pdf","Downloaded",""
"2023-10-30","230413.biosolids.PFAS.Eurofins.pdf","nForm Document","Form Submission Attachments","-7497999519749080906","WRD - NPDES","Application/Request","HPY-PZSD-5P4KK","Schedule - Biosolids Annual Report","https://mienviro.michigan.gov/ncore/downloadpdf/-7497999519749080906","F:\WWTP DOCUMENT DIVE\Cadillac_MiEnviro_2011-2026\documents\2023-10-30__-7497999519749080906__230413.biosolids.PFAS.Eurofins.pdf.pdf","Downloaded",""
"2013-08-16","Cadillac WWTP Basis for Decision Memo.pdf","Version as public noticed","Conversion - Compliance Action","-7391325481454595778","WRD - NPDES","Permit","MI0020257 v5.0","NPDES Individual Permit","https://mienviro.michigan.gov/ncore/downloadpdf/-7391325481454595778","F:\WWTP DOCUMENT DIVE\Cadillac_MiEnviro_2011-2026\documents\2013-08-16__-7391325481454595778__Cadillac WWTP Basis for Decision Memo.pdf.pdf","Downloaded",""
"2026-03-25","MI0020257_2025-10-01_to_2025-10-31_2_DMR.pdf","","Schedule - DMR Documents","-7324557563678758195","WRD - NPDES","Permit","MI0020257 v7.0","Schedule - DMR","https://mienviro.michigan.gov/ncore/downloadpdf/-7324557563678758195","F:\WWTP DOCUMENT DIVE\Cadillac_MiEnviro_2011-2026\documents\2026-03-25__-7324557563678758195__MI0020257_2025-10-01_to_2025-10-31_2_DMR.pdf.pdf","Downloaded",""
"2017-01-19","DMR Summary - MI0020257 _12_01_2016_to_12_31_2016_V1.docx","DMR Summary Data for period 12/01/2016 - 12/31/2016_V1","Schedule - DMR Documents","-7309370182573156453","WRD - NPDES","Permit","MI0020257 v5.1","NPDES Individual Permit","https://mienviro.michigan.gov/ncore/downloadpdf/-7309370182573156453","F:\WWTP DOCUMENT DIVE\Cadillac_MiEnviro_2011-2026\documents\2017-01-19__-7309370182573156453__DMR Summary - MI0020257 _12_01_2016_to_12_31_2016_V1.docx.pdf","Downloaded",""
"2022-05-02","05-02-22 Ltr to Clare Lowe - EGLE.PDF","","Industrial Pretreatment Program (IPP)","-7296880298012613526","WRD - NPDES","Application/Request","HPH-8HXC-J75GZ","Schedule - Submit Corrective Action Plan","https://mienviro.michigan.gov/ncore/downloadpdf/-7296880298012613526","F:\WWTP DOCUMENT DIVE\Cadillac_MiEnviro_2011-2026\documents\2022-05-02__-7296880298012613526__05-02-22 Ltr to Clare Lowe - EGLE.PDF.pdf","Downloaded",""
"2018-06-12","DMR Summary - MI0020257 _05_01_2018_to_05_31_2018_V1.docx","DMR Summary Data for period 05/01/2018 - 05/31/2018_V1","Schedule - DMR Documents","-7282561946599079844","WRD - NPDES","Permit","MI0020257 v5.1","NPDES Individual Permit","https://mienviro.michigan.gov/ncore/downloadpdf/-7282561946599079844","F:\WWTP DOCUMENT DIVE\Cadillac_MiEnviro_2011-2026\documents\2018-06-12__-7282561946599079844__DMR Summary - MI0020257 _05_01_2018_to_05_31_2018_V1.docx.pdf","Downloaded",""
"2021-10-28","Digester Temps.pdf","FY21 Digester Temperature Log; 6 months worth of data;","Form Submission Attachments","-7341052496516370424","WRD - NPDES","Application/Request","HPC-K20Z-68T3J","Schedule - Biosolids Annual Report","https://mienviro.michigan.gov/ncore/downloadpdf/-7341052496516370424","F:\WWTP DOCUMENT DIVE\Cadillac_MiEnviro_2011-2026\documents\2021-10-28__-7341052496516370424__Digester Temps.pdf.pdf","Downloaded",""
"2019-01-18","DMR Daily - MI0020257 _12_01_2018_to_12_31_2018_V1.docx","DMR Daily Data for period 12/01/2018 - 12/31/2018_V1","Schedule - DMR Documents","-7243398067994145151","WRD - NPDES","Permit","MI0020257 v5.1","NPDES Individual Permit","https://mienviro.michigan.gov/ncore/downloadpdf/-7243398067994145151","F:\WWTP DOCUMENT DIVE\Cadillac_MiEnviro_2011-2026\documents\2019-01-18__-7243398067994145151__DMR Daily - MI0020257 _12_01_2018_to_12_31_2018_V1.docx.pdf","Downloaded",""
"2022-09-13","MI0020257_2022-08-01_to_2022-08-31_DMR.pdf","","Schedule - DMR Documents","-7256055479082035985","WRD - NPDES","Permit","MI0020257 v6.0","Schedule - DMR","https://mienviro.michigan.gov/ncore/downloadpdf/-7256055479082035985","F:\WWTP DOCUMENT DIVE\Cadillac_MiEnviro_2011-2026\documents\2022-09-13__-7256055479082035985__MI0020257_2022-08-01_to_2022-08-31_DMR.pdf.pdf","Downloaded",""
"2018-09-24","EM Tr-Biosolids Incorp Letters.msg","DEQ responds","NPDES Biosolids Site Docs","-7264173746534175124","n/a","Site","15637","Site","https://mienviro.michigan.gov/ncore/downloadpdf/-7264173746534175124","F:\WWTP DOCUMENT DIVE\Cadillac_MiEnviro_2011-2026\documents\2018-09-24__-7264173746534175124__EM Tr-Biosolids Incorp Letters.msg.pdf","Downloaded",""
"2018-02-14","Cadillac WWTP Ammonia Method 021418 email.msg","","NPDES Misc. Site Docs","-7195529521434838094","n/a","Site","15637","Site","https://mienviro.michigan.gov/ncore/downloadpdf/-7195529521434838094","F:\WWTP DOCUMENT DIVE\Cadillac_MiEnviro_2011-2026\documents\2018-02-14__-7195529521434838094__Cadillac WWTP Ammonia Method 021418 email.msg.pdf","Downloaded",""
"2020-10-30","FY20 Land Appl Site Listing-Dry Tonnage Info.pdf","Raw Data Worksheet.pdf; 8 sites used; DT Info and LA dates;","Form Submission Attachments","-7181669812693631837","WRD - NPDES","Application/Request","HP3-HWDR-V8Y73","Schedule - Biosolids Annual Report","https://mienviro.michigan.gov/ncore/downloadpdf/-7181669812693631837","F:\WWTP DOCUMENT DIVE\Cadillac_MiEnviro_2011-2026\documents\2020-10-30__-7181669812693631837__FY20 Land Appl Site Listing-Dry Tonnage Info.pdf.pdf","Downloaded",""
"2019-06-17","DMR Daily - MI0020257 _05_01_2019_to_05_31_2019_V1.docx","DMR Daily Data for period 05/01/2019 - 05/31/2019_V1","Schedule - DMR Documents","-7177345068212001784","WRD - NPDES","Permit","MI0020257 v5.1","NPDES Individual Permit","https://mienviro.michigan.gov/ncore/downloadpdf/-7177345068212001784","F:\WWTP DOCUMENT DIVE\Cadillac_MiEnviro_2011-2026\documents\2019-06-17__-7177345068212001784__DMR Daily - MI0020257 _05_01_2019_to_05_31_2019_V1.docx.pdf","Downloaded",""
"2015-06-15","IPP Profile.pdf","","Conversion - Application / Request","-7233250038345395334","WRD - NPDES","Evaluation","E-91D5-97-E7D2","Pretreatment Compliance Inspection (05/14/2015)","https://mienviro.michigan.gov/ncore/downloadpdf/-7233250038345395334","F:\WWTP DOCUMENT DIVE\Cadillac_MiEnviro_2011-2026\documents\2015-06-15__-7233250038345395334__IPP Profile.pdf.pdf","Downloaded",""
"2016-10-18","DMR Daily - MI0020257 _09_01_2016_to_09_30_2016_V1.docx","DMR Daily Data for period 09/01/2016 - 09/30/2016_V1","Schedule - DMR Documents","-7163848156117307736","WRD - NPDES","Permit","MI0020257 v5.0","NPDES Individual Permit","https://mienviro.michigan.gov/ncore/downloadpdf/-7163848156117307736","F:\WWTP DOCUMENT DIVE\Cadillac_MiEnviro_2011-2026\documents\2016-10-18__-7163848156117307736__DMR Daily - MI0020257 _09_01_2016_to_09_30_2016_V1.docx.pdf","Downloaded",""
"2024-07-10","HQ4-SQ4J-259F6 v3.pdf","Submission PDF","Form Submission Attachments","-7142388875090971516","WRD - NPDES","Application/Request","HQ4-SQ4J-259F6","Schedule - PFAS POTW Effluent Monitoring Report","https://mienviro.michigan.gov/ncore/downloadpdf/-7142388875090971516","F:\WWTP DOCUMENT DIVE\Cadillac_MiEnviro_2011-2026\documents\2024-07-10__-7142388875090971516__HQ4-SQ4J-259F6 v3.pdf.pdf","Downloaded",""
"2016-02-04","Mercury minimization plan letter revised V2.DOC v1","Mercury minimization plan letter revised.doc","Applicant Attachments","-7115642780883598587","WRD - NPDES","Application/Request","2D2-X9KF-HB6N","Schedule - Pollutant Minimization Program (PMP) Annual Report","https://mienviro.michigan.gov/ncore/downloadpdf/-7115642780883598587","F:\WWTP DOCUMENT DIVE\Cadillac_MiEnviro_2011-2026\documents\2016-02-04__-7115642780883598587__Mercury minimization plan letter revised V2.DOC v1.pdf","Downloaded",""
"2018-10-29","FY18 As Applied 21N09W30-GR01.pdf v1","As Applied 21N9W30GR01.pdf","Applicant Attachments","-7032330395000084913","WRD - NPDES","Application/Request","HNH-M790-67ZPK","Schedule - Biosolids Annual Report","https://mienviro.michigan.gov/ncore/downloadpdf/-7032330395000084913","F:\WWTP DOCUMENT DIVE\Cadillac_MiEnviro_2011-2026\documents\2018-10-29__-7032330395000084913__FY18 As Applied 21N09W30-GR01.pdf v1.pdf","Downloaded",""
"2018-09-24","EM-Biosolids Incorp Letters.msg","from facility operator","NPDES Biosolids Site Docs","-7043507367343532193","n/a","Site","15637","Site","https://mienviro.michigan.gov/ncore/downloadpdf/-7043507367343532193","F:\WWTP DOCUMENT DIVE\Cadillac_MiEnviro_2011-2026\documents\2018-09-24__-7043507367343532193__EM-Biosolids Incorp Letters.msg.pdf","Downloaded",""
"2018-08-02","Basis for Decision Memo-FINAL_Cadillac WWTP.docx","","NPDES Individual Permit","-6957847096866406337","WRD - NPDES","Permit","MI0020257 v6.0","NPDES Individual Permit","https://mienviro.michigan.gov/ncore/downloadpdf/-6957847096866406337","F:\WWTP DOCUMENT DIVE\Cadillac_MiEnviro_2011-2026\documents\2018-08-02__-6957847096866406337__Basis for Decision Memo-FINAL_Cadillac WWTP.docx.pdf","Downloaded",""
"2018-12-19","RE_ IPP PFAS Initiative Sampling Guidance_ Suggested Analytes.msg","","Industrial Pretreatment Program (IPP)","-6931018798791595252","n/a","Site","15637","Site","https://mienviro.michigan.gov/ncore/downloadpdf/-6931018798791595252","F:\WWTP DOCUMENT DIVE\Cadillac_MiEnviro_2011-2026\documents\2018-12-19__-6931018798791595252__RE_ IPP PFAS Initiative Sampling Guidance_ Suggested Analytes.msg.pdf","Downloaded",""
"2022-06-16","MI0020257_2022-05-01_to_2022-05-31_DMR.pdf","","Schedule - DMR Documents","-6976748332576932732","WRD - NPDES","Permit","MI0020257 v6.0","Schedule - DMR","https://mienviro.michigan.gov/ncore/downloadpdf/-6976748332576932732","F:\WWTP DOCUMENT DIVE\Cadillac_MiEnviro_2011-2026\documents\2022-06-16__-6976748332576932732__MI0020257_2022-05-01_to_2022-05-31_DMR.pdf.pdf","Downloaded",""
"2025-04-15","MI0020257_2025-03-01_to_2025-03-31_DMR.pdf","","Schedule - DMR Documents","-7015665829450677566","WRD - NPDES","Permit","MI0020257 v7.0","Schedule - DMR","https://mienviro.michigan.gov/ncore/downloadpdf/-7015665829450677566","F:\WWTP DOCUMENT DIVE\Cadillac_MiEnviro_2011-2026\documents\2025-04-15__-7015665829450677566__MI0020257_2025-03-01_to_2025-03-31_DMR.pdf.pdf","Downloaded",""
"2021-11-04","2021-11-04 Follow-up to VN-012230 Extension Request - City of Cadillac.pdf","","Water Quality VNs, SVNs, ENs","-6888435979687265980","WRD - NPDES","Compliance Action","VN-012230","Violation Notice","https://mienviro.michigan.gov/ncore/downloadpdf/-6888435979687265980","F:\WWTP DOCUMENT DIVE\Cadillac_MiEnviro_2011-2026\documents\2021-11-04__-6888435979687265980__2021-11-04 Follow-up to VN-012230 Extension Request - City of Cadillac.pdf.pdf","Downloaded",""
"2024-12-16","854440 Cadillac MAHL Report Dec2024_Combined Final (2).pdf","Revised MAHL submitted under the incorrect schedule.","Industrial Pretreatment Program (IPP)","-7067429303309482327","WRD - NPDES","Application/Request","HPV-DHMB-MCAGV","Schedule - Submit MAHL and proposed local limits","https://mienviro.michigan.gov/ncore/downloadpdf/-7067429303309482327","F:\WWTP DOCUMENT DIVE\Cadillac_MiEnviro_2011-2026\documents\2024-12-16__-7067429303309482327__854440 Cadillac MAHL Report Dec2024_Combined Final (2).pdf.pdf","Downloaded",""
"2016-03-16","DMR Daily - MI0020257 _02_01_2016_to_02_29_2016_V1.docx","DMR Daily Data for period 02/01/2016 - 02/29/2016_V1","Schedule - DMR Documents","-6884866009572813818","WRD - NPDES","Permit","MI0020257 v5.0","NPDES Individual Permit","https://mienviro.michigan.gov/ncore/downloadpdf/-6884866009572813818","F:\WWTP DOCUMENT DIVE\Cadillac_MiEnviro_2011-2026\documents\2016-03-16__-6884866009572813818__DMR Daily - MI0020257 _02_01_2016_to_02_29_2016_V1.docx.pdf","Downloaded",""
"2026-03-25","MI0020257_2024-10-01_to_2024-10-31_2_DMR.pdf","","Schedule - DMR Documents","-6883744622283512660","WRD - NPDES","Permit","MI0020257 v7.0","Schedule - DMR","https://mienviro.michigan.gov/ncore/downloadpdf/-6883744622283512660","F:\WWTP DOCUMENT DIVE\Cadillac_MiEnviro_2011-2026\documents\2026-03-25__-6883744622283512660__MI0020257_2024-10-01_to_2024-10-31_2_DMR.pdf.pdf","Downloaded",""
"2025-01-15","Digester Detention Times.pdf","nForm Document","Form Submission Attachments","-6881359030424666038","WRD - NPDES","Application/Request","HQ7-KAAW-2S9Y5","Schedule - Biosolids Annual Report","https://mienviro.michigan.gov/ncore/downloadpdf/-6881359030424666038","F:\WWTP DOCUMENT DIVE\Cadillac_MiEnviro_2011-2026\documents\2025-01-15__-6881359030424666038__Digester Detention Times.pdf.pdf","Downloaded",""
"2018-12-14","Cadillac_PFAS RE_ Voicemail Message.msg","IPP PFAS Interim Rpt discussion correspondence","Industrial Pretreatment Program (IPP)","-7023703655846332926","WRD - NPDES","Application/Request","HNF-P7H3-DCN87","Schedule - IPP PFAS Interim Report-1","https://mienviro.michigan.gov/ncore/downloadpdf/-7023703655846332926","F:\WWTP DOCUMENT DIVE\Cadillac_MiEnviro_2011-2026\documents\2018-12-14__-7023703655846332926__Cadillac_PFAS RE_ Voicemail Message.msg.pdf","Downloaded",""
"2017-04-03","REC BOAT CABINETRY.docx v1","REC BOAT CABINETRY.docx","Applicant Attachments","-6842767691186545255","WRD - NPDES","Application/Request","2Q7-HQ21-P66B","Permit Change - National Pollutant Discharge Elimination System (NPDES) Municipal Application Form (Reissuance)","https://mienviro.michigan.gov/ncore/downloadpdf/-6842767691186545255","F:\WWTP DOCUMENT DIVE\Cadillac_MiEnviro_2011-2026\documents\2017-04-03__-6842767691186545255__REC BOAT CABINETRY.docx v1.pdf","Downloaded",""
"2012-03-26","Cadillac WWTP Application.pdf","","Conversion - Compliance Action","-7021570928602701902","WRD - NPDES","Permit","MI0020257 v5.0","NPDES Individual Permit","https://mienviro.michigan.gov/ncore/downloadpdf/-7021570928602701902","F:\WWTP DOCUMENT DIVE\Cadillac_MiEnviro_2011-2026\documents\2012-03-26__-7021570928602701902__Cadillac WWTP Application.pdf.pdf","Downloaded",""
"2017-04-03","REC BOAT SPORT.docx v1","REC BOAT SPORT.docx","Applicant Attachments","-6756834478233780033","WRD - NPDES","Application/Request","2Q7-HQ21-P66B","Permit Change - National Pollutant Discharge Elimination System (NPDES) Municipal Application Form (Reissuance)","https://mienviro.michigan.gov/ncore/downloadpdf/-6756834478233780033","F:\WWTP DOCUMENT DIVE\Cadillac_MiEnviro_2011-2026\documents\2017-04-03__-6756834478233780033__REC BOAT SPORT.docx v1.pdf","Downloaded",""
"2023-10-30","TVS & 38% Reduction 2023.xlsx","nForm Document","Form Submission Attachments","-6824609228541828470","WRD - NPDES","Application/Request","HPY-PZSD-5P4KK","Schedule - Biosolids Annual Report","https://mienviro.michigan.gov/ncore/downloadpdf/-6824609228541828470","F:\WWTP DOCUMENT DIVE\Cadillac_MiEnviro_2011-2026\documents\2023-10-30__-6824609228541828470__TVS & 38% Reduction 2023.xlsx.pdf","Downloaded",""
"2022-10-28","220328.Metals.biosolids.PACE.pdf","nForm Document","Form Submission Attachments","-6794089825706926283","WRD - NPDES","Application/Request","HPN-5DCS-H4WTR","Schedule - Biosolids Annual Report","https://mienviro.michigan.gov/ncore/downloadpdf/-6794089825706926283","F:\WWTP DOCUMENT DIVE\Cadillac_MiEnviro_2011-2026\documents\2022-10-28__-6794089825706926283__220328.Metals.biosolids.PACE.pdf.pdf","Downloaded",""
"2025-10-21","22N11W25-RBL03.pdf","nForm Document","Form Submission Attachments","-6880457329183141828","WRD - NPDES","Application/Request","HQG-GM42-A2DBC","Schedule - Biosolids Annual Report","https://mienviro.michigan.gov/ncore/downloadpdf/-6880457329183141828","F:\WWTP DOCUMENT DIVE\Cadillac_MiEnviro_2011-2026\documents\2025-10-21__-6880457329183141828__22N11W25-RBL03.pdf.pdf","Downloaded",""
"2016-01-11","Cadillac WWTP DMRQA 35.pdf","","NPDES Misc. Site Docs","-6731013379800742486","n/a","Site","15637","Site","https://mienviro.michigan.gov/ncore/downloadpdf/-6731013379800742486","F:\WWTP DOCUMENT DIVE\Cadillac_MiEnviro_2011-2026\documents\2016-01-11__-6731013379800742486__Cadillac WWTP DMRQA 35.pdf.pdf","Downloaded",""
"2023-03-15","MI0020257_2023-02-01_to_2023-02-28_DMR.pdf","","Schedule - DMR Documents","-6731272644299148160","WRD - NPDES","Permit","MI0020257 v6.0","Schedule - DMR","https://mienviro.michigan.gov/ncore/downloadpdf/-6731272644299148160","F:\WWTP DOCUMENT DIVE\Cadillac_MiEnviro_2011-2026\documents\2023-03-15__-6731272644299148160__MI0020257_2023-02-01_to_2023-02-28_DMR.pdf.pdf","Downloaded",""
"2011-02-15","DEQ-Laboratory Report-CDWWTP.txt","","Conversion - Application / Request","-6709596324584446127","WRD - NPDES","Evaluation","E-3F12-26-C65D","CSI-Conventionals Only (02/03/2011)","https://mienviro.michigan.gov/ncore/downloadpdf/-6709596324584446127","F:\WWTP DOCUMENT DIVE\Cadillac_MiEnviro_2011-2026\documents\2011-02-15__-6709596324584446127__DEQ-Laboratory Report-CDWWTP.txt.pdf","Downloaded",""
"2023-06-29","Public Notice Document_Cadillac WWTP.docx","","NPDES Individual Permit","-6680653334060657986","WRD - NPDES","Permit","MI0020257 v7.0","NPDES Individual Permit","https://mienviro.michigan.gov/ncore/downloadpdf/-6680653334060657986","F:\WWTP DOCUMENT DIVE\Cadillac_MiEnviro_2011-2026\documents\2023-06-29__-6680653334060657986__Public Notice Document_Cadillac WWTP.docx.pdf","Downloaded",""
"2022-12-05","PLANT SEWER LINES.pdf","Categorical determination for Cadillac Casting - Sewer Lines document","Industrial Pretreatment Program (IPP)","-6727498971597060316","n/a","Site","15637","Site","https://mienviro.michigan.gov/ncore/downloadpdf/-6727498971597060316","F:\WWTP DOCUMENT DIVE\Cadillac_MiEnviro_2011-2026\documents\2022-12-05__-6727498971597060316__PLANT SEWER LINES.pdf.pdf","Downloaded",""
"2018-04-13","DMR Summary - MI0020257 _03_01_2018_to_03_31_2018_V1.docx","DMR Summary Data for period 03/01/2018 - 03/31/2018_V1","Schedule - DMR Documents","-6721065085631102069","WRD - NPDES","Permit","MI0020257 v5.1","NPDES Individual Permit","https://mienviro.michigan.gov/ncore/downloadpdf/-6721065085631102069","F:\WWTP DOCUMENT DIVE\Cadillac_MiEnviro_2011-2026\documents\2018-04-13__-6721065085631102069__DMR Summary - MI0020257 _03_01_2018_to_03_31_2018_V1.docx.pdf","Downloaded",""
"2022-04-19","LocalLimitsReview_Cadillac WWTP_4-19-2022.pdf","Local Limits IPP Biologist Memo and PEL Sheets","Misc. Application and Request Docs","-6670479302323436273","WRD - NPDES","Application/Request","HPG-XCC7-NCG09","Application - IPP Local Limits WQBEL Request Form","https://mienviro.michigan.gov/ncore/downloadpdf/-6670479302323436273","F:\WWTP DOCUMENT DIVE\Cadillac_MiEnviro_2011-2026\documents\2022-04-19__-6670479302323436273__LocalLimitsReview_Cadillac WWTP_4-19-2022.pdf.pdf","Downloaded",""
"2017-10-30","Cadillac WWTP Oct 2017 BOD email 103017.msg","NPDES limit exceedance correspondence","Misc Site Docs","-6671969809514163421","n/a","Site","15637","Site","https://mienviro.michigan.gov/ncore/downloadpdf/-6671969809514163421","F:\WWTP DOCUMENT DIVE\Cadillac_MiEnviro_2011-2026\documents\2017-10-30__-6671969809514163421__Cadillac WWTP Oct 2017 BOD email 103017.msg.pdf","Downloaded",""
"2018-03-28","HNB-J69X-W1FHA V1.pdf v1","","Misc. Application and Request Docs","-6666933816233107755","WRD - NPDES","Application/Request","HNB-J69X-W1FHA","Schedule - Michigan Industrial Pretreatment Program Annual Report","https://mienviro.michigan.gov/ncore/downloadpdf/-6666933816233107755","F:\WWTP DOCUMENT DIVE\Cadillac_MiEnviro_2011-2026\documents\2018-03-28__-6666933816233107755__HNB-J69X-W1FHA V1.pdf v1.pdf","Downloaded",""
"2019-04-11","UpdatedWQBELBiologistReview_MI0020257_4-11-2019.doc","Updated WQBEL Biologist Recommendations Memo dated 4/11/2019","Misc. Application and Request Docs","-6616581335313556719","WRD - NPDES","Application/Request","2Q7-HQ21-P66B","Permit Change - National Pollutant Discharge Elimination System (NPDES) Municipal Application Form (Reissuance)","https://mienviro.michigan.gov/ncore/downloadpdf/-6616581335313556719","F:\WWTP DOCUMENT DIVE\Cadillac_MiEnviro_2011-2026\documents\2019-04-11__-6616581335313556719__UpdatedWQBELBiologistReview_MI0020257_4-11-2019.doc.pdf","Downloaded",""
"2019-02-22","J17646-1 UDS Level 2 Report Final Report.pdf","IPP PFAS Summ Rpt discussion documents","Industrial Pretreatment Program (IPP)","-6674021578952107390","WRD - NPDES","Application/Request","HNJ-P0ZX-8AVDS","Schedule - IPP PFAS Summary Report","https://mienviro.michigan.gov/ncore/downloadpdf/-6674021578952107390","F:\WWTP DOCUMENT DIVE\Cadillac_MiEnviro_2011-2026\documents\2019-02-22__-6674021578952107390__J17646-1 UDS Level 2 Report Final Report.pdf.pdf","Downloaded",""
"2025-09-15","MI0020257_2025-08-01_to_2025-08-31_DMR.pdf","","Schedule - DMR Documents","-6645238760247438612","WRD - NPDES","Permit","MI0020257 v7.0","Schedule - DMR","https://mienviro.michigan.gov/ncore/downloadpdf/-6645238760247438612","F:\WWTP DOCUMENT DIVE\Cadillac_MiEnviro_2011-2026\documents\2025-09-15__-6645238760247438612__MI0020257_2025-08-01_to_2025-08-31_DMR.pdf.pdf","Downloaded",""
"2017-05-17","DMR Daily - MI0020257 _04_01_2017_to_04_30_2017_V1.docx","DMR Daily Data for period 04/01/2017 - 04/30/2017_V1","Schedule - DMR Documents","-6506352065203311462","WRD - NPDES","Permit","MI0020257 v5.1","NPDES Individual Permit","https://mienviro.michigan.gov/ncore/downloadpdf/-6506352065203311462","F:\WWTP DOCUMENT DIVE\Cadillac_MiEnviro_2011-2026\documents\2017-05-17__-6506352065203311462__DMR Daily - MI0020257 _04_01_2017_to_04_30_2017_V1.docx.pdf","Downloaded",""
"2026-03-24","Cadillac POTW Oversight 2025.xlsx","nForm Document","Form Submission Attachments","-6483532604420044350","WRD - NPDES","Application/Request","HQM-9QCZ-PE5QR","Schedule - Michigan Industrial Pretreatment Program (IPP) Annual Report","https://mienviro.michigan.gov/ncore/downloadpdf/-6483532604420044350","F:\WWTP DOCUMENT DIVE\Cadillac_MiEnviro_2011-2026\documents\2026-03-24__-6483532604420044350__Cadillac POTW Oversight 2025.xlsx.pdf","Downloaded",""
"2018-10-29","DMR Summary - MI0020257 _10_01_2017_to_09_30_2018_V1.docx","DMR Summary Data for period 10/01/2017 - 09/30/2018_V1","Schedule - DMR Documents","-6472403507316648453","WRD - NPDES","Permit","MI0020257 v5.1","NPDES Individual Permit","https://mienviro.michigan.gov/ncore/downloadpdf/-6472403507316648453","F:\WWTP DOCUMENT DIVE\Cadillac_MiEnviro_2011-2026\documents\2018-10-29__-6472403507316648453__DMR Summary - MI0020257 _10_01_2017_to_09_30_2018_V1.docx.pdf","Downloaded",""
"2025-10-21","21n08w30-AB02.pdf","nForm Document","Form Submission Attachments","-6501159339708416890","WRD - NPDES","Application/Request","HQG-GM42-A2DBC","Schedule - Biosolids Annual Report","https://mienviro.michigan.gov/ncore/downloadpdf/-6501159339708416890","F:\WWTP DOCUMENT DIVE\Cadillac_MiEnviro_2011-2026\documents\2025-10-21__-6501159339708416890__21n08w30-AB02.pdf.pdf","Downloaded",""
"2016-05-16","DMR Daily - MI0020257 _04_01_2016_to_04_30_2016_V1.docx","DMR Daily Data for period 04/01/2016 - 04/30/2016_V1","Schedule - DMR Documents","-6425285818055725556","WRD - NPDES","Permit","MI0020257 v5.0","NPDES Individual Permit","https://mienviro.michigan.gov/ncore/downloadpdf/-6425285818055725556","F:\WWTP DOCUMENT DIVE\Cadillac_MiEnviro_2011-2026\documents\2016-05-16__-6425285818055725556__DMR Daily - MI0020257 _04_01_2016_to_04_30_2016_V1.docx.pdf","Downloaded",""
"2023-10-30","230413.biosolids.pathogens.HML.pdf","nForm Document","Form Submission Attachments","-6451230067817997181","WRD - NPDES","Application/Request","HPY-PZSD-5P4KK","Schedule - Biosolids Annual Report","https://mienviro.michigan.gov/ncore/downloadpdf/-6451230067817997181","F:\WWTP DOCUMENT DIVE\Cadillac_MiEnviro_2011-2026\documents\2023-10-30__-6451230067817997181__230413.biosolids.pathogens.HML.pdf.pdf","Downloaded",""
"2021-07-20","MI0020257_2021-06-01_to_2021-06-30_1_DMR.pdf","","Schedule - DMR Documents","-6400240489053772159","WRD - NPDES","Permit","MI0020257 v6.0","Schedule - DMR","https://mienviro.michigan.gov/ncore/downloadpdf/-6400240489053772159","F:\WWTP DOCUMENT DIVE\Cadillac_MiEnviro_2011-2026\documents\2021-07-20__-6400240489053772159__MI0020257_2021-06-01_to_2021-06-30_1_DMR.pdf.pdf","Downloaded",""
"2018-07-30","Mich Rubber Response.pdf v1","Mich Rubber Response.pdf","Applicant Attachments","-6363618274501369148","WRD - NPDES","Application/Request","HNF-P7H3-DCN87","Schedule - IPP PFAS Interim Report-1","https://mienviro.michigan.gov/ncore/downloadpdf/-6363618274501369148","F:\WWTP DOCUMENT DIVE\Cadillac_MiEnviro_2011-2026\documents\2018-07-30__-6363618274501369148__Mich Rubber Response.pdf v1.pdf","Downloaded",""
"2025-10-21","Biosolids Lab&Hauling Sheet Spring 2025.xlsx","nForm Document","Form Submission Attachments","-6343434200269479220","WRD - NPDES","Application/Request","HQG-GM42-A2DBC","Schedule - Biosolids Annual Report","https://mienviro.michigan.gov/ncore/downloadpdf/-6343434200269479220","F:\WWTP DOCUMENT DIVE\Cadillac_MiEnviro_2011-2026\documents\2025-10-21__-6343434200269479220__Biosolids Lab&Hauling Sheet Spring 2025.xlsx.pdf","Downloaded",""
"2019-04-18","DMR Summary - MI0020257 _03_01_2019_to_03_31_2019_V1.docx","DMR Summary Data for period 03/01/2019 - 03/31/2019_V1","Schedule - DMR Documents","-6347209655776258364","WRD - NPDES","Permit","MI0020257 v5.1","NPDES Individual Permit","https://mienviro.michigan.gov/ncore/downloadpdf/-6347209655776258364","F:\WWTP DOCUMENT DIVE\Cadillac_MiEnviro_2011-2026\documents\2019-04-18__-6347209655776258364__DMR Summary - MI0020257 _03_01_2019_to_03_31_2019_V1.docx.pdf","Downloaded",""
"2025-10-21","21N09W25-AB01.pdf","nForm Document","Form Submission Attachments","-6374841911455111305","WRD - NPDES","Application/Request","HQG-GM42-A2DBC","Schedule - Biosolids Annual Report","https://mienviro.michigan.gov/ncore/downloadpdf/-6374841911455111305","F:\WWTP DOCUMENT DIVE\Cadillac_MiEnviro_2011-2026\documents\2025-10-21__-6374841911455111305__21N09W25-AB01.pdf.pdf","Downloaded",""
"2019-02-22","FW_ TestAmerica invoice and report files from 190-18507-1 WWTP - Biosolids.msg","IPP PFAS Summ Rpt discussion documents","Industrial Pretreatment Program (IPP)","-6388272437855274765","WRD - NPDES","Application/Request","HNJ-P0ZX-8AVDS","Schedule - IPP PFAS Summary Report","https://mienviro.michigan.gov/ncore/downloadpdf/-6388272437855274765","F:\WWTP DOCUMENT DIVE\Cadillac_MiEnviro_2011-2026\documents\2019-02-22__-6388272437855274765__FW_ TestAmerica invoice and report files from 190-18507-1 WWTP - Biosolids.msg.pdf","Downloaded",""
"2022-05-17","Cadillac WWTP PFAS RMP Modification.pdf","","Misc Site Docs","-6368852271337137347","n/a","Site","15637","Site","https://mienviro.michigan.gov/ncore/downloadpdf/-6368852271337137347","F:\WWTP DOCUMENT DIVE\Cadillac_MiEnviro_2011-2026\documents\2022-05-17__-6368852271337137347__Cadillac WWTP PFAS RMP Modification.pdf.pdf","Downloaded",""
"2017-12-04","Cadillac WWTP Nov 2017 BOD Notice 120417.msg","NPDES limit exceedance correspondence","Misc Site Docs","-6334666196725602947","n/a","Site","15637","Site","https://mienviro.michigan.gov/ncore/downloadpdf/-6334666196725602947","F:\WWTP DOCUMENT DIVE\Cadillac_MiEnviro_2011-2026\documents\2017-12-04__-6334666196725602947__Cadillac WWTP Nov 2017 BOD Notice 120417.msg.pdf","Downloaded",""
"2023-03-02","22.04.Inf.Eff.LLHg.Pace.pdf","nForm Document","Form Submission Attachments","-6341729527407241338","WRD - NPDES","Application/Request","HPR-V2MX-EVFMF","Schedule - Pollutant Minimization Program (PMP) Annual Report","https://mienviro.michigan.gov/ncore/downloadpdf/-6341729527407241338","F:\WWTP DOCUMENT DIVE\Cadillac_MiEnviro_2011-2026\documents\2023-03-02__-6341729527407241338__22.04.Inf.Eff.LLHg.Pace.pdf.pdf","Downloaded",""
"2024-03-14","Public Notice of IPP Violation 2023.pdf","nForm Document","Form Submission Attachments","-6270738930326041252","WRD - NPDES","Application/Request","HQ2-3J17-F59S4","Schedule - Michigan Industrial Pretreatment Program (IPP) Annual Report","https://mienviro.michigan.gov/ncore/downloadpdf/-6270738930326041252","F:\WWTP DOCUMENT DIVE\Cadillac_MiEnviro_2011-2026\documents\2024-03-14__-6270738930326041252__Public Notice of IPP Violation 2023.pdf.pdf","Downloaded",""
"2023-08-15","MI0020257_2023-07-01_to_2023-07-31_DMR.pdf","","Schedule - DMR Documents","-6276326128858613540","WRD - NPDES","Permit","MI0020257 v6.0","Schedule - DMR","https://mienviro.michigan.gov/ncore/downloadpdf/-6276326128858613540","F:\WWTP DOCUMENT DIVE\Cadillac_MiEnviro_2011-2026\documents\2023-08-15__-6276326128858613540__MI0020257_2023-07-01_to_2023-07-31_DMR.pdf.pdf","Downloaded",""
"2018-09-24","MII Letter to Cadillac WWTP - Biosolids Incorporation.pdf","came w/ email from facility operator","NPDES Biosolids Site Docs","-6232070511699409849","n/a","Site","15637","Site","https://mienviro.michigan.gov/ncore/downloadpdf/-6232070511699409849","F:\WWTP DOCUMENT DIVE\Cadillac_MiEnviro_2011-2026\documents\2018-09-24__-6232070511699409849__MII Letter to Cadillac WWTP - Biosolids Incorporation.pdf.pdf","Downloaded",""
"2023-10-09","Public Notice Notification_Cadillac WWTP.msg","","Misc. NPDES Permit Docs","-6211174137511669758","WRD - NPDES","Permit","MI0020257 v7.0","NPDES Individual Permit","https://mienviro.michigan.gov/ncore/downloadpdf/-6211174137511669758","F:\WWTP DOCUMENT DIVE\Cadillac_MiEnviro_2011-2026\documents\2023-10-09__-6211174137511669758__Public Notice Notification_Cadillac WWTP.msg.pdf","Downloaded",""
"2019-03-20","SIU-CIU_List.xlsx v1","1. Please provide a list of all SIUs and CIUs covered by the Control Authority’s pretreatment program. Use the template above.","Applicant Attachments","-6173827553342443142","WRD - NPDES","Application/Request","HNN-0QFE-AG22Q","Schedule - Michigan Industrial Pretreatment Program (IPP) Annual Report","https://mienviro.michigan.gov/ncore/downloadpdf/-6173827553342443142","F:\WWTP DOCUMENT DIVE\Cadillac_MiEnviro_2011-2026\documents\2019-03-20__-6173827553342443142__SIU-CIU_List.xlsx v1.pdf","Downloaded",""
"2020-10-30","FY20 Applier Certification- VAR.pdf","Vector attraction reduction documentation; Vector Attraction Reduction.pdf;","Form Submission Attachments","-6228740327260048235","WRD - NPDES","Application/Request","HP3-HWDR-V8Y73","Schedule - Biosolids Annual Report","https://mienviro.michigan.gov/ncore/downloadpdf/-6228740327260048235","F:\WWTP DOCUMENT DIVE\Cadillac_MiEnviro_2011-2026\documents\2020-10-30__-6228740327260048235__FY20 Applier Certification- VAR.pdf.pdf","Downloaded",""
"2012-03-26","Cadillac WWTP Fish Toxicity Tests.pdf","","Conversion - Compliance Action","-6207937354821693834","WRD - NPDES","Permit","MI0020257 v5.0","NPDES Individual Permit","https://mienviro.michigan.gov/ncore/downloadpdf/-6207937354821693834","F:\WWTP DOCUMENT DIVE\Cadillac_MiEnviro_2011-2026\documents\2012-03-26__-6207937354821693834__Cadillac WWTP Fish Toxicity Tests.pdf.pdf","Downloaded",""
"2016-02-29","VN response from City.Feb 29 2016.pdf","","Water Quality Compliance Communication Docs","-6168521012883685018","WRD - NPDES","Compliance Action","VN-006346","Violation Notice","https://mienviro.michigan.gov/ncore/downloadpdf/-6168521012883685018","F:\WWTP DOCUMENT DIVE\Cadillac_MiEnviro_2011-2026\documents\2016-02-29__-6168521012883685018__VN response from City.Feb 29 2016.pdf.pdf","Downloaded",""
"2019-06-18","DMR Daily - MI0020257 _05_01_2017_to_05_31_2017_V3.docx","DMR Daily Data for period 05/01/2017 - 05/31/2017_V3","Schedule - DMR Documents","-6154530361140832098","WRD - NPDES","Permit","MI0020257 v5.1","NPDES Individual Permit","https://mienviro.michigan.gov/ncore/downloadpdf/-6154530361140832098","F:\WWTP DOCUMENT DIVE\Cadillac_MiEnviro_2011-2026\documents\2019-06-18__-6154530361140832098__DMR Daily - MI0020257 _05_01_2017_to_05_31_2017_V3.docx.pdf","Downloaded",""
"2018-03-16","AlternateTestMethod-Ammonia_MI0020257_3-2-2018.msg","","Misc Site Docs","-6162908203363123759","n/a","Site","15637","Site","https://mienviro.michigan.gov/ncore/downloadpdf/-6162908203363123759","F:\WWTP DOCUMENT DIVE\Cadillac_MiEnviro_2011-2026\documents\2018-03-16__-6162908203363123759__AlternateTestMethod-Ammonia_MI0020257_3-2-2018.msg.pdf","Downloaded",""
"2013-11-13","Cadillac WWTP Draft Permit 9-25-13.pdf","With revised Asset Management Lang","Conversion - Compliance Action","-6131834195465596614","WRD - NPDES","Permit","MI0020257 v5.0","NPDES Individual Permit","https://mienviro.michigan.gov/ncore/downloadpdf/-6131834195465596614","F:\WWTP DOCUMENT DIVE\Cadillac_MiEnviro_2011-2026\documents\2013-11-13__-6131834195465596614__Cadillac WWTP Draft Permit 9-25-13.pdf.pdf","Downloaded",""
"2023-12-19","MI0020257_2023-11-01_to_2023-11-30_DMR.pdf","","Schedule - DMR Documents","-6153695210689889833","WRD - NPDES","Permit","MI0020257 v6.0","Schedule - DMR","https://mienviro.michigan.gov/ncore/downloadpdf/-6153695210689889833","F:\WWTP DOCUMENT DIVE\Cadillac_MiEnviro_2011-2026\documents\2023-12-19__-6153695210689889833__MI0020257_2023-11-01_to_2023-11-30_DMR.pdf.pdf","Downloaded",""
"2019-04-11","UpdatedPELSheet_MI0020257_4-11-2019.pdf","Updated PEL Sheet dated 4/11/2019.","Misc. Application and Request Docs","-6131647309696466399","WRD - NPDES","Application/Request","2Q7-HQ21-P66B","Permit Change - National Pollutant Discharge Elimination System (NPDES) Municipal Application Form (Reissuance)","https://mienviro.michigan.gov/ncore/downloadpdf/-6131647309696466399","F:\WWTP DOCUMENT DIVE\Cadillac_MiEnviro_2011-2026\documents\2019-04-11__-6131647309696466399__UpdatedPELSheet_MI0020257_4-11-2019.pdf.pdf","Downloaded",""
"2016-07-15","DMR Summary - MI0020257 _06_01_2016_to_06_30_2016_V1.docx","DMR Summary Data for period 06/01/2016 - 06/30/2016_V1","Schedule - DMR Documents","-6126364658004482120","WRD - NPDES","Permit","MI0020257 v5.0","NPDES Individual Permit","https://mienviro.michigan.gov/ncore/downloadpdf/-6126364658004482120","F:\WWTP DOCUMENT DIVE\Cadillac_MiEnviro_2011-2026\documents\2016-07-15__-6126364658004482120__DMR Summary - MI0020257 _06_01_2016_to_06_30_2016_V1.docx.pdf","Downloaded",""
"2018-03-19","DMR Summary - MI0020257 _02_01_2018_to_02_28_2018_V1.docx","DMR Summary Data for period 02/01/2018 - 02/28/2018_V1","Schedule - DMR Documents","-6076810724525433677","WRD - NPDES","Permit","MI0020257 v5.1","NPDES Individual Permit","https://mienviro.michigan.gov/ncore/downloadpdf/-6076810724525433677","F:\WWTP DOCUMENT DIVE\Cadillac_MiEnviro_2011-2026\documents\2018-03-19__-6076810724525433677__DMR Summary - MI0020257 _02_01_2018_to_02_28_2018_V1.docx.pdf","Downloaded",""
"2025-06-11","HQD-8ZEE-2KJD5_v1.pdf","Submission PDF","Form Submission Attachments","-6063287590384448481","WRD - NPDES","Application/Request","HQD-8ZEE-2KJD5","Schedule - Certification of Completion of Additional Monitoring Requirements","https://mienviro.michigan.gov/ncore/downloadpdf/-6063287590384448481","F:\WWTP DOCUMENT DIVE\Cadillac_MiEnviro_2011-2026\documents\2025-06-11__-6063287590384448481__HQD-8ZEE-2KJD5_v1.pdf.pdf","Downloaded",""
"2022-11-09","22.04.Eff.PFASedd.Fibertec.xls","nForm Document","Form Submission Attachments","-6065102162656990709","WRD - NPDES","Application/Request","HPP-2914-8S45C","Schedule - PFAS POTW Effluent Monitoring Report","https://mienviro.michigan.gov/ncore/downloadpdf/-6065102162656990709","F:\WWTP DOCUMENT DIVE\Cadillac_MiEnviro_2011-2026\documents\2022-11-09__-6065102162656990709__22.04.Eff.PFASedd.Fibertec.xls.pdf","Downloaded",""
"2022-06-23","HPC-K20Z-68T3J V2.pdf v2","Submission PDF","Misc. Application and Request Docs","-6056841659418736604","WRD - NPDES","Application/Request","HPC-K20Z-68T3J","Schedule - Biosolids Annual Report","https://mienviro.michigan.gov/ncore/downloadpdf/-6056841659418736604","F:\WWTP DOCUMENT DIVE\Cadillac_MiEnviro_2011-2026\documents\2022-06-23__-6056841659418736604__HPC-K20Z-68T3J V2.pdf v2.pdf","Downloaded",""
"2020-04-29","EM-FY20 RMP Mod Approval Letter.msg","RMP Mod Approval Letter FY20 Email Correspondence","Misc. Submittal Docs","-6039639665655559987","WRD - NPDES","Application/Request","HNX-E8Q7-TQ4BF","Schedule - Biosolids Residuals Management Program (RMP) Submittal or Modification","https://mienviro.michigan.gov/ncore/downloadpdf/-6039639665655559987","F:\WWTP DOCUMENT DIVE\Cadillac_MiEnviro_2011-2026\documents\2020-04-29__-6039639665655559987__EM-FY20 RMP Mod Approval Letter.msg.pdf","Downloaded",""
"2026-02-13","MI0020257_2026-01-01_to_2026-01-31_DMR.pdf","","Schedule - DMR Documents","-6034143549699434901","WRD - NPDES","Permit","MI0020257 v7.0","Schedule - DMR","https://mienviro.michigan.gov/ncore/downloadpdf/-6034143549699434901","F:\WWTP DOCUMENT DIVE\Cadillac_MiEnviro_2011-2026\documents\2026-02-13__-6034143549699434901__MI0020257_2026-01-01_to_2026-01-31_DMR.pdf.pdf","Downloaded",""
"2018-05-08","EM-Hauling Info.msg","from Fac. Cont./Cert. Oper.","NPDES Biosolids Evaluation","-6061985621999773483","WRD - NPDES","Evaluation","E-DHWW-FYB-ZBN","Biosolids Audit (05/11/2018)","https://mienviro.michigan.gov/ncore/downloadpdf/-6061985621999773483","F:\WWTP DOCUMENT DIVE\Cadillac_MiEnviro_2011-2026\documents\2018-05-08__-6061985621999773483__EM-Hauling Info.msg.pdf","Downloaded",""
"2013-08-16","Public Notice Notification.doc","Public Notice Notification","Conversion - Permit","-6015990787720855289","WRD - NPDES","Permit","MI0020257 v5.0","NPDES Individual Permit","https://mienviro.michigan.gov/ncore/downloadpdf/-6015990787720855289","F:\WWTP DOCUMENT DIVE\Cadillac_MiEnviro_2011-2026\documents\2013-08-16__-6015990787720855289__Public Notice Notification.doc.pdf","Downloaded",""
"2018-03-28","POTW_Monitoring_Data_Summary.xlsx v1","POTW_Monitoring_Data_Summary.xlsx","Applicant Attachments","-6012504194437617428","WRD - NPDES","Application/Request","HNB-J69X-W1FHA","Schedule - Michigan Industrial Pretreatment Program Annual Report","https://mienviro.michigan.gov/ncore/downloadpdf/-6012504194437617428","F:\WWTP DOCUMENT DIVE\Cadillac_MiEnviro_2011-2026\documents\2018-03-28__-6012504194437617428__POTW_Monitoring_Data_Summary.xlsx v1.pdf","Downloaded",""
"2024-10-30","TVS & 38% Reduction 2024.xlsx","nForm Document","Form Submission Attachments","-6011635340153448138","WRD - NPDES","Application/Request","HQ7-KAAW-2S9Y5","Schedule - Biosolids Annual Report","https://mienviro.michigan.gov/ncore/downloadpdf/-6011635340153448138","F:\WWTP DOCUMENT DIVE\Cadillac_MiEnviro_2011-2026\documents\2024-10-30__-6011635340153448138__TVS & 38% Reduction 2024.xlsx.pdf","Downloaded",""
"2023-12-27","HQ0-715X-88YTN v1.pdf","Submission PDF","Form Submission Attachments","-5932251857499979435","WRD - NPDES","Application/Request","HQ0-715X-88YTN","Schedule - PFAS POTW Effluent Monitoring Report","https://mienviro.michigan.gov/ncore/downloadpdf/-5932251857499979435","F:\WWTP DOCUMENT DIVE\Cadillac_MiEnviro_2011-2026\documents\2023-12-27__-5932251857499979435__HQ0-715X-88YTN v1.pdf.pdf","Downloaded",""
"2026-06-17","HQP-CM46-C1C5E_v1.pdf","May 2026 WWTP effluent PFAS sample results","Form Submission Attachments","-5936415988770754121","WRD - NPDES","Application/Request","HQP-CM46-C1C5E","Schedule - PFAS POTW Effluent Monitoring Report","https://mienviro.michigan.gov/ncore/downloadpdf/-5936415988770754121","F:\WWTP DOCUMENT DIVE\Cadillac_MiEnviro_2011-2026\documents\2026-06-17__-5936415988770754121__HQP-CM46-C1C5E_v1.pdf.pdf","Downloaded",""
"2018-12-12","Cadillac_PFAS RE_ Voicemail Message.msg","IPP PFAS Summ Rpt discussion documents","Industrial Pretreatment Program (IPP)","-6300108423290621305","WRD - NPDES","Application/Request","HNJ-P0ZX-8AVDS","Schedule - IPP PFAS Summary Report","https://mienviro.michigan.gov/ncore/downloadpdf/-6300108423290621305","F:\WWTP DOCUMENT DIVE\Cadillac_MiEnviro_2011-2026\documents\2018-12-12__-6300108423290621305__Cadillac_PFAS RE_ Voicemail Message.msg.pdf","Downloaded",""
"2018-05-08","IMG_0018-cas.JPG","taken during field inspection","NPDES Biosolids Evaluation","-5904639892816440015","WRD - NPDES","Evaluation","E-DHWW-FYB-ZBN","Biosolids Audit (05/11/2018)","https://mienviro.michigan.gov/ncore/downloadpdf/-5904639892816440015","F:\WWTP DOCUMENT DIVE\Cadillac_MiEnviro_2011-2026\documents\2018-05-08__-5904639892816440015__IMG_0018-cas.JPG.pdf","Downloaded",""
"2017-10-13","2017 As Applied - 30GR01.xlsx v1","Land App Site - Oct 2016","Applicant Attachments","-5897892034958233867","WRD - NPDES","Application/Request","HN8-AEB3-S8NKF","Schedule - Biosolids Annual Report","https://mienviro.michigan.gov/ncore/downloadpdf/-5897892034958233867","F:\WWTP DOCUMENT DIVE\Cadillac_MiEnviro_2011-2026\documents\2017-10-13__-5897892034958233867__2017 As Applied - 30GR01.xlsx v1.pdf","Downloaded",""
"2017-04-03","ARVCO.docx v1","ARVCO.docx","Applicant Attachments","-5800382166597688800","WRD - NPDES","Application/Request","2Q7-HQ21-P66B","Permit Change - National Pollutant Discharge Elimination System (NPDES) Municipal Application Form (Reissuance)","https://mienviro.michigan.gov/ncore/downloadpdf/-5800382166597688800","F:\WWTP DOCUMENT DIVE\Cadillac_MiEnviro_2011-2026\documents\2017-04-03__-5800382166597688800__ARVCO.docx v1.pdf","Downloaded",""
"2022-10-28","21N08W30-AB02.pdf","nForm Document","Form Submission Attachments","-5893730427306446665","WRD - NPDES","Application/Request","HPN-5DCS-H4WTR","Schedule - Biosolids Annual Report","https://mienviro.michigan.gov/ncore/downloadpdf/-5893730427306446665","F:\WWTP DOCUMENT DIVE\Cadillac_MiEnviro_2011-2026\documents\2022-10-28__-5893730427306446665__21N08W30-AB02.pdf.pdf","Downloaded",""
"2018-11-01","RE_ Cadillac WWTP - IPP PFAS Interim Report Review.msg","","Industrial Pretreatment Program (IPP)","-5755238388065931422","n/a","Site","15637","Site","https://mienviro.michigan.gov/ncore/downloadpdf/-5755238388065931422","F:\WWTP DOCUMENT DIVE\Cadillac_MiEnviro_2011-2026\documents\2018-11-01__-5755238388065931422__RE_ Cadillac WWTP - IPP PFAS Interim Report Review.msg.pdf","Downloaded",""
"2019-03-20","HNN-0QFE-AG22Q V1.pdf v1","","Misc. Application and Request Docs","-5801295826717958227","WRD - NPDES","Application/Request","HNN-0QFE-AG22Q","Schedule - Michigan Industrial Pretreatment Program (IPP) Annual Report","https://mienviro.michigan.gov/ncore/downloadpdf/-5801295826717958227","F:\WWTP DOCUMENT DIVE\Cadillac_MiEnviro_2011-2026\documents\2019-03-20__-5801295826717958227__HNN-0QFE-AG22Q V1.pdf v1.pdf","Downloaded",""
"2023-10-30","220308.PFAS.biosolids.Eurofins.pdf","nForm Document","Form Submission Attachments","-5819914351835707910","WRD - NPDES","Application/Request","HPY-PZSD-5P4KK","Schedule - Biosolids Annual Report","https://mienviro.michigan.gov/ncore/downloadpdf/-5819914351835707910","F:\WWTP DOCUMENT DIVE\Cadillac_MiEnviro_2011-2026\documents\2023-10-30__-5819914351835707910__220308.PFAS.biosolids.Eurofins.pdf.pdf","Downloaded",""
"2022-10-28","2021 Alan Benson 30-02.pdf","nForm Document","Form Submission Attachments","-5711808560365142314","WRD - NPDES","Application/Request","HPN-5DCS-H4WTR","Schedule - Biosolids Annual Report","https://mienviro.michigan.gov/ncore/downloadpdf/-5711808560365142314","F:\WWTP DOCUMENT DIVE\Cadillac_MiEnviro_2011-2026\documents\2022-10-28__-5711808560365142314__2021 Alan Benson 30-02.pdf.pdf","Downloaded",""
"2023-12-27","23.04.Eff.PFAS.PACEalpha.pdf","nForm Document","Form Submission Attachments","-5715032538938355155","WRD - NPDES","Application/Request","HQ0-715X-88YTN","Schedule - PFAS POTW Effluent Monitoring Report","https://mienviro.michigan.gov/ncore/downloadpdf/-5715032538938355155","F:\WWTP DOCUMENT DIVE\Cadillac_MiEnviro_2011-2026\documents\2023-12-27__-5715032538938355155__23.04.Eff.PFAS.PACEalpha.pdf.pdf","Downloaded",""
"2017-04-03","AAR 6th.docx v1","AAR 6th.docx","Applicant Attachments","-5693104588523843213","WRD - NPDES","Application/Request","2Q7-HQ21-P66B","Permit Change - National Pollutant Discharge Elimination System (NPDES) Municipal Application Form (Reissuance)","https://mienviro.michigan.gov/ncore/downloadpdf/-5693104588523843213","F:\WWTP DOCUMENT DIVE\Cadillac_MiEnviro_2011-2026\documents\2017-04-03__-5693104588523843213__AAR 6th.docx v1.pdf","Downloaded",""
"2019-04-18","DMR Daily - MI0020257 _03_01_2019_to_03_31_2019_V1.docx","DMR Daily Data for period 03/01/2019 - 03/31/2019_V1","Schedule - DMR Documents","-5678667028443752988","WRD - NPDES","Permit","MI0020257 v5.1","NPDES Individual Permit","https://mienviro.michigan.gov/ncore/downloadpdf/-5678667028443752988","F:\WWTP DOCUMENT DIVE\Cadillac_MiEnviro_2011-2026\documents\2019-04-18__-5678667028443752988__DMR Daily - MI0020257 _03_01_2019_to_03_31_2019_V1.docx.pdf","Downloaded",""
"2014-09-03","Cadillac surface application 2014.jpg","","Conversion - Application / Request","-5654449704836290694","WRD - NPDES","Evaluation","E-8B5C-16-97FE","Biosolids Site Inspection (08/14/2014)","https://mienviro.michigan.gov/ncore/downloadpdf/-5654449704836290694","F:\WWTP DOCUMENT DIVE\Cadillac_MiEnviro_2011-2026\documents\2014-09-03__-5654449704836290694__Cadillac surface application 2014.jpg.pdf","Downloaded",""
"2017-07-12","written report BOD exceedance 071217.msg","","NPDES Misc. Site Docs","-5622633242256800541","n/a","Site","15637","Site","https://mienviro.michigan.gov/ncore/downloadpdf/-5622633242256800541","F:\WWTP DOCUMENT DIVE\Cadillac_MiEnviro_2011-2026\documents\2017-07-12__-5622633242256800541__written report BOD exceedance 071217.msg.pdf","Downloaded",""
"2022-03-25","Process Flow Diagram.pdf","nForm Document","Form Submission Attachments","-5613527384135323207","WRD - NPDES","Application/Request","HPG-1ZSF-KC99G","Permit Change - National Pollutant Discharge Elimination System (NPDES) Municipal Application Form (Reissuance)","https://mienviro.michigan.gov/ncore/downloadpdf/-5613527384135323207","F:\WWTP DOCUMENT DIVE\Cadillac_MiEnviro_2011-2026\documents\2022-03-25__-5613527384135323207__Process Flow Diagram.pdf.pdf","Downloaded",""
"2016-01-25","ByPass notification 12-21-15.pdf","","NPDES Misc. Site Docs","-5568021370246960521","n/a","Site","15637","Site","https://mienviro.michigan.gov/ncore/downloadpdf/-5568021370246960521","F:\WWTP DOCUMENT DIVE\Cadillac_MiEnviro_2011-2026\documents\2016-01-25__-5568021370246960521__ByPass notification 12-21-15.pdf.pdf","Downloaded",""
"2026-02-12","26.01.PFAS.EDD.Pace.xlsx","January 2026 WWTP effluent PFAS sample results","Form Submission Attachments","-5578812166437150195","WRD - NPDES","Application/Request","HQK-A647-67DN7","Schedule - PFAS POTW Effluent Monitoring Report","https://mienviro.michigan.gov/ncore/downloadpdf/-5578812166437150195","F:\WWTP DOCUMENT DIVE\Cadillac_MiEnviro_2011-2026\documents\2026-02-12__-5578812166437150195__26.01.PFAS.EDD.Pace.xlsx.pdf","Downloaded",""
"2022-11-08","MI0020257_2022-04-01_to_2022-04-30_2_DMR.pdf","","Schedule - DMR Documents","-5590290295023868628","WRD - NPDES","Permit","MI0020257 v6.0","Schedule - DMR","https://mienviro.michigan.gov/ncore/downloadpdf/-5590290295023868628","F:\WWTP DOCUMENT DIVE\Cadillac_MiEnviro_2011-2026\documents\2022-11-08__-5590290295023868628__MI0020257_2022-04-01_to_2022-04-30_2_DMR.pdf.pdf","Downloaded",""
"2017-04-03","AVON Protection.docx v1","AVON Protection.docx","Applicant Attachments","-5563635413840106744","WRD - NPDES","Application/Request","2Q7-HQ21-P66B","Permit Change - National Pollutant Discharge Elimination System (NPDES) Municipal Application Form (Reissuance)","https://mienviro.michigan.gov/ncore/downloadpdf/-5563635413840106744","F:\WWTP DOCUMENT DIVE\Cadillac_MiEnviro_2011-2026\documents\2017-04-03__-5563635413840106744__AVON Protection.docx v1.pdf","Downloaded",""
"2023-07-18","HPS-NR5G-MY95T v2.pdf","Submission PDF","Form Submission Attachments","-5546649233492118689","WRD - NPDES","Application/Request","HPS-NR5G-MY95T","Permit Change - No Exposure Certification (NEC) Renewal for Exclusion of Coverage under the NPDES Stormwater Discharges Associated with Industrial Activity","https://mienviro.michigan.gov/ncore/downloadpdf/-5546649233492118689","F:\WWTP DOCUMENT DIVE\Cadillac_MiEnviro_2011-2026\documents\2023-07-18__-5546649233492118689__HPS-NR5G-MY95T v2.pdf.pdf","Downloaded",""
"2019-02-22","J18036-1 UDS Level 2 Report Final Report.pdf","IPP PFAS Summ Rpt discussion documents","Industrial Pretreatment Program (IPP)","-5579286795353343353","WRD - NPDES","Application/Request","HNJ-P0ZX-8AVDS","Schedule - IPP PFAS Summary Report","https://mienviro.michigan.gov/ncore/downloadpdf/-5579286795353343353","F:\WWTP DOCUMENT DIVE\Cadillac_MiEnviro_2011-2026\documents\2019-02-22__-5579286795353343353__J18036-1 UDS Level 2 Report Final Report.pdf.pdf","Downloaded",""
"2019-02-22","RE_ PLEASE look at this - FW_ info on % solids & % moisture - Update.msg","IPP PFAS Summ Rpt discussion documents","Industrial Pretreatment Program (IPP)","-5531387920153161894","WRD - NPDES","Application/Request","HNJ-P0ZX-8AVDS","Schedule - IPP PFAS Summary Report","https://mienviro.michigan.gov/ncore/downloadpdf/-5531387920153161894","F:\WWTP DOCUMENT DIVE\Cadillac_MiEnviro_2011-2026\documents\2019-02-22__-5531387920153161894__RE_ PLEASE look at this - FW_ info on % solids & % moisture - Update.msg.pdf","Downloaded",""
"2013-08-08","General Purpose Memo.doc","General Purpose Memo","Conversion - Permit","-5476792548719461782","WRD - NPDES","Permit","MI0020257 v5.0","NPDES Individual Permit","https://mienviro.michigan.gov/ncore/downloadpdf/-5476792548719461782","F:\WWTP DOCUMENT DIVE\Cadillac_MiEnviro_2011-2026\documents\2013-08-08__-5476792548719461782__General Purpose Memo.doc.pdf","Downloaded",""
"2022-12-05","RE_ Categorical determination _ CCI plant map with sewer drain lines.msg","Revised CCI discharge diagram","Industrial Pretreatment Program (IPP)","-5544698014196752694","WRD - NPDES","Application/Request","HPP-2KMC-JBEZV","Schedule - Submit information as requested","https://mienviro.michigan.gov/ncore/downloadpdf/-5544698014196752694","F:\WWTP DOCUMENT DIVE\Cadillac_MiEnviro_2011-2026\documents\2022-12-05__-5544698014196752694__RE_ Categorical determination _ CCI plant map with sewer drain lines.msg.pdf","Downloaded",""
"2016-10-18","DMR Summary - MI0020257 _09_01_2016_to_09_30_2016_V1.docx","DMR Summary Data for period 09/01/2016 - 09/30/2016_V1","Schedule - DMR Documents","-5500870070273347359","WRD - NPDES","Permit","MI0020257 v5.0","NPDES Individual Permit","https://mienviro.michigan.gov/ncore/downloadpdf/-5500870070273347359","F:\WWTP DOCUMENT DIVE\Cadillac_MiEnviro_2011-2026\documents\2016-10-18__-5500870070273347359__DMR Summary - MI0020257 _09_01_2016_to_09_30_2016_V1.docx.pdf","Downloaded",""
"2023-03-02","22.10.Inf.Eff.LLHg.Pace.pdf","nForm Document","Form Submission Attachments","-5502699534190531294","WRD - NPDES","Application/Request","HPR-V2MX-EVFMF","Schedule - Pollutant Minimization Program (PMP) Annual Report","https://mienviro.michigan.gov/ncore/downloadpdf/-5502699534190531294","F:\WWTP DOCUMENT DIVE\Cadillac_MiEnviro_2011-2026\documents\2023-03-02__-5502699534190531294__22.10.Inf.Eff.LLHg.Pace.pdf.pdf","Downloaded",""
"2023-06-12","Cadillac WWTP 2023 SFS 061223.docx","","Misc. NPDES Evaluation Docs","-5466261733930014819","WRD - NPDES","Evaluation","E-11682","NPDES CSI-Conventionals Only (07/10/2023)","https://mienviro.michigan.gov/ncore/downloadpdf/-5466261733930014819","F:\WWTP DOCUMENT DIVE\Cadillac_MiEnviro_2011-2026\documents\2023-06-12__-5466261733930014819__Cadillac WWTP 2023 SFS 061223.docx.pdf","Downloaded",""
"2016-01-19","DMR Daily - MI0020257 _12_01_2015_to_12_31_2015_V1.docx","DMR Daily Data for period 12/01/2015 - 12/31/2015_V1","Schedule - DMR Documents","-5447789093327103036","WRD - NPDES","Permit","MI0020257 v5.0","NPDES Individual Permit","https://mienviro.michigan.gov/ncore/downloadpdf/-5447789093327103036","F:\WWTP DOCUMENT DIVE\Cadillac_MiEnviro_2011-2026\documents\2016-01-19__-5447789093327103036__DMR Daily - MI0020257 _12_01_2015_to_12_31_2015_V1.docx.pdf","Downloaded",""
"2023-10-05","Fwd Cadillac - Preliminary Pre-Public Notice Discussion Items.msg","","Misc. NPDES Permit Docs","-5468174260920066034","WRD - NPDES","Permit","MI0020257 v7.0","NPDES Individual Permit","https://mienviro.michigan.gov/ncore/downloadpdf/-5468174260920066034","F:\WWTP DOCUMENT DIVE\Cadillac_MiEnviro_2011-2026\documents\2023-10-05__-5468174260920066034__Fwd Cadillac - Preliminary Pre-Public Notice Discussion Items.msg.pdf","Downloaded",""
"2023-01-26","Biosolids Dry Tons Calc Fall 2021.xls","nForm Document","Form Submission Attachments","-5331002028205101512","WRD - NPDES","Application/Request","HPN-5DCS-H4WTR","Schedule - Biosolids Annual Report","","","No download link",""
"2018-05-08","IMG_0025-cas.JPG","taken during field inspection","NPDES Biosolids Evaluation","-5444929977877672875","WRD - NPDES","Evaluation","E-DHWW-FYB-ZBN","Biosolids Audit (05/11/2018)","https://mienviro.michigan.gov/ncore/downloadpdf/-5444929977877672875","F:\WWTP DOCUMENT DIVE\Cadillac_MiEnviro_2011-2026\documents\2018-05-08__-5444929977877672875__IMG_0025-cas.JPG.pdf","Downloaded",""
"2024-10-30","240401.biosolids.pathogens.HML.pdf","nForm Document","Form Submission Attachments","-5441174763107233264","WRD - NPDES","Application/Request","HQ7-KAAW-2S9Y5","Schedule - Biosolids Annual Report","https://mienviro.michigan.gov/ncore/downloadpdf/-5441174763107233264","F:\WWTP DOCUMENT DIVE\Cadillac_MiEnviro_2011-2026\documents\2024-10-30__-5441174763107233264__240401.biosolids.pathogens.HML.pdf.pdf","Downloaded",""
"2022-10-28","Re_ 2021 Biosolids PFAS Lab Report.msg","nForm Document","Form Submission Attachments","-5444812538118836760","WRD - NPDES","Application/Request","HPN-5DCS-H4WTR","Schedule - Biosolids Annual Report","https://mienviro.michigan.gov/ncore/downloadpdf/-5444812538118836760","F:\WWTP DOCUMENT DIVE\Cadillac_MiEnviro_2011-2026\documents\2022-10-28__-5444812538118836760__Re_ 2021 Biosolids PFAS Lab Report.msg.pdf","Downloaded",""
"2025-10-21","250428.biosolids.PFASqc.Merit.PDF","nForm Document","Form Submission Attachments","-5429584481354854423","WRD - NPDES","Application/Request","HQG-GN3K-JNK5K","Schedule - Biosolids PFAS Monitoring Report","https://mienviro.michigan.gov/ncore/downloadpdf/-5429584481354854423","F:\WWTP DOCUMENT DIVE\Cadillac_MiEnviro_2011-2026\documents\2025-10-21__-5429584481354854423__250428.biosolids.PFASqc.Merit.PDF.pdf","Downloaded",""
"2023-10-30","MI0020257_2022-10-01_to_2023-09-30_DMR.pdf","","Schedule - DMR Documents","-5425218218864500363","WRD - NPDES","Permit","MI0020257 v6.0","Schedule - DMR","https://mienviro.michigan.gov/ncore/downloadpdf/-5425218218864500363","F:\WWTP DOCUMENT DIVE\Cadillac_MiEnviro_2011-2026\documents\2023-10-30__-5425218218864500363__MI0020257_2022-10-01_to_2023-09-30_DMR.pdf.pdf","Downloaded",""
"2022-11-22","Cadillac Casting Meeting 11-22-22.docx","","Industrial Pretreatment Program (IPP)","-5376236809626939578","WRD - NPDES","Application/Request","HPP-2KMC-JBEZV","Schedule - Submit information as requested","https://mienviro.michigan.gov/ncore/downloadpdf/-5376236809626939578","F:\WWTP DOCUMENT DIVE\Cadillac_MiEnviro_2011-2026\documents\2022-11-22__-5376236809626939578__Cadillac Casting Meeting 11-22-22.docx.pdf","Downloaded",""
"2024-04-04","IPP Revision extension.msg","Extension of due date request.","Industrial Pretreatment Program (IPP)","-5361236644085330885","WRD - NPDES","Compliance Action","VN-012230","Violation Notice","https://mienviro.michigan.gov/ncore/downloadpdf/-5361236644085330885","F:\WWTP DOCUMENT DIVE\Cadillac_MiEnviro_2011-2026\documents\2024-04-04__-5361236644085330885__IPP Revision extension.msg.pdf","Downloaded",""
"2018-10-18","DMR Daily - MI0020257 _09_01_2018_to_09_30_2018_V1.docx","DMR Daily Data for period 09/01/2018 - 09/30/2018_V1","Schedule - DMR Documents","-5369706285084473786","WRD - NPDES","Permit","MI0020257 v5.1","NPDES Individual Permit","https://mienviro.michigan.gov/ncore/downloadpdf/-5369706285084473786","F:\WWTP DOCUMENT DIVE\Cadillac_MiEnviro_2011-2026\documents\2018-10-18__-5369706285084473786__DMR Daily - MI0020257 _09_01_2018_to_09_30_2018_V1.docx.pdf","Downloaded",""
"2023-11-09","RE Cadillac WWTP NH4 Treatment Capacity.msg","","Misc. NPDES Permit Docs","-5340921174317880270","WRD - NPDES","Permit","MI0020257 v7.0","NPDES Individual Permit","https://mienviro.michigan.gov/ncore/downloadpdf/-5340921174317880270","F:\WWTP DOCUMENT DIVE\Cadillac_MiEnviro_2011-2026\documents\2023-11-09__-5340921174317880270__RE Cadillac WWTP NH4 Treatment Capacity.msg.pdf","Downloaded",""
"2017-04-03","CRE.docx v1","CRE.docx","Applicant Attachments","-5332488901169956875","WRD - NPDES","Application/Request","2Q7-HQ21-P66B","Permit Change - National Pollutant Discharge Elimination System (NPDES) Municipal Application Form (Reissuance)","https://mienviro.michigan.gov/ncore/downloadpdf/-5332488901169956875","F:\WWTP DOCUMENT DIVE\Cadillac_MiEnviro_2011-2026\documents\2017-04-03__-5332488901169956875__CRE.docx v1.pdf","Downloaded",""
"2024-10-30","Biosoilids Lab&Hauling Sheet Spring 2024.pdf","nForm Document","Form Submission Attachments","-5360080740906900455","WRD - NPDES","Application/Request","HQ7-KAAW-2S9Y5","Schedule - Biosolids Annual Report","https://mienviro.michigan.gov/ncore/downloadpdf/-5360080740906900455","F:\WWTP DOCUMENT DIVE\Cadillac_MiEnviro_2011-2026\documents\2024-10-30__-5360080740906900455__Biosoilids Lab&Hauling Sheet Spring 2024.pdf.pdf","Downloaded",""
"2021-09-30","Read Receipt of VN-012230.pdf","","Misc Site Docs","-5308815659450264794","n/a","Site","15637","Site","https://mienviro.michigan.gov/ncore/downloadpdf/-5308815659450264794","F:\WWTP DOCUMENT DIVE\Cadillac_MiEnviro_2011-2026\documents\2021-09-30__-5308815659450264794__Read Receipt of VN-012230.pdf.pdf","Downloaded",""
"2018-08-02","Fact Sheet_Cadillac WWTP.docx","","NPDES Individual Permit","-5308550134164369318","WRD - NPDES","Permit","MI0020257 v6.0","NPDES Individual Permit","https://mienviro.michigan.gov/ncore/downloadpdf/-5308550134164369318","F:\WWTP DOCUMENT DIVE\Cadillac_MiEnviro_2011-2026\documents\2018-08-02__-5308550134164369318__Fact Sheet_Cadillac WWTP.docx.pdf","Downloaded",""
"2017-03-16","DMR Daily - MI0020257 _02_01_2017_to_02_28_2017_V1.docx","DMR Daily Data for period 02/01/2017 - 02/28/2017_V1","Schedule - DMR Documents","-5281439668552468208","WRD - NPDES","Permit","MI0020257 v5.1","NPDES Individual Permit","https://mienviro.michigan.gov/ncore/downloadpdf/-5281439668552468208","F:\WWTP DOCUMENT DIVE\Cadillac_MiEnviro_2011-2026\documents\2017-03-16__-5281439668552468208__DMR Daily - MI0020257 _02_01_2017_to_02_28_2017_V1.docx.pdf","Downloaded",""
"2020-04-07","FY19 Fecal Only result-Spring Pathogen retest.pdf","EGLE info from Cadillac's past biosolids annual reports to help with RMP mod review","Misc. Submittal Docs","-5300288323518781339","WRD - NPDES","Application/Request","HNX-E8Q7-TQ4BF","Schedule - Biosolids Residuals Management Program (RMP) Submittal or Modification","https://mienviro.michigan.gov/ncore/downloadpdf/-5300288323518781339","F:\WWTP DOCUMENT DIVE\Cadillac_MiEnviro_2011-2026\documents\2020-04-07__-5300288323518781339__FY19 Fecal Only result-Spring Pathogen retest.pdf.pdf","Downloaded",""
"2021-01-14","DMR Daily - MI0020257 _12_01_2020_to_12_31_2020_V1.docx","DMR Daily Data for period 12/01/2020 - 12/31/2020_V1","Schedule - DMR Documents","-5216939555966009161","WRD - NPDES","Permit","MI0020257 v6.0","NPDES Individual Permit","https://mienviro.michigan.gov/ncore/downloadpdf/-5216939555966009161","F:\WWTP DOCUMENT DIVE\Cadillac_MiEnviro_2011-2026\documents\2021-01-14__-5216939555966009161__DMR Daily - MI0020257 _12_01_2020_to_12_31_2020_V1.docx.pdf","Downloaded",""
"2018-12-18","EM Tr-FY18 Applier Certification-revised 2-signed.msg","DEQ responds","NPDES Submittal Docs","-5194609860685770564","WRD - NPDES","Application/Request","HNH-M790-67ZPK","Schedule - Biosolids Annual Report","https://mienviro.michigan.gov/ncore/downloadpdf/-5194609860685770564","F:\WWTP DOCUMENT DIVE\Cadillac_MiEnviro_2011-2026\documents\2018-12-18__-5194609860685770564__EM Tr-FY18 Applier Certification-revised 2-signed.msg.pdf","Downloaded",""
"2016-02-04","Violation Letter.Cadillac WWTP-Dietlin.pdf","","Water Quality C&E Docs","-5228663365988565838","WRD - NPDES","Compliance Action","VN-006346","Violation Notice","https://mienviro.michigan.gov/ncore/downloadpdf/-5228663365988565838","F:\WWTP DOCUMENT DIVE\Cadillac_MiEnviro_2011-2026\documents\2016-02-04__-5228663365988565838__Violation Letter.Cadillac WWTP-Dietlin.pdf.pdf","Downloaded",""
"2023-01-19","MI0020257_2022-12-01_to_2022-12-31_DMR.pdf","","Schedule - DMR Documents","-5222364171687714003","WRD - NPDES","Permit","MI0020257 v6.0","Schedule - DMR","https://mienviro.michigan.gov/ncore/downloadpdf/-5222364171687714003","F:\WWTP DOCUMENT DIVE\Cadillac_MiEnviro_2011-2026\documents\2023-01-19__-5222364171687714003__MI0020257_2022-12-01_to_2022-12-31_DMR.pdf.pdf","Downloaded",""
"2026-06-26","HQP-KKME-72W1M_v1.pdf","Submission PDF","Form Submission Attachments","-5182600334400963923","WRD - NPDES","Application/Request","HQP-KKME-72W1M","Schedule - Updated MAHL Study (Benzidine, Beryllium, and Phenol)","https://mienviro.michigan.gov/ncore/downloadpdf/-5182600334400963923","F:\WWTP DOCUMENT DIVE\Cadillac_MiEnviro_2011-2026\documents\2026-06-26__-5182600334400963923__HQP-KKME-72W1M_v1.pdf.pdf","Downloaded",""
"2019-07-18","DMR Summary - MI0020257 _06_01_2019_to_06_30_2019_V1.docx","DMR Summary Data for period 06/01/2019 - 06/30/2019_V1","Schedule - DMR Documents","-5148257130223295610","WRD - NPDES","Permit","MI0020257 v5.1","NPDES Individual Permit","https://mienviro.michigan.gov/ncore/downloadpdf/-5148257130223295610","F:\WWTP DOCUMENT DIVE\Cadillac_MiEnviro_2011-2026\documents\2019-07-18__-5148257130223295610__DMR Summary - MI0020257 _06_01_2019_to_06_30_2019_V1.docx.pdf","Downloaded",""
"2021-04-13","MI0020257_2021-03-01_to_2021-03-31_1_DMR.pdf","","Schedule - DMR Documents","-5185417842054396477","WRD - NPDES","Permit","MI0020257 v6.0","Schedule - DMR","https://mienviro.michigan.gov/ncore/downloadpdf/-5185417842054396477","F:\WWTP DOCUMENT DIVE\Cadillac_MiEnviro_2011-2026\documents\2021-04-13__-5185417842054396477__MI0020257_2021-03-01_to_2021-03-31_1_DMR.pdf.pdf","Downloaded",""
"2025-10-21","25.09.PFAS.Pace.pdf","September 2025 WWTP effluent PFAS sample results","Form Submission Attachments","-5185702848276321737","WRD - NPDES","Application/Request","HQG-GKRH-8B37J","Schedule - PFAS POTW Effluent Monitoring Report","https://mienviro.michigan.gov/ncore/downloadpdf/-5185702848276321737","F:\WWTP DOCUMENT DIVE\Cadillac_MiEnviro_2011-2026\documents\2025-10-21__-5185702848276321737__25.09.PFAS.Pace.pdf.pdf","Downloaded",""
"2018-05-08","IMG951507.jpg","came w/ email (off loading of the tanker)","NPDES Biosolids Evaluation","-5157977368029054289","WRD - NPDES","Evaluation","E-DHWW-FYB-ZBN","Biosolids Audit (05/11/2018)","https://mienviro.michigan.gov/ncore/downloadpdf/-5157977368029054289","F:\WWTP DOCUMENT DIVE\Cadillac_MiEnviro_2011-2026\documents\2018-05-08__-5157977368029054289__IMG951507.jpg.pdf","Downloaded",""
"2018-07-30","FIAMM PFAS Survey.pdf v1","FIAMM PFAS Survey.pdf","Applicant Attachments","-5118843658505132177","WRD - NPDES","Application/Request","HNF-P7H3-DCN87","Schedule - IPP PFAS Interim Report-1","https://mienviro.michigan.gov/ncore/downloadpdf/-5118843658505132177","F:\WWTP DOCUMENT DIVE\Cadillac_MiEnviro_2011-2026\documents\2018-07-30__-5118843658505132177__FIAMM PFAS Survey.pdf v1.pdf","Downloaded",""
"2023-01-26","Biosolids Dry Tons Calc Spring 2022.xls","nForm Document","Form Submission Attachments","-5073065224517371865","WRD - NPDES","Application/Request","HPN-5DCS-H4WTR","Schedule - Biosolids Annual Report","https://mienviro.michigan.gov/ncore/downloadpdf/-5073065224517371865","F:\WWTP DOCUMENT DIVE\Cadillac_MiEnviro_2011-2026\documents\2023-01-26__-5073065224517371865__Biosolids Dry Tons Calc Spring 2022.xls.pdf","Downloaded",""
"2023-10-30","220908.biosolids.HML.pdf","nForm Document","Form Submission Attachments","-5094807491365226409","WRD - NPDES","Application/Request","HPY-PZSD-5P4KK","Schedule - Biosolids Annual Report","https://mienviro.michigan.gov/ncore/downloadpdf/-5094807491365226409","F:\WWTP DOCUMENT DIVE\Cadillac_MiEnviro_2011-2026\documents\2023-10-30__-5094807491365226409__220908.biosolids.HML.pdf.pdf","Downloaded",""
"2025-05-08","POTW Monitoring Data Summary 2024 (Revised).xlsx","nForm Document","Form Submission Attachments","-5034860910529130086","WRD - NPDES","Application/Request","HQB-BNKM-1SC3Q","Schedule - Michigan Industrial Pretreatment Program (IPP) Annual Report","https://mienviro.michigan.gov/ncore/downloadpdf/-5034860910529130086","F:\WWTP DOCUMENT DIVE\Cadillac_MiEnviro_2011-2026\documents\2025-05-08__-5034860910529130086__POTW Monitoring Data Summary 2024 (Revised).xlsx.pdf","Downloaded",""
"2019-03-04","Cadillac WWTP PFAS Letter.msg","IPP PFAS Interim and Summary Report Approval BIN2 Email transmittal","Industrial Pretreatment Program (IPP)","-5070374537407687310","WRD - NPDES","Application/Request","HNF-P7H3-DCN87","Schedule - IPP PFAS Interim Report-1","https://mienviro.michigan.gov/ncore/downloadpdf/-5070374537407687310","F:\WWTP DOCUMENT DIVE\Cadillac_MiEnviro_2011-2026\documents\2019-03-04__-5070374537407687310__Cadillac WWTP PFAS Letter.msg.pdf","Downloaded",""
"2017-11-16","DMR Summary - MI0020257 _10_01_2017_to_10_31_2017_V1.docx","DMR Summary Data for period 10/01/2017 - 10/31/2017_V1","Schedule - DMR Documents","-5037797726850269844","WRD - NPDES","Permit","MI0020257 v5.1","NPDES Individual Permit","https://mienviro.michigan.gov/ncore/downloadpdf/-5037797726850269844","F:\WWTP DOCUMENT DIVE\Cadillac_MiEnviro_2011-2026\documents\2017-11-16__-5037797726850269844__DMR Summary - MI0020257 _10_01_2017_to_10_31_2017_V1.docx.pdf","Downloaded",""
"2021-03-26","HP6-YDST-46BJ3 V1.pdf v1","Submission PDF","Misc. Application and Request Docs","-5015938620228106531","WRD - NPDES","Application/Request","HP6-YDST-46BJ3","Schedule - Michigan Industrial Pretreatment Program (IPP) Annual Report","https://mienviro.michigan.gov/ncore/downloadpdf/-5015938620228106531","F:\WWTP DOCUMENT DIVE\Cadillac_MiEnviro_2011-2026\documents\2021-03-26__-5015938620228106531__HP6-YDST-46BJ3 V1.pdf v1.pdf","Downloaded",""
"2022-10-28","21N09W27-JR01.pdf","nForm Document","Form Submission Attachments","-5069295854585408995","WRD - NPDES","Application/Request","HPN-5DCS-H4WTR","Schedule - Biosolids Annual Report","https://mienviro.michigan.gov/ncore/downloadpdf/-5069295854585408995","F:\WWTP DOCUMENT DIVE\Cadillac_MiEnviro_2011-2026\documents\2022-10-28__-5069295854585408995__21N09W27-JR01.pdf.pdf","Downloaded",""
"2024-10-01","50381719.xlsx","nForm Document","Form Submission Attachments","-4990952383601584011","WRD - NPDES","Application/Request","HQ7-24YS-A06A1","Schedule - PFAS POTW Effluent Monitoring Report","https://mienviro.michigan.gov/ncore/downloadpdf/-4990952383601584011","F:\WWTP DOCUMENT DIVE\Cadillac_MiEnviro_2011-2026\documents\2024-10-01__-4990952383601584011__50381719.xlsx.pdf","Downloaded",""
"2014-10-21","56545 Facility Site Review.pdf","","Conversion - Application / Request","-4977324678545524248","WRD - NPDES","Evaluation","E-832F-E9-D657","NPDES CSI-Toxics (10/14/2014)","https://mienviro.michigan.gov/ncore/downloadpdf/-4977324678545524248","F:\WWTP DOCUMENT DIVE\Cadillac_MiEnviro_2011-2026\documents\2014-10-21__-4977324678545524248__56545 Facility Site Review.pdf.pdf","Downloaded",""
"2019-10-28","FY19 Loading Calculations per LA site.pdf v1","Raw Data Metals.pdf;","Applicant Attachments","-4976662319602373768","WRD - NPDES","Application/Request","HNT-5SPH-XVKKZ","Schedule - Biosolids Annual Report","https://mienviro.michigan.gov/ncore/downloadpdf/-4976662319602373768","F:\WWTP DOCUMENT DIVE\Cadillac_MiEnviro_2011-2026\documents\2019-10-28__-4976662319602373768__FY19 Loading Calculations per LA site.pdf v1.pdf","Downloaded",""
"2020-11-19","DMR Summary - MI0020257 _10_01_2020_to_10_31_2020_V1.docx","DMR Summary Data for period 10/01/2020 - 10/31/2020_V1","Schedule - DMR Documents","-4968018007594740390","WRD - NPDES","Permit","MI0020257 v6.0","NPDES Individual Permit","https://mienviro.michigan.gov/ncore/downloadpdf/-4968018007594740390","F:\WWTP DOCUMENT DIVE\Cadillac_MiEnviro_2011-2026\documents\2020-11-19__-4968018007594740390__DMR Summary - MI0020257 _10_01_2020_to_10_31_2020_V1.docx.pdf","Downloaded",""
"2018-10-29","FY18 Biosolids Metals and Nutrient Results.pdf v1","Kar Lab Biosolids 9-11-2017.pdf; Fall 2017 (Sept.);","Applicant Attachments","-4976390370056266928","WRD - NPDES","Application/Request","HNH-M790-67ZPK","Schedule - Biosolids Annual Report","https://mienviro.michigan.gov/ncore/downloadpdf/-4976390370056266928","F:\WWTP DOCUMENT DIVE\Cadillac_MiEnviro_2011-2026\documents\2018-10-29__-4976390370056266928__FY18 Biosolids Metals and Nutrient Results.pdf v1.pdf","Downloaded",""
"2020-02-11","RMP-Class A EQ-DEQ letter.pdf","Class A EQ letter.pdf; nForm Document; letter from Jim Johnson (DEQ) 2004;","Form Submission Attachments","-4952532529280965728","WRD - NPDES","Application/Request","HNX-E8Q7-TQ4BF","Schedule - Biosolids Residuals Management Program (RMP) Submittal or Modification","https://mienviro.michigan.gov/ncore/downloadpdf/-4952532529280965728","F:\WWTP DOCUMENT DIVE\Cadillac_MiEnviro_2011-2026\documents\2020-02-11__-4952532529280965728__RMP-Class A EQ-DEQ letter.pdf.pdf","Downloaded",""
"2026-05-27","Violation Notice (VN 019184) Cadillac WWTP.docx","","Water Quality VNs, SVNs, ENs","-4934400107452369809","WRD - NPDES","Compliance Action","VN-019184","Violation Notice","https://mienviro.michigan.gov/ncore/downloadpdf/-4934400107452369809","F:\WWTP DOCUMENT DIVE\Cadillac_MiEnviro_2011-2026\documents\2026-05-27__-4934400107452369809__Violation Notice (VN 019184) Cadillac WWTP.docx.pdf","Downloaded",""
"2019-09-13","MI0020257_August2019WET Report_9-10-2019.pdf","","Misc Site Docs","-4965689064233631921","n/a","Site","15637","Site","https://mienviro.michigan.gov/ncore/downloadpdf/-4965689064233631921","F:\WWTP DOCUMENT DIVE\Cadillac_MiEnviro_2011-2026\documents\2019-09-13__-4965689064233631921__MI0020257_August2019WET Report_9-10-2019.pdf.pdf","Downloaded",""
"2018-05-08","IMG_0011-cas.JPG","taken during field inspection","NPDES Biosolids Evaluation","-4934672298598036191","WRD - NPDES","Evaluation","E-DHWW-FYB-ZBN","Biosolids Audit (05/11/2018)","https://mienviro.michigan.gov/ncore/downloadpdf/-4934672298598036191","F:\WWTP DOCUMENT DIVE\Cadillac_MiEnviro_2011-2026\documents\2018-05-08__-4934672298598036191__IMG_0011-cas.JPG.pdf","Downloaded",""
"2026-02-12","HQK-A647-67DN7_v1.pdf","January 2026 WWTP effluent PFAS sample results","Form Submission Attachments","-4926414550211924092","WRD - NPDES","Application/Request","HQK-A647-67DN7","Schedule - PFAS POTW Effluent Monitoring Report","https://mienviro.michigan.gov/ncore/downloadpdf/-4926414550211924092","F:\WWTP DOCUMENT DIVE\Cadillac_MiEnviro_2011-2026\documents\2026-02-12__-4926414550211924092__HQK-A647-67DN7_v1.pdf.pdf","Downloaded",""
"2019-05-02","Department Response to Second Round of PPN Comments_Cadillac WWTP.msg","","NPDES Individual Permit","-4898722065399202194","WRD - NPDES","Permit","MI0020257 v6.0","NPDES Individual Permit","https://mienviro.michigan.gov/ncore/downloadpdf/-4898722065399202194","F:\WWTP DOCUMENT DIVE\Cadillac_MiEnviro_2011-2026\documents\2019-05-02__-4898722065399202194__Department Response to Second Round of PPN Comments_Cadillac WWTP.msg.pdf","Downloaded",""
"2023-03-02","22.01.Inf.Eff.LLHg.Pace.pdf","nForm Document","Form Submission Attachments","-4876625107941421488","WRD - NPDES","Application/Request","HPR-V2MX-EVFMF","Schedule - Pollutant Minimization Program (PMP) Annual Report","https://mienviro.michigan.gov/ncore/downloadpdf/-4876625107941421488","F:\WWTP DOCUMENT DIVE\Cadillac_MiEnviro_2011-2026\documents\2023-03-02__-4876625107941421488__22.01.Inf.Eff.LLHg.Pace.pdf.pdf","Downloaded",""
"2024-03-14","HPS-A3KN-2FH30 v2.pdf","Submission PDF","Form Submission Attachments","-4840329572969354378","WRD - NPDES","Application/Request","HPS-A3KN-2FH30","Schedule - Michigan Industrial Pretreatment Program (IPP) Annual Report","https://mienviro.michigan.gov/ncore/downloadpdf/-4840329572969354378","F:\WWTP DOCUMENT DIVE\Cadillac_MiEnviro_2011-2026\documents\2024-03-14__-4840329572969354378__HPS-A3KN-2FH30 v2.pdf.pdf","Downloaded",""
"2019-02-05","2018 Cadillac WWTP CSI Final Report.xlsx","","NPDES Majors and Minors Evaluation","-4807711291401129359","WRD - NPDES","Evaluation","E-R7AN-XJE-F29","NPDES CSI-Conventionals Only (05/17/2018)","https://mienviro.michigan.gov/ncore/downloadpdf/-4807711291401129359","F:\WWTP DOCUMENT DIVE\Cadillac_MiEnviro_2011-2026\documents\2019-02-05__-4807711291401129359__2018 Cadillac WWTP CSI Final Report.xlsx.pdf","Downloaded",""
"2022-10-28","MI0020257_2021-10-01_to_2022-09-30_DMR.pdf","","Schedule - DMR Documents","-4786289552379418815","WRD - NPDES","Permit","MI0020257 v6.0","Schedule - DMR","https://mienviro.michigan.gov/ncore/downloadpdf/-4786289552379418815","F:\WWTP DOCUMENT DIVE\Cadillac_MiEnviro_2011-2026\documents\2022-10-28__-4786289552379418815__MI0020257_2021-10-01_to_2022-09-30_DMR.pdf.pdf","Downloaded",""
"2023-04-27","Fact Sheet for NPDES Permit_Cadillac WWTP.docx","","NPDES Individual Permit","-4803265575480304473","WRD - NPDES","Permit","MI0020257 v7.0","NPDES Individual Permit","https://mienviro.michigan.gov/ncore/downloadpdf/-4803265575480304473","F:\WWTP DOCUMENT DIVE\Cadillac_MiEnviro_2011-2026\documents\2023-04-27__-4803265575480304473__Fact Sheet for NPDES Permit_Cadillac WWTP.docx.pdf","Downloaded",""
"2026-03-25","24.08.08.AMR.Trace.rev.pdf","nForm Document","Form Submission Attachments","-4858218891363921251","WRD - NPDES","Application/Request","HQ6-MRKV-Q3MJJ","Schedule - Certification of Completion of Additional Monitoring Requirements","https://mienviro.michigan.gov/ncore/downloadpdf/-4858218891363921251","F:\WWTP DOCUMENT DIVE\Cadillac_MiEnviro_2011-2026\documents\2026-03-25__-4858218891363921251__24.08.08.AMR.Trace.rev.pdf.pdf","Downloaded",""
"2022-09-21","19.10.Eff.AddlMonit.Paragon.revised.pdf","nForm Document","Form Submission Attachments","-4778943972245778196","WRD - NPDES","Application/Request","HPG-1ZSF-KC99G","Permit Change - National Pollutant Discharge Elimination System (NPDES) Municipal Application Form (Reissuance)","https://mienviro.michigan.gov/ncore/downloadpdf/-4778943972245778196","F:\WWTP DOCUMENT DIVE\Cadillac_MiEnviro_2011-2026\documents\2022-09-21__-4778943972245778196__19.10.Eff.AddlMonit.Paragon.revised.pdf.pdf","Downloaded",""
"2012-03-26","Cadillac WWTP Mercury Tests.pdf","","Conversion - Compliance Action","-4772999631657362957","WRD - NPDES","Permit","MI0020257 v5.0","NPDES Individual Permit","https://mienviro.michigan.gov/ncore/downloadpdf/-4772999631657362957","F:\WWTP DOCUMENT DIVE\Cadillac_MiEnviro_2011-2026\documents\2012-03-26__-4772999631657362957__Cadillac WWTP Mercury Tests.pdf.pdf","Downloaded",""
"2015-06-25","Gen'l Inspection Transmittal.doc","Gen'l Inspection Transmittal","Conversion - Eval","-4772097310601120319","WRD - NPDES","Evaluation","E-91D5-97-E7D2","Pretreatment Compliance Inspection (05/14/2015)","https://mienviro.michigan.gov/ncore/downloadpdf/-4772097310601120319","F:\WWTP DOCUMENT DIVE\Cadillac_MiEnviro_2011-2026\documents\2015-06-25__-4772097310601120319__Gen'l Inspection Transmittal.doc.pdf","Downloaded",""
"2013-05-17","Application Compliance Comments.doc","Application Compliance Comments","Conversion - Permit","-4758370497540417923","WRD - NPDES","Permit","MI0020257 v5.0","NPDES Individual Permit","https://mienviro.michigan.gov/ncore/downloadpdf/-4758370497540417923","F:\WWTP DOCUMENT DIVE\Cadillac_MiEnviro_2011-2026\documents\2013-05-17__-4758370497540417923__Application Compliance Comments.doc.pdf","Downloaded",""
"2016-05-16","Low Ph notice by City May 16 2016.pdf","Doug Langworthy called in the exceedance on Thursday, May 12, 2016","NPDES Misc. Site Docs","-4750733240863552693","n/a","Site","15637","Site","https://mienviro.michigan.gov/ncore/downloadpdf/-4750733240863552693","F:\WWTP DOCUMENT DIVE\Cadillac_MiEnviro_2011-2026\documents\2016-05-16__-4750733240863552693__Low Ph notice by City May 16 2016.pdf.pdf","Downloaded",""
"2025-10-21","21n08w30-AB01.pdf","nForm Document","Form Submission Attachments","-4770863282810476186","WRD - NPDES","Application/Request","HQG-GM42-A2DBC","Schedule - Biosolids Annual Report","https://mienviro.michigan.gov/ncore/downloadpdf/-4770863282810476186","F:\WWTP DOCUMENT DIVE\Cadillac_MiEnviro_2011-2026\documents\2025-10-21__-4770863282810476186__21n08w30-AB01.pdf.pdf","Downloaded",""
"2020-03-24","[Untitled].pdf","nForm Document","Form Submission Attachments","-4707268831554083833","WRD - NPDES","Application/Request","HNY-0A3C-HVRY7","Schedule - Michigan Industrial Pretreatment Program (IPP) Annual Report","https://mienviro.michigan.gov/ncore/downloadpdf/-4707268831554083833","F:\WWTP DOCUMENT DIVE\Cadillac_MiEnviro_2011-2026\documents\2020-03-24__-4707268831554083833__[Untitled].pdf.pdf","Downloaded",""
"2022-10-28","2021 Alan Benson 30-03.pdf","nForm Document","Form Submission Attachments","-4723721513289652420","WRD - NPDES","Application/Request","HPN-5DCS-H4WTR","Schedule - Biosolids Annual Report","https://mienviro.michigan.gov/ncore/downloadpdf/-4723721513289652420","F:\WWTP DOCUMENT DIVE\Cadillac_MiEnviro_2011-2026\documents\2022-10-28__-4723721513289652420__2021 Alan Benson 30-03.pdf.pdf","Downloaded",""
"2026-03-25","MI0020257_2025-04-01_to_2025-04-30_2_DMR.pdf","","Schedule - DMR Documents","-4713217909402636999","WRD - NPDES","Permit","MI0020257 v7.0","Schedule - DMR","https://mienviro.michigan.gov/ncore/downloadpdf/-4713217909402636999","F:\WWTP DOCUMENT DIVE\Cadillac_MiEnviro_2011-2026\documents\2026-03-25__-4713217909402636999__MI0020257_2025-04-01_to_2025-04-30_2_DMR.pdf.pdf","Downloaded",""
"2023-09-19","MI0020257_2023-08-01_to_2023-08-31_DMR.pdf","","Schedule - DMR Documents","-4700055520337929844","WRD - NPDES","Permit","MI0020257 v6.0","Schedule - DMR","https://mienviro.michigan.gov/ncore/downloadpdf/-4700055520337929844","F:\WWTP DOCUMENT DIVE\Cadillac_MiEnviro_2011-2026\documents\2023-09-19__-4700055520337929844__MI0020257_2023-08-01_to_2023-08-31_DMR.pdf.pdf","Downloaded",""
"2018-05-07","Cadillac WWTP May CBOD Exceed 050718.msg","","NPDES Misc. Site Docs","-4662633947220908881","n/a","Site","15637","Site","https://mienviro.michigan.gov/ncore/downloadpdf/-4662633947220908881","F:\WWTP DOCUMENT DIVE\Cadillac_MiEnviro_2011-2026\documents\2018-05-07__-4662633947220908881__Cadillac WWTP May CBOD Exceed 050718.msg.pdf","Downloaded",""
"2018-08-02","Public Notice Document_Cadillac WWTP.docx","","Misc. NPDES Permit Docs","-4635650844082025800","WRD - NPDES","Permit","MI0020257 v6.0","NPDES Individual Permit","https://mienviro.michigan.gov/ncore/downloadpdf/-4635650844082025800","F:\WWTP DOCUMENT DIVE\Cadillac_MiEnviro_2011-2026\documents\2018-08-02__-4635650844082025800__Public Notice Document_Cadillac WWTP.docx.pdf","Downloaded",""
"2024-02-23","MI0020257_2024-01-01_to_2024-01-31_DMR.pdf","","Schedule - DMR Documents","-4582637983325779571","WRD - NPDES","Permit","MI0020257 v7.0","Schedule - DMR","https://mienviro.michigan.gov/ncore/downloadpdf/-4582637983325779571","F:\WWTP DOCUMENT DIVE\Cadillac_MiEnviro_2011-2026\documents\2024-02-23__-4582637983325779571__MI0020257_2024-01-01_to_2024-01-31_DMR.pdf.pdf","Downloaded",""
"2016-01-25","Spill notification 1-12-16.pdf","","NPDES Misc. Site Docs","-4582177045037647324","n/a","Site","15637","Site","https://mienviro.michigan.gov/ncore/downloadpdf/-4582177045037647324","F:\WWTP DOCUMENT DIVE\Cadillac_MiEnviro_2011-2026\documents\2016-01-25__-4582177045037647324__Spill notification 1-12-16.pdf.pdf","Downloaded",""
"2017-04-03","PIRANHA.docx v1","PIRANHA.docx","Applicant Attachments","-4580690770354640221","WRD - NPDES","Application/Request","2Q7-HQ21-P66B","Permit Change - National Pollutant Discharge Elimination System (NPDES) Municipal Application Form (Reissuance)","https://mienviro.michigan.gov/ncore/downloadpdf/-4580690770354640221","F:\WWTP DOCUMENT DIVE\Cadillac_MiEnviro_2011-2026\documents\2017-04-03__-4580690770354640221__PIRANHA.docx v1.pdf","Downloaded",""
"2017-04-03","Munson.docx v1","Munson.docx","Applicant Attachments","-4576801597538136401","WRD - NPDES","Application/Request","2Q7-HQ21-P66B","Permit Change - National Pollutant Discharge Elimination System (NPDES) Municipal Application Form (Reissuance)","https://mienviro.michigan.gov/ncore/downloadpdf/-4576801597538136401","F:\WWTP DOCUMENT DIVE\Cadillac_MiEnviro_2011-2026\documents\2017-04-03__-4576801597538136401__Munson.docx v1.pdf","Downloaded",""
"2022-12-05","FW_ Categorical determination _ CCI plant map with sewer drain lines.msg","Categorical determination for Cadillac Casting request with Plant Sewer Lines attached.","Industrial Pretreatment Program (IPP)","-4629405798728367349","n/a","Site","15637","Site","https://mienviro.michigan.gov/ncore/downloadpdf/-4629405798728367349","F:\WWTP DOCUMENT DIVE\Cadillac_MiEnviro_2011-2026\documents\2022-12-05__-4629405798728367349__FW_ Categorical determination _ CCI plant map with sewer drain lines.msg.pdf","Downloaded",""
"2023-10-02","854440 Cadillac MAHL Report 2023_comments_CLL.pdf","","Industrial Pretreatment Program (IPP)","-4688409677041119888","WRD - NPDES","Application/Request","HPV-DHMB-MCAGV","Schedule - Submit MAHL and proposed local limits","https://mienviro.michigan.gov/ncore/downloadpdf/-4688409677041119888","F:\WWTP DOCUMENT DIVE\Cadillac_MiEnviro_2011-2026\documents\2023-10-02__-4688409677041119888__854440 Cadillac MAHL Report 2023_comments_CLL.pdf.pdf","Downloaded",""
"2017-10-13","2017 As Applied - 31DG01.xlsx v1","Land App site - April 2017","Applicant Attachments","-4564688140221150418","WRD - NPDES","Application/Request","HN8-AEB3-S8NKF","Schedule - Biosolids Annual Report","https://mienviro.michigan.gov/ncore/downloadpdf/-4564688140221150418","F:\WWTP DOCUMENT DIVE\Cadillac_MiEnviro_2011-2026\documents\2017-10-13__-4564688140221150418__2017 As Applied - 31DG01.xlsx v1.pdf","Downloaded",""
"2017-04-03","0P1-01 Process Flow.pdf v1","0P1-01 Process Flow.pdf","Applicant Attachments","-4571421296266695594","WRD - NPDES","Application/Request","2Q7-HQ21-P66B","Permit Change - National Pollutant Discharge Elimination System (NPDES) Municipal Application Form (Reissuance)","https://mienviro.michigan.gov/ncore/downloadpdf/-4571421296266695594","F:\WWTP DOCUMENT DIVE\Cadillac_MiEnviro_2011-2026\documents\2017-04-03__-4571421296266695594__0P1-01 Process Flow.pdf v1.pdf","Downloaded",""
"2024-09-14","HQ6-MRKV-Q3MJJ v1.pdf","Submission PDF","Form Submission Attachments","-4521792806745338433","WRD - NPDES","Application/Request","HQ6-MRKV-Q3MJJ","Schedule - Certification of Completion of Additional Monitoring Requirements","https://mienviro.michigan.gov/ncore/downloadpdf/-4521792806745338433","F:\WWTP DOCUMENT DIVE\Cadillac_MiEnviro_2011-2026\documents\2024-09-14__-4521792806745338433__HQ6-MRKV-Q3MJJ v1.pdf.pdf","Downloaded",""
"2019-12-18","DMR Summary - MI0020257 _11_01_2019_to_11_30_2019_V1.docx","DMR Summary Data for period 11/01/2019 - 11/30/2019_V1","Schedule - DMR Documents","-4555603840963804257","WRD - NPDES","Permit","MI0020257 v6.0","NPDES Individual Permit","https://mienviro.michigan.gov/ncore/downloadpdf/-4555603840963804257","F:\WWTP DOCUMENT DIVE\Cadillac_MiEnviro_2011-2026\documents\2019-12-18__-4555603840963804257__DMR Summary - MI0020257 _11_01_2019_to_11_30_2019_V1.docx.pdf","Downloaded",""
"2018-10-29","HNH-M790-67ZPK V1.pdf v1","FY18 Biosolids Annual Report","Misc. Application and Request Docs","-4484987493854053281","WRD - NPDES","Application/Request","HNH-M790-67ZPK","Schedule - Biosolids Annual Report","https://mienviro.michigan.gov/ncore/downloadpdf/-4484987493854053281","F:\WWTP DOCUMENT DIVE\Cadillac_MiEnviro_2011-2026\documents\2018-10-29__-4484987493854053281__HNH-M790-67ZPK V1.pdf v1.pdf","Downloaded",""
"2020-12-15","DEQ Letter Violation Notice - Claire Lowe - 12152020.doc","Submital Attachments","Form Submission Attachments","-4510826923768930961","WRD - NPDES","Application/Request","HP5-16EW-CW2T4","Schedule - Submit response to required actions","https://mienviro.michigan.gov/ncore/downloadpdf/-4510826923768930961","F:\WWTP DOCUMENT DIVE\Cadillac_MiEnviro_2011-2026\documents\2020-12-15__-4510826923768930961__DEQ Letter Violation Notice - Claire Lowe - 12152020.doc.pdf","Downloaded",""
"2018-09-21","FY18 Biosolids Audit Report.docx","Audit report from nSpect","Inspection Report","-4405780203920524018","WRD - NPDES","Evaluation","E-DHWW-FYB-ZBN","Biosolids Audit (05/11/2018)","https://mienviro.michigan.gov/ncore/downloadpdf/-4405780203920524018","F:\WWTP DOCUMENT DIVE\Cadillac_MiEnviro_2011-2026\documents\2018-09-21__-4405780203920524018__FY18 Biosolids Audit Report.docx.pdf","Downloaded",""
"2019-06-18","DMR Daily - MI0020257 _10_01_2017_to_10_31_2017_V2.docx","DMR Daily Data for period 10/01/2017 - 10/31/2017_V2","Schedule - DMR Documents","-4478719908778367759","WRD - NPDES","Permit","MI0020257 v5.1","NPDES Individual Permit","https://mienviro.michigan.gov/ncore/downloadpdf/-4478719908778367759","F:\WWTP DOCUMENT DIVE\Cadillac_MiEnviro_2011-2026\documents\2019-06-18__-4478719908778367759__DMR Daily - MI0020257 _10_01_2017_to_10_31_2017_V2.docx.pdf","Downloaded",""
"2021-03-26","Affidavit of Publication.pdf","nForm Document","Form Submission Attachments","-4393377774059515002","WRD - NPDES","Application/Request","HP6-YDST-46BJ3","Schedule - Michigan Industrial Pretreatment Program (IPP) Annual Report","https://mienviro.michigan.gov/ncore/downloadpdf/-4393377774059515002","F:\WWTP DOCUMENT DIVE\Cadillac_MiEnviro_2011-2026\documents\2021-03-26__-4393377774059515002__Affidavit of Publication.pdf.pdf","Downloaded",""
"2017-08-31","Cadillac WWTP DMRQA 37 083117.pdf","","NPDES Misc. Site Docs","-4403402754038879326","n/a","Site","15637","Site","https://mienviro.michigan.gov/ncore/downloadpdf/-4403402754038879326","F:\WWTP DOCUMENT DIVE\Cadillac_MiEnviro_2011-2026\documents\2017-08-31__-4403402754038879326__Cadillac WWTP DMRQA 37 083117.pdf.pdf","Downloaded",""
"2024-03-14","SIU CIU List 2023.xlsx","nForm Document","Form Submission Attachments","-4388086132233008333","WRD - NPDES","Application/Request","HQ2-3J17-F59S4","Schedule - Michigan Industrial Pretreatment Program (IPP) Annual Report","https://mienviro.michigan.gov/ncore/downloadpdf/-4388086132233008333","F:\WWTP DOCUMENT DIVE\Cadillac_MiEnviro_2011-2026\documents\2024-03-14__-4388086132233008333__SIU CIU List 2023.xlsx.pdf","Downloaded",""
"2026-03-25","26.03.05.AMR.Trace.pdf","nForm Document","Form Submission Attachments","-4391327775627724470","WRD - NPDES","Application/Request","HQM-5QVG-V9A98","Schedule - Certification of Completion of Additional Monitoring Requirements","https://mienviro.michigan.gov/ncore/downloadpdf/-4391327775627724470","F:\WWTP DOCUMENT DIVE\Cadillac_MiEnviro_2011-2026\documents\2026-03-25__-4391327775627724470__26.03.05.AMR.Trace.pdf.pdf","Downloaded",""
"2018-05-08","IMG_0012-cas.JPG","taken during field inspection","NPDES Biosolids Evaluation","-4387202925376745449","WRD - NPDES","Evaluation","E-DHWW-FYB-ZBN","Biosolids Audit (05/11/2018)","https://mienviro.michigan.gov/ncore/downloadpdf/-4387202925376745449","F:\WWTP DOCUMENT DIVE\Cadillac_MiEnviro_2011-2026\documents\2018-05-08__-4387202925376745449__IMG_0012-cas.JPG.pdf","Downloaded",""
"2020-02-11","HNX-E8Q7-TQ4BF V1.pdf v1","FY20 RMP Mod Applic Request;","Misc. Application and Request Docs","-4312345816805112594","WRD - NPDES","Application/Request","HNX-E8Q7-TQ4BF","Schedule - Biosolids Residuals Management Program (RMP) Submittal or Modification","https://mienviro.michigan.gov/ncore/downloadpdf/-4312345816805112594","F:\WWTP DOCUMENT DIVE\Cadillac_MiEnviro_2011-2026\documents\2020-02-11__-4312345816805112594__HNX-E8Q7-TQ4BF V1.pdf v1.pdf","Downloaded",""
"2016-05-16","DMR Summary - MI0020257 _04_01_2016_to_04_30_2016_V1.docx","DMR Summary Data for period 04/01/2016 - 04/30/2016_V1","Schedule - DMR Documents","-4336303018773149137","WRD - NPDES","Permit","MI0020257 v5.0","NPDES Individual Permit","https://mienviro.michigan.gov/ncore/downloadpdf/-4336303018773149137","F:\WWTP DOCUMENT DIVE\Cadillac_MiEnviro_2011-2026\documents\2016-05-16__-4336303018773149137__DMR Summary - MI0020257 _04_01_2016_to_04_30_2016_V1.docx.pdf","Downloaded",""
"2022-06-23","22.04.Eff.PFAS.Fibertec.pdf","nForm Document","Form Submission Attachments","-4359728924631276359","WRD - NPDES","Application/Request","HPJ-N5BJ-2CYH5","Schedule - PFAS POTW Effluent Monitoring Report","https://mienviro.michigan.gov/ncore/downloadpdf/-4359728924631276359","F:\WWTP DOCUMENT DIVE\Cadillac_MiEnviro_2011-2026\documents\2022-06-23__-4359728924631276359__22.04.Eff.PFAS.Fibertec.pdf.pdf","Downloaded",""
"2019-01-23","RE_ Cadillac WWTP - IPP PFAS Interim Report Review.msg","IPP PFAS Interim Rpt discussion correspondence","Industrial Pretreatment Program (IPP)","-4175896792502663720","WRD - NPDES","Application/Request","HNF-P7H3-DCN87","Schedule - IPP PFAS Interim Report-1","","","No download link",""
"2019-02-05","Cadillac WWTP 2018 CSI Trnsmt & VN Crrspnd 020519.msg","","NPDES Majors and Minors Evaluation","-4332928990444746313","WRD - NPDES","Evaluation","E-R7AN-XJE-F29","NPDES CSI-Conventionals Only (05/17/2018)","https://mienviro.michigan.gov/ncore/downloadpdf/-4332928990444746313","F:\WWTP DOCUMENT DIVE\Cadillac_MiEnviro_2011-2026\documents\2019-02-05__-4332928990444746313__Cadillac WWTP 2018 CSI Trnsmt & VN Crrspnd 020519.msg.pdf","Downloaded",""
"2023-04-10","IPP 2022 News.pdf","nForm Document","Form Submission Attachments","-4325347701521375082","WRD - NPDES","Application/Request","HPS-A3KN-2FH30","Schedule - Michigan Industrial Pretreatment Program (IPP) Annual Report","https://mienviro.michigan.gov/ncore/downloadpdf/-4325347701521375082","F:\WWTP DOCUMENT DIVE\Cadillac_MiEnviro_2011-2026\documents\2023-04-10__-4325347701521375082__IPP 2022 News.pdf.pdf","Downloaded",""
"2025-10-21","251001.biosolids.PFAS.Merit.PDF","nForm Document","Form Submission Attachments","-4309639422885279956","WRD - NPDES","Application/Request","HQG-GN3K-JNK5K","Schedule - Biosolids PFAS Monitoring Report","https://mienviro.michigan.gov/ncore/downloadpdf/-4309639422885279956","F:\WWTP DOCUMENT DIVE\Cadillac_MiEnviro_2011-2026\documents\2025-10-21__-4309639422885279956__251001.biosolids.PFAS.Merit.PDF.pdf","Downloaded",""
"2022-10-28","2022 Spring Lab Data.pdf","nForm Document","Form Submission Attachments","-4298928221021636283","WRD - NPDES","Application/Request","HPN-5DCS-H4WTR","Schedule - Biosolids Annual Report","https://mienviro.michigan.gov/ncore/downloadpdf/-4298928221021636283","F:\WWTP DOCUMENT DIVE\Cadillac_MiEnviro_2011-2026\documents\2022-10-28__-4298928221021636283__2022 Spring Lab Data.pdf.pdf","Downloaded",""
"2022-03-25","NPDES Map.pdf","nForm Document","Form Submission Attachments","-4261631751625588326","WRD - NPDES","Application/Request","HPG-1ZSF-KC99G","Permit Change - National Pollutant Discharge Elimination System (NPDES) Municipal Application Form (Reissuance)","https://mienviro.michigan.gov/ncore/downloadpdf/-4261631751625588326","F:\WWTP DOCUMENT DIVE\Cadillac_MiEnviro_2011-2026\documents\2022-03-25__-4261631751625588326__NPDES Map.pdf.pdf","Downloaded",""
"2026-03-25","MI0020257_2024-04-01_to_2024-04-30_2_DMR.pdf","","Schedule - DMR Documents","-4287516719655978438","WRD - NPDES","Permit","MI0020257 v7.0","Schedule - DMR","https://mienviro.michigan.gov/ncore/downloadpdf/-4287516719655978438","F:\WWTP DOCUMENT DIVE\Cadillac_MiEnviro_2011-2026\documents\2026-03-25__-4287516719655978438__MI0020257_2024-04-01_to_2024-04-30_2_DMR.pdf.pdf","Downloaded",""
"2022-03-25","CCI.docx","nForm Document","Form Submission Attachments","-4206316346880227567","WRD - NPDES","Application/Request","HPG-1ZSF-KC99G","Permit Change - National Pollutant Discharge Elimination System (NPDES) Municipal Application Form (Reissuance)","https://mienviro.michigan.gov/ncore/downloadpdf/-4206316346880227567","F:\WWTP DOCUMENT DIVE\Cadillac_MiEnviro_2011-2026\documents\2022-03-25__-4206316346880227567__CCI.docx.pdf","Downloaded",""
"2022-11-28","RE_ Categorical determination meeting_phone call.msg","Follow up email to 11-22-22 meeting requesting facility flow diagram.","Industrial Pretreatment Program (IPP)","-4226573320530097253","WRD - NPDES","Application/Request","HPP-2KMC-JBEZV","Schedule - Submit information as requested","https://mienviro.michigan.gov/ncore/downloadpdf/-4226573320530097253","F:\WWTP DOCUMENT DIVE\Cadillac_MiEnviro_2011-2026\documents\2022-11-28__-4226573320530097253__RE_ Categorical determination meeting_phone call.msg.pdf","Downloaded",""
"2017-04-05","Application_2Q7-HQ21-P66B V1.pdf v1","","Misc. Application and Request Docs","-4194105337445403259","WRD - NPDES","Application/Request","2Q7-HQ21-P66B","Permit Change - National Pollutant Discharge Elimination System (NPDES) Municipal Application Form (Reissuance)","https://mienviro.michigan.gov/ncore/downloadpdf/-4194105337445403259","F:\WWTP DOCUMENT DIVE\Cadillac_MiEnviro_2011-2026\documents\2017-04-05__-4194105337445403259__Application_2Q7-HQ21-P66B V1.pdf v1.pdf","Downloaded",""
"2016-01-19","DMR Summary - MI0020257 _12_01_2015_to_12_31_2015_V1.docx","DMR Summary Data for period 12/01/2015 - 12/31/2015_V1","Schedule - DMR Documents","-4193025276374184094","WRD - NPDES","Permit","MI0020257 v5.0","NPDES Individual Permit","https://mienviro.michigan.gov/ncore/downloadpdf/-4193025276374184094","F:\WWTP DOCUMENT DIVE\Cadillac_MiEnviro_2011-2026\documents\2016-01-19__-4193025276374184094__DMR Summary - MI0020257 _12_01_2015_to_12_31_2015_V1.docx.pdf","Downloaded",""
"2019-10-16","DMR Daily - MI0020257 _09_01_2019_to_09_30_2019_V1.docx","DMR Daily Data for period 09/01/2019 - 09/30/2019_V1","Schedule - DMR Documents","-4190240916929705577","WRD - NPDES","Permit","MI0020257 v6.0","NPDES Individual Permit","https://mienviro.michigan.gov/ncore/downloadpdf/-4190240916929705577","F:\WWTP DOCUMENT DIVE\Cadillac_MiEnviro_2011-2026\documents\2019-10-16__-4190240916929705577__DMR Daily - MI0020257 _09_01_2019_to_09_30_2019_V1.docx.pdf","Downloaded",""
"2025-01-14","HQ9-MNFB-AE3ND_v1.pdf","Submission PDF","Form Submission Attachments","-4169784832648480403","WRD - NPDES","Application/Request","HQ9-MNFB-AE3ND","Schedule - Biosolids PFAS Monitoring Report","https://mienviro.michigan.gov/ncore/downloadpdf/-4169784832648480403","F:\WWTP DOCUMENT DIVE\Cadillac_MiEnviro_2011-2026\documents\2025-01-14__-4169784832648480403__HQ9-MNFB-AE3ND_v1.pdf.pdf","Downloaded",""
"2025-09-16","EGLE FILE Biosolids Audit letter for Cadillac WWTP.msg","","NPDES Biosolids Evaluation","-4158673748337869517","WRD - NPDES","Evaluation","E-PP027995818650","Biosolids Audit (04/29/2025)","https://mienviro.michigan.gov/ncore/downloadpdf/-4158673748337869517","F:\WWTP DOCUMENT DIVE\Cadillac_MiEnviro_2011-2026\documents\2025-09-16__-4158673748337869517__EGLE FILE Biosolids Audit letter for Cadillac WWTP.msg.pdf","Downloaded",""
"2026-05-27","Cadillac WWTP IPP - Civil and criminal penalties.msg","Comments on civil and criminal penalty required revisions","Industrial Pretreatment Program (IPP)","-4134587087805206304","WRD - NPDES","Compliance Action","SVN-01952","Second Violation Notice","https://mienviro.michigan.gov/ncore/downloadpdf/-4134587087805206304","F:\WWTP DOCUMENT DIVE\Cadillac_MiEnviro_2011-2026\documents\2026-05-27__-4134587087805206304__Cadillac WWTP IPP - Civil and criminal penalties.msg.pdf","Downloaded",""
"2013-08-16","Cadillac WWTP Response to Comments Email.pdf","","Conversion - Compliance Action","-4130029830579911351","WRD - NPDES","Permit","MI0020257 v5.0","NPDES Individual Permit","https://mienviro.michigan.gov/ncore/downloadpdf/-4130029830579911351","F:\WWTP DOCUMENT DIVE\Cadillac_MiEnviro_2011-2026\documents\2013-08-16__-4130029830579911351__Cadillac WWTP Response to Comments Email.pdf.pdf","Downloaded",""
"2023-10-18","MI0020257_2023-09-01_to_2023-09-30_DMR.pdf","","Schedule - DMR Documents","-4136545451102060813","WRD - NPDES","Permit","MI0020257 v6.0","Schedule - DMR","https://mienviro.michigan.gov/ncore/downloadpdf/-4136545451102060813","F:\WWTP DOCUMENT DIVE\Cadillac_MiEnviro_2011-2026\documents\2023-10-18__-4136545451102060813__MI0020257_2023-09-01_to_2023-09-30_DMR.pdf.pdf","Downloaded",""
"2018-07-30","HAVS PFAS Survey.docx v1","HAVS PFAS Survey.docx","Applicant Attachments","-4128789177103566747","WRD - NPDES","Application/Request","HNF-P7H3-DCN87","Schedule - IPP PFAS Interim Report-1","https://mienviro.michigan.gov/ncore/downloadpdf/-4128789177103566747","F:\WWTP DOCUMENT DIVE\Cadillac_MiEnviro_2011-2026\documents\2018-07-30__-4128789177103566747__HAVS PFAS Survey.docx v1.pdf","Downloaded",""
"2018-06-15","Cadillac WWTP 2018 CSI Final Sampling Report 061518.msg","CSI sampling report","NPDES Majors and Minors Evaluation","-4108818268125140750","WRD - NPDES","Evaluation","E-R7AN-XJE-F29","NPDES CSI-Conventionals Only (05/17/2018)","https://mienviro.michigan.gov/ncore/downloadpdf/-4108818268125140750","F:\WWTP DOCUMENT DIVE\Cadillac_MiEnviro_2011-2026\documents\2018-06-15__-4108818268125140750__Cadillac WWTP 2018 CSI Final Sampling Report 061518.msg.pdf","Downloaded",""
"2025-10-20","MI0020257_2025-09-01_to_2025-09-30_DMR.pdf","","Schedule - DMR Documents","-4104155551233652870","WRD - NPDES","Permit","MI0020257 v7.0","Schedule - DMR","https://mienviro.michigan.gov/ncore/downloadpdf/-4104155551233652870","F:\WWTP DOCUMENT DIVE\Cadillac_MiEnviro_2011-2026\documents\2025-10-20__-4104155551233652870__MI0020257_2025-09-01_to_2025-09-30_DMR.pdf.pdf","Downloaded",""
"2025-10-21","TVS & 38% Reduction 2025.xlsx","nForm Document","Form Submission Attachments","-4090788587239314090","WRD - NPDES","Application/Request","HQG-GM42-A2DBC","Schedule - Biosolids Annual Report","https://mienviro.michigan.gov/ncore/downloadpdf/-4090788587239314090","F:\WWTP DOCUMENT DIVE\Cadillac_MiEnviro_2011-2026\documents\2025-10-21__-4090788587239314090__TVS & 38% Reduction 2025.xlsx.pdf","Downloaded",""
"2014-10-21","Compliance Communication.doc","Compliance Communication","Conversion - Eval","-4079459079770278084","WRD - NPDES","Evaluation","E-832F-E9-D657","NPDES CSI-Toxics (10/14/2014)","https://mienviro.michigan.gov/ncore/downloadpdf/-4079459079770278084","F:\WWTP DOCUMENT DIVE\Cadillac_MiEnviro_2011-2026\documents\2014-10-21__-4079459079770278084__Compliance Communication.doc.pdf","Downloaded",""
"2018-05-08","IMG_0021-cas.JPG","taken during field inspection","NPDES Biosolids Evaluation","-4086204810433318992","WRD - NPDES","Evaluation","E-DHWW-FYB-ZBN","Biosolids Audit (05/11/2018)","https://mienviro.michigan.gov/ncore/downloadpdf/-4086204810433318992","F:\WWTP DOCUMENT DIVE\Cadillac_MiEnviro_2011-2026\documents\2018-05-08__-4086204810433318992__IMG_0021-cas.JPG.pdf","Downloaded",""
"2022-11-30","PLANT SEWER LINES.pdf","Document submitted by Erik Olson of Cadillac Casting Inc. showing facility sewer lines.","Industrial Pretreatment Program (IPP)","-4079014274836137113","WRD - NPDES","Application/Request","HPP-2KMC-JBEZV","Schedule - Submit information as requested","https://mienviro.michigan.gov/ncore/downloadpdf/-4079014274836137113","F:\WWTP DOCUMENT DIVE\Cadillac_MiEnviro_2011-2026\documents\2022-11-30__-4079014274836137113__PLANT SEWER LINES.pdf.pdf","Downloaded",""
"2025-03-27","SIU CIU List 2024.xlsx","nForm Document","Form Submission Attachments","-4041280387536601589","WRD - NPDES","Application/Request","HQB-BNKM-1SC3Q","Schedule - Michigan Industrial Pretreatment Program (IPP) Annual Report","https://mienviro.michigan.gov/ncore/downloadpdf/-4041280387536601589","F:\WWTP DOCUMENT DIVE\Cadillac_MiEnviro_2011-2026\documents\2025-03-27__-4041280387536601589__SIU CIU List 2024.xlsx.pdf","Downloaded",""
"2014-11-25","Cadillac WWTP1014.xls","CSI Report","Conversion - Application / Request","-4058762933703698175","WRD - NPDES","Evaluation","E-832F-E9-D657","NPDES CSI-Toxics (10/14/2014)","https://mienviro.michigan.gov/ncore/downloadpdf/-4058762933703698175","F:\WWTP DOCUMENT DIVE\Cadillac_MiEnviro_2011-2026\documents\2014-11-25__-4058762933703698175__Cadillac WWTP1014.xls.pdf","Downloaded",""
"2017-04-03","Wet Test ERM 2-2-2017.pdf v1","Wet Test ERM 2-2-2017.pdf","Applicant Attachments","-4072267205926815735","WRD - NPDES","Application/Request","2Q7-HQ21-P66B","Permit Change - National Pollutant Discharge Elimination System (NPDES) Municipal Application Form (Reissuance)","https://mienviro.michigan.gov/ncore/downloadpdf/-4072267205926815735","F:\WWTP DOCUMENT DIVE\Cadillac_MiEnviro_2011-2026\documents\2017-04-03__-4072267205926815735__Wet Test ERM 2-2-2017.pdf v1.pdf","Downloaded",""
"2017-10-13","HML Fall 2016.pdf v1","Sept. test for haul in Oct. - Class A Pathogen results","Applicant Attachments","-4030890897963029912","WRD - NPDES","Application/Request","HN8-AEB3-S8NKF","Schedule - Biosolids Annual Report","https://mienviro.michigan.gov/ncore/downloadpdf/-4030890897963029912","F:\WWTP DOCUMENT DIVE\Cadillac_MiEnviro_2011-2026\documents\2017-10-13__-4030890897963029912__HML Fall 2016.pdf v1.pdf","Downloaded",""
"2015-11-19","DMR Summary - MI0020257 _10_01_2015_to_10_31_2015_V1.docx","DMR Summary Data for period 10/01/2015 - 10/31/2015_V1","Schedule - DMR Documents","-4008341624842458816","WRD - NPDES","Permit","MI0020257 v5.0","NPDES Individual Permit","https://mienviro.michigan.gov/ncore/downloadpdf/-4008341624842458816","F:\WWTP DOCUMENT DIVE\Cadillac_MiEnviro_2011-2026\documents\2015-11-19__-4008341624842458816__DMR Summary - MI0020257 _10_01_2015_to_10_31_2015_V1.docx.pdf","Downloaded",""
"2013-11-13","Cadillac 9-19-13 Letter to Mike Bitondo.pdf","","Conversion - Compliance Action","-4137983880946955700","WRD - NPDES","Permit","MI0020257 v5.0","NPDES Individual Permit","https://mienviro.michigan.gov/ncore/downloadpdf/-4137983880946955700","F:\WWTP DOCUMENT DIVE\Cadillac_MiEnviro_2011-2026\documents\2013-11-13__-4137983880946955700__Cadillac 9-19-13 Letter to Mike Bitondo.pdf.pdf","Downloaded",""
"2018-10-29","Dyneon discussion Cadillac.docx","IPP PFAS Interim Rpt discussion correspondence","Industrial Pretreatment Program (IPP)","-3935179264562711398","WRD - NPDES","Application/Request","HNF-P7H3-DCN87","Schedule - IPP PFAS Interim Report-1","https://mienviro.michigan.gov/ncore/downloadpdf/-3935179264562711398","F:\WWTP DOCUMENT DIVE\Cadillac_MiEnviro_2011-2026\documents\2018-10-29__-3935179264562711398__Dyneon discussion Cadillac.docx.pdf","Downloaded",""
"2022-06-01","Biologist Application Complete Checklist - Municipal_MI0020257_6-1-2022.docx","Biologist App Review Checklist of Analytical","Misc. Application and Request Docs","-3945892520899596699","WRD - NPDES","Application/Request","HPG-1ZSF-KC99G","Permit Change - National Pollutant Discharge Elimination System (NPDES) Municipal Application Form (Reissuance)","https://mienviro.michigan.gov/ncore/downloadpdf/-3945892520899596699","F:\WWTP DOCUMENT DIVE\Cadillac_MiEnviro_2011-2026\documents\2022-06-01__-3945892520899596699__Biologist Application Complete Checklist - Municipal_MI0020257_6-1-2022.docx.pdf","Downloaded",""
"2018-12-18","EM-FY18 Applier Certification-revised 2-signed.msg","from facility","NPDES Submittal Docs","-3951802162146228519","WRD - NPDES","Application/Request","HNH-M790-67ZPK","Schedule - Biosolids Annual Report","https://mienviro.michigan.gov/ncore/downloadpdf/-3951802162146228519","F:\WWTP DOCUMENT DIVE\Cadillac_MiEnviro_2011-2026\documents\2018-12-18__-3951802162146228519__EM-FY18 Applier Certification-revised 2-signed.msg.pdf","Downloaded",""
"2020-04-03","FY20 Biosolids Lab data sheet-Nov.pdf","came w/ em from WWTP","NPDES Submittal Docs","-3898013246824429371","WRD - NPDES","Application/Request","HNX-E8Q7-TQ4BF","Schedule - Biosolids Residuals Management Program (RMP) Submittal or Modification","https://mienviro.michigan.gov/ncore/downloadpdf/-3898013246824429371","F:\WWTP DOCUMENT DIVE\Cadillac_MiEnviro_2011-2026\documents\2020-04-03__-3898013246824429371__FY20 Biosolids Lab data sheet-Nov.pdf.pdf","Downloaded",""
"2022-03-25","21.03.Eff.AddlMonit.ERM.pdf","nForm Document","Form Submission Attachments","-4005974298201292411","WRD - NPDES","Application/Request","HPG-1ZSF-KC99G","Permit Change - National Pollutant Discharge Elimination System (NPDES) Municipal Application Form (Reissuance)","https://mienviro.michigan.gov/ncore/downloadpdf/-4005974298201292411","F:\WWTP DOCUMENT DIVE\Cadillac_MiEnviro_2011-2026\documents\2022-03-25__-4005974298201292411__21.03.Eff.AddlMonit.ERM.pdf.pdf","Downloaded",""
"2023-04-20","HPG-1ZNB-Y56ZQ v3.pdf v3","Submission PDF","Misc. Application and Request Docs","-3895171563158295781","WRD - NPDES","Application/Request","HPG-1ZNB-Y56ZQ","Schedule - Michigan Industrial Pretreatment Program (IPP) Annual Report","https://mienviro.michigan.gov/ncore/downloadpdf/-3895171563158295781","F:\WWTP DOCUMENT DIVE\Cadillac_MiEnviro_2011-2026\documents\2023-04-20__-3895171563158295781__HPG-1ZNB-Y56ZQ v3.pdf v3.pdf","Downloaded",""
"2023-10-30","HPY-PZSD-5P4KK v1.pdf","Submission PDF","Form Submission Attachments","-3886276640963097788","WRD - NPDES","Application/Request","HPY-PZSD-5P4KK","Schedule - Biosolids Annual Report","https://mienviro.michigan.gov/ncore/downloadpdf/-3886276640963097788","F:\WWTP DOCUMENT DIVE\Cadillac_MiEnviro_2011-2026\documents\2023-10-30__-3886276640963097788__HPY-PZSD-5P4KK v1.pdf.pdf","Downloaded",""
"2022-08-17","MI0020257_2022-07-01_to_2022-07-31_DMR.pdf","","Schedule - DMR Documents","-3895743267772400781","WRD - NPDES","Permit","MI0020257 v6.0","Schedule - DMR","https://mienviro.michigan.gov/ncore/downloadpdf/-3895743267772400781","F:\WWTP DOCUMENT DIVE\Cadillac_MiEnviro_2011-2026\documents\2022-08-17__-3895743267772400781__MI0020257_2022-07-01_to_2022-07-31_DMR.pdf.pdf","Downloaded",""
"2014-10-21","56545 Analytical Methodology.pdf","","Conversion - Application / Request","-3847456507453624983","WRD - NPDES","Evaluation","E-832F-E9-D657","NPDES CSI-Toxics (10/14/2014)","https://mienviro.michigan.gov/ncore/downloadpdf/-3847456507453624983","F:\WWTP DOCUMENT DIVE\Cadillac_MiEnviro_2011-2026\documents\2014-10-21__-3847456507453624983__56545 Analytical Methodology.pdf.pdf","Downloaded",""
"2022-10-28","2021 Alan Benson 30-01.pdf","nForm Document","Form Submission Attachments","-3834514761618804079","WRD - NPDES","Application/Request","HPN-5DCS-H4WTR","Schedule - Biosolids Annual Report","https://mienviro.michigan.gov/ncore/downloadpdf/-3834514761618804079","F:\WWTP DOCUMENT DIVE\Cadillac_MiEnviro_2011-2026\documents\2022-10-28__-3834514761618804079__2021 Alan Benson 30-01.pdf.pdf","Downloaded",""
"2019-02-05","Cadillac WWTP 2018 CSI Trnsmt & VN Crrspnd 020519.msg","","Water Quality Compliance Communication Docs","-3784595676221306480","WRD - NPDES","Compliance Action","CC-001808","Compliance Communication","https://mienviro.michigan.gov/ncore/downloadpdf/-3784595676221306480","F:\WWTP DOCUMENT DIVE\Cadillac_MiEnviro_2011-2026\documents\2019-02-05__-3784595676221306480__Cadillac WWTP 2018 CSI Trnsmt & VN Crrspnd 020519.msg.pdf","Downloaded",""
"2019-11-22","WETQuestion_MI0020257_11-22-2019.msg","","Misc Site Docs","-3775827852740007551","n/a","Site","15637","Site","https://mienviro.michigan.gov/ncore/downloadpdf/-3775827852740007551","F:\WWTP DOCUMENT DIVE\Cadillac_MiEnviro_2011-2026\documents\2019-11-22__-3775827852740007551__WETQuestion_MI0020257_11-22-2019.msg.pdf","Downloaded",""
"2017-08-17","DMR Summary - MI0020257 _05_01_2017_to_05_31_2017_V2.docx","DMR Summary Data for period 05/01/2017 - 05/31/2017_V2","Schedule - DMR Documents","-3743271668249773176","WRD - NPDES","Permit","MI0020257 v5.1","NPDES Individual Permit","https://mienviro.michigan.gov/ncore/downloadpdf/-3743271668249773176","F:\WWTP DOCUMENT DIVE\Cadillac_MiEnviro_2011-2026\documents\2017-08-17__-3743271668249773176__DMR Summary - MI0020257 _05_01_2017_to_05_31_2017_V2.docx.pdf","Downloaded",""
"2022-10-28","220308.biosolids.HML.pdf","nForm Document","Form Submission Attachments","-3748991011777642818","WRD - NPDES","Application/Request","HPN-5DCS-H4WTR","Schedule - Biosolids Annual Report","https://mienviro.michigan.gov/ncore/downloadpdf/-3748991011777642818","F:\WWTP DOCUMENT DIVE\Cadillac_MiEnviro_2011-2026\documents\2022-10-28__-3748991011777642818__220308.biosolids.HML.pdf.pdf","Downloaded",""
"2026-03-24","POTW Monitoring Data Summary 2025.xlsx","nForm Document","Form Submission Attachments","-3721864453893234678","WRD - NPDES","Application/Request","HQM-9QCZ-PE5QR","Schedule - Michigan Industrial Pretreatment Program (IPP) Annual Report","https://mienviro.michigan.gov/ncore/downloadpdf/-3721864453893234678","F:\WWTP DOCUMENT DIVE\Cadillac_MiEnviro_2011-2026\documents\2026-03-24__-3721864453893234678__POTW Monitoring Data Summary 2025.xlsx.pdf","Downloaded",""
"2018-12-12","RE_ Voicemail Message.msg","","Industrial Pretreatment Program (IPP)","-3859762491865917202","n/a","Site","15637","Site","https://mienviro.michigan.gov/ncore/downloadpdf/-3859762491865917202","F:\WWTP DOCUMENT DIVE\Cadillac_MiEnviro_2011-2026\documents\2018-12-12__-3859762491865917202__RE_ Voicemail Message.msg.pdf","Downloaded",""
"2018-05-09","Cadillac WWTP May CBOD Exceed 050918.msg","","Misc Site Docs","-3670737727367029737","n/a","Site","15637","Site","https://mienviro.michigan.gov/ncore/downloadpdf/-3670737727367029737","F:\WWTP DOCUMENT DIVE\Cadillac_MiEnviro_2011-2026\documents\2018-05-09__-3670737727367029737__Cadillac WWTP May CBOD Exceed 050918.msg.pdf","Downloaded",""
"2014-11-26","available cyanide.pdf","","Conversion - Application / Request","-3695442185476720674","WRD - NPDES","Evaluation","E-832F-E9-D657","NPDES CSI-Toxics (10/14/2014)","https://mienviro.michigan.gov/ncore/downloadpdf/-3695442185476720674","F:\WWTP DOCUMENT DIVE\Cadillac_MiEnviro_2011-2026\documents\2014-11-26__-3695442185476720674__available cyanide.pdf.pdf","Downloaded",""
"2021-10-28","21N08W30-AB01.pdf","FY21 Land Applic Site ID Packet; site used in the Spring 2021;","Form Submission Attachments","-3733560267737762096","WRD - NPDES","Application/Request","HPC-K20Z-68T3J","Schedule - Biosolids Annual Report","https://mienviro.michigan.gov/ncore/downloadpdf/-3733560267737762096","F:\WWTP DOCUMENT DIVE\Cadillac_MiEnviro_2011-2026\documents\2021-10-28__-3733560267737762096__21N08W30-AB01.pdf.pdf","Downloaded",""
"2024-03-14","FW_ Box advertisment.msg","nForm Document","Form Submission Attachments","-3620922242050658812","WRD - NPDES","Application/Request","HQ2-3J17-F59S4","Schedule - Michigan Industrial Pretreatment Program (IPP) Annual Report","https://mienviro.michigan.gov/ncore/downloadpdf/-3620922242050658812","F:\WWTP DOCUMENT DIVE\Cadillac_MiEnviro_2011-2026\documents\2024-03-14__-3620922242050658812__FW_ Box advertisment.msg.pdf","Downloaded",""
"2018-08-14","DMR Daily - MI0020257 _07_01_2018_to_07_31_2018_V1.docx","DMR Daily Data for period 07/01/2018 - 07/31/2018_V1","Schedule - DMR Documents","-3619680789938111605","WRD - NPDES","Permit","MI0020257 v5.1","NPDES Individual Permit","https://mienviro.michigan.gov/ncore/downloadpdf/-3619680789938111605","F:\WWTP DOCUMENT DIVE\Cadillac_MiEnviro_2011-2026\documents\2018-08-14__-3619680789938111605__DMR Daily - MI0020257 _07_01_2018_to_07_31_2018_V1.docx.pdf","Downloaded",""
"2022-03-24","POTW_Monitoring_Data_Summary 2021.xlsx","nForm Document","Form Submission Attachments","-3597137077750831484","WRD - NPDES","Application/Request","HPG-1ZNB-Y56ZQ","Schedule - Michigan Industrial Pretreatment Program (IPP) Annual Report","https://mienviro.michigan.gov/ncore/downloadpdf/-3597137077750831484","F:\WWTP DOCUMENT DIVE\Cadillac_MiEnviro_2011-2026\documents\2022-03-24__-3597137077750831484__POTW_Monitoring_Data_Summary 2021.xlsx.pdf","Downloaded",""
"2019-02-12","RE_ Voicemail Message.msg","IPP PFAS Interim Rpt discussion correspondence","Industrial Pretreatment Program (IPP)","-4031262101571962083","WRD - NPDES","Application/Request","HNF-P7H3-DCN87","Schedule - IPP PFAS Interim Report-1","https://mienviro.michigan.gov/ncore/downloadpdf/-4031262101571962083","F:\WWTP DOCUMENT DIVE\Cadillac_MiEnviro_2011-2026\documents\2019-02-12__-4031262101571962083__RE_ Voicemail Message.msg.pdf","Downloaded",""
"2013-05-23","Pre-Public Notice Letter.doc","Pre-Public Notice Letter","Conversion - Permit","-3570540961383078534","WRD - NPDES","Permit","MI0020257 v5.0","NPDES Individual Permit","https://mienviro.michigan.gov/ncore/downloadpdf/-3570540961383078534","F:\WWTP DOCUMENT DIVE\Cadillac_MiEnviro_2011-2026\documents\2013-05-23__-3570540961383078534__Pre-Public Notice Letter.doc.pdf","Downloaded",""
"2018-03-28","Notice of SNC.jpg v1","Notice of SNC.jpg","Applicant Attachments","-3545021326186909476","WRD - NPDES","Application/Request","HNB-J69X-W1FHA","Schedule - Michigan Industrial Pretreatment Program Annual Report","https://mienviro.michigan.gov/ncore/downloadpdf/-3545021326186909476","F:\WWTP DOCUMENT DIVE\Cadillac_MiEnviro_2011-2026\documents\2018-03-28__-3545021326186909476__Notice of SNC.jpg v1.pdf","Downloaded",""
"2020-10-30","FY20 Applier Certification-Management Practices.pdf","Management Practice Certification; Management Practices.pdf;","Form Submission Attachments","-3595321980453110117","WRD - NPDES","Application/Request","HP3-HWDR-V8Y73","Schedule - Biosolids Annual Report","https://mienviro.michigan.gov/ncore/downloadpdf/-3595321980453110117","F:\WWTP DOCUMENT DIVE\Cadillac_MiEnviro_2011-2026\documents\2020-10-30__-3595321980453110117__FY20 Applier Certification-Management Practices.pdf.pdf","Downloaded",""
"2016-10-25","2KJ-C2SF-H1BF V1.pdf v1","","Misc. Application and Request Docs","-3521121797145537515","WRD - NPDES","Application/Request","2KJ-C2SF-H1BF","Schedule - Biosolids Annual Report","https://mienviro.michigan.gov/ncore/downloadpdf/-3521121797145537515","F:\WWTP DOCUMENT DIVE\Cadillac_MiEnviro_2011-2026\documents\2016-10-25__-3521121797145537515__2KJ-C2SF-H1BF V1.pdf v1.pdf","Downloaded",""
"2017-06-13","DMR Daily - MI0020257 _05_01_2017_to_05_31_2017_V1.docx","DMR Daily Data for period 05/01/2017 - 05/31/2017_V1","Schedule - DMR Documents","-3514350148586469102","WRD - NPDES","Permit","MI0020257 v5.1","NPDES Individual Permit","https://mienviro.michigan.gov/ncore/downloadpdf/-3514350148586469102","F:\WWTP DOCUMENT DIVE\Cadillac_MiEnviro_2011-2026\documents\2017-06-13__-3514350148586469102__DMR Daily - MI0020257 _05_01_2017_to_05_31_2017_V1.docx.pdf","Downloaded",""
"2015-06-15","Interview Jill Notes.pdf","","Conversion - Application / Request","-3501506775905898877","WRD - NPDES","Evaluation","E-91D5-97-E7D2","Pretreatment Compliance Inspection (05/14/2015)","https://mienviro.michigan.gov/ncore/downloadpdf/-3501506775905898877","F:\WWTP DOCUMENT DIVE\Cadillac_MiEnviro_2011-2026\documents\2015-06-15__-3501506775905898877__Interview Jill Notes.pdf.pdf","Downloaded",""
"2021-09-30","2021-09-30 VN-012230 Cadillac WWTP.pdf","","Water Quality VNs, SVNs, ENs","-3489435999352372800","WRD - NPDES","Compliance Action","VN-012230","Violation Notice","https://mienviro.michigan.gov/ncore/downloadpdf/-3489435999352372800","F:\WWTP DOCUMENT DIVE\Cadillac_MiEnviro_2011-2026\documents\2021-09-30__-3489435999352372800__2021-09-30 VN-012230 Cadillac WWTP.pdf.pdf","Downloaded",""
"2016-02-20","DMR Summary - MI0020257 _01_01_2016_to_01_31_2016_V1.docx","DMR Summary Data for period 01/01/2016 - 01/31/2016_V1","Schedule - DMR Documents","-3488789892444246103","WRD - NPDES","Permit","MI0020257 v5.0","NPDES Individual Permit","https://mienviro.michigan.gov/ncore/downloadpdf/-3488789892444246103","F:\WWTP DOCUMENT DIVE\Cadillac_MiEnviro_2011-2026\documents\2016-02-20__-3488789892444246103__DMR Summary - MI0020257 _01_01_2016_to_01_31_2016_V1.docx.pdf","Downloaded",""
"2020-04-07","FY19 Pathogen Results-Spring.pdf","EGLE info from Cadillac's past biosolids annual reports to help with RMP mod review","Misc. Submittal Docs","-3616924148492431618","WRD - NPDES","Application/Request","HNX-E8Q7-TQ4BF","Schedule - Biosolids Residuals Management Program (RMP) Submittal or Modification","https://mienviro.michigan.gov/ncore/downloadpdf/-3616924148492431618","F:\WWTP DOCUMENT DIVE\Cadillac_MiEnviro_2011-2026\documents\2020-04-07__-3616924148492431618__FY19 Pathogen Results-Spring.pdf.pdf","Downloaded",""
"2019-09-11","DMR Daily - MI0020257 _08_01_2019_to_08_31_2019_V1.docx","DMR Daily Data for period 08/01/2019 - 08/31/2019_V1","Schedule - DMR Documents","-3469650607187381381","WRD - NPDES","Permit","MI0020257 v5.1","NPDES Individual Permit","https://mienviro.michigan.gov/ncore/downloadpdf/-3469650607187381381","F:\WWTP DOCUMENT DIVE\Cadillac_MiEnviro_2011-2026\documents\2019-09-11__-3469650607187381381__DMR Daily - MI0020257 _08_01_2019_to_08_31_2019_V1.docx.pdf","Downloaded",""
"2016-03-16","DMR Summary - MI0020257 _02_01_2016_to_02_29_2016_V1.docx","DMR Summary Data for period 02/01/2016 - 02/29/2016_V1","Schedule - DMR Documents","-3461689102167870562","WRD - NPDES","Permit","MI0020257 v5.0","NPDES Individual Permit","https://mienviro.michigan.gov/ncore/downloadpdf/-3461689102167870562","F:\WWTP DOCUMENT DIVE\Cadillac_MiEnviro_2011-2026\documents\2016-03-16__-3461689102167870562__DMR Summary - MI0020257 _02_01_2016_to_02_29_2016_V1.docx.pdf","Downloaded",""
"2015-05-13","Pre-Inspection Report.doc","Pre-Inspection Report","Conversion - Eval","-3430155575482837490","WRD - NPDES","Evaluation","E-91D5-97-E7D2","Pretreatment Compliance Inspection (05/14/2015)","https://mienviro.michigan.gov/ncore/downloadpdf/-3430155575482837490","F:\WWTP DOCUMENT DIVE\Cadillac_MiEnviro_2011-2026\documents\2015-05-13__-3430155575482837490__Pre-Inspection Report.doc.pdf","Downloaded",""
"2025-08-08","Attachment 1 - Cadillac WWTP Violations.pdf","","Water Quality Compliance Communication Docs","-3417167092726412792","WRD - NPDES","Compliance Action","CC-006510","Compliance Communication","https://mienviro.michigan.gov/ncore/downloadpdf/-3417167092726412792","F:\WWTP DOCUMENT DIVE\Cadillac_MiEnviro_2011-2026\documents\2025-08-08__-3417167092726412792__Attachment 1 - Cadillac WWTP Violations.pdf.pdf","Downloaded",""
"2022-03-09","MI0020257_2022-02-01_to_2022-02-28_DMR.pdf","","Schedule - DMR Documents","-3429744774982411880","WRD - NPDES","Permit","MI0020257 v6.0","Schedule - DMR","https://mienviro.michigan.gov/ncore/downloadpdf/-3429744774982411880","F:\WWTP DOCUMENT DIVE\Cadillac_MiEnviro_2011-2026\documents\2022-03-09__-3429744774982411880__MI0020257_2022-02-01_to_2022-02-28_DMR.pdf.pdf","Downloaded",""
"2013-08-16","Cadillac WWTP Public Notice Draft Permit.pdf","","Conversion - Compliance Action","-3380254261609336174","WRD - NPDES","Permit","MI0020257 v5.0","NPDES Individual Permit","https://mienviro.michigan.gov/ncore/downloadpdf/-3380254261609336174","F:\WWTP DOCUMENT DIVE\Cadillac_MiEnviro_2011-2026\documents\2013-08-16__-3380254261609336174__Cadillac WWTP Public Notice Draft Permit.pdf.pdf","Downloaded",""
"2025-01-14","240401.biosolids.PFAS.Merit.PDF","nForm Document","Form Submission Attachments","-3398495639330811667","WRD - NPDES","Application/Request","HQ9-MNFB-AE3ND","Schedule - Biosolids PFAS Monitoring Report","https://mienviro.michigan.gov/ncore/downloadpdf/-3398495639330811667","F:\WWTP DOCUMENT DIVE\Cadillac_MiEnviro_2011-2026\documents\2025-01-14__-3398495639330811667__240401.biosolids.PFAS.Merit.PDF.pdf","Downloaded",""
"2018-05-08","IMG_0029-cas.JPG","taken during field inspection","NPDES Biosolids Evaluation","-3373831412953128423","WRD - NPDES","Evaluation","E-DHWW-FYB-ZBN","Biosolids Audit (05/11/2018)","https://mienviro.michigan.gov/ncore/downloadpdf/-3373831412953128423","F:\WWTP DOCUMENT DIVE\Cadillac_MiEnviro_2011-2026\documents\2018-05-08__-3373831412953128423__IMG_0029-cas.JPG.pdf","Downloaded",""
"2020-10-30","HP3-HWDR-V8Y73 V1.pdf v1","FY20 Biosolids Annual Report","Misc. Application and Request Docs","-3373663795635721601","WRD - NPDES","Application/Request","HP3-HWDR-V8Y73","Schedule - Biosolids Annual Report","https://mienviro.michigan.gov/ncore/downloadpdf/-3373663795635721601","F:\WWTP DOCUMENT DIVE\Cadillac_MiEnviro_2011-2026\documents\2020-10-30__-3373663795635721601__HP3-HWDR-V8Y73 V1.pdf v1.pdf","Downloaded",""
"2021-10-28","TVS & 38% Reduction.xlsx","FY21 Solids Retention Time Data Calculations","Form Submission Attachments","-3298554166669332689","WRD - NPDES","Application/Request","HPC-K20Z-68T3J","Schedule - Biosolids Annual Report","https://mienviro.michigan.gov/ncore/downloadpdf/-3298554166669332689","F:\WWTP DOCUMENT DIVE\Cadillac_MiEnviro_2011-2026\documents\2021-10-28__-3298554166669332689__TVS & 38% Reduction.xlsx.pdf","Downloaded",""
"2023-01-26","HPN-5DCS-H4WTR v2.pdf v2","Submission PDF","Misc. Application and Request Docs","-3261503517011531799","WRD - NPDES","Application/Request","HPN-5DCS-H4WTR","Schedule - Biosolids Annual Report","https://mienviro.michigan.gov/ncore/downloadpdf/-3261503517011531799","F:\WWTP DOCUMENT DIVE\Cadillac_MiEnviro_2011-2026\documents\2023-01-26__-3261503517011531799__HPN-5DCS-H4WTR v2.pdf v2.pdf","Downloaded",""
"2022-06-23","20.04.Eff.PFAS.TestAm.pdf","nForm Document","Form Submission Attachments","-3360876257724434354","WRD - NPDES","Application/Request","HPJ-N5BJ-2CYH5","Schedule - PFAS POTW Effluent Monitoring Report","https://mienviro.michigan.gov/ncore/downloadpdf/-3360876257724434354","F:\WWTP DOCUMENT DIVE\Cadillac_MiEnviro_2011-2026\documents\2022-06-23__-3360876257724434354__20.04.Eff.PFAS.TestAm.pdf.pdf","Downloaded",""
"2022-10-17","WQBELBiologistReview_MI0020257_10-17-2022.doc","WQBEL Biologist Recommendations Memo","Misc. Permit Docs","-3253706086432660697","WRD - NPDES","Permit","MI0020257 v7.0","NPDES Individual Permit","https://mienviro.michigan.gov/ncore/downloadpdf/-3253706086432660697","F:\WWTP DOCUMENT DIVE\Cadillac_MiEnviro_2011-2026\documents\2022-10-17__-3253706086432660697__WQBELBiologistReview_MI0020257_10-17-2022.doc.pdf","Downloaded",""
"2022-10-28","21N09W27-WR01.pdf","nForm Document","Form Submission Attachments","-3379215731425773250","WRD - NPDES","Application/Request","HPN-5DCS-H4WTR","Schedule - Biosolids Annual Report","https://mienviro.michigan.gov/ncore/downloadpdf/-3379215731425773250","F:\WWTP DOCUMENT DIVE\Cadillac_MiEnviro_2011-2026\documents\2022-10-28__-3379215731425773250__21N09W27-WR01.pdf.pdf","Downloaded",""
"2025-06-11","HQD-91C4-TNX99_v1.pdf","May 2025 WWTP effluent PFAS sample results","Form Submission Attachments","-3242537781810572657","WRD - NPDES","Application/Request","HQD-91C4-TNX99","Schedule - PFAS POTW Effluent Monitoring Report","https://mienviro.michigan.gov/ncore/downloadpdf/-3242537781810572657","F:\WWTP DOCUMENT DIVE\Cadillac_MiEnviro_2011-2026\documents\2025-06-11__-3242537781810572657__HQD-91C4-TNX99_v1.pdf.pdf","Downloaded",""
"2024-10-30","230928.biosolids.chem.PACE.RevRL.pdf","nForm Document","Form Submission Attachments","-3266222552542661633","WRD - NPDES","Application/Request","HQ7-KAAW-2S9Y5","Schedule - Biosolids Annual Report","https://mienviro.michigan.gov/ncore/downloadpdf/-3266222552542661633","F:\WWTP DOCUMENT DIVE\Cadillac_MiEnviro_2011-2026\documents\2024-10-30__-3266222552542661633__230928.biosolids.chem.PACE.RevRL.pdf.pdf","Downloaded",""
"2022-03-25","AAR 6th.docx","nForm Document","Form Submission Attachments","-3145474438009150056","WRD - NPDES","Application/Request","HPG-1ZSF-KC99G","Permit Change - National Pollutant Discharge Elimination System (NPDES) Municipal Application Form (Reissuance)","https://mienviro.michigan.gov/ncore/downloadpdf/-3145474438009150056","F:\WWTP DOCUMENT DIVE\Cadillac_MiEnviro_2011-2026\documents\2022-03-25__-3145474438009150056__AAR 6th.docx.pdf","Downloaded",""
"2020-04-29","FY20 RMP Mod Approval Letter.pdf","RMP Mod Approval Letter FY20","Misc. Submittal Docs","-3205026037225796189","WRD - NPDES","Application/Request","HNX-E8Q7-TQ4BF","Schedule - Biosolids Residuals Management Program (RMP) Submittal or Modification","https://mienviro.michigan.gov/ncore/downloadpdf/-3205026037225796189","F:\WWTP DOCUMENT DIVE\Cadillac_MiEnviro_2011-2026\documents\2020-04-29__-3205026037225796189__FY20 RMP Mod Approval Letter.pdf.pdf","Downloaded",""
"2018-10-29","FY18 Generator-Pathogen Reduction Process Cert.pdf v1","Proof of Path Reduction Process.pdf; Certification form","Applicant Attachments","-3217469014007656711","WRD - NPDES","Application/Request","HNH-M790-67ZPK","Schedule - Biosolids Annual Report","https://mienviro.michigan.gov/ncore/downloadpdf/-3217469014007656711","F:\WWTP DOCUMENT DIVE\Cadillac_MiEnviro_2011-2026\documents\2018-10-29__-3217469014007656711__FY18 Generator-Pathogen Reduction Process Cert.pdf v1.pdf","Downloaded",""
"2017-04-03","Kar Lab Biosolids 9-12-2016.pdf v1","Kar Lab Biosolids 9-12-2016.pdf","Applicant Attachments","-3238540496460905709","WRD - NPDES","Application/Request","2Q7-HQ21-P66B","Permit Change - National Pollutant Discharge Elimination System (NPDES) Municipal Application Form (Reissuance)","https://mienviro.michigan.gov/ncore/downloadpdf/-3238540496460905709","F:\WWTP DOCUMENT DIVE\Cadillac_MiEnviro_2011-2026\documents\2017-04-03__-3238540496460905709__Kar Lab Biosolids 9-12-2016.pdf v1.pdf","Downloaded",""
"2020-04-08","TVS Sludge-Temp data for 2018 and 2019 - CS.xlsx","EGLE staff determining 38% TVS","Misc. Submittal Docs","-3131571223960417678","WRD - NPDES","Application/Request","HNX-E8Q7-TQ4BF","Schedule - Biosolids Residuals Management Program (RMP) Submittal or Modification","https://mienviro.michigan.gov/ncore/downloadpdf/-3131571223960417678","F:\WWTP DOCUMENT DIVE\Cadillac_MiEnviro_2011-2026\documents\2020-04-08__-3131571223960417678__TVS Sludge-Temp data for 2018 and 2019 - CS.xlsx.pdf","Downloaded",""
"2021-10-28","Generators Cert.pdf","FY21 Generator's Certification","Form Submission Attachments","-3180384114940849609","WRD - NPDES","Application/Request","HPC-K20Z-68T3J","Schedule - Biosolids Annual Report","https://mienviro.michigan.gov/ncore/downloadpdf/-3180384114940849609","F:\WWTP DOCUMENT DIVE\Cadillac_MiEnviro_2011-2026\documents\2021-10-28__-3180384114940849609__Generators Cert.pdf.pdf","Downloaded",""
"2022-04-19","LocalLimitsReview_Cadillac WWTP_4-19-2022.doc","Local Limits IPP WQBEL Biologist Memo","Misc. Application and Request Docs","-3130391630238484165","WRD - NPDES","Application/Request","HPG-XCC7-NCG09","Application - IPP Local Limits WQBEL Request Form","https://mienviro.michigan.gov/ncore/downloadpdf/-3130391630238484165","F:\WWTP DOCUMENT DIVE\Cadillac_MiEnviro_2011-2026\documents\2022-04-19__-3130391630238484165__LocalLimitsReview_Cadillac WWTP_4-19-2022.doc.pdf","Downloaded",""
"2020-03-10","DMR Daily - MI0020257 _02_01_2020_to_02_29_2020_V1.docx","DMR Daily Data for period 02/01/2020 - 02/29/2020_V1","Schedule - DMR Documents","-3086391385719853857","WRD - NPDES","Permit","MI0020257 v6.0","NPDES Individual Permit","https://mienviro.michigan.gov/ncore/downloadpdf/-3086391385719853857","F:\WWTP DOCUMENT DIVE\Cadillac_MiEnviro_2011-2026\documents\2020-03-10__-3086391385719853857__DMR Daily - MI0020257 _02_01_2020_to_02_29_2020_V1.docx.pdf","Downloaded",""
"2024-06-14","HQ2-3J17-F59S4 v2.pdf","Submission PDF","Form Submission Attachments","-3078907644679546253","WRD - NPDES","Application/Request","HQ2-3J17-F59S4","Schedule - Michigan Industrial Pretreatment Program (IPP) Annual Report","https://mienviro.michigan.gov/ncore/downloadpdf/-3078907644679546253","F:\WWTP DOCUMENT DIVE\Cadillac_MiEnviro_2011-2026\documents\2024-06-14__-3078907644679546253__HQ2-3J17-F59S4 v2.pdf.pdf","Downloaded",""
"2024-10-30","Biosolids Land-App Ammounts Fall 2023.docx","nForm Document","Form Submission Attachments","-3041292426956319507","WRD - NPDES","Application/Request","HQ7-KAAW-2S9Y5","Schedule - Biosolids Annual Report","https://mienviro.michigan.gov/ncore/downloadpdf/-3041292426956319507","F:\WWTP DOCUMENT DIVE\Cadillac_MiEnviro_2011-2026\documents\2024-10-30__-3041292426956319507__Biosolids Land-App Ammounts Fall 2023.docx.pdf","Downloaded",""
"2021-03-26","POTW_Oversight_Table.xlsx","nForm Document","Form Submission Attachments","-3019964684910016392","WRD - NPDES","Application/Request","HP6-YDST-46BJ3","Schedule - Michigan Industrial Pretreatment Program (IPP) Annual Report","https://mienviro.michigan.gov/ncore/downloadpdf/-3019964684910016392","F:\WWTP DOCUMENT DIVE\Cadillac_MiEnviro_2011-2026\documents\2021-03-26__-3019964684910016392__POTW_Oversight_Table.xlsx.pdf","Downloaded",""
"2023-10-05","RE Cadillac WWTP Application Review - IPP.msg","","Misc. Application and Request Docs","-3005959437642101164","WRD - NPDES","Application/Request","HPG-1ZSF-KC99G","Permit Change - National Pollutant Discharge Elimination System (NPDES) Municipal Application Form (Reissuance)","https://mienviro.michigan.gov/ncore/downloadpdf/-3005959437642101164","F:\WWTP DOCUMENT DIVE\Cadillac_MiEnviro_2011-2026\documents\2023-10-05__-3005959437642101164__RE Cadillac WWTP Application Review - IPP.msg.pdf","Downloaded",""
"2024-03-14","HQ2-3J17-F59S4 v1.pdf","Submission PDF","Form Submission Attachments","-2941727261432326363","WRD - NPDES","Application/Request","HQ2-3J17-F59S4","Schedule - Michigan Industrial Pretreatment Program (IPP) Annual Report","https://mienviro.michigan.gov/ncore/downloadpdf/-2941727261432326363","F:\WWTP DOCUMENT DIVE\Cadillac_MiEnviro_2011-2026\documents\2024-03-14__-2941727261432326363__HQ2-3J17-F59S4 v1.pdf.pdf","Downloaded",""
"2020-04-02","EM-raw sludge data - excel spreadsheet - June 2019 attached.msg","from WWTP","Misc. Submittal Docs","-2960176964360922578","WRD - NPDES","Application/Request","HNX-E8Q7-TQ4BF","Schedule - Biosolids Residuals Management Program (RMP) Submittal or Modification","https://mienviro.michigan.gov/ncore/downloadpdf/-2960176964360922578","F:\WWTP DOCUMENT DIVE\Cadillac_MiEnviro_2011-2026\documents\2020-04-02__-2960176964360922578__EM-raw sludge data - excel spreadsheet - June 2019 attached.msg.pdf","Downloaded",""
"2020-10-30","FY20 Digestor Sludge Temps-Spring 2020.pdf","Spring 20 Sludge Temps.pdf; Spring Sludge temps, includes: Mar. - May 2020;","Form Submission Attachments","-3061208309596263741","WRD - NPDES","Application/Request","HP3-HWDR-V8Y73","Schedule - Biosolids Annual Report","https://mienviro.michigan.gov/ncore/downloadpdf/-3061208309596263741","F:\WWTP DOCUMENT DIVE\Cadillac_MiEnviro_2011-2026\documents\2020-10-30__-3061208309596263741__FY20 Digestor Sludge Temps-Spring 2020.pdf.pdf","Downloaded",""
"2019-10-28","FY19 Pathogen Results-Spring.pdf v1","HML 4-8-2019.pdf; April results for summer haul; Fecal didn't meet;","Applicant Attachments","-2977653288276653769","WRD - NPDES","Application/Request","HNT-5SPH-XVKKZ","Schedule - Biosolids Annual Report","https://mienviro.michigan.gov/ncore/downloadpdf/-2977653288276653769","F:\WWTP DOCUMENT DIVE\Cadillac_MiEnviro_2011-2026\documents\2019-10-28__-2977653288276653769__FY19 Pathogen Results-Spring.pdf v1.pdf","Downloaded",""
"2013-08-16","Cadillac WWTP PPN Email Exchange.pdf","","Conversion - Compliance Action","-2888412398541189349","WRD - NPDES","Permit","MI0020257 v5.0","NPDES Individual Permit","https://mienviro.michigan.gov/ncore/downloadpdf/-2888412398541189349","F:\WWTP DOCUMENT DIVE\Cadillac_MiEnviro_2011-2026\documents\2013-08-16__-2888412398541189349__Cadillac WWTP PPN Email Exchange.pdf.pdf","Downloaded",""
"2018-07-30","HNF-P7H3-DCN87 V1.pdf v1","","Misc. Application and Request Docs","-2838228056125865720","WRD - NPDES","Application/Request","HNF-P7H3-DCN87","Schedule - IPP PFAS Interim Report-1","https://mienviro.michigan.gov/ncore/downloadpdf/-2838228056125865720","F:\WWTP DOCUMENT DIVE\Cadillac_MiEnviro_2011-2026\documents\2018-07-30__-2838228056125865720__HNF-P7H3-DCN87 V1.pdf v1.pdf","Downloaded",""
"2015-06-15","Interview Julie Notes.pdf","","Conversion - Application / Request","-2886740339491395619","WRD - NPDES","Evaluation","E-91D5-97-E7D2","Pretreatment Compliance Inspection (05/14/2015)","https://mienviro.michigan.gov/ncore/downloadpdf/-2886740339491395619","F:\WWTP DOCUMENT DIVE\Cadillac_MiEnviro_2011-2026\documents\2015-06-15__-2886740339491395619__Interview Julie Notes.pdf.pdf","Downloaded",""
"2022-03-25","CRE.docx","nForm Document","Form Submission Attachments","-2789951035115288771","WRD - NPDES","Application/Request","HPG-1ZSF-KC99G","Permit Change - National Pollutant Discharge Elimination System (NPDES) Municipal Application Form (Reissuance)","https://mienviro.michigan.gov/ncore/downloadpdf/-2789951035115288771","F:\WWTP DOCUMENT DIVE\Cadillac_MiEnviro_2011-2026\documents\2022-03-25__-2789951035115288771__CRE.docx.pdf","Downloaded",""
"2023-11-13","QA QC Report_Cadillac WWTP.docx","","Misc. NPDES Permit Docs","-2807753579069029758","WRD - NPDES","Permit","MI0020257 v7.0","NPDES Individual Permit","https://mienviro.michigan.gov/ncore/downloadpdf/-2807753579069029758","F:\WWTP DOCUMENT DIVE\Cadillac_MiEnviro_2011-2026\documents\2023-11-13__-2807753579069029758__QA QC Report_Cadillac WWTP.docx.pdf","Downloaded",""
"2020-03-30","4-19 Sludge Data.pdf","came w/ em from WWTP","NPDES Submittal Docs","-2865070882730237278","WRD - NPDES","Application/Request","HNX-E8Q7-TQ4BF","Schedule - Biosolids Residuals Management Program (RMP) Submittal or Modification","https://mienviro.michigan.gov/ncore/downloadpdf/-2865070882730237278","F:\WWTP DOCUMENT DIVE\Cadillac_MiEnviro_2011-2026\documents\2020-03-30__-2865070882730237278__4-19 Sludge Data.pdf.pdf","Downloaded",""
"2025-01-31","25.01.PFOS.Pace.pdf","1/24/2025 WWTP PFAS effluent sample results","Form Submission Attachments","-2878420644219278617","WRD - NPDES","Application/Request","HQA-1Y8Z-BBRZS","Schedule - PFAS POTW Effluent Monitoring Report","https://mienviro.michigan.gov/ncore/downloadpdf/-2878420644219278617","F:\WWTP DOCUMENT DIVE\Cadillac_MiEnviro_2011-2026\documents\2025-01-31__-2878420644219278617__25.01.PFOS.Pace.pdf.pdf","Downloaded",""
"2020-06-12","DMR Daily - MI0020257 _05_01_2020_to_05_31_2020_V1.docx","DMR Daily Data for period 05/01/2020 - 05/31/2020_V1","Schedule - DMR Documents","-2734719407847125814","WRD - NPDES","Permit","MI0020257 v6.0","NPDES Individual Permit","https://mienviro.michigan.gov/ncore/downloadpdf/-2734719407847125814","F:\WWTP DOCUMENT DIVE\Cadillac_MiEnviro_2011-2026\documents\2020-06-12__-2734719407847125814__DMR Daily - MI0020257 _05_01_2020_to_05_31_2020_V1.docx.pdf","Downloaded",""
"2025-08-01","HQE-GX1V-TH10E_v1.pdf","Submission PDF","Form Submission Attachments","-2789065301880376783","WRD - NPDES","Application/Request","HQE-GX1V-TH10E","Schedule - Biosolids PFAS Monitoring Report","https://mienviro.michigan.gov/ncore/downloadpdf/-2789065301880376783","F:\WWTP DOCUMENT DIVE\Cadillac_MiEnviro_2011-2026\documents\2025-08-01__-2789065301880376783__HQE-GX1V-TH10E_v1.pdf.pdf","Downloaded",""
"2019-06-18","DMR Summary - MI0020257 _10_01_2017_to_10_31_2017_V2.docx","DMR Summary Data for period 10/01/2017 - 10/31/2017_V2","Schedule - DMR Documents","-2706824661229254575","WRD - NPDES","Permit","MI0020257 v5.1","NPDES Individual Permit","https://mienviro.michigan.gov/ncore/downloadpdf/-2706824661229254575","F:\WWTP DOCUMENT DIVE\Cadillac_MiEnviro_2011-2026\documents\2019-06-18__-2706824661229254575__DMR Summary - MI0020257 _10_01_2017_to_10_31_2017_V2.docx.pdf","Downloaded",""
"2022-10-06","ConvWQBEL_CadillacWWTP_HaringTwpWWTP_23.docx","Conventional WQBEL Review - Cadillac WWTP and Haring Twp WWTP WLA","Misc. NPDES Permit Docs","-2695911669999007694","WRD - NPDES","Permit","MI0020257 v7.0","NPDES Individual Permit","https://mienviro.michigan.gov/ncore/downloadpdf/-2695911669999007694","F:\WWTP DOCUMENT DIVE\Cadillac_MiEnviro_2011-2026\documents\2022-10-06__-2695911669999007694__ConvWQBEL_CadillacWWTP_HaringTwpWWTP_23.docx.pdf","Downloaded",""
"2022-03-25","21.08.Eff.AddlMonit.ERM.pdf","nForm Document","Form Submission Attachments","-2700478788420225539","WRD - NPDES","Application/Request","HPG-1ZSF-KC99G","Permit Change - National Pollutant Discharge Elimination System (NPDES) Municipal Application Form (Reissuance)","https://mienviro.michigan.gov/ncore/downloadpdf/-2700478788420225539","F:\WWTP DOCUMENT DIVE\Cadillac_MiEnviro_2011-2026\documents\2022-03-25__-2700478788420225539__21.08.Eff.AddlMonit.ERM.pdf.pdf","Downloaded",""
"2016-07-15","DMR Daily - MI0020257 _06_01_2016_to_06_30_2016_V1.docx","DMR Daily Data for period 06/01/2016 - 06/30/2016_V1","Schedule - DMR Documents","-2645731656519523748","WRD - NPDES","Permit","MI0020257 v5.0","NPDES Individual Permit","https://mienviro.michigan.gov/ncore/downloadpdf/-2645731656519523748","F:\WWTP DOCUMENT DIVE\Cadillac_MiEnviro_2011-2026\documents\2016-07-15__-2645731656519523748__DMR Daily - MI0020257 _06_01_2016_to_06_30_2016_V1.docx.pdf","Downloaded",""
"2012-11-09","WQBEL Memo - Conventionals.doc","WQBEL Memo - Conventionals","Conversion - Permit","-2587941060086653778","WRD - NPDES","Permit","MI0020257 v5.0","NPDES Individual Permit","https://mienviro.michigan.gov/ncore/downloadpdf/-2587941060086653778","F:\WWTP DOCUMENT DIVE\Cadillac_MiEnviro_2011-2026\documents\2012-11-09__-2587941060086653778__WQBEL Memo - Conventionals.doc.pdf","Downloaded",""
"2012-03-26","Cadillac WWTP Maps and Flow.pdf","","Conversion - Compliance Action","-2618602197135988934","WRD - NPDES","Permit","MI0020257 v5.0","NPDES Individual Permit","https://mienviro.michigan.gov/ncore/downloadpdf/-2618602197135988934","F:\WWTP DOCUMENT DIVE\Cadillac_MiEnviro_2011-2026\documents\2012-03-26__-2618602197135988934__Cadillac WWTP Maps and Flow.pdf.pdf","Downloaded",""
"2020-10-07","Cadillac WWTP 4th PFAS IPP Mailing.pdf","","Industrial Pretreatment Program (IPP)","-2594967681375761019","n/a","Site","15637","Site","https://mienviro.michigan.gov/ncore/downloadpdf/-2594967681375761019","F:\WWTP DOCUMENT DIVE\Cadillac_MiEnviro_2011-2026\documents\2020-10-07__-2594967681375761019__Cadillac WWTP 4th PFAS IPP Mailing.pdf.pdf","Downloaded",""
"2018-10-29","FY18 Daily Total Solids log.pdf v1","Fall 2017 Lab Daily Solids.pdf; Fall 2017 - Total and Volatile;","Applicant Attachments","-2551312139639093636","WRD - NPDES","Application/Request","HNH-M790-67ZPK","Schedule - Biosolids Annual Report","https://mienviro.michigan.gov/ncore/downloadpdf/-2551312139639093636","F:\WWTP DOCUMENT DIVE\Cadillac_MiEnviro_2011-2026\documents\2018-10-29__-2551312139639093636__FY18 Daily Total Solids log.pdf v1.pdf","Downloaded",""
"2019-12-18","DMR Daily - MI0020257 _11_01_2019_to_11_30_2019_V1.docx","DMR Daily Data for period 11/01/2019 - 11/30/2019_V1","Schedule - DMR Documents","-2546164817888365588","WRD - NPDES","Permit","MI0020257 v6.0","NPDES Individual Permit","https://mienviro.michigan.gov/ncore/downloadpdf/-2546164817888365588","F:\WWTP DOCUMENT DIVE\Cadillac_MiEnviro_2011-2026\documents\2019-12-18__-2546164817888365588__DMR Daily - MI0020257 _11_01_2019_to_11_30_2019_V1.docx.pdf","Downloaded",""
"2025-10-21","Digester Detention Times and Temps 2025.xlsx","nForm Document","Form Submission Attachments","-2526145117277274167","WRD - NPDES","Application/Request","HQG-GM42-A2DBC","Schedule - Biosolids Annual Report","https://mienviro.michigan.gov/ncore/downloadpdf/-2526145117277274167","F:\WWTP DOCUMENT DIVE\Cadillac_MiEnviro_2011-2026\documents\2025-10-21__-2526145117277274167__Digester Detention Times and Temps 2025.xlsx.pdf","Downloaded",""
"2022-10-28","21N08W30-AB04.pdf","nForm Document","Form Submission Attachments","-2557511827589635905","WRD - NPDES","Application/Request","HPN-5DCS-H4WTR","Schedule - Biosolids Annual Report","https://mienviro.michigan.gov/ncore/downloadpdf/-2557511827589635905","F:\WWTP DOCUMENT DIVE\Cadillac_MiEnviro_2011-2026\documents\2022-10-28__-2557511827589635905__21N08W30-AB04.pdf.pdf","Downloaded",""
"2023-01-27","2023-01-27 RE_ Timeframe.msg","Extension approval for MAHL/local limits and IPP Program updates.","Industrial Pretreatment Program (IPP)","-2539768404401797754","WRD - NPDES","Compliance Action","VN-012230","Violation Notice","https://mienviro.michigan.gov/ncore/downloadpdf/-2539768404401797754","F:\WWTP DOCUMENT DIVE\Cadillac_MiEnviro_2011-2026\documents\2023-01-27__-2539768404401797754__2023-01-27 RE_ Timeframe.msg.pdf","Downloaded",""
"2016-04-18","DMR Daily - MI0020257 _03_01_2016_to_03_31_2016_V1.docx","DMR Daily Data for period 03/01/2016 - 03/31/2016_V1","Schedule - DMR Documents","-2502838247090599202","WRD - NPDES","Permit","MI0020257 v5.0","NPDES Individual Permit","https://mienviro.michigan.gov/ncore/downloadpdf/-2502838247090599202","F:\WWTP DOCUMENT DIVE\Cadillac_MiEnviro_2011-2026\documents\2016-04-18__-2502838247090599202__DMR Daily - MI0020257 _03_01_2016_to_03_31_2016_V1.docx.pdf","Downloaded",""
"2023-01-26","Copy of Copy of Cadillac_POTW_Oversight_comments Revised.xlsx","nForm Document","Form Submission Attachments","-2502405131923357677","WRD - NPDES","Application/Request","HPG-1ZNB-Y56ZQ","Schedule - Michigan Industrial Pretreatment Program (IPP) Annual Report","https://mienviro.michigan.gov/ncore/downloadpdf/-2502405131923357677","F:\WWTP DOCUMENT DIVE\Cadillac_MiEnviro_2011-2026\documents\2023-01-26__-2502405131923357677__Copy of Copy of Cadillac_POTW_Oversight_comments Revised.xlsx.pdf","Downloaded",""
"2018-07-30","CCI PFAS Survey.pdf v1","CCI PFAS Survey.pdf","Applicant Attachments","-2532227711322477530","WRD - NPDES","Application/Request","HNF-P7H3-DCN87","Schedule - IPP PFAS Interim Report-1","https://mienviro.michigan.gov/ncore/downloadpdf/-2532227711322477530","F:\WWTP DOCUMENT DIVE\Cadillac_MiEnviro_2011-2026\documents\2018-07-30__-2532227711322477530__CCI PFAS Survey.pdf v1.pdf","Downloaded",""
"2020-10-16","DMR Summary - MI0020257 _09_01_2020_to_09_30_2020_V1.docx","DMR Summary Data for period 09/01/2020 - 09/30/2020_V1","Schedule - DMR Documents","-2495816032889701004","WRD - NPDES","Permit","MI0020257 v6.0","NPDES Individual Permit","https://mienviro.michigan.gov/ncore/downloadpdf/-2495816032889701004","F:\WWTP DOCUMENT DIVE\Cadillac_MiEnviro_2011-2026\documents\2020-10-16__-2495816032889701004__DMR Summary - MI0020257 _09_01_2020_to_09_30_2020_V1.docx.pdf","Downloaded",""
"2017-10-13","31GR01 - Analytical.pdf v1","Sept. 2016 test for haul in Oct. 2016 - Metals & Nutrients","Applicant Attachments","-2488798986427058681","WRD - NPDES","Application/Request","HN8-AEB3-S8NKF","Schedule - Biosolids Annual Report","https://mienviro.michigan.gov/ncore/downloadpdf/-2488798986427058681","F:\WWTP DOCUMENT DIVE\Cadillac_MiEnviro_2011-2026\documents\2017-10-13__-2488798986427058681__31GR01 - Analytical.pdf v1.pdf","Downloaded",""
"2017-04-19","DMR Summary - MI0020257 _03_01_2017_to_03_31_2017_V1.docx","DMR Summary Data for period 03/01/2017 - 03/31/2017_V1","Schedule - DMR Documents","-2462697300358445557","WRD - NPDES","Permit","MI0020257 v5.1","NPDES Individual Permit","https://mienviro.michigan.gov/ncore/downloadpdf/-2462697300358445557","F:\WWTP DOCUMENT DIVE\Cadillac_MiEnviro_2011-2026\documents\2017-04-19__-2462697300358445557__DMR Summary - MI0020257 _03_01_2017_to_03_31_2017_V1.docx.pdf","Downloaded",""
"2022-10-19","MI0020257_2022-09-01_to_2022-09-30_DMR.pdf","","Schedule - DMR Documents","-2483047203526071080","WRD - NPDES","Permit","MI0020257 v6.0","Schedule - DMR","https://mienviro.michigan.gov/ncore/downloadpdf/-2483047203526071080","F:\WWTP DOCUMENT DIVE\Cadillac_MiEnviro_2011-2026\documents\2022-10-19__-2483047203526071080__MI0020257_2022-09-01_to_2022-09-30_DMR.pdf.pdf","Downloaded",""
"2026-03-26","HQM-3D1M-M17FW_v1.pdf","Submission PDF","Form Submission Attachments","-2416974935471009222","WRD - NPDES","Application/Request","HQM-3D1M-M17FW","Schedule - Industrial Pretreatment Program Profile","https://mienviro.michigan.gov/ncore/downloadpdf/-2416974935471009222","F:\WWTP DOCUMENT DIVE\Cadillac_MiEnviro_2011-2026\documents\2026-03-26__-2416974935471009222__HQM-3D1M-M17FW_v1.pdf.pdf","Downloaded",""
"2018-05-08","IMG_0024-cas.JPG","taken during field inspection","NPDES Biosolids Evaluation","-2399497788243427344","WRD - NPDES","Evaluation","E-DHWW-FYB-ZBN","Biosolids Audit (05/11/2018)","https://mienviro.michigan.gov/ncore/downloadpdf/-2399497788243427344","F:\WWTP DOCUMENT DIVE\Cadillac_MiEnviro_2011-2026\documents\2018-05-08__-2399497788243427344__IMG_0024-cas.JPG.pdf","Downloaded",""
"2020-04-07","FY18 Biosolids Lab Data sheet-May.pdf","EGLE info from Cadillac's past biosolids annual reports to help with RMP mod review","Misc. Submittal Docs","-2402552479564888584","WRD - NPDES","Application/Request","HNX-E8Q7-TQ4BF","Schedule - Biosolids Residuals Management Program (RMP) Submittal or Modification","https://mienviro.michigan.gov/ncore/downloadpdf/-2402552479564888584","F:\WWTP DOCUMENT DIVE\Cadillac_MiEnviro_2011-2026\documents\2020-04-07__-2402552479564888584__FY18 Biosolids Lab Data sheet-May.pdf.pdf","Downloaded",""
"2020-03-30","TVS Sludge data with June 2019.xlsx","came w/ em from WWTP","NPDES Submittal Docs","-2375101511519353358","WRD - NPDES","Application/Request","HNX-E8Q7-TQ4BF","Schedule - Biosolids Residuals Management Program (RMP) Submittal or Modification","https://mienviro.michigan.gov/ncore/downloadpdf/-2375101511519353358","F:\WWTP DOCUMENT DIVE\Cadillac_MiEnviro_2011-2026\documents\2020-03-30__-2375101511519353358__TVS Sludge data with June 2019.xlsx.pdf","Downloaded",""
"2018-05-08","IMG_0013-cas.JPG","taken during field inspection","NPDES Biosolids Evaluation","-2399458598275382685","WRD - NPDES","Evaluation","E-DHWW-FYB-ZBN","Biosolids Audit (05/11/2018)","https://mienviro.michigan.gov/ncore/downloadpdf/-2399458598275382685","F:\WWTP DOCUMENT DIVE\Cadillac_MiEnviro_2011-2026\documents\2018-05-08__-2399458598275382685__IMG_0013-cas.JPG.pdf","Downloaded",""
"2021-01-25","Example-CPLR Notification Letter-06S06W04-SF01.docx","went along with EGLE email to WWTP Oper.","Misc Site Docs","-2377671664964831691","n/a","Site","15637","Site","https://mienviro.michigan.gov/ncore/downloadpdf/-2377671664964831691","F:\WWTP DOCUMENT DIVE\Cadillac_MiEnviro_2011-2026\documents\2021-01-25__-2377671664964831691__Example-CPLR Notification Letter-06S06W04-SF01.docx.pdf","Downloaded",""
"2018-03-15","Cadillac WWTP Ammonia Method 031518 email.msg","","NPDES Misc. Site Docs","-2361783230760937000","n/a","Site","15637","Site","https://mienviro.michigan.gov/ncore/downloadpdf/-2361783230760937000","F:\WWTP DOCUMENT DIVE\Cadillac_MiEnviro_2011-2026\documents\2018-03-15__-2361783230760937000__Cadillac WWTP Ammonia Method 031518 email.msg.pdf","Downloaded",""
"2023-04-27","2023-04-27 SVN-01351 Cadillac WWTP.pdf","","Water Quality VNs, SVNs, ENs","-2349539817018783904","WRD - NPDES","Compliance Action","SVN-01351","Second Violation Notice","https://mienviro.michigan.gov/ncore/downloadpdf/-2349539817018783904","F:\WWTP DOCUMENT DIVE\Cadillac_MiEnviro_2011-2026\documents\2023-04-27__-2349539817018783904__2023-04-27 SVN-01351 Cadillac WWTP.pdf.pdf","Downloaded",""
"2020-10-30","FY20 Pathogen Results-Mar 2020.pdf","Upload Actual Analytical Laboratory Data; HML Results.pdf; collected March 2020;","Form Submission Attachments","-2356150972183489066","WRD - NPDES","Application/Request","HP3-HWDR-V8Y73","Schedule - Biosolids Annual Report","https://mienviro.michigan.gov/ncore/downloadpdf/-2356150972183489066","F:\WWTP DOCUMENT DIVE\Cadillac_MiEnviro_2011-2026\documents\2020-10-30__-2356150972183489066__FY20 Pathogen Results-Mar 2020.pdf.pdf","Downloaded",""
"2026-07-13","Cadillac SUO w proposed mark ups - jeff 5302024 July2026.pdf","nForm Document","Form Submission Attachments","-2335537377096476465","WRD - NPDES","Application/Request","HQQ-0ZQQ-VCZ9T","Schedule - Submit updated IPP procedures, SUO, and ERP.","https://mienviro.michigan.gov/ncore/downloadpdf/-2335537377096476465","F:\WWTP DOCUMENT DIVE\Cadillac_MiEnviro_2011-2026\documents\2026-07-13__-2335537377096476465__Cadillac SUO w proposed mark ups - jeff 5302024 July2026.pdf.pdf","Downloaded",""
"2021-08-18","MI0020257_2021-07-01_to_2021-07-31_1_DMR.pdf","","Schedule - DMR Documents","-2335519049487257658","WRD - NPDES","Permit","MI0020257 v6.0","Schedule - DMR","https://mienviro.michigan.gov/ncore/downloadpdf/-2335519049487257658","F:\WWTP DOCUMENT DIVE\Cadillac_MiEnviro_2011-2026\documents\2021-08-18__-2335519049487257658__MI0020257_2021-07-01_to_2021-07-31_1_DMR.pdf.pdf","Downloaded",""
"2020-11-19","DMR Daily - MI0020257 _10_01_2020_to_10_31_2020_V1.docx","DMR Daily Data for period 10/01/2020 - 10/31/2020_V1","Schedule - DMR Documents","-2325435557703822824","WRD - NPDES","Permit","MI0020257 v6.0","NPDES Individual Permit","https://mienviro.michigan.gov/ncore/downloadpdf/-2325435557703822824","F:\WWTP DOCUMENT DIVE\Cadillac_MiEnviro_2011-2026\documents\2020-11-19__-2325435557703822824__DMR Daily - MI0020257 _10_01_2020_to_10_31_2020_V1.docx.pdf","Downloaded",""
"2019-10-28","FY19 Pathogen results-Fall.pdf v1","HML 2018 Fall Biosolids.pdf; late Sept. 18' results for Fall 2018 haul;","Applicant Attachments","-2310905792227201294","WRD - NPDES","Application/Request","HNT-5SPH-XVKKZ","Schedule - Biosolids Annual Report","https://mienviro.michigan.gov/ncore/downloadpdf/-2310905792227201294","F:\WWTP DOCUMENT DIVE\Cadillac_MiEnviro_2011-2026\documents\2019-10-28__-2310905792227201294__FY19 Pathogen results-Fall.pdf v1.pdf","Downloaded",""
"2022-06-01","Biologist App Review Email_MI0020257_6-1-2022.msg","Biologist App Review Email for Analytical","Misc. Application and Request Docs","-2283050594041417352","WRD - NPDES","Application/Request","HPG-1ZSF-KC99G","Permit Change - National Pollutant Discharge Elimination System (NPDES) Municipal Application Form (Reissuance)","https://mienviro.michigan.gov/ncore/downloadpdf/-2283050594041417352","F:\WWTP DOCUMENT DIVE\Cadillac_MiEnviro_2011-2026\documents\2022-06-01__-2283050594041417352__Biologist App Review Email_MI0020257_6-1-2022.msg.pdf","Downloaded",""
"2024-03-14","Cadillac POTW Oversight 2023.xlsx","nForm Document","Form Submission Attachments","-2161533198352051130","WRD - NPDES","Application/Request","HQ2-3J17-F59S4","Schedule - Michigan Industrial Pretreatment Program (IPP) Annual Report","https://mienviro.michigan.gov/ncore/downloadpdf/-2161533198352051130","F:\WWTP DOCUMENT DIVE\Cadillac_MiEnviro_2011-2026\documents\2024-03-14__-2161533198352051130__Cadillac POTW Oversight 2023.xlsx.pdf","Downloaded",""
"2023-02-01","Biosolids CPLR 21N08W30-AB02.xls","","NPDES Submittal Docs","-1971752546754549666","WRD - NPDES","Application/Request","HPN-5DCS-H4WTR","Schedule - Biosolids Annual Report","","","No download link",""
"2018-05-17","Spring 2018-Pathogen results.pdf","came w/ Email","NPDES Biosolids Evaluation","-2173118411864624684","WRD - NPDES","Evaluation","E-DHWW-FYB-ZBN","Biosolids Audit (05/11/2018)","https://mienviro.michigan.gov/ncore/downloadpdf/-2173118411864624684","F:\WWTP DOCUMENT DIVE\Cadillac_MiEnviro_2011-2026\documents\2018-05-17__-2173118411864624684__Spring 2018-Pathogen results.pdf.pdf","Downloaded",""
"2020-04-02","Map of WWTP-plus....pdf","EGLE info to help w/ RMP Mod review","Misc. Submittal Docs","-2306083742306536230","WRD - NPDES","Application/Request","HNX-E8Q7-TQ4BF","Schedule - Biosolids Residuals Management Program (RMP) Submittal or Modification","https://mienviro.michigan.gov/ncore/downloadpdf/-2306083742306536230","F:\WWTP DOCUMENT DIVE\Cadillac_MiEnviro_2011-2026\documents\2020-04-02__-2306083742306536230__Map of WWTP-plus....pdf.pdf","Downloaded",""
"2018-03-28","POTW_Oversight_Table.xlsx v1","POTW_Oversight_Table.xlsx","Applicant Attachments","-2139264245510326741","WRD - NPDES","Application/Request","HNB-J69X-W1FHA","Schedule - Michigan Industrial Pretreatment Program Annual Report","https://mienviro.michigan.gov/ncore/downloadpdf/-2139264245510326741","F:\WWTP DOCUMENT DIVE\Cadillac_MiEnviro_2011-2026\documents\2018-03-28__-2139264245510326741__POTW_Oversight_Table.xlsx v1.pdf","Downloaded",""
"2012-08-17","2012_0817_Cadillac WWTP_DMR QA-32.pdf","District Scanned","NPDES Misc. Site Docs","-2140745704635662606","n/a","Site","15637","Site","https://mienviro.michigan.gov/ncore/downloadpdf/-2140745704635662606","F:\WWTP DOCUMENT DIVE\Cadillac_MiEnviro_2011-2026\documents\2012-08-17__-2140745704635662606__2012_0817_Cadillac WWTP_DMR QA-32.pdf.pdf","Downloaded",""
"2025-06-11","25.05.PFAS.Pace.pdf","May 2025 WWTP effluent PFAS sample results","Form Submission Attachments","-2221401634882338637","WRD - NPDES","Application/Request","HQD-91C4-TNX99","Schedule - PFAS POTW Effluent Monitoring Report","https://mienviro.michigan.gov/ncore/downloadpdf/-2221401634882338637","F:\WWTP DOCUMENT DIVE\Cadillac_MiEnviro_2011-2026\documents\2025-06-11__-2221401634882338637__25.05.PFAS.Pace.pdf.pdf","Downloaded",""
"2018-10-29","FY18 Applier-Class B Pathogen and Site Restriction Cert-Spring 2018.pdf v1","Class B Pathogen Reduction and Site Restriction.pdf; Certification form.","Applicant Attachments","-2132341974653224993","WRD - NPDES","Application/Request","HNH-M790-67ZPK","Schedule - Biosolids Annual Report","https://mienviro.michigan.gov/ncore/downloadpdf/-2132341974653224993","F:\WWTP DOCUMENT DIVE\Cadillac_MiEnviro_2011-2026\documents\2018-10-29__-2132341974653224993__FY18 Applier-Class B Pathogen and Site Restriction Cert-Spring 2018.pdf v1.pdf","Downloaded",""
"2025-10-21","Biosolids Dry Tons Calc 12.20.24.xls","nForm Document","Form Submission Attachments","-1835786511270239712","WRD - NPDES","Application/Request","HQG-GM42-A2DBC","Schedule - Biosolids Annual Report","","","No download link",""
"2021-04-16","Cadillac WWTP - RMP PFAS Modification 4-5-2021.pdf","Cadillac WWTP - RMP PFAS Modification 4-5-2021.pdf","Misc Site Docs","-2092231590657635414","n/a","Site","15637","Site","https://mienviro.michigan.gov/ncore/downloadpdf/-2092231590657635414","F:\WWTP DOCUMENT DIVE\Cadillac_MiEnviro_2011-2026\documents\2021-04-16__-2092231590657635414__Cadillac WWTP - RMP PFAS Modification 4-5-2021.pdf.pdf","Downloaded",""
"2015-12-19","DMR Daily - MI0020257 _11_01_2015_to_11_30_2015_V1.docx","DMR Daily Data for period 11/01/2015 - 11/30/2015_V1","Schedule - DMR Documents","-2076524723866920213","WRD - NPDES","Permit","MI0020257 v5.0","NPDES Individual Permit","https://mienviro.michigan.gov/ncore/downloadpdf/-2076524723866920213","F:\WWTP DOCUMENT DIVE\Cadillac_MiEnviro_2011-2026\documents\2015-12-19__-2076524723866920213__DMR Daily - MI0020257 _11_01_2015_to_11_30_2015_V1.docx.pdf","Downloaded",""
"2026-07-20","MI0020257_2026-06-01_to_2026-06-30_DMR.pdf","","Schedule - DMR Documents","-2130394822376927917","WRD - NPDES","Permit","MI0020257 v7.0","Schedule - DMR","https://mienviro.michigan.gov/ncore/downloadpdf/-2130394822376927917","F:\WWTP DOCUMENT DIVE\Cadillac_MiEnviro_2011-2026\documents\2026-07-20__-2130394822376927917__MI0020257_2026-06-01_to_2026-06-30_DMR.pdf.pdf","Downloaded",""
"2024-04-10","IPP Annual Report.msg","Comments on IPP Annual Report.","Industrial Pretreatment Program (IPP)","-1920710798673030611","WRD - NPDES","Application/Request","HQ2-3J17-F59S4","Schedule - Michigan Industrial Pretreatment Program (IPP) Annual Report","https://mienviro.michigan.gov/ncore/downloadpdf/-1920710798673030611","F:\WWTP DOCUMENT DIVE\Cadillac_MiEnviro_2011-2026\documents\2024-04-10__-1920710798673030611__IPP Annual Report.msg.pdf","Downloaded",""
"2023-10-30","TVS & 38% Reduction 2023.xlsx","nForm Document","Form Submission Attachments","-1962674721861553142","WRD - NPDES","Application/Request","HPY-PZSD-5P4KK","Schedule - Biosolids Annual Report","https://mienviro.michigan.gov/ncore/downloadpdf/-1962674721861553142","F:\WWTP DOCUMENT DIVE\Cadillac_MiEnviro_2011-2026\documents\2023-10-30__-1962674721861553142__TVS & 38% Reduction 2023.xlsx.pdf","Downloaded",""
"2019-02-15","DMR Summary - MI0020257 _01_01_2019_to_01_31_2019_V1.docx","DMR Summary Data for period 01/01/2019 - 01/31/2019_V1","Schedule - DMR Documents","-2056591895396941169","WRD - NPDES","Permit","MI0020257 v5.1","NPDES Individual Permit","https://mienviro.michigan.gov/ncore/downloadpdf/-2056591895396941169","F:\WWTP DOCUMENT DIVE\Cadillac_MiEnviro_2011-2026\documents\2019-02-15__-2056591895396941169__DMR Summary - MI0020257 _01_01_2019_to_01_31_2019_V1.docx.pdf","Downloaded",""
"2025-01-16","MI0020257_2024-12-01_to_2024-12-31_DMR.pdf","","Schedule - DMR Documents","-2060283985167062654","WRD - NPDES","Permit","MI0020257 v7.0","Schedule - DMR","https://mienviro.michigan.gov/ncore/downloadpdf/-2060283985167062654","F:\WWTP DOCUMENT DIVE\Cadillac_MiEnviro_2011-2026\documents\2025-01-16__-2060283985167062654__MI0020257_2024-12-01_to_2024-12-31_DMR.pdf.pdf","Downloaded",""
"2013-11-13","Cadillac WWTP Emails about meeting 8-29-13.pdf","","Conversion - Compliance Action","-1880339282009717938","WRD - NPDES","Permit","MI0020257 v5.0","NPDES Individual Permit","https://mienviro.michigan.gov/ncore/downloadpdf/-1880339282009717938","F:\WWTP DOCUMENT DIVE\Cadillac_MiEnviro_2011-2026\documents\2013-11-13__-1880339282009717938__Cadillac WWTP Emails about meeting 8-29-13.pdf.pdf","Downloaded",""
"2026-05-22","EGLE WRD Correspondence_ SVN-01952_Cadillac WWTP_COPY.msg","Email transmission of SVN-01952","Water Quality VNs, SVNs, ENs","-1834643150412972249","WRD - NPDES","Compliance Action","SVN-01952","Second Violation Notice","https://mienviro.michigan.gov/ncore/downloadpdf/-1834643150412972249","F:\WWTP DOCUMENT DIVE\Cadillac_MiEnviro_2011-2026\documents\2026-05-22__-1834643150412972249__EGLE WRD Correspondence_ SVN-01952_Cadillac WWTP_COPY.msg.pdf","Downloaded",""
"2022-03-25","Plant Brochure.pdf","nForm Document","Form Submission Attachments","-1935043363084687865","WRD - NPDES","Application/Request","HPG-1ZSF-KC99G","Permit Change - National Pollutant Discharge Elimination System (NPDES) Municipal Application Form (Reissuance)","https://mienviro.michigan.gov/ncore/downloadpdf/-1935043363084687865","F:\WWTP DOCUMENT DIVE\Cadillac_MiEnviro_2011-2026\documents\2022-03-25__-1935043363084687865__Plant Brochure.pdf.pdf","Downloaded",""
"2017-06-13","DMR Summary - MI0020257 _05_01_2017_to_05_31_2017_V1.docx","DMR Summary Data for period 05/01/2017 - 05/31/2017_V1","Schedule - DMR Documents","-1817143456933767821","WRD - NPDES","Permit","MI0020257 v5.1","NPDES Individual Permit","https://mienviro.michigan.gov/ncore/downloadpdf/-1817143456933767821","F:\WWTP DOCUMENT DIVE\Cadillac_MiEnviro_2011-2026\documents\2017-06-13__-1817143456933767821__DMR Summary - MI0020257 _05_01_2017_to_05_31_2017_V1.docx.pdf","Downloaded",""
"2015-08-28","DMR Summary - MI0020257 _07_01_2015_to_07_31_2015_V1.docx","DMR Summary Data for period 07/01/2015 - 07/31/2015_V1","Schedule - DMR Documents","-1721928645533378386","WRD - NPDES","Permit","MI0020257 v5.0","NPDES Individual Permit","https://mienviro.michigan.gov/ncore/downloadpdf/-1721928645533378386","F:\WWTP DOCUMENT DIVE\Cadillac_MiEnviro_2011-2026\documents\2015-08-28__-1721928645533378386__DMR Summary - MI0020257 _07_01_2015_to_07_31_2015_V1.docx.pdf","Downloaded",""
"2022-02-17","MI0020257_2022-01-01_to_2022-01-31_DMR.pdf","","Schedule - DMR Documents","-1732170923419106851","WRD - NPDES","Permit","MI0020257 v6.0","Schedule - DMR","https://mienviro.michigan.gov/ncore/downloadpdf/-1732170923419106851","F:\WWTP DOCUMENT DIVE\Cadillac_MiEnviro_2011-2026\documents\2022-02-17__-1732170923419106851__MI0020257_2022-01-01_to_2022-01-31_DMR.pdf.pdf","Downloaded",""
"2020-10-30","FY20 Metals-Nutrient Results-Sept 2019.pdf","Upload Actual Analytical Laboratory Data; Pace Lab Fall Biosolids 2019.pdf;","Form Submission Attachments","-1820768598297398743","WRD - NPDES","Application/Request","HP3-HWDR-V8Y73","Schedule - Biosolids Annual Report","https://mienviro.michigan.gov/ncore/downloadpdf/-1820768598297398743","F:\WWTP DOCUMENT DIVE\Cadillac_MiEnviro_2011-2026\documents\2020-10-30__-1820768598297398743__FY20 Metals-Nutrient Results-Sept 2019.pdf.pdf","Downloaded",""
"2024-01-04","RE_ EGLE WRD Notification of 2024 Biosolids Containing PFAS Interim Strategy - Important Update.msg","Response to 2024 RMP modification notification.","Misc Site Docs","-1717711465238624689","n/a","Site","15637","Site","https://mienviro.michigan.gov/ncore/downloadpdf/-1717711465238624689","F:\WWTP DOCUMENT DIVE\Cadillac_MiEnviro_2011-2026\documents\2024-01-04__-1717711465238624689__RE_ EGLE WRD Notification of 2024 Biosolids Containing PFAS Interim Strategy - Important Update.msg.pdf","Downloaded",""
"2019-01-18","DMR Summary - MI0020257 _12_01_2018_to_12_31_2018_V1.docx","DMR Summary Data for period 12/01/2018 - 12/31/2018_V1","Schedule - DMR Documents","-1715927529024685081","WRD - NPDES","Permit","MI0020257 v5.1","NPDES Individual Permit","https://mienviro.michigan.gov/ncore/downloadpdf/-1715927529024685081","F:\WWTP DOCUMENT DIVE\Cadillac_MiEnviro_2011-2026\documents\2019-01-18__-1715927529024685081__DMR Summary - MI0020257 _12_01_2018_to_12_31_2018_V1.docx.pdf","Downloaded",""
"2018-10-18","DMR Summary - MI0020257 _09_01_2018_to_09_30_2018_V1.docx","DMR Summary Data for period 09/01/2018 - 09/30/2018_V1","Schedule - DMR Documents","-1700270472071699743","WRD - NPDES","Permit","MI0020257 v5.1","NPDES Individual Permit","https://mienviro.michigan.gov/ncore/downloadpdf/-1700270472071699743","F:\WWTP DOCUMENT DIVE\Cadillac_MiEnviro_2011-2026\documents\2018-10-18__-1700270472071699743__DMR Summary - MI0020257 _09_01_2018_to_09_30_2018_V1.docx.pdf","Downloaded",""
"2021-09-09","21.08.31.Eff.AddlMonit.ParagonRepeat.pdf","nForm Document","Form Submission Attachments","-1828046107349546245","WRD - NPDES","Application/Request","HPB-KP8T-GKSNS","Schedule - Certification of Completion of Additional Monitoring Requirements","https://mienviro.michigan.gov/ncore/downloadpdf/-1828046107349546245","F:\WWTP DOCUMENT DIVE\Cadillac_MiEnviro_2011-2026\documents\2021-09-09__-1828046107349546245__21.08.31.Eff.AddlMonit.ParagonRepeat.pdf.pdf","Downloaded",""
"2020-10-30","FY20 Metals-Nutrient-VOC Results-March 2020.pdf","Spring 2020 Pace.pdf; collected Mar. 30, 2020;","Form Submission Attachments","-1878291943815829193","WRD - NPDES","Application/Request","HP3-HWDR-V8Y73","Schedule - Biosolids Annual Report","https://mienviro.michigan.gov/ncore/downloadpdf/-1878291943815829193","F:\WWTP DOCUMENT DIVE\Cadillac_MiEnviro_2011-2026\documents\2020-10-30__-1878291943815829193__FY20 Metals-Nutrient-VOC Results-March 2020.pdf.pdf","Downloaded",""
"2017-10-13","Applier Cert. of Pathogens and Vector Attraction Reduction.doc v1","Applier - Cert. of Pathogens & VARs","Applicant Attachments","-1688568603305138344","WRD - NPDES","Application/Request","HN8-AEB3-S8NKF","Schedule - Biosolids Annual Report","https://mienviro.michigan.gov/ncore/downloadpdf/-1688568603305138344","F:\WWTP DOCUMENT DIVE\Cadillac_MiEnviro_2011-2026\documents\2017-10-13__-1688568603305138344__Applier Cert. of Pathogens and Vector Attraction Reduction.doc v1.pdf","Downloaded",""
"2023-04-24","Basis for Decision Memo-FINAL_Cadillac WWTP.docx","","NPDES Individual Permit","-1676672740964083188","WRD - NPDES","Permit","MI0020257 v7.0","NPDES Individual Permit","https://mienviro.michigan.gov/ncore/downloadpdf/-1676672740964083188","F:\WWTP DOCUMENT DIVE\Cadillac_MiEnviro_2011-2026\documents\2023-04-24__-1676672740964083188__Basis for Decision Memo-FINAL_Cadillac WWTP.docx.pdf","Downloaded",""
"2017-10-13","2017 As Applied - 17RW01.xlsx v1","Land app Site - April 2017","Applicant Attachments","-1675409833587234275","WRD - NPDES","Application/Request","HN8-AEB3-S8NKF","Schedule - Biosolids Annual Report","https://mienviro.michigan.gov/ncore/downloadpdf/-1675409833587234275","F:\WWTP DOCUMENT DIVE\Cadillac_MiEnviro_2011-2026\documents\2017-10-13__-1675409833587234275__2017 As Applied - 17RW01.xlsx v1.pdf","Downloaded",""
"2022-03-25","Michigan Rubber.docx","nForm Document","Form Submission Attachments","-1609727155324516351","WRD - NPDES","Application/Request","HPG-1ZSF-KC99G","Permit Change - National Pollutant Discharge Elimination System (NPDES) Municipal Application Form (Reissuance)","https://mienviro.michigan.gov/ncore/downloadpdf/-1609727155324516351","F:\WWTP DOCUMENT DIVE\Cadillac_MiEnviro_2011-2026\documents\2022-03-25__-1609727155324516351__Michigan Rubber.docx.pdf","Downloaded",""
"2019-10-14","EM-RMP Question and Answer.msg","EGLE responds","Misc. Submittal Docs","-1598855405513453416","WRD - NPDES","Application/Request","HNX-E8Q7-TQ4BF","Schedule - Biosolids Residuals Management Program (RMP) Submittal or Modification","https://mienviro.michigan.gov/ncore/downloadpdf/-1598855405513453416","F:\WWTP DOCUMENT DIVE\Cadillac_MiEnviro_2011-2026\documents\2019-10-14__-1598855405513453416__EM-RMP Question and Answer.msg.pdf","Downloaded",""
"2026-03-26","POTW Monitoring Data Summary 2025.xlsx","nForm Document","Form Submission Attachments","-1555351778584676093","WRD - NPDES","Application/Request","HQM-9QCZ-PE5QR","Schedule - Michigan Industrial Pretreatment Program (IPP) Annual Report","https://mienviro.michigan.gov/ncore/downloadpdf/-1555351778584676093","F:\WWTP DOCUMENT DIVE\Cadillac_MiEnviro_2011-2026\documents\2026-03-26__-1555351778584676093__POTW Monitoring Data Summary 2025.xlsx.pdf","Downloaded",""
"2026-06-10","EGLE FILE Violation Notice - VN No_ VN-019184.msg","","Water Quality VNs, SVNs, ENs","-1595657276095531899","WRD - NPDES","Compliance Action","VN-019184","Violation Notice","https://mienviro.michigan.gov/ncore/downloadpdf/-1595657276095531899","F:\WWTP DOCUMENT DIVE\Cadillac_MiEnviro_2011-2026\documents\2026-06-10__-1595657276095531899__EGLE FILE Violation Notice - VN No_ VN-019184.msg.pdf","Downloaded",""
"2014-10-20","Certified Operator Response Form.doc","Certified Operator Response Form","Conversion - SITE","-1554170949448187422","n/a","Site","15637","Site","https://mienviro.michigan.gov/ncore/downloadpdf/-1554170949448187422","F:\WWTP DOCUMENT DIVE\Cadillac_MiEnviro_2011-2026\documents\2014-10-20__-1554170949448187422__Certified Operator Response Form.doc.pdf","Downloaded",""
"2021-01-25","Example-CPLR Notification Letter-06S06W04-SF01.docx","went w/ email from EGLE to WWTP Oper.","Misc. Submittal Docs","-1540861456886629140","WRD - NPDES","Application/Request","HNT-5SPH-XVKKZ","Schedule - Biosolids Annual Report","https://mienviro.michigan.gov/ncore/downloadpdf/-1540861456886629140","F:\WWTP DOCUMENT DIVE\Cadillac_MiEnviro_2011-2026\documents\2021-01-25__-1540861456886629140__Example-CPLR Notification Letter-06S06W04-SF01.docx.pdf","Downloaded",""
"2022-03-25","20.05.Eff.AddlMonit.ERM.pdf","nForm Document","Form Submission Attachments","-1663681396002714125","WRD - NPDES","Application/Request","HPG-1ZSF-KC99G","Permit Change - National Pollutant Discharge Elimination System (NPDES) Municipal Application Form (Reissuance)","https://mienviro.michigan.gov/ncore/downloadpdf/-1663681396002714125","F:\WWTP DOCUMENT DIVE\Cadillac_MiEnviro_2011-2026\documents\2022-03-25__-1663681396002714125__20.05.Eff.AddlMonit.ERM.pdf.pdf","Downloaded",""
"2022-10-28","Fall 21 Lab Data.pdf","nForm Document","Form Submission Attachments","-1522915370808729294","WRD - NPDES","Application/Request","HPN-5DCS-H4WTR","Schedule - Biosolids Annual Report","https://mienviro.michigan.gov/ncore/downloadpdf/-1522915370808729294","F:\WWTP DOCUMENT DIVE\Cadillac_MiEnviro_2011-2026\documents\2022-10-28__-1522915370808729294__Fall 21 Lab Data.pdf.pdf","Downloaded",""
"2019-03-04","Cadillac WWTP PFAS Letter.msg","IPP PFAS Int and Summ Rpt Approval email","Industrial Pretreatment Program (IPP)","-1522814933655192300","WRD - NPDES","Application/Request","HNF-P7H3-DCN87","Schedule - IPP PFAS Interim Report-1","https://mienviro.michigan.gov/ncore/downloadpdf/-1522814933655192300","F:\WWTP DOCUMENT DIVE\Cadillac_MiEnviro_2011-2026\documents\2019-03-04__-1522814933655192300__Cadillac WWTP PFAS Letter.msg.pdf","Downloaded",""
"2023-01-26","HPG-1ZNB-Y56ZQ v2.pdf v2","Submission PDF","Misc. Application and Request Docs","-1501875472525095997","WRD - NPDES","Application/Request","HPG-1ZNB-Y56ZQ","Schedule - Michigan Industrial Pretreatment Program (IPP) Annual Report","https://mienviro.michigan.gov/ncore/downloadpdf/-1501875472525095997","F:\WWTP DOCUMENT DIVE\Cadillac_MiEnviro_2011-2026\documents\2023-01-26__-1501875472525095997__HPG-1ZNB-Y56ZQ v2.pdf v2.pdf","Downloaded",""
"2022-06-23","21.10.Eff.PFAS.Eurofins.pdf","nForm Document","Form Submission Attachments","-1514920619837083834","WRD - NPDES","Application/Request","HPJ-N5BJ-2CYH5","Schedule - PFAS POTW Effluent Monitoring Report","https://mienviro.michigan.gov/ncore/downloadpdf/-1514920619837083834","F:\WWTP DOCUMENT DIVE\Cadillac_MiEnviro_2011-2026\documents\2022-06-23__-1514920619837083834__21.10.Eff.PFAS.Eurofins.pdf.pdf","Downloaded",""
"2020-10-30","FY20 Lab Log-Solids and DTs-Spring 2020.pdf","Upload Actual Analytical Laboratory Data; Spring 20 Lab Data.pdf; Solids/TVS/DTs;","Form Submission Attachments","-1421922713361138980","WRD - NPDES","Application/Request","HP3-HWDR-V8Y73","Schedule - Biosolids Annual Report","https://mienviro.michigan.gov/ncore/downloadpdf/-1421922713361138980","F:\WWTP DOCUMENT DIVE\Cadillac_MiEnviro_2011-2026\documents\2020-10-30__-1421922713361138980__FY20 Lab Log-Solids and DTs-Spring 2020.pdf.pdf","Downloaded",""
"2025-03-20","DMRQA Study 44-Cadillac WWTP_COPY.pdf","Results Acceptable - No Data Report form, list of labs or signed checklists received as required. Only graded test results received.","Misc. NPDES Evaluation Docs","-1851005839859134110","WRD - NPDES","Evaluation","E-PP139012015623","NPDES Compliance Evaluation Inspection (CEI) (06/10/2025)","https://mienviro.michigan.gov/ncore/downloadpdf/-1851005839859134110","F:\WWTP DOCUMENT DIVE\Cadillac_MiEnviro_2011-2026\documents\2025-03-20__-1851005839859134110__DMRQA Study 44-Cadillac WWTP_COPY.pdf.pdf","Downloaded",""
"2023-08-01","WQBELBiologistFactSheet_MI0020257_PFOS_08-01-2023.doc","Updated WQBEL review for PFOS.","Misc. Permit Docs","-1408874561353041047","WRD - NPDES","Permit","MI0020257 v7.0","NPDES Individual Permit","https://mienviro.michigan.gov/ncore/downloadpdf/-1408874561353041047","F:\WWTP DOCUMENT DIVE\Cadillac_MiEnviro_2011-2026\documents\2023-08-01__-1408874561353041047__WQBELBiologistFactSheet_MI0020257_PFOS_08-01-2023.doc.pdf","Downloaded",""
"2018-07-30","Mich Rubber PFAS Survey.pdf v1","Mich Rubber PFAS Survey.pdf","Applicant Attachments","-1446023942601055554","WRD - NPDES","Application/Request","HNF-P7H3-DCN87","Schedule - IPP PFAS Interim Report-1","https://mienviro.michigan.gov/ncore/downloadpdf/-1446023942601055554","F:\WWTP DOCUMENT DIVE\Cadillac_MiEnviro_2011-2026\documents\2018-07-30__-1446023942601055554__Mich Rubber PFAS Survey.pdf v1.pdf","Downloaded",""
"2024-07-01","50374521_frc.pdf","nForm Document","Form Submission Attachments","-1499921416533827855","WRD - NPDES","Application/Request","HQ4-SQ4J-259F6","Schedule - PFAS POTW Effluent Monitoring Report","https://mienviro.michigan.gov/ncore/downloadpdf/-1499921416533827855","F:\WWTP DOCUMENT DIVE\Cadillac_MiEnviro_2011-2026\documents\2024-07-01__-1499921416533827855__50374521_frc.pdf.pdf","Downloaded",""
"2018-11-07","FW_ TestAmerica invoice and report files from 190-17646-1 City of Cadillac.msg","IPP PFAS Interim Rpt discussion correspondence","Industrial Pretreatment Program (IPP)","-1449555407544169069","WRD - NPDES","Application/Request","HNF-P7H3-DCN87","Schedule - IPP PFAS Interim Report-1","https://mienviro.michigan.gov/ncore/downloadpdf/-1449555407544169069","F:\WWTP DOCUMENT DIVE\Cadillac_MiEnviro_2011-2026\documents\2018-11-07__-1449555407544169069__FW_ TestAmerica invoice and report files from 190-17646-1 City of Cadillac.msg.pdf","Downloaded",""
"2025-08-14","Inspection Report.docx","","Inspection Report","-1369103640106107754","WRD - NPDES","Evaluation","E-PP027995818650","Biosolids Audit (04/29/2025)","https://mienviro.michigan.gov/ncore/downloadpdf/-1369103640106107754","F:\WWTP DOCUMENT DIVE\Cadillac_MiEnviro_2011-2026\documents\2025-08-14__-1369103640106107754__Inspection Report.docx.pdf","Downloaded",""
"2020-10-30","FY20 Land Appl Sites Listed-Info.pdf","Site ID Info.pdf; 7 sites total, DTs, acreage used, applic. rates, total DTs","Form Submission Attachments","-1465774990016543863","WRD - NPDES","Application/Request","HP3-HWDR-V8Y73","Schedule - Biosolids Annual Report","https://mienviro.michigan.gov/ncore/downloadpdf/-1465774990016543863","F:\WWTP DOCUMENT DIVE\Cadillac_MiEnviro_2011-2026\documents\2020-10-30__-1465774990016543863__FY20 Land Appl Sites Listed-Info.pdf.pdf","Downloaded",""
"2025-08-12","MI0020257_2025-07-01_to_2025-07-31_DMR.pdf","","Schedule - DMR Documents","-1367589943429210076","WRD - NPDES","Permit","MI0020257 v7.0","Schedule - DMR","https://mienviro.michigan.gov/ncore/downloadpdf/-1367589943429210076","F:\WWTP DOCUMENT DIVE\Cadillac_MiEnviro_2011-2026\documents\2025-08-12__-1367589943429210076__MI0020257_2025-07-01_to_2025-07-31_DMR.pdf.pdf","Downloaded",""
"2019-06-28","J19915-1 UDS Level 2 Report Final Report.pdf v1","5.a. Upload all contract laboratory reports from POTW effluent and/or Influent sampling that have not yet been submitted.","Applicant Attachments","-1381733737630238270","WRD - NPDES","Application/Request","HNQ-VZP8-TWNRX","Schedule - IPP PFAS Status Report","https://mienviro.michigan.gov/ncore/downloadpdf/-1381733737630238270","F:\WWTP DOCUMENT DIVE\Cadillac_MiEnviro_2011-2026\documents\2019-06-28__-1381733737630238270__J19915-1 UDS Level 2 Report Final Report.pdf v1.pdf","Downloaded",""
"2017-05-24","written report BOD exceedance #2 052417.msg","","NPDES Misc. Site Docs","-1358521760501568481","n/a","Site","15637","Site","https://mienviro.michigan.gov/ncore/downloadpdf/-1358521760501568481","F:\WWTP DOCUMENT DIVE\Cadillac_MiEnviro_2011-2026\documents\2017-05-24__-1358521760501568481__written report BOD exceedance #2 052417.msg.pdf","Downloaded",""
"2017-04-03","Hutchinson.docx v1","Hutchinson.docx","Applicant Attachments","-1348128324309124463","WRD - NPDES","Application/Request","2Q7-HQ21-P66B","Permit Change - National Pollutant Discharge Elimination System (NPDES) Municipal Application Form (Reissuance)","https://mienviro.michigan.gov/ncore/downloadpdf/-1348128324309124463","F:\WWTP DOCUMENT DIVE\Cadillac_MiEnviro_2011-2026\documents\2017-04-03__-1348128324309124463__Hutchinson.docx v1.pdf","Downloaded",""
"2019-07-18","DMR Daily - MI0020257 _06_01_2019_to_06_30_2019_V1.docx","DMR Daily Data for period 06/01/2019 - 06/30/2019_V1","Schedule - DMR Documents","-1321137294153054267","WRD - NPDES","Permit","MI0020257 v5.1","NPDES Individual Permit","https://mienviro.michigan.gov/ncore/downloadpdf/-1321137294153054267","F:\WWTP DOCUMENT DIVE\Cadillac_MiEnviro_2011-2026\documents\2019-07-18__-1321137294153054267__DMR Daily - MI0020257 _06_01_2019_to_06_30_2019_V1.docx.pdf","Downloaded",""
"2019-05-29","PPN Correspondence_Cadillac WWTP.msg","","NPDES Individual Permit","-1302747580337855905","WRD - NPDES","Permit","MI0020257 v6.0","NPDES Individual Permit","https://mienviro.michigan.gov/ncore/downloadpdf/-1302747580337855905","F:\WWTP DOCUMENT DIVE\Cadillac_MiEnviro_2011-2026\documents\2019-05-29__-1302747580337855905__PPN Correspondence_Cadillac WWTP.msg.pdf","Downloaded",""
"2021-06-16","MI0020257_2021-05-01_to_2021-05-31_1_DMR.pdf","","Schedule - DMR Documents","-1290401862186501671","WRD - NPDES","Permit","MI0020257 v6.0","Schedule - DMR","https://mienviro.michigan.gov/ncore/downloadpdf/-1290401862186501671","F:\WWTP DOCUMENT DIVE\Cadillac_MiEnviro_2011-2026\documents\2021-06-16__-1290401862186501671__MI0020257_2021-05-01_to_2021-05-31_1_DMR.pdf.pdf","Downloaded",""
"2022-03-23","HPG-CXVZ-DDE1A V1.pdf v1","Submission PDF","Misc. Application and Request Docs","-1256077365103863283","WRD - NPDES","Application/Request","HPG-CXVZ-DDE1A","Schedule - Biosolids PFAS Monitoring Report","https://mienviro.michigan.gov/ncore/downloadpdf/-1256077365103863283","F:\WWTP DOCUMENT DIVE\Cadillac_MiEnviro_2011-2026\documents\2022-03-23__-1256077365103863283__HPG-CXVZ-DDE1A V1.pdf v1.pdf","Downloaded",""
"2021-10-26","Brilliant Smiles Family Dentistry.pdf","nForm Document","Form Submission Attachments","-1290048560639934115","WRD - NPDES","Application/Request","HPC-RJ1M-FCGM7","Schedule - NPDES Unscheduled Permit Required Reports","https://mienviro.michigan.gov/ncore/downloadpdf/-1290048560639934115","F:\WWTP DOCUMENT DIVE\Cadillac_MiEnviro_2011-2026\documents\2021-10-26__-1290048560639934115__Brilliant Smiles Family Dentistry.pdf.pdf","Downloaded",""
"2019-02-01","Cadillac WWTP_99% Flow Data.xlsx","","NPDES Individual Permit","-1215723651577862901","WRD - NPDES","Permit","MI0020257 v6.0","NPDES Individual Permit","https://mienviro.michigan.gov/ncore/downloadpdf/-1215723651577862901","F:\WWTP DOCUMENT DIVE\Cadillac_MiEnviro_2011-2026\documents\2019-02-01__-1215723651577862901__Cadillac WWTP_99% Flow Data.xlsx.pdf","Downloaded",""
"2021-10-26","Northern Quality Dental.pdf","nForm Document","Form Submission Attachments","-1354583974200746964","WRD - NPDES","Application/Request","HPC-RJ1M-FCGM7","Schedule - NPDES Unscheduled Permit Required Reports","https://mienviro.michigan.gov/ncore/downloadpdf/-1354583974200746964","F:\WWTP DOCUMENT DIVE\Cadillac_MiEnviro_2011-2026\documents\2021-10-26__-1354583974200746964__Northern Quality Dental.pdf.pdf","Downloaded",""
"2021-03-26","POTW_Monitoring_Data_Summary 2020.xlsx","nForm Document","Form Submission Attachments","-1138678306013829471","WRD - NPDES","Application/Request","HP6-YDST-46BJ3","Schedule - Michigan Industrial Pretreatment Program (IPP) Annual Report","https://mienviro.michigan.gov/ncore/downloadpdf/-1138678306013829471","F:\WWTP DOCUMENT DIVE\Cadillac_MiEnviro_2011-2026\documents\2021-03-26__-1138678306013829471__POTW_Monitoring_Data_Summary 2020.xlsx.pdf","Downloaded",""
"2026-05-22","EGLE WRD Correspondence_ SVN-01952_Cadillac WWTP.msg","Email transmission of SVN-01952","Misc Site Docs","-1255819534835910397","n/a","Site","15637","Site","https://mienviro.michigan.gov/ncore/downloadpdf/-1255819534835910397","F:\WWTP DOCUMENT DIVE\Cadillac_MiEnviro_2011-2026\documents\2026-05-22__-1255819534835910397__EGLE WRD Correspondence_ SVN-01952_Cadillac WWTP.msg.pdf","Downloaded",""
"2018-02-19","DMR Daily - MI0020257 _01_01_2018_to_01_31_2018_V1.docx","DMR Daily Data for period 01/01/2018 - 01/31/2018_V1","Schedule - DMR Documents","-1122778753452821851","WRD - NPDES","Permit","MI0020257 v5.1","NPDES Individual Permit","https://mienviro.michigan.gov/ncore/downloadpdf/-1122778753452821851","F:\WWTP DOCUMENT DIVE\Cadillac_MiEnviro_2011-2026\documents\2018-02-19__-1122778753452821851__DMR Daily - MI0020257 _01_01_2018_to_01_31_2018_V1.docx.pdf","Downloaded",""
"2023-08-01","IPP modification 812023.pdf","","Industrial Pretreatment Program (IPP)","-1172770483702568257","WRD - NPDES","Compliance Action","VN-012230","Violation Notice","https://mienviro.michigan.gov/ncore/downloadpdf/-1172770483702568257","F:\WWTP DOCUMENT DIVE\Cadillac_MiEnviro_2011-2026\documents\2023-08-01__-1172770483702568257__IPP modification 812023.pdf.pdf","Downloaded",""
"2025-10-13","2025-10-13 Follow-up to VN-012230.pdf","","Water Quality VNs, SVNs, ENs","-1102905466883927159","WRD - NPDES","Compliance Action","VN-012230","Violation Notice","https://mienviro.michigan.gov/ncore/downloadpdf/-1102905466883927159","F:\WWTP DOCUMENT DIVE\Cadillac_MiEnviro_2011-2026\documents\2025-10-13__-1102905466883927159__2025-10-13 Follow-up to VN-012230.pdf.pdf","Downloaded",""
"2021-10-28","21N08W30-AB04.pdf","FY21 Land Applic Site ID Packet; site used in the Spring 2021;","Form Submission Attachments","-1189789345381575955","WRD - NPDES","Application/Request","HPC-K20Z-68T3J","Schedule - Biosolids Annual Report","https://mienviro.michigan.gov/ncore/downloadpdf/-1189789345381575955","F:\WWTP DOCUMENT DIVE\Cadillac_MiEnviro_2011-2026\documents\2021-10-28__-1189789345381575955__21N08W30-AB04.pdf.pdf","Downloaded",""
"2021-10-26","My Communtiy Dental Center.pdf","nForm Document","Form Submission Attachments","-1100342612453597963","WRD - NPDES","Application/Request","HPC-RJ1M-FCGM7","Schedule - NPDES Unscheduled Permit Required Reports","https://mienviro.michigan.gov/ncore/downloadpdf/-1100342612453597963","F:\WWTP DOCUMENT DIVE\Cadillac_MiEnviro_2011-2026\documents\2021-10-26__-1100342612453597963__My Communtiy Dental Center.pdf.pdf","Downloaded",""
"2014-11-26","1410104_1 ENVReport 10 30 2014 1323.pdf","","Conversion - Application / Request","-1099212723337640688","WRD - NPDES","Evaluation","E-832F-E9-D657","NPDES CSI-Toxics (10/14/2014)","https://mienviro.michigan.gov/ncore/downloadpdf/-1099212723337640688","F:\WWTP DOCUMENT DIVE\Cadillac_MiEnviro_2011-2026\documents\2014-11-26__-1099212723337640688__1410104_1 ENVReport 10 30 2014 1323.pdf.pdf","Downloaded",""
"2020-02-11","EM-RMP Modification Applic submitted to Donal Brady.msg","EGLE to EGLE","Misc. Submittal Docs","-1004089419836381226","WRD - NPDES","Application/Request","HNX-E8Q7-TQ4BF","Schedule - Biosolids Residuals Management Program (RMP) Submittal or Modification","https://mienviro.michigan.gov/ncore/downloadpdf/-1004089419836381226","F:\WWTP DOCUMENT DIVE\Cadillac_MiEnviro_2011-2026\documents\2020-02-11__-1004089419836381226__EM-RMP Modification Applic submitted to Donal Brady.msg.pdf","Downloaded",""
"2017-10-25","Cadillac WWTP Oct 2017 BOD email 102517.msg","NPDES limit exceedance correspondence","Misc Site Docs","-919100790848612757","n/a","Site","15637","Site","https://mienviro.michigan.gov/ncore/downloadpdf/-919100790848612757","F:\WWTP DOCUMENT DIVE\Cadillac_MiEnviro_2011-2026\documents\2017-10-25__-919100790848612757__Cadillac WWTP Oct 2017 BOD email 102517.msg.pdf","Downloaded",""
"2020-02-11","RMP Modification Request-July 2014.doc","Amend RMP.doc; nForm Document","Form Submission Attachments","-1059360609849530823","WRD - NPDES","Application/Request","HNX-E8Q7-TQ4BF","Schedule - Biosolids Residuals Management Program (RMP) Submittal or Modification","https://mienviro.michigan.gov/ncore/downloadpdf/-1059360609849530823","F:\WWTP DOCUMENT DIVE\Cadillac_MiEnviro_2011-2026\documents\2020-02-11__-1059360609849530823__RMP Modification Request-July 2014.doc.pdf","Downloaded",""
"2019-06-18","DMR Daily - MI0020257 _07_01_2017_to_07_31_2017_V2.docx","DMR Daily Data for period 07/01/2017 - 07/31/2017_V2","Schedule - DMR Documents","-1063545855854767217","WRD - NPDES","Permit","MI0020257 v5.1","NPDES Individual Permit","https://mienviro.michigan.gov/ncore/downloadpdf/-1063545855854767217","F:\WWTP DOCUMENT DIVE\Cadillac_MiEnviro_2011-2026\documents\2019-06-18__-1063545855854767217__DMR Daily - MI0020257 _07_01_2017_to_07_31_2017_V2.docx.pdf","Downloaded",""
"2021-10-20","RE_ IPP Annual report.msg","Data required for the IPP annual report.","Industrial Pretreatment Program (IPP)","-895366165129511824","n/a","Site","15637","Site","https://mienviro.michigan.gov/ncore/downloadpdf/-895366165129511824","F:\WWTP DOCUMENT DIVE\Cadillac_MiEnviro_2011-2026\documents\2021-10-20__-895366165129511824__RE_ IPP Annual report.msg.pdf","Downloaded",""
"2017-04-03","AAR Facility.docx v1","AAR Facility.docx","Applicant Attachments","-910355065678437940","WRD - NPDES","Application/Request","2Q7-HQ21-P66B","Permit Change - National Pollutant Discharge Elimination System (NPDES) Municipal Application Form (Reissuance)","https://mienviro.michigan.gov/ncore/downloadpdf/-910355065678437940","F:\WWTP DOCUMENT DIVE\Cadillac_MiEnviro_2011-2026\documents\2017-04-03__-910355065678437940__AAR Facility.docx v1.pdf","Downloaded",""
"2022-06-23","HPJ-N5BJ-2CYH5 V1.pdf v1","Submission PDF","Misc. Application and Request Docs","-872813351944594838","WRD - NPDES","Application/Request","HPJ-N5BJ-2CYH5","Schedule - PFAS POTW Effluent Monitoring Report","https://mienviro.michigan.gov/ncore/downloadpdf/-872813351944594838","F:\WWTP DOCUMENT DIVE\Cadillac_MiEnviro_2011-2026\documents\2022-06-23__-872813351944594838__HPJ-N5BJ-2CYH5 V1.pdf v1.pdf","Downloaded",""
"2026-03-25","MI0020257_2026-01-01_to_2026-01-31_2_DMR.pdf","","Schedule - DMR Documents","-884835855454563670","WRD - NPDES","Permit","MI0020257 v7.0","Schedule - DMR","https://mienviro.michigan.gov/ncore/downloadpdf/-884835855454563670","F:\WWTP DOCUMENT DIVE\Cadillac_MiEnviro_2011-2026\documents\2026-03-25__-884835855454563670__MI0020257_2026-01-01_to_2026-01-31_2_DMR.pdf.pdf","Downloaded",""
"2026-03-13","260225.biosolids.PFAS.Merit.PDF","nForm Document","Form Submission Attachments","-807426977827984435","WRD - NPDES","Application/Request","HQM-0Z2W-CZ7GW","Schedule - Biosolids PFAS Monitoring Report","https://mienviro.michigan.gov/ncore/downloadpdf/-807426977827984435","F:\WWTP DOCUMENT DIVE\Cadillac_MiEnviro_2011-2026\documents\2026-03-13__-807426977827984435__260225.biosolids.PFAS.Merit.PDF.pdf","Downloaded",""
"2015-11-19","DMR Daily - MI0020257 _10_01_2015_to_10_31_2015_V1.docx","DMR Daily Data for period 10/01/2015 - 10/31/2015_V1","Schedule - DMR Documents","-751241790278250853","WRD - NPDES","Permit","MI0020257 v5.0","NPDES Individual Permit","https://mienviro.michigan.gov/ncore/downloadpdf/-751241790278250853","F:\WWTP DOCUMENT DIVE\Cadillac_MiEnviro_2011-2026\documents\2015-11-19__-751241790278250853__DMR Daily - MI0020257 _10_01_2015_to_10_31_2015_V1.docx.pdf","Downloaded",""
"2018-05-21","EM Tr-Land app rates and info.msg","from Fac. Oper.","NPDES Biosolids Evaluation","-766849109262881587","WRD - NPDES","Evaluation","E-DHWW-FYB-ZBN","Biosolids Audit (05/11/2018)","https://mienviro.michigan.gov/ncore/downloadpdf/-766849109262881587","F:\WWTP DOCUMENT DIVE\Cadillac_MiEnviro_2011-2026\documents\2018-05-21__-766849109262881587__EM Tr-Land app rates and info.msg.pdf","Downloaded",""
"2021-10-26","Bright Dental Health.pdf","nForm Document","Form Submission Attachments","-795255606312594736","WRD - NPDES","Application/Request","HPC-RJ1M-FCGM7","Schedule - NPDES Unscheduled Permit Required Reports","https://mienviro.michigan.gov/ncore/downloadpdf/-795255606312594736","F:\WWTP DOCUMENT DIVE\Cadillac_MiEnviro_2011-2026\documents\2021-10-26__-795255606312594736__Bright Dental Health.pdf.pdf","Downloaded",""
"2023-10-05","Public Notice Letter_Cadillac WWTP.msg","","Misc. NPDES Permit Docs","-825643718394833452","WRD - NPDES","Permit","MI0020257 v7.0","NPDES Individual Permit","https://mienviro.michigan.gov/ncore/downloadpdf/-825643718394833452","F:\WWTP DOCUMENT DIVE\Cadillac_MiEnviro_2011-2026\documents\2023-10-05__-825643718394833452__Public Notice Letter_Cadillac WWTP.msg.pdf","Downloaded",""
"2013-03-09","Application Complete Checklist.doc","Application Complete Checklist","Conversion - Permit","-750857842152552655","WRD - NPDES","Permit","MI0020257 v5.0","NPDES Individual Permit","https://mienviro.michigan.gov/ncore/downloadpdf/-750857842152552655","F:\WWTP DOCUMENT DIVE\Cadillac_MiEnviro_2011-2026\documents\2013-03-09__-750857842152552655__Application Complete Checklist.doc.pdf","Downloaded",""
"2017-11-16","DMR Daily - MI0020257 _10_01_2017_to_10_31_2017_V1.docx","DMR Daily Data for period 10/01/2017 - 10/31/2017_V1","Schedule - DMR Documents","-739207244620603055","WRD - NPDES","Permit","MI0020257 v5.1","NPDES Individual Permit","https://mienviro.michigan.gov/ncore/downloadpdf/-739207244620603055","F:\WWTP DOCUMENT DIVE\Cadillac_MiEnviro_2011-2026\documents\2017-11-16__-739207244620603055__DMR Daily - MI0020257 _10_01_2017_to_10_31_2017_V1.docx.pdf","Downloaded",""
"2026-07-13","HQQ-0ZQQ-VCZ9T_v1.pdf","Submission PDF","Form Submission Attachments","-724492843495781795","WRD - NPDES","Application/Request","HQQ-0ZQQ-VCZ9T","Schedule - Submit updated IPP procedures, SUO, and ERP.","https://mienviro.michigan.gov/ncore/downloadpdf/-724492843495781795","F:\WWTP DOCUMENT DIVE\Cadillac_MiEnviro_2011-2026\documents\2026-07-13__-724492843495781795__HQQ-0ZQQ-VCZ9T_v1.pdf.pdf","Downloaded",""
"2018-05-18","Cadillac WWTP 2nd PFAS-IPP Mailing.pdf","","Industrial Pretreatment Program (IPP)","-739906742778535660","n/a","Site","15637","Site","https://mienviro.michigan.gov/ncore/downloadpdf/-739906742778535660","F:\WWTP DOCUMENT DIVE\Cadillac_MiEnviro_2011-2026\documents\2018-05-18__-739906742778535660__Cadillac WWTP 2nd PFAS-IPP Mailing.pdf.pdf","Downloaded",""
"2018-10-29","FY18 Applier-Mgt Practices Cert-Fall 2017.doc v1","Mgt Practices Certification.doc;","Applicant Attachments","-685056191163607732","WRD - NPDES","Application/Request","HNH-M790-67ZPK","Schedule - Biosolids Annual Report","https://mienviro.michigan.gov/ncore/downloadpdf/-685056191163607732","F:\WWTP DOCUMENT DIVE\Cadillac_MiEnviro_2011-2026\documents\2018-10-29__-685056191163607732__FY18 Applier-Mgt Practices Cert-Fall 2017.doc v1.pdf","Downloaded",""
"2014-11-26","201411251653.pdf","DEQ Test Data Evaluation","Conversion - Application / Request","-668421988306006771","WRD - NPDES","Evaluation","E-832F-E9-D657","NPDES CSI-Toxics (10/14/2014)","https://mienviro.michigan.gov/ncore/downloadpdf/-668421988306006771","F:\WWTP DOCUMENT DIVE\Cadillac_MiEnviro_2011-2026\documents\2014-11-26__-668421988306006771__201411251653.pdf.pdf","Downloaded",""
"2025-10-30","HQG-QQ9K-KSZ7V_v1.pdf","Submission PDF","Form Submission Attachments","-645990763212332188","WRD - NPDES","Application/Request","HQG-QQ9K-KSZ7V","Schedule - IPP Unscheduled Submissions for Approval","https://mienviro.michigan.gov/ncore/downloadpdf/-645990763212332188","F:\WWTP DOCUMENT DIVE\Cadillac_MiEnviro_2011-2026\documents\2025-10-30__-645990763212332188__HQG-QQ9K-KSZ7V_v1.pdf.pdf","Downloaded",""
"2022-10-28","21N08W30-AB04.pdf","nForm Document","Form Submission Attachments","-656960315240919665","WRD - NPDES","Application/Request","HPN-5DCS-H4WTR","Schedule - Biosolids Annual Report","https://mienviro.michigan.gov/ncore/downloadpdf/-656960315240919665","F:\WWTP DOCUMENT DIVE\Cadillac_MiEnviro_2011-2026\documents\2022-10-28__-656960315240919665__21N08W30-AB04.pdf.pdf","Downloaded",""
"2020-07-31","UPDATED Cadillac Waste Water AMP - NPDES permit report document 2020.docx","Submital Attachments","Form Submission Attachments","-621303826784066175","WRD - NPDES","Application/Request","HP1-NF8B-MDEG6","Schedule - Asset Management Annual Report","https://mienviro.michigan.gov/ncore/downloadpdf/-621303826784066175","F:\WWTP DOCUMENT DIVE\Cadillac_MiEnviro_2011-2026\documents\2020-07-31__-621303826784066175__UPDATED Cadillac Waste Water AMP - NPDES permit report document 2020.docx.pdf","Downloaded",""
"2026-03-25","HQM-5QVG-V9A98_v1.pdf","Submission PDF","Form Submission Attachments","-588199248180010083","WRD - NPDES","Application/Request","HQM-5QVG-V9A98","Schedule - Certification of Completion of Additional Monitoring Requirements","https://mienviro.michigan.gov/ncore/downloadpdf/-588199248180010083","F:\WWTP DOCUMENT DIVE\Cadillac_MiEnviro_2011-2026\documents\2026-03-25__-588199248180010083__HQM-5QVG-V9A98_v1.pdf.pdf","Downloaded",""
"2025-05-13","MI0020257_2025-04-01_to_2025-04-30_DMR.pdf","","Schedule - DMR Documents","-626431502200600831","WRD - NPDES","Permit","MI0020257 v7.0","Schedule - DMR","https://mienviro.michigan.gov/ncore/downloadpdf/-626431502200600831","F:\WWTP DOCUMENT DIVE\Cadillac_MiEnviro_2011-2026\documents\2025-05-13__-626431502200600831__MI0020257_2025-04-01_to_2025-04-30_DMR.pdf.pdf","Downloaded",""
"2012-03-26","Cadillac WWTP Septage Information.pdf","","Conversion - Compliance Action","-605910068122278034","WRD - NPDES","Permit","MI0020257 v5.0","NPDES Individual Permit","https://mienviro.michigan.gov/ncore/downloadpdf/-605910068122278034","F:\WWTP DOCUMENT DIVE\Cadillac_MiEnviro_2011-2026\documents\2012-03-26__-605910068122278034__Cadillac WWTP Septage Information.pdf.pdf","Downloaded",""
"2020-08-13","DMR Daily - MI0020257 _07_01_2020_to_07_31_2020_V1.docx","DMR Daily Data for period 07/01/2020 - 07/31/2020_V1","Schedule - DMR Documents","-603957263521988219","WRD - NPDES","Permit","MI0020257 v6.0","NPDES Individual Permit","https://mienviro.michigan.gov/ncore/downloadpdf/-603957263521988219","F:\WWTP DOCUMENT DIVE\Cadillac_MiEnviro_2011-2026\documents\2020-08-13__-603957263521988219__DMR Daily - MI0020257 _07_01_2020_to_07_31_2020_V1.docx.pdf","Downloaded",""
"2022-03-25","19.10.Eff.AddlMonit.WET.ERM.pdf","nForm Document","Form Submission Attachments","-624552684400765787","WRD - NPDES","Application/Request","HPG-1ZSF-KC99G","Permit Change - National Pollutant Discharge Elimination System (NPDES) Municipal Application Form (Reissuance)","https://mienviro.michigan.gov/ncore/downloadpdf/-624552684400765787","F:\WWTP DOCUMENT DIVE\Cadillac_MiEnviro_2011-2026\documents\2022-03-25__-624552684400765787__19.10.Eff.AddlMonit.WET.ERM.pdf.pdf","Downloaded",""
"2020-03-30","EM-RMP Sludge Data - 38 percent vol sol reduc info.msg","from WWTP","NPDES Submittal Docs","-640586683954684380","WRD - NPDES","Application/Request","HNX-E8Q7-TQ4BF","Schedule - Biosolids Residuals Management Program (RMP) Submittal or Modification","https://mienviro.michigan.gov/ncore/downloadpdf/-640586683954684380","F:\WWTP DOCUMENT DIVE\Cadillac_MiEnviro_2011-2026\documents\2020-03-30__-640586683954684380__EM-RMP Sludge Data - 38 percent vol sol reduc info.msg.pdf","Downloaded",""
"2026-05-19","MI0020257_2026-04-01_to_2026-04-30_DMR.pdf","","Schedule - DMR Documents","-609203971089774878","WRD - NPDES","Permit","MI0020257 v7.0","Schedule - DMR","https://mienviro.michigan.gov/ncore/downloadpdf/-609203971089774878","F:\WWTP DOCUMENT DIVE\Cadillac_MiEnviro_2011-2026\documents\2026-05-19__-609203971089774878__MI0020257_2026-04-01_to_2026-04-30_DMR.pdf.pdf","Downloaded",""
"2016-12-16","DMR Daily - MI0020257 _11_01_2016_to_11_30_2016_V1.docx","DMR Daily Data for period 11/01/2016 - 11/30/2016_V1","Schedule - DMR Documents","-570299436410721715","WRD - NPDES","Permit","MI0020257 v5.0","NPDES Individual Permit","https://mienviro.michigan.gov/ncore/downloadpdf/-570299436410721715","F:\WWTP DOCUMENT DIVE\Cadillac_MiEnviro_2011-2026\documents\2016-12-16__-570299436410721715__DMR Daily - MI0020257 _11_01_2016_to_11_30_2016_V1.docx.pdf","Downloaded",""
"2022-03-25","19.12.Eff.FollowUp.WET.ERM.pdf","nForm Document","Form Submission Attachments","-590765037392295649","WRD - NPDES","Application/Request","HPG-1ZSF-KC99G","Permit Change - National Pollutant Discharge Elimination System (NPDES) Municipal Application Form (Reissuance)","https://mienviro.michigan.gov/ncore/downloadpdf/-590765037392295649","F:\WWTP DOCUMENT DIVE\Cadillac_MiEnviro_2011-2026\documents\2022-03-25__-590765037392295649__19.12.Eff.FollowUp.WET.ERM.pdf.pdf","Downloaded",""
"2017-02-14","DMR Daily - MI0020257 _01_01_2017_to_01_31_2017_V1.docx","DMR Daily Data for period 01/01/2017 - 01/31/2017_V1","Schedule - DMR Documents","-563435129997574625","WRD - NPDES","Permit","MI0020257 v5.1","NPDES Individual Permit","https://mienviro.michigan.gov/ncore/downloadpdf/-563435129997574625","F:\WWTP DOCUMENT DIVE\Cadillac_MiEnviro_2011-2026\documents\2017-02-14__-563435129997574625__DMR Daily - MI0020257 _01_01_2017_to_01_31_2017_V1.docx.pdf","Downloaded",""
"2018-09-19","RE_ Cadillac WWTP - IPP PFAS Interim Report Review (1).msg","","Industrial Pretreatment Program (IPP)","-343730904032096154","n/a","Site","15637","Site","","","No download link",""
"2025-10-21","Biosolids Dry Tons Calc 12.18.24.xls","nForm Document","Form Submission Attachments","-318807129627192999","WRD - NPDES","Application/Request","HQG-GM42-A2DBC","Schedule - Biosolids Annual Report","","","No download link",""
"2025-07-30","Inspection Report.docx","","Inspection Report","-510682859352455980","WRD - NPDES","Evaluation","E-PP139012015623","NPDES Compliance Evaluation Inspection (CEI) (06/10/2025)","https://mienviro.michigan.gov/ncore/downloadpdf/-510682859352455980","F:\WWTP DOCUMENT DIVE\Cadillac_MiEnviro_2011-2026\documents\2025-07-30__-510682859352455980__Inspection Report.docx.pdf","Downloaded",""
"2017-04-03","REC BOAT TRAILER.docx v1","REC BOAT TRAILER.docx","Applicant Attachments","-505155985048363429","WRD - NPDES","Application/Request","2Q7-HQ21-P66B","Permit Change - National Pollutant Discharge Elimination System (NPDES) Municipal Application Form (Reissuance)","https://mienviro.michigan.gov/ncore/downloadpdf/-505155985048363429","F:\WWTP DOCUMENT DIVE\Cadillac_MiEnviro_2011-2026\documents\2017-04-03__-505155985048363429__REC BOAT TRAILER.docx v1.pdf","Downloaded",""
"2025-01-24","RE_ Cadillac MAHL - December 2024.msg","Revised response on MAHL comments.","Industrial Pretreatment Program (IPP)","-536555223081369280","WRD - NPDES","Application/Request","HPV-DHMB-MCAGV","Schedule - Submit MAHL and proposed local limits","https://mienviro.michigan.gov/ncore/downloadpdf/-536555223081369280","F:\WWTP DOCUMENT DIVE\Cadillac_MiEnviro_2011-2026\documents\2025-01-24__-536555223081369280__RE_ Cadillac MAHL - December 2024.msg.pdf","Downloaded",""
"2026-03-26","IPP Annual Report.msg","Comments on the annual report.","Industrial Pretreatment Program (IPP)","-493491631835091944","WRD - NPDES","Application/Request","HQM-9QCZ-PE5QR","Schedule - Michigan Industrial Pretreatment Program (IPP) Annual Report","https://mienviro.michigan.gov/ncore/downloadpdf/-493491631835091944","F:\WWTP DOCUMENT DIVE\Cadillac_MiEnviro_2011-2026\documents\2026-03-26__-493491631835091944__IPP Annual Report.msg.pdf","Downloaded",""
"2022-03-24","HPG-1ZNB-Y56ZQ V1.pdf v1","Submission PDF","Misc. Application and Request Docs","-475799617271843387","WRD - NPDES","Application/Request","HPG-1ZNB-Y56ZQ","Schedule - Michigan Industrial Pretreatment Program (IPP) Annual Report","https://mienviro.michigan.gov/ncore/downloadpdf/-475799617271843387","F:\WWTP DOCUMENT DIVE\Cadillac_MiEnviro_2011-2026\documents\2022-03-24__-475799617271843387__HPG-1ZNB-Y56ZQ V1.pdf v1.pdf","Downloaded",""
"2017-08-17","DMR Daily - MI0020257 _05_01_2017_to_05_31_2017_V2.docx","DMR Daily Data for period 05/01/2017 - 05/31/2017_V2","Schedule - DMR Documents","-486435104065967818","WRD - NPDES","Permit","MI0020257 v5.1","NPDES Individual Permit","https://mienviro.michigan.gov/ncore/downloadpdf/-486435104065967818","F:\WWTP DOCUMENT DIVE\Cadillac_MiEnviro_2011-2026\documents\2017-08-17__-486435104065967818__DMR Daily - MI0020257 _05_01_2017_to_05_31_2017_V2.docx.pdf","Downloaded",""
"2018-11-26","Cadillac WWTP BOD Exceed 112618.msg","","NPDES Misc. Site Docs","-463334436691465071","n/a","Site","15637","Site","https://mienviro.michigan.gov/ncore/downloadpdf/-463334436691465071","F:\WWTP DOCUMENT DIVE\Cadillac_MiEnviro_2011-2026\documents\2018-11-26__-463334436691465071__Cadillac WWTP BOD Exceed 112618.msg.pdf","Downloaded",""
"2011-02-15","CadillacWWTP lab.PDF","","Conversion - Application / Request","-438405291240013169","WRD - NPDES","Evaluation","E-3F12-26-C65D","CSI-Conventionals Only (02/03/2011)","https://mienviro.michigan.gov/ncore/downloadpdf/-438405291240013169","F:\WWTP DOCUMENT DIVE\Cadillac_MiEnviro_2011-2026\documents\2011-02-15__-438405291240013169__CadillacWWTP lab.PDF.pdf","Downloaded",""
"2017-05-17","email addn reporting BOD exceed 051717 ul MiW.msg","","NPDES Misc. Site Docs","-389607197290388061","n/a","Site","15637","Site","https://mienviro.michigan.gov/ncore/downloadpdf/-389607197290388061","F:\WWTP DOCUMENT DIVE\Cadillac_MiEnviro_2011-2026\documents\2017-05-17__-389607197290388061__email addn reporting BOD exceed 051717 ul MiW.msg.pdf","Downloaded",""
"2024-10-09","IU Permit notes.msg","Comments on IU permits version 2.","Industrial Pretreatment Program (IPP)","-369627156666323289","WRD - NPDES","Application/Request","HPV-DHMY-FDEJP","Schedule - Submit draft IU permits","https://mienviro.michigan.gov/ncore/downloadpdf/-369627156666323289","F:\WWTP DOCUMENT DIVE\Cadillac_MiEnviro_2011-2026\documents\2024-10-09__-369627156666323289__IU Permit notes.msg.pdf","Downloaded",""
"2022-11-22","Cadillac Casting Meeting 11-22-22.docx","Claire Lowe meeting notes with Cadillac Casting. Information updated on 11/30/22.","Industrial Pretreatment Program (IPP)","-310938013515273317","n/a","Site","15637","Site","https://mienviro.michigan.gov/ncore/downloadpdf/-310938013515273317","F:\WWTP DOCUMENT DIVE\Cadillac_MiEnviro_2011-2026\documents\2022-11-22__-310938013515273317__Cadillac Casting Meeting 11-22-22.docx.pdf","Downloaded",""
"2026-03-25","MI0020257_2025-01-01_to_2025-01-31_2_DMR.pdf","","Schedule - DMR Documents","-367073813989245298","WRD - NPDES","Permit","MI0020257 v7.0","Schedule - DMR","https://mienviro.michigan.gov/ncore/downloadpdf/-367073813989245298","F:\WWTP DOCUMENT DIVE\Cadillac_MiEnviro_2011-2026\documents\2026-03-25__-367073813989245298__MI0020257_2025-01-01_to_2025-01-31_2_DMR.pdf.pdf","Downloaded",""
"2017-04-03","Kar Lab Biosolids 3-14-2016.pdf v1","Kar Lab Biosolids 3-14-2016.pdf","Applicant Attachments","-308826788854237261","WRD - NPDES","Application/Request","2Q7-HQ21-P66B","Permit Change - National Pollutant Discharge Elimination System (NPDES) Municipal Application Form (Reissuance)","https://mienviro.michigan.gov/ncore/downloadpdf/-308826788854237261","F:\WWTP DOCUMENT DIVE\Cadillac_MiEnviro_2011-2026\documents\2017-04-03__-308826788854237261__Kar Lab Biosolids 3-14-2016.pdf v1.pdf","Downloaded",""
"2023-02-01","Biosolids CPLR 21N08W30-AB03.xls","","NPDES Submittal Docs","-167581100178037291","WRD - NPDES","Application/Request","HPN-5DCS-H4WTR","Schedule - Biosolids Annual Report","","","No download link",""
"2018-11-15","EM-FY18 LA docs and DTs submitted for Biosolids AR - Questions.msg","DEQ to facility","NPDES Submittal Docs","-277633430264230949","WRD - NPDES","Application/Request","HNH-M790-67ZPK","Schedule - Biosolids Annual Report","https://mienviro.michigan.gov/ncore/downloadpdf/-277633430264230949","F:\WWTP DOCUMENT DIVE\Cadillac_MiEnviro_2011-2026\documents\2018-11-15__-277633430264230949__EM-FY18 LA docs and DTs submitted for Biosolids AR - Questions.msg.pdf","Downloaded",""
"2018-10-29","FY18 Applier Certification-Management Practices.pdf v1","Land App-Management Practices.pdf; signed","Applicant Attachments","-301703658211288257","WRD - NPDES","Application/Request","HNH-M790-67ZPK","Schedule - Biosolids Annual Report","https://mienviro.michigan.gov/ncore/downloadpdf/-301703658211288257","F:\WWTP DOCUMENT DIVE\Cadillac_MiEnviro_2011-2026\documents\2018-10-29__-301703658211288257__FY18 Applier Certification-Management Practices.pdf v1.pdf","Downloaded",""
"2020-12-09","DMR Daily - MI0020257 _11_01_2020_to_11_30_2020_V1.docx","DMR Daily Data for period 11/01/2020 - 11/30/2020_V1","Schedule - DMR Documents","-271713624464570818","WRD - NPDES","Permit","MI0020257 v6.0","NPDES Individual Permit","https://mienviro.michigan.gov/ncore/downloadpdf/-271713624464570818","F:\WWTP DOCUMENT DIVE\Cadillac_MiEnviro_2011-2026\documents\2020-12-09__-271713624464570818__DMR Daily - MI0020257 _11_01_2020_to_11_30_2020_V1.docx.pdf","Downloaded",""
"2019-06-17","DMR Summary - MI0020257 _05_01_2019_to_05_31_2019_V1.docx","DMR Summary Data for period 05/01/2019 - 05/31/2019_V1","Schedule - DMR Documents","-266144883424227380","WRD - NPDES","Permit","MI0020257 v5.1","NPDES Individual Permit","https://mienviro.michigan.gov/ncore/downloadpdf/-266144883424227380","F:\WWTP DOCUMENT DIVE\Cadillac_MiEnviro_2011-2026\documents\2019-06-17__-266144883424227380__DMR Summary - MI0020257 _05_01_2019_to_05_31_2019_V1.docx.pdf","Downloaded",""
"2018-10-29","FY18 Biosolids Metals and Nutrient Results.pdf v1","Pace Biosolids 3-28-2018.pdf; Spring 2018 (March);","Applicant Attachments","-276971073099901928","WRD - NPDES","Application/Request","HNH-M790-67ZPK","Schedule - Biosolids Annual Report","https://mienviro.michigan.gov/ncore/downloadpdf/-276971073099901928","F:\WWTP DOCUMENT DIVE\Cadillac_MiEnviro_2011-2026\documents\2018-10-29__-276971073099901928__FY18 Biosolids Metals and Nutrient Results.pdf v1.pdf","Downloaded",""
"2017-02-14","DMR Summary - MI0020257 _01_01_2017_to_01_31_2017_V1.docx","DMR Summary Data for period 01/01/2017 - 01/31/2017_V1","Schedule - DMR Documents","-241954493317709276","WRD - NPDES","Permit","MI0020257 v5.1","NPDES Individual Permit","https://mienviro.michigan.gov/ncore/downloadpdf/-241954493317709276","F:\WWTP DOCUMENT DIVE\Cadillac_MiEnviro_2011-2026\documents\2017-02-14__-241954493317709276__DMR Summary - MI0020257 _01_01_2017_to_01_31_2017_V1.docx.pdf","Downloaded",""
"2024-09-14","24.08.08.AMR.Trace.pdf","nForm Document","Form Submission Attachments","-247854643893151782","WRD - NPDES","Application/Request","HQ6-MRKV-Q3MJJ","Schedule - Certification of Completion of Additional Monitoring Requirements","https://mienviro.michigan.gov/ncore/downloadpdf/-247854643893151782","F:\WWTP DOCUMENT DIVE\Cadillac_MiEnviro_2011-2026\documents\2024-09-14__-247854643893151782__24.08.08.AMR.Trace.pdf.pdf","Downloaded",""
"2019-10-28","FY19 Metals and Nutrient Results.pdf v1","Pace Biosolids 4-8-2019.pdf; April 19' by PACE;","Applicant Attachments","-238039900655589400","WRD - NPDES","Application/Request","HNT-5SPH-XVKKZ","Schedule - Biosolids Annual Report","https://mienviro.michigan.gov/ncore/downloadpdf/-238039900655589400","F:\WWTP DOCUMENT DIVE\Cadillac_MiEnviro_2011-2026\documents\2019-10-28__-238039900655589400__FY19 Metals and Nutrient Results.pdf v1.pdf","Downloaded",""
"2015-09-29","Cadillac WWTP CCH Petition.pdf","","NPDES Individual Permit","-264868687133678095","WRD - NPDES","Permit","MI0020257 v5.1","NPDES Individual Permit","https://mienviro.michigan.gov/ncore/downloadpdf/-264868687133678095","F:\WWTP DOCUMENT DIVE\Cadillac_MiEnviro_2011-2026\documents\2015-09-29__-264868687133678095__Cadillac WWTP CCH Petition.pdf.pdf","Downloaded",""
"2025-03-27","Cadillac News Affidavit of Publication 03-19-2025.pdf","nForm Document","Form Submission Attachments","-181957830977451756","WRD - NPDES","Application/Request","HQB-BNKM-1SC3Q","Schedule - Michigan Industrial Pretreatment Program (IPP) Annual Report","https://mienviro.michigan.gov/ncore/downloadpdf/-181957830977451756","F:\WWTP DOCUMENT DIVE\Cadillac_MiEnviro_2011-2026\documents\2025-03-27__-181957830977451756__Cadillac News Affidavit of Publication 03-19-2025.pdf.pdf","Downloaded",""
"2018-08-31","Cadillac WWTP DMRQA 38 083118.pdf","","NPDES Misc. Site Docs","-295355443072597213","n/a","Site","15637","Site","https://mienviro.michigan.gov/ncore/downloadpdf/-295355443072597213","F:\WWTP DOCUMENT DIVE\Cadillac_MiEnviro_2011-2026\documents\2018-08-31__-295355443072597213__Cadillac WWTP DMRQA 38 083118.pdf.pdf","Downloaded",""
"2017-04-03","REC BOAT CRUISER.docx v1","REC BOAT CRUISER.docx","Applicant Attachments","-123817907349178312","WRD - NPDES","Application/Request","2Q7-HQ21-P66B","Permit Change - National Pollutant Discharge Elimination System (NPDES) Municipal Application Form (Reissuance)","https://mienviro.michigan.gov/ncore/downloadpdf/-123817907349178312","F:\WWTP DOCUMENT DIVE\Cadillac_MiEnviro_2011-2026\documents\2017-04-03__-123817907349178312__REC BOAT CRUISER.docx v1.pdf","Downloaded",""
"2019-02-27","Pre-Public Note Ltr_Cadillac WWTP.msg","","NPDES Individual Permit","-150348501006616963","WRD - NPDES","Permit","MI0020257 v6.0","NPDES Individual Permit","https://mienviro.michigan.gov/ncore/downloadpdf/-150348501006616963","F:\WWTP DOCUMENT DIVE\Cadillac_MiEnviro_2011-2026\documents\2019-02-27__-150348501006616963__Pre-Public Note Ltr_Cadillac WWTP.msg.pdf","Downloaded",""
"2017-08-17","DMR Daily - MI0020257 _07_01_2017_to_07_31_2017_V1.docx","DMR Daily Data for period 07/01/2017 - 07/31/2017_V1","Schedule - DMR Documents","-111396327202170199","WRD - NPDES","Permit","MI0020257 v5.1","NPDES Individual Permit","https://mienviro.michigan.gov/ncore/downloadpdf/-111396327202170199","F:\WWTP DOCUMENT DIVE\Cadillac_MiEnviro_2011-2026\documents\2017-08-17__-111396327202170199__DMR Daily - MI0020257 _07_01_2017_to_07_31_2017_V1.docx.pdf","Downloaded",""
"2021-04-16","Notification of WRDs approach to PFAS in Biosolids – an Interim Strategy.msg","Notification of WRDs approach to PFAS in Biosolids – an Interim Strategy.msg","Misc Site Docs","-87438577420274852","n/a","Site","15637","Site","https://mienviro.michigan.gov/ncore/downloadpdf/-87438577420274852","F:\WWTP DOCUMENT DIVE\Cadillac_MiEnviro_2011-2026\documents\2021-04-16__-87438577420274852__Notification of WRDs approach to PFAS in Biosolids – an Interim Strategy.msg.pdf","Downloaded",""
"2016-08-12","DMR Summary - MI0020257 _07_01_2016_to_07_31_2016_V1.docx","DMR Summary Data for period 07/01/2016 - 07/31/2016_V1","Schedule - DMR Documents","-41646711706265012","WRD - NPDES","Permit","MI0020257 v5.0","NPDES Individual Permit","https://mienviro.michigan.gov/ncore/downloadpdf/-41646711706265012","F:\WWTP DOCUMENT DIVE\Cadillac_MiEnviro_2011-2026\documents\2016-08-12__-41646711706265012__DMR Summary - MI0020257 _07_01_2016_to_07_31_2016_V1.docx.pdf","Downloaded",""
"2014-11-26","201411261120.pdf","Cadillac WWTP Inspection Complete Checklist Inspection ID 56545","Conversion - Application / Request","-56918685861159494","WRD - NPDES","Evaluation","E-832F-E9-D657","NPDES CSI-Toxics (10/14/2014)","https://mienviro.michigan.gov/ncore/downloadpdf/-56918685861159494","F:\WWTP DOCUMENT DIVE\Cadillac_MiEnviro_2011-2026\documents\2014-11-26__-56918685861159494__201411261120.pdf.pdf","Downloaded",""
"2019-12-18","HNV-XK97-EV0GR V1.pdf v1","Submission PDF","Misc. Application and Request Docs","-30690039028977475","WRD - NPDES","Application/Request","HNV-XK97-EV0GR","Schedule - IPP PFAS Status Report","https://mienviro.michigan.gov/ncore/downloadpdf/-30690039028977475","F:\WWTP DOCUMENT DIVE\Cadillac_MiEnviro_2011-2026\documents\2019-12-18__-30690039028977475__HNV-XK97-EV0GR V1.pdf v1.pdf","Downloaded",""
"2023-04-10","IPP News Affidavit 2023.pdf","nForm Document","Form Submission Attachments","6846973406582359","WRD - NPDES","Application/Request","HPS-A3KN-2FH30","Schedule - Michigan Industrial Pretreatment Program (IPP) Annual Report","https://mienviro.michigan.gov/ncore/downloadpdf/6846973406582359","F:\WWTP DOCUMENT DIVE\Cadillac_MiEnviro_2011-2026\documents\2023-04-10__6846973406582359__IPP News Affidavit 2023.pdf.pdf","Downloaded",""
"2018-05-08","IMG_0027-cas.JPG","taken during field inspection","NPDES Biosolids Evaluation","-28324926175105492","WRD - NPDES","Evaluation","E-DHWW-FYB-ZBN","Biosolids Audit (05/11/2018)","https://mienviro.michigan.gov/ncore/downloadpdf/-28324926175105492","F:\WWTP DOCUMENT DIVE\Cadillac_MiEnviro_2011-2026\documents\2018-05-08__-28324926175105492__IMG_0027-cas.JPG.pdf","Downloaded",""
"2024-10-30","Biosolids Land-App Ammounts 2.docx","nForm Document","Form Submission Attachments","2088079526050332","WRD - NPDES","Application/Request","HQ7-KAAW-2S9Y5","Schedule - Biosolids Annual Report","https://mienviro.michigan.gov/ncore/downloadpdf/2088079526050332","F:\WWTP DOCUMENT DIVE\Cadillac_MiEnviro_2011-2026\documents\2024-10-30__2088079526050332__Biosolids Land-App Ammounts 2.docx.pdf","Downloaded",""
"2018-12-17","DMR Summary - MI0020257 _11_01_2018_to_11_30_2018_V1.docx","DMR Summary Data for period 11/01/2018 - 11/30/2018_V1","Schedule - DMR Documents","10391921127036499","WRD - NPDES","Permit","MI0020257 v5.1","NPDES Individual Permit","https://mienviro.michigan.gov/ncore/downloadpdf/10391921127036499","F:\WWTP DOCUMENT DIVE\Cadillac_MiEnviro_2011-2026\documents\2018-12-17__10391921127036499__DMR Summary - MI0020257 _11_01_2018_to_11_30_2018_V1.docx.pdf","Downloaded",""
"2026-03-25","MI0020257_2025-07-01_to_2025-07-31_2_DMR.pdf","","Schedule - DMR Documents","26061418605483136","WRD - NPDES","Permit","MI0020257 v7.0","Schedule - DMR","https://mienviro.michigan.gov/ncore/downloadpdf/26061418605483136","F:\WWTP DOCUMENT DIVE\Cadillac_MiEnviro_2011-2026\documents\2026-03-25__26061418605483136__MI0020257_2025-07-01_to_2025-07-31_2_DMR.pdf.pdf","Downloaded",""
"2014-11-26","Fecal Coliform Results.pdf","","Conversion - Application / Request","44608516278427039","WRD - NPDES","Evaluation","E-832F-E9-D657","NPDES CSI-Toxics (10/14/2014)","https://mienviro.michigan.gov/ncore/downloadpdf/44608516278427039","F:\WWTP DOCUMENT DIVE\Cadillac_MiEnviro_2011-2026\documents\2014-11-26__44608516278427039__Fecal Coliform Results.pdf.pdf","Downloaded",""
"2018-07-30","Avon PFAS Survey.pdf v1","Avon PFAS Survey.pdf","Applicant Attachments","63610395187544635","WRD - NPDES","Application/Request","HNF-P7H3-DCN87","Schedule - IPP PFAS Interim Report-1","https://mienviro.michigan.gov/ncore/downloadpdf/63610395187544635","F:\WWTP DOCUMENT DIVE\Cadillac_MiEnviro_2011-2026\documents\2018-07-30__63610395187544635__Avon PFAS Survey.pdf v1.pdf","Downloaded",""
"2013-05-21","Fact Sheet.doc","Fact Sheet","Conversion - Permit","103605179192073784","WRD - NPDES","Permit","MI0020257 v5.0","NPDES Individual Permit","https://mienviro.michigan.gov/ncore/downloadpdf/103605179192073784","F:\WWTP DOCUMENT DIVE\Cadillac_MiEnviro_2011-2026\documents\2013-05-21__103605179192073784__Fact Sheet.doc.pdf","Downloaded",""
"2024-10-30","240401.biosolids.PFAS.Merit.PDF","nForm Document","Form Submission Attachments","82358434522651429","WRD - NPDES","Application/Request","HQ7-KAAW-2S9Y5","Schedule - Biosolids Annual Report","https://mienviro.michigan.gov/ncore/downloadpdf/82358434522651429","F:\WWTP DOCUMENT DIVE\Cadillac_MiEnviro_2011-2026\documents\2024-10-30__82358434522651429__240401.biosolids.PFAS.Merit.PDF.pdf","Downloaded",""
"2023-10-30","230413.biosolids.PACE.pdf","nForm Document","Form Submission Attachments","-160333847240832666","WRD - NPDES","Application/Request","HPY-PZSD-5P4KK","Schedule - Biosolids Annual Report","https://mienviro.michigan.gov/ncore/downloadpdf/-160333847240832666","F:\WWTP DOCUMENT DIVE\Cadillac_MiEnviro_2011-2026\documents\2023-10-30__-160333847240832666__230413.biosolids.PACE.pdf.pdf","Downloaded",""
"2025-04-16","RE_ Cadillac MAHL.msg","","Industrial Pretreatment Program (IPP)","-94646851769060147","WRD - NPDES","Application/Request","HPV-DHMB-MCAGV","Schedule - Submit MAHL and proposed local limits","https://mienviro.michigan.gov/ncore/downloadpdf/-94646851769060147","F:\WWTP DOCUMENT DIVE\Cadillac_MiEnviro_2011-2026\documents\2025-04-16__-94646851769060147__RE_ Cadillac MAHL.msg.pdf","Downloaded",""
"2021-09-09","21.08.31.Eff.AddlMonit.MeritConfirm.pdf","nForm Document","Form Submission Attachments","138676979288106194","WRD - NPDES","Application/Request","HPB-KP8T-GKSNS","Schedule - Certification of Completion of Additional Monitoring Requirements","https://mienviro.michigan.gov/ncore/downloadpdf/138676979288106194","F:\WWTP DOCUMENT DIVE\Cadillac_MiEnviro_2011-2026\documents\2021-09-09__138676979288106194__21.08.31.Eff.AddlMonit.MeritConfirm.pdf.pdf","Downloaded",""
"2019-10-14","EM-RMP Question.msg","WWTP to EGLE","Misc. Submittal Docs","160565945375433856","WRD - NPDES","Application/Request","HNX-E8Q7-TQ4BF","Schedule - Biosolids Residuals Management Program (RMP) Submittal or Modification","https://mienviro.michigan.gov/ncore/downloadpdf/160565945375433856","F:\WWTP DOCUMENT DIVE\Cadillac_MiEnviro_2011-2026\documents\2019-10-14__160565945375433856__EM-RMP Question.msg.pdf","Downloaded",""
"2025-10-21","250227.biosolids.PFAS.Merit.PDF","nForm Document","Form Submission Attachments","165898801283931609","WRD - NPDES","Application/Request","HQG-GM42-A2DBC","Schedule - Biosolids Annual Report","https://mienviro.michigan.gov/ncore/downloadpdf/165898801283931609","F:\WWTP DOCUMENT DIVE\Cadillac_MiEnviro_2011-2026\documents\2025-10-21__165898801283931609__250227.biosolids.PFAS.Merit.PDF.pdf","Downloaded",""
"2024-02-28","24.01.PFOS.Pace.pdf","nForm Document","Form Submission Attachments","113876732928915668","WRD - NPDES","Application/Request","HQ1-1PD1-TAM4K","Schedule - PFAS POTW Effluent Monitoring Report","https://mienviro.michigan.gov/ncore/downloadpdf/113876732928915668","F:\WWTP DOCUMENT DIVE\Cadillac_MiEnviro_2011-2026\documents\2024-02-28__113876732928915668__24.01.PFOS.Pace.pdf.pdf","Downloaded",""
"2026-05-13","Cadillac WWTP MAHL 2026 vers 2 comments 5-13-26_COPY.docx","MAHL 2026 version 2 WRD comments.","Industrial Pretreatment Program (IPP)","207703776627933965","WRD - NPDES","Compliance Action","SVN-01952","Second Violation Notice","https://mienviro.michigan.gov/ncore/downloadpdf/207703776627933965","F:\WWTP DOCUMENT DIVE\Cadillac_MiEnviro_2011-2026\documents\2026-05-13__207703776627933965__Cadillac WWTP MAHL 2026 vers 2 comments 5-13-26_COPY.docx.pdf","Downloaded",""
"2024-03-14","POTW Monitoring Data Summary 2023.xlsx","nForm Document","Form Submission Attachments","287067914951903330","WRD - NPDES","Application/Request","HQ2-3J17-F59S4","Schedule - Michigan Industrial Pretreatment Program (IPP) Annual Report","https://mienviro.michigan.gov/ncore/downloadpdf/287067914951903330","F:\WWTP DOCUMENT DIVE\Cadillac_MiEnviro_2011-2026\documents\2024-03-14__287067914951903330__POTW Monitoring Data Summary 2023.xlsx.pdf","Downloaded",""
"2026-03-24","SIU CIU List 2025.xlsx","nForm Document","Form Submission Attachments","320030128169425910","WRD - NPDES","Application/Request","HQM-9QCZ-PE5QR","Schedule - Michigan Industrial Pretreatment Program (IPP) Annual Report","https://mienviro.michigan.gov/ncore/downloadpdf/320030128169425910","F:\WWTP DOCUMENT DIVE\Cadillac_MiEnviro_2011-2026\documents\2026-03-24__320030128169425910__SIU CIU List 2025.xlsx.pdf","Downloaded",""
"2018-05-17","EM-Pathogen results.msg","from Fac. Oper.","NPDES Biosolids Evaluation","317370923758052594","WRD - NPDES","Evaluation","E-DHWW-FYB-ZBN","Biosolids Audit (05/11/2018)","https://mienviro.michigan.gov/ncore/downloadpdf/317370923758052594","F:\WWTP DOCUMENT DIVE\Cadillac_MiEnviro_2011-2026\documents\2018-05-17__317370923758052594__EM-Pathogen results.msg.pdf","Downloaded",""
"2014-11-26","CBOD5 Results.pdf","","Conversion - Application / Request","274553011904573053","WRD - NPDES","Evaluation","E-832F-E9-D657","NPDES CSI-Toxics (10/14/2014)","https://mienviro.michigan.gov/ncore/downloadpdf/274553011904573053","F:\WWTP DOCUMENT DIVE\Cadillac_MiEnviro_2011-2026\documents\2014-11-26__274553011904573053__CBOD5 Results.pdf.pdf","Downloaded",""
"2013-11-13","Cadillac WWTP Cover Email 9-19-13.pdf","","Conversion - Compliance Action","330676165036433120","WRD - NPDES","Permit","MI0020257 v5.0","NPDES Individual Permit","https://mienviro.michigan.gov/ncore/downloadpdf/330676165036433120","F:\WWTP DOCUMENT DIVE\Cadillac_MiEnviro_2011-2026\documents\2013-11-13__330676165036433120__Cadillac WWTP Cover Email 9-19-13.pdf.pdf","Downloaded",""
"2026-03-26","HQM-9QCZ-PE5QR_v2.pdf","Submission PDF","Form Submission Attachments","250871982403116597","WRD - NPDES","Application/Request","HQM-9QCZ-PE5QR","Schedule - Michigan Industrial Pretreatment Program (IPP) Annual Report","https://mienviro.michigan.gov/ncore/downloadpdf/250871982403116597","F:\WWTP DOCUMENT DIVE\Cadillac_MiEnviro_2011-2026\documents\2026-03-26__250871982403116597__HQM-9QCZ-PE5QR_v2.pdf.pdf","Downloaded",""
"2015-12-10","Cadillac Draft Permit for Issue.doc","","NPDES Individual Permit","344392362451469223","WRD - NPDES","Permit","MI0020257 v5.1","NPDES Individual Permit","https://mienviro.michigan.gov/ncore/downloadpdf/344392362451469223","F:\WWTP DOCUMENT DIVE\Cadillac_MiEnviro_2011-2026\documents\2015-12-10__344392362451469223__Cadillac Draft Permit for Issue.doc.pdf","Downloaded",""
"2025-10-30","FW_ Cadillac Additional Local Limits Parameters - Proposed Sampling Plan.msg","","Industrial Pretreatment Program (IPP)","357373492342145391","WRD - NPDES","Application/Request","HQG-QQ9K-KSZ7V","Schedule - IPP Unscheduled Submissions for Approval","https://mienviro.michigan.gov/ncore/downloadpdf/357373492342145391","F:\WWTP DOCUMENT DIVE\Cadillac_MiEnviro_2011-2026\documents\2025-10-30__357373492342145391__FW_ Cadillac Additional Local Limits Parameters - Proposed Sampling Plan.msg.pdf","Downloaded",""
"2013-09-04","AvailCyanide Recs.pdf","Revised Recommendation for Available Cyanide","Conversion - Compliance Action","357104448692010328","WRD - NPDES","Permit","MI0020257 v5.0","NPDES Individual Permit","https://mienviro.michigan.gov/ncore/downloadpdf/357104448692010328","F:\WWTP DOCUMENT DIVE\Cadillac_MiEnviro_2011-2026\documents\2013-09-04__357104448692010328__AvailCyanide Recs.pdf.pdf","Downloaded",""
"2021-12-01","21.10.Eff.PFAS.Eurofins.pdf","nForm Document","Form Submission Attachments","359672696916305281","WRD - NPDES","Application/Request","HPD-MWSX-Y48BC","Schedule - PFAS POTW Effluent Monitoring Report","https://mienviro.michigan.gov/ncore/downloadpdf/359672696916305281","F:\WWTP DOCUMENT DIVE\Cadillac_MiEnviro_2011-2026\documents\2021-12-01__359672696916305281__21.10.Eff.PFAS.Eurofins.pdf.pdf","Downloaded",""
"2024-10-01","50381719_frc.pdf","nForm Document","Form Submission Attachments","395191260386625755","WRD - NPDES","Application/Request","HQ7-24YS-A06A1","Schedule - PFAS POTW Effluent Monitoring Report","https://mienviro.michigan.gov/ncore/downloadpdf/395191260386625755","F:\WWTP DOCUMENT DIVE\Cadillac_MiEnviro_2011-2026\documents\2024-10-01__395191260386625755__50381719_frc.pdf.pdf","Downloaded",""
"2019-03-04","Cadillac WWTP PFAS Interim and Summary Rpt Approval Letter.pdf","IPP PFAS Interim and Summary Rpt Approval Letter BIN 2","Industrial Pretreatment Program (IPP)","403570696290303528","WRD - NPDES","Application/Request","HNJ-P0ZX-8AVDS","Schedule - IPP PFAS Summary Report","https://mienviro.michigan.gov/ncore/downloadpdf/403570696290303528","F:\WWTP DOCUMENT DIVE\Cadillac_MiEnviro_2011-2026\documents\2019-03-04__403570696290303528__Cadillac WWTP PFAS Interim and Summary Rpt Approval Letter.pdf.pdf","Downloaded",""
"2016-02-04","2D2-X9KF-HB6N V2.pdf v1","","Misc. Application and Request Docs","449058570274793532","WRD - NPDES","Application/Request","2D2-X9KF-HB6N","Schedule - Pollutant Minimization Program (PMP) Annual Report","https://mienviro.michigan.gov/ncore/downloadpdf/449058570274793532","F:\WWTP DOCUMENT DIVE\Cadillac_MiEnviro_2011-2026\documents\2016-02-04__449058570274793532__2D2-X9KF-HB6N V2.pdf v1.pdf","Downloaded",""
"2013-11-13","Cadillac WWTP Email Response 9-25-13.pdf","","Conversion - Compliance Action","423116088479995591","WRD - NPDES","Permit","MI0020257 v5.0","NPDES Individual Permit","https://mienviro.michigan.gov/ncore/downloadpdf/423116088479995591","F:\WWTP DOCUMENT DIVE\Cadillac_MiEnviro_2011-2026\documents\2013-11-13__423116088479995591__Cadillac WWTP Email Response 9-25-13.pdf.pdf","Downloaded",""
"2026-05-19","HQN-NX4Y-ZMB09_v1.pdf","Submission PDF","Form Submission Attachments","454803594652256667","WRD - NPDES","Application/Request","HQN-NX4Y-ZMB09","Service Request - Report of Discharge (CSO/SSO/RTB)","https://mienviro.michigan.gov/ncore/downloadpdf/454803594652256667","F:\WWTP DOCUMENT DIVE\Cadillac_MiEnviro_2011-2026\documents\2026-05-19__454803594652256667__HQN-NX4Y-ZMB09_v1.pdf.pdf","Downloaded",""
"2022-03-25","Munson.docx","nForm Document","Form Submission Attachments","526960610788760180","WRD - NPDES","Application/Request","HPG-1ZSF-KC99G","Permit Change - National Pollutant Discharge Elimination System (NPDES) Municipal Application Form (Reissuance)","https://mienviro.michigan.gov/ncore/downloadpdf/526960610788760180","F:\WWTP DOCUMENT DIVE\Cadillac_MiEnviro_2011-2026\documents\2022-03-25__526960610788760180__Munson.docx.pdf","Downloaded",""
"2020-04-01","EM-raw sludge data - excel spreadsheet - do you have.......msg","EGLE to WWTP","Misc. Submittal Docs","531947349630284964","WRD - NPDES","Application/Request","HNX-E8Q7-TQ4BF","Schedule - Biosolids Residuals Management Program (RMP) Submittal or Modification","https://mienviro.michigan.gov/ncore/downloadpdf/531947349630284964","F:\WWTP DOCUMENT DIVE\Cadillac_MiEnviro_2011-2026\documents\2020-04-01__531947349630284964__EM-raw sludge data - excel spreadsheet - do you have.......msg.pdf","Downloaded",""
"2014-07-10","RMP Modification Approval Letter-2014.pdf","Surface apply with conditions","NPDES Biosolids Site Docs","396256187984330582","n/a","Site","15637","Site","https://mienviro.michigan.gov/ncore/downloadpdf/396256187984330582","F:\WWTP DOCUMENT DIVE\Cadillac_MiEnviro_2011-2026\documents\2014-07-10__396256187984330582__RMP Modification Approval Letter-2014.pdf.pdf","Downloaded",""
"2021-10-28","Fall 20biosolids.PACE.pdf","FY21 Metals-Nutrient Results-Aug. 25, 2020; for Fall 2020 haul;","Form Submission Attachments","455839343080021381","WRD - NPDES","Application/Request","HPC-K20Z-68T3J","Schedule - Biosolids Annual Report","https://mienviro.michigan.gov/ncore/downloadpdf/455839343080021381","F:\WWTP DOCUMENT DIVE\Cadillac_MiEnviro_2011-2026\documents\2021-10-28__455839343080021381__Fall 20biosolids.PACE.pdf.pdf","Downloaded",""
"2021-01-28","EM-Cadillac WWTP-FY19 CPLR Arsenic Exceeded Notification.msg","from WWTP Oper.","NPDES Biosolids Site Docs","555555133104521288","n/a","Site","15637","Site","https://mienviro.michigan.gov/ncore/downloadpdf/555555133104521288","F:\WWTP DOCUMENT DIVE\Cadillac_MiEnviro_2011-2026\documents\2021-01-28__555555133104521288__EM-Cadillac WWTP-FY19 CPLR Arsenic Exceeded Notification.msg.pdf","Downloaded",""
"2025-10-21","250428.biosolids.PFAS.Merit.PDF","nForm Document","Form Submission Attachments","562148345479421133","WRD - NPDES","Application/Request","HQG-GN3K-JNK5K","Schedule - Biosolids PFAS Monitoring Report","https://mienviro.michigan.gov/ncore/downloadpdf/562148345479421133","F:\WWTP DOCUMENT DIVE\Cadillac_MiEnviro_2011-2026\documents\2025-10-21__562148345479421133__250428.biosolids.PFAS.Merit.PDF.pdf","Downloaded",""
"2024-05-15","MI0020257_2024-04-01_to_2024-04-30_DMR.pdf","","Schedule - DMR Documents","597291886414484474","WRD - NPDES","Permit","MI0020257 v7.0","Schedule - DMR","https://mienviro.michigan.gov/ncore/downloadpdf/597291886414484474","F:\WWTP DOCUMENT DIVE\Cadillac_MiEnviro_2011-2026\documents\2024-05-15__597291886414484474__MI0020257_2024-04-01_to_2024-04-30_DMR.pdf.pdf","Downloaded",""
"2022-10-28","Digester Temps..pdf","nForm Document","Form Submission Attachments","359721079694276642","WRD - NPDES","Application/Request","HPN-5DCS-H4WTR","Schedule - Biosolids Annual Report","https://mienviro.michigan.gov/ncore/downloadpdf/359721079694276642","F:\WWTP DOCUMENT DIVE\Cadillac_MiEnviro_2011-2026\documents\2022-10-28__359721079694276642__Digester Temps..pdf.pdf","Downloaded",""
"2023-04-10","POTW_Monitoring_Data_Summary 2022.xlsx","nForm Document","Form Submission Attachments","628790507374549505","WRD - NPDES","Application/Request","HPS-A3KN-2FH30","Schedule - Michigan Industrial Pretreatment Program (IPP) Annual Report","https://mienviro.michigan.gov/ncore/downloadpdf/628790507374549505","F:\WWTP DOCUMENT DIVE\Cadillac_MiEnviro_2011-2026\documents\2023-04-10__628790507374549505__POTW_Monitoring_Data_Summary 2022.xlsx.pdf","Downloaded",""
"2019-01-23","FW_ TestAmerica invoice and report files from 190-17646-1 City of Cadillac.msg","IPP PFAS Summ Rpt discussion documents","Industrial Pretreatment Program (IPP)","583956827072831568","WRD - NPDES","Application/Request","HNJ-P0ZX-8AVDS","Schedule - IPP PFAS Summary Report","https://mienviro.michigan.gov/ncore/downloadpdf/583956827072831568","F:\WWTP DOCUMENT DIVE\Cadillac_MiEnviro_2011-2026\documents\2019-01-23__583956827072831568__FW_ TestAmerica invoice and report files from 190-17646-1 City of Cadillac.msg.pdf","Downloaded",""
"2019-02-22","deq-tou-WRD-IPP_PFAS_Guidance-ScreeningEvaluation_620434_7.pdf","IPP PFAS Summ Rpt discussion documents","Industrial Pretreatment Program (IPP)","603920706683699626","WRD - NPDES","Application/Request","HNJ-P0ZX-8AVDS","Schedule - IPP PFAS Summary Report","https://mienviro.michigan.gov/ncore/downloadpdf/603920706683699626","F:\WWTP DOCUMENT DIVE\Cadillac_MiEnviro_2011-2026\documents\2019-02-22__603920706683699626__deq-tou-WRD-IPP_PFAS_Guidance-ScreeningEvaluation_620434_7.pdf.pdf","Downloaded",""
"2013-07-17","Cadillac PPN Email.pdf","","Conversion - Compliance Action","691496640525586540","WRD - NPDES","Permit","MI0020257 v5.0","NPDES Individual Permit","https://mienviro.michigan.gov/ncore/downloadpdf/691496640525586540","F:\WWTP DOCUMENT DIVE\Cadillac_MiEnviro_2011-2026\documents\2013-07-17__691496640525586540__Cadillac PPN Email.pdf.pdf","Downloaded",""
"2022-11-09","22.04.Eff.PFAS.Fibertec.pdf","nForm Document","Form Submission Attachments","638679157423204646","WRD - NPDES","Application/Request","HPP-2914-8S45C","Schedule - PFAS POTW Effluent Monitoring Report","https://mienviro.michigan.gov/ncore/downloadpdf/638679157423204646","F:\WWTP DOCUMENT DIVE\Cadillac_MiEnviro_2011-2026\documents\2022-11-09__638679157423204646__22.04.Eff.PFAS.Fibertec.pdf.pdf","Downloaded",""
"2023-10-05","Pre-Public Notice Comments and Response-Second Round_Cadillac WWTP.msg","","Misc. NPDES Permit Docs","600965222148005642","WRD - NPDES","Permit","MI0020257 v7.0","NPDES Individual Permit","https://mienviro.michigan.gov/ncore/downloadpdf/600965222148005642","F:\WWTP DOCUMENT DIVE\Cadillac_MiEnviro_2011-2026\documents\2023-10-05__600965222148005642__Pre-Public Notice Comments and Response-Second Round_Cadillac WWTP.msg.pdf","Downloaded",""
"2021-01-28","EM-Cadillac WWTP-FY19 CPLR Arsenic Exceeded Notification - Received.msg","EGLE responds","NPDES Biosolids Site Docs","697514453136914568","n/a","Site","15637","Site","https://mienviro.michigan.gov/ncore/downloadpdf/697514453136914568","F:\WWTP DOCUMENT DIVE\Cadillac_MiEnviro_2011-2026\documents\2021-01-28__697514453136914568__EM-Cadillac WWTP-FY19 CPLR Arsenic Exceeded Notification - Received.msg.pdf","Downloaded",""
"2025-10-21","T22NR11W-RBL02.pdf","nForm Document","Form Submission Attachments","645872500195507040","WRD - NPDES","Application/Request","HQG-GM42-A2DBC","Schedule - Biosolids Annual Report","https://mienviro.michigan.gov/ncore/downloadpdf/645872500195507040","F:\WWTP DOCUMENT DIVE\Cadillac_MiEnviro_2011-2026\documents\2025-10-21__645872500195507040__T22NR11W-RBL02.pdf.pdf","Downloaded",""
"2023-10-03","2023-10-03 NPDES IPP Modification Submittal - Cadillac WWTP.pdf","","Industrial Pretreatment Program (IPP)","658827487378612350","WRD - NPDES","Application/Request","HPV-DHMB-MCAGV","Schedule - Submit MAHL and proposed local limits","https://mienviro.michigan.gov/ncore/downloadpdf/658827487378612350","F:\WWTP DOCUMENT DIVE\Cadillac_MiEnviro_2011-2026\documents\2023-10-03__658827487378612350__2023-10-03 NPDES IPP Modification Submittal - Cadillac WWTP.pdf.pdf","Downloaded",""
"2019-10-28","FY19 Lab Sheet-Total Solids and DTs-Oct.pdf v1","Solids Lab Data.pdf; Info. for Oct. 2018 haul;","Applicant Attachments","733870788244046309","WRD - NPDES","Application/Request","HNT-5SPH-XVKKZ","Schedule - Biosolids Annual Report","https://mienviro.michigan.gov/ncore/downloadpdf/733870788244046309","F:\WWTP DOCUMENT DIVE\Cadillac_MiEnviro_2011-2026\documents\2019-10-28__733870788244046309__FY19 Lab Sheet-Total Solids and DTs-Oct.pdf v1.pdf","Downloaded",""
"2022-03-24","Aff of Pub.pdf","nForm Document","Form Submission Attachments","787138057214835311","WRD - NPDES","Application/Request","HPG-1ZNB-Y56ZQ","Schedule - Michigan Industrial Pretreatment Program (IPP) Annual Report","https://mienviro.michigan.gov/ncore/downloadpdf/787138057214835311","F:\WWTP DOCUMENT DIVE\Cadillac_MiEnviro_2011-2026\documents\2022-03-24__787138057214835311__Aff of Pub.pdf.pdf","Downloaded",""
"2020-05-14","DMR Summary - MI0020257 _04_01_2020_to_04_30_2020_V1.docx","DMR Summary Data for period 04/01/2020 - 04/30/2020_V1","Schedule - DMR Documents","714725476643353392","WRD - NPDES","Permit","MI0020257 v6.0","NPDES Individual Permit","https://mienviro.michigan.gov/ncore/downloadpdf/714725476643353392","F:\WWTP DOCUMENT DIVE\Cadillac_MiEnviro_2011-2026\documents\2020-05-14__714725476643353392__DMR Summary - MI0020257 _04_01_2020_to_04_30_2020_V1.docx.pdf","Downloaded",""
"2022-05-27","MI0020257_2022-04-01_to_2022-04-30_DMR.pdf","","Schedule - DMR Documents","774517763016927145","WRD - NPDES","Permit","MI0020257 v6.0","Schedule - DMR","https://mienviro.michigan.gov/ncore/downloadpdf/774517763016927145","F:\WWTP DOCUMENT DIVE\Cadillac_MiEnviro_2011-2026\documents\2022-05-27__774517763016927145__MI0020257_2022-04-01_to_2022-04-30_DMR.pdf.pdf","Downloaded",""
"2019-10-28","FY19 Land Applic Sites List and Info.pdf v1","DT Applied.pdf; Fall 18' and Summer 19';","Applicant Attachments","829100617802768493","WRD - NPDES","Application/Request","HNT-5SPH-XVKKZ","Schedule - Biosolids Annual Report","https://mienviro.michigan.gov/ncore/downloadpdf/829100617802768493","F:\WWTP DOCUMENT DIVE\Cadillac_MiEnviro_2011-2026\documents\2019-10-28__829100617802768493__FY19 Land Applic Sites List and Info.pdf v1.pdf","Downloaded",""
"2017-04-03","Michigan Rubber.docx v1","Michigan Rubber.docx","Applicant Attachments","832209690549104746","WRD - NPDES","Application/Request","2Q7-HQ21-P66B","Permit Change - National Pollutant Discharge Elimination System (NPDES) Municipal Application Form (Reissuance)","https://mienviro.michigan.gov/ncore/downloadpdf/832209690549104746","F:\WWTP DOCUMENT DIVE\Cadillac_MiEnviro_2011-2026\documents\2017-04-03__832209690549104746__Michigan Rubber.docx v1.pdf","Downloaded",""
"2018-11-29","J17646-1 UDS Level 2 Report Final Report (Leachate).pdf v1","J17646-1 UDS Level 2 Report Final Report (Leachate).pdf","Applicant Attachments","792182164173532957","WRD - NPDES","Application/Request","HNJ-P0ZX-8AVDS","Schedule - IPP PFAS Summary Report","https://mienviro.michigan.gov/ncore/downloadpdf/792182164173532957","F:\WWTP DOCUMENT DIVE\Cadillac_MiEnviro_2011-2026\documents\2018-11-29__792182164173532957__J17646-1 UDS Level 2 Report Final Report (Leachate).pdf v1.pdf","Downloaded",""
"2018-05-08","IMG_0022-cas.JPG","taken during field inspection","NPDES Biosolids Evaluation","842608613722601915","WRD - NPDES","Evaluation","E-DHWW-FYB-ZBN","Biosolids Audit (05/11/2018)","https://mienviro.michigan.gov/ncore/downloadpdf/842608613722601915","F:\WWTP DOCUMENT DIVE\Cadillac_MiEnviro_2011-2026\documents\2018-05-08__842608613722601915__IMG_0022-cas.JPG.pdf","Downloaded",""
"2017-10-25","Cadillac WWTP Oct 2017 BOD notice 102517.msg","NPDES limit exceedance correspondence","Misc Site Docs","850609280377440890","n/a","Site","15637","Site","https://mienviro.michigan.gov/ncore/downloadpdf/850609280377440890","F:\WWTP DOCUMENT DIVE\Cadillac_MiEnviro_2011-2026\documents\2017-10-25__850609280377440890__Cadillac WWTP Oct 2017 BOD notice 102517.msg.pdf","Downloaded",""
"2023-06-15","MI0020257_2023-05-01_to_2023-05-31_DMR.pdf","","Schedule - DMR Documents","848804122887967375","WRD - NPDES","Permit","MI0020257 v6.0","Schedule - DMR","https://mienviro.michigan.gov/ncore/downloadpdf/848804122887967375","F:\WWTP DOCUMENT DIVE\Cadillac_MiEnviro_2011-2026\documents\2023-06-15__848804122887967375__MI0020257_2023-05-01_to_2023-05-31_DMR.pdf.pdf","Downloaded",""
"2023-12-20","20231220073633.pdf","Cadillac WWTP Biosolids RMP","NPDES Biosolids Site Docs","706798892213849649","n/a","Site","15637","Site","https://mienviro.michigan.gov/ncore/downloadpdf/706798892213849649","F:\WWTP DOCUMENT DIVE\Cadillac_MiEnviro_2011-2026\documents\2023-12-20__706798892213849649__20231220073633.pdf.pdf","Downloaded",""
"2021-12-02","Dental List.docx","nForm Document","Form Submission Attachments","894307998170732902","WRD - NPDES","Application/Request","HPC-RJ1M-FCGM7","Schedule - NPDES Unscheduled Permit Required Reports","https://mienviro.michigan.gov/ncore/downloadpdf/894307998170732902","F:\WWTP DOCUMENT DIVE\Cadillac_MiEnviro_2011-2026\documents\2021-12-02__894307998170732902__Dental List.docx.pdf","Downloaded",""
"2023-04-10","Copy of Copy of Cadillac_POTW_Oversight 2022.xlsx","nForm Document","Form Submission Attachments","900324230421960658","WRD - NPDES","Application/Request","HPS-A3KN-2FH30","Schedule - Michigan Industrial Pretreatment Program (IPP) Annual Report","https://mienviro.michigan.gov/ncore/downloadpdf/900324230421960658","F:\WWTP DOCUMENT DIVE\Cadillac_MiEnviro_2011-2026\documents\2023-04-10__900324230421960658__Copy of Copy of Cadillac_POTW_Oversight 2022.xlsx.pdf","Downloaded",""
"2017-10-13","DMR Daily - MI0020257 _09_01_2017_to_09_30_2017_V1.docx","DMR Daily Data for period 09/01/2017 - 09/30/2017_V1","Schedule - DMR Documents","865533459970142181","WRD - NPDES","Permit","MI0020257 v5.1","NPDES Individual Permit","https://mienviro.michigan.gov/ncore/downloadpdf/865533459970142181","F:\WWTP DOCUMENT DIVE\Cadillac_MiEnviro_2011-2026\documents\2017-10-13__865533459970142181__DMR Daily - MI0020257 _09_01_2017_to_09_30_2017_V1.docx.pdf","Downloaded",""
"2025-01-31","HQA-1Y8Z-BBRZS_v1.pdf","Submission PDF","Form Submission Attachments","857383557715116487","WRD - NPDES","Application/Request","HQA-1Y8Z-BBRZS","Schedule - PFAS POTW Effluent Monitoring Report","https://mienviro.michigan.gov/ncore/downloadpdf/857383557715116487","F:\WWTP DOCUMENT DIVE\Cadillac_MiEnviro_2011-2026\documents\2025-01-31__857383557715116487__HQA-1Y8Z-BBRZS_v1.pdf.pdf","Downloaded",""
"2018-07-20","DMR Summary - MI0020257 _06_01_2018_to_06_30_2018_V1.docx","DMR Summary Data for period 06/01/2018 - 06/30/2018_V1","Schedule - DMR Documents","937337554834513897","WRD - NPDES","Permit","MI0020257 v5.1","NPDES Individual Permit","https://mienviro.michigan.gov/ncore/downloadpdf/937337554834513897","F:\WWTP DOCUMENT DIVE\Cadillac_MiEnviro_2011-2026\documents\2018-07-20__937337554834513897__DMR Summary - MI0020257 _06_01_2018_to_06_30_2018_V1.docx.pdf","Downloaded",""
"2020-04-14","DMR Summary - MI0020257 _03_01_2020_to_03_31_2020_V1.docx","DMR Summary Data for period 03/01/2020 - 03/31/2020_V1","Schedule - DMR Documents","904120559304729915","WRD - NPDES","Permit","MI0020257 v6.0","NPDES Individual Permit","https://mienviro.michigan.gov/ncore/downloadpdf/904120559304729915","F:\WWTP DOCUMENT DIVE\Cadillac_MiEnviro_2011-2026\documents\2020-04-14__904120559304729915__DMR Summary - MI0020257 _03_01_2020_to_03_31_2020_V1.docx.pdf","Downloaded",""
"2024-10-30","Biosolids Lab&Hauling Sheet Fall 2023.xlsx","nForm Document","Form Submission Attachments","1016221546561089184","WRD - NPDES","Application/Request","HQ7-KAAW-2S9Y5","Schedule - Biosolids Annual Report","https://mienviro.michigan.gov/ncore/downloadpdf/1016221546561089184","F:\WWTP DOCUMENT DIVE\Cadillac_MiEnviro_2011-2026\documents\2024-10-30__1016221546561089184__Biosolids Lab&Hauling Sheet Fall 2023.xlsx.pdf","Downloaded",""
"2022-06-06","Application Complete Checklist - Municipal (Word).docx","","NPDES Application Docs","970575005377321453","WRD - NPDES","Application/Request","HPG-1ZSF-KC99G","Permit Change - National Pollutant Discharge Elimination System (NPDES) Municipal Application Form (Reissuance)","https://mienviro.michigan.gov/ncore/downloadpdf/970575005377321453","F:\WWTP DOCUMENT DIVE\Cadillac_MiEnviro_2011-2026\documents\2022-06-06__970575005377321453__Application Complete Checklist - Municipal (Word).docx.pdf","Downloaded",""
"2018-05-16","DMR Summary - MI0020257 _04_01_2018_to_04_30_2018_V1.docx","DMR Summary Data for period 04/01/2018 - 04/30/2018_V1","Schedule - DMR Documents","939677057579643182","WRD - NPDES","Permit","MI0020257 v5.1","NPDES Individual Permit","https://mienviro.michigan.gov/ncore/downloadpdf/939677057579643182","F:\WWTP DOCUMENT DIVE\Cadillac_MiEnviro_2011-2026\documents\2018-05-16__939677057579643182__DMR Summary - MI0020257 _04_01_2018_to_04_30_2018_V1.docx.pdf","Downloaded",""
"2016-08-12","DMR Daily - MI0020257 _07_01_2016_to_07_31_2016_V1.docx","DMR Daily Data for period 07/01/2016 - 07/31/2016_V1","Schedule - DMR Documents","1005010368843969925","WRD - NPDES","Permit","MI0020257 v5.0","NPDES Individual Permit","https://mienviro.michigan.gov/ncore/downloadpdf/1005010368843969925","F:\WWTP DOCUMENT DIVE\Cadillac_MiEnviro_2011-2026\documents\2016-08-12__1005010368843969925__DMR Daily - MI0020257 _07_01_2016_to_07_31_2016_V1.docx.pdf","Downloaded",""
"2016-04-18","DMR Summary - MI0020257 _03_01_2016_to_03_31_2016_V1.docx","DMR Summary Data for period 03/01/2016 - 03/31/2016_V1","Schedule - DMR Documents","1049897993402206269","WRD - NPDES","Permit","MI0020257 v5.0","NPDES Individual Permit","https://mienviro.michigan.gov/ncore/downloadpdf/1049897993402206269","F:\WWTP DOCUMENT DIVE\Cadillac_MiEnviro_2011-2026\documents\2016-04-18__1049897993402206269__DMR Summary - MI0020257 _03_01_2016_to_03_31_2016_V1.docx.pdf","Downloaded",""
"2024-10-30","Degester Temps.pdf","nForm Document","Form Submission Attachments","1093106499317263357","WRD - NPDES","Application/Request","HQ7-KAAW-2S9Y5","Schedule - Biosolids Annual Report","https://mienviro.michigan.gov/ncore/downloadpdf/1093106499317263357","F:\WWTP DOCUMENT DIVE\Cadillac_MiEnviro_2011-2026\documents\2024-10-30__1093106499317263357__Degester Temps.pdf.pdf","Downloaded",""
"2022-10-28","2021 Alan Benson 30-04.pdf","nForm Document","Form Submission Attachments","1052343698472846740","WRD - NPDES","Application/Request","HPN-5DCS-H4WTR","Schedule - Biosolids Annual Report","https://mienviro.michigan.gov/ncore/downloadpdf/1052343698472846740","F:\WWTP DOCUMENT DIVE\Cadillac_MiEnviro_2011-2026\documents\2022-10-28__1052343698472846740__2021 Alan Benson 30-04.pdf.pdf","Downloaded",""
"2025-10-21","HQG-GN3K-JNK5K_v1.pdf","Submission PDF","Form Submission Attachments","1055859154349255360","WRD - NPDES","Application/Request","HQG-GN3K-JNK5K","Schedule - Biosolids PFAS Monitoring Report","https://mienviro.michigan.gov/ncore/downloadpdf/1055859154349255360","F:\WWTP DOCUMENT DIVE\Cadillac_MiEnviro_2011-2026\documents\2025-10-21__1055859154349255360__HQG-GN3K-JNK5K_v1.pdf.pdf","Downloaded",""
"2020-07-15","DMR Daily - MI0020257 _06_01_2020_to_06_30_2020_V1.docx","DMR Daily Data for period 06/01/2020 - 06/30/2020_V1","Schedule - DMR Documents","1126698237618620725","WRD - NPDES","Permit","MI0020257 v6.0","NPDES Individual Permit","https://mienviro.michigan.gov/ncore/downloadpdf/1126698237618620725","F:\WWTP DOCUMENT DIVE\Cadillac_MiEnviro_2011-2026\documents\2020-07-15__1126698237618620725__DMR Daily - MI0020257 _06_01_2020_to_06_30_2020_V1.docx.pdf","Downloaded",""
"2015-09-18","DMR Summary - MI0020257 _08_01_2015_to_08_31_2015_V1.docx","DMR Summary Data for period 08/01/2015 - 08/31/2015_V1","Schedule - DMR Documents","1158228285416033370","WRD - NPDES","Permit","MI0020257 v5.0","NPDES Individual Permit","https://mienviro.michigan.gov/ncore/downloadpdf/1158228285416033370","F:\WWTP DOCUMENT DIVE\Cadillac_MiEnviro_2011-2026\documents\2015-09-18__1158228285416033370__DMR Summary - MI0020257 _08_01_2015_to_08_31_2015_V1.docx.pdf","Downloaded",""
"2022-09-29","Cadillac WWTP NPDES 2022 CEI Photos 092722.docx","","NPDES Majors and Minors Evaluation","913622558951974305","WRD - NPDES","Evaluation","E-NCAY-4M8R-FG93","NPDES Compliance Evaluation Inspection (CEI) (09/27/2022)","https://mienviro.michigan.gov/ncore/downloadpdf/913622558951974305","F:\WWTP DOCUMENT DIVE\Cadillac_MiEnviro_2011-2026\documents\2022-09-29__913622558951974305__Cadillac WWTP NPDES 2022 CEI Photos 092722.docx.pdf","Downloaded",""
"2019-10-28","FY19 Applier VAR proof.pdf v1","Vector Attraction Reduction.pdf;","Applicant Attachments","1144882082607395682","WRD - NPDES","Application/Request","HNT-5SPH-XVKKZ","Schedule - Biosolids Annual Report","https://mienviro.michigan.gov/ncore/downloadpdf/1144882082607395682","F:\WWTP DOCUMENT DIVE\Cadillac_MiEnviro_2011-2026\documents\2019-10-28__1144882082607395682__FY19 Applier VAR proof.pdf v1.pdf","Downloaded",""
"2024-10-30","Cadillac 2023 Certification.pdf","nForm Document","Form Submission Attachments","1207437932588016146","WRD - NPDES","Application/Request","HQ7-KAAW-2S9Y5","Schedule - Biosolids Annual Report","https://mienviro.michigan.gov/ncore/downloadpdf/1207437932588016146","F:\WWTP DOCUMENT DIVE\Cadillac_MiEnviro_2011-2026\documents\2024-10-30__1207437932588016146__Cadillac 2023 Certification.pdf.pdf","Downloaded",""
"2026-08-05","HQQ-JWPA-R1S8B_v1.pdf","Submission PDF","Form Submission Attachments","1188533409975558428","WRD - NPDES","Application/Request","HQQ-JWPA-R1S8B","Schedule - Biosolids PFAS Monitoring Report","https://mienviro.michigan.gov/ncore/downloadpdf/1188533409975558428","F:\WWTP DOCUMENT DIVE\Cadillac_MiEnviro_2011-2026\documents\2026-08-05__1188533409975558428__HQQ-JWPA-R1S8B_v1.pdf.pdf","Downloaded",""
"2015-10-20","DMR Daily - MI0020257 _09_01_2015_to_09_30_2015_V1.docx","DMR Daily Data for period 09/01/2015 - 09/30/2015_V1","Schedule - DMR Documents","1246990738065777350","WRD - NPDES","Permit","MI0020257 v5.0","NPDES Individual Permit","https://mienviro.michigan.gov/ncore/downloadpdf/1246990738065777350","F:\WWTP DOCUMENT DIVE\Cadillac_MiEnviro_2011-2026\documents\2015-10-20__1246990738065777350__DMR Daily - MI0020257 _09_01_2015_to_09_30_2015_V1.docx.pdf","Downloaded",""
"2023-08-01","Preliminary Effluent Limits (PEL)_MI0020257_Outfall 001_PFAS_08-01-2023.xls","","Misc. Permit Docs","1195067454859372668","WRD - NPDES","Permit","MI0020257 v7.0","NPDES Individual Permit","https://mienviro.michigan.gov/ncore/downloadpdf/1195067454859372668","F:\WWTP DOCUMENT DIVE\Cadillac_MiEnviro_2011-2026\documents\2023-08-01__1195067454859372668__Preliminary Effluent Limits (PEL)_MI0020257_Outfall 001_PFAS_08-01-2023.xls.pdf","Downloaded",""
"2019-02-28","FW_ Biosolids PFAS - Cadillac.msg","","Industrial Pretreatment Program (IPP)","1217892730810011742","n/a","Site","15637","Site","https://mienviro.michigan.gov/ncore/downloadpdf/1217892730810011742","F:\WWTP DOCUMENT DIVE\Cadillac_MiEnviro_2011-2026\documents\2019-02-28__1217892730810011742__FW_ Biosolids PFAS - Cadillac.msg.pdf","Downloaded",""
"2011-03-09","Follow-up Letter.doc","Follow-up Letter","Conversion - Eval","1255616733456315107","WRD - NPDES","Evaluation","E-3F12-26-C65D","CSI-Conventionals Only (02/03/2011)","https://mienviro.michigan.gov/ncore/downloadpdf/1255616733456315107","F:\WWTP DOCUMENT DIVE\Cadillac_MiEnviro_2011-2026\documents\2011-03-09__1255616733456315107__Follow-up Letter.doc.pdf","Downloaded",""
"2018-10-15","Arvco email.pdf","IPP PFAS Interim Rpt discussion correspondence","Industrial Pretreatment Program (IPP)","1259500000165986272","WRD - NPDES","Application/Request","HNF-P7H3-DCN87","Schedule - IPP PFAS Interim Report-1","https://mienviro.michigan.gov/ncore/downloadpdf/1259500000165986272","F:\WWTP DOCUMENT DIVE\Cadillac_MiEnviro_2011-2026\documents\2018-10-15__1259500000165986272__Arvco email.pdf.pdf","Downloaded",""
"2020-08-13","DMR Summary - MI0020257 _07_01_2020_to_07_31_2020_V1.docx","DMR Summary Data for period 07/01/2020 - 07/31/2020_V1","Schedule - DMR Documents","1261659723395150130","WRD - NPDES","Permit","MI0020257 v6.0","NPDES Individual Permit","https://mienviro.michigan.gov/ncore/downloadpdf/1261659723395150130","F:\WWTP DOCUMENT DIVE\Cadillac_MiEnviro_2011-2026\documents\2020-08-13__1261659723395150130__DMR Summary - MI0020257 _07_01_2020_to_07_31_2020_V1.docx.pdf","Downloaded",""
"2015-08-05","2015_0805_Cadillac WWTP_DMR QA-35.pdf","District Scanned","NPDES Misc. Site Docs","1276091315669172082","n/a","Site","15637","Site","https://mienviro.michigan.gov/ncore/downloadpdf/1276091315669172082","F:\WWTP DOCUMENT DIVE\Cadillac_MiEnviro_2011-2026\documents\2015-08-05__1276091315669172082__2015_0805_Cadillac WWTP_DMR QA-35.pdf.pdf","Downloaded",""
"2018-05-15","IMG_0033-cas.JPG","TSS and TVS Lab Data-Sept. 28, 2017","NPDES Biosolids Evaluation","1278932597267227932","WRD - NPDES","Evaluation","E-DHWW-FYB-ZBN","Biosolids Audit (05/11/2018)","https://mienviro.michigan.gov/ncore/downloadpdf/1278932597267227932","F:\WWTP DOCUMENT DIVE\Cadillac_MiEnviro_2011-2026\documents\2018-05-15__1278932597267227932__IMG_0033-cas.JPG.pdf","Downloaded",""
"2019-02-12","RE_ PLEASE look at this - FW_ info on % solids & % moisture - Update.msg","IPP PFAS Interim Rpt discussion correspondence","Industrial Pretreatment Program (IPP)","1324198982679254149","WRD - NPDES","Application/Request","HNF-P7H3-DCN87","Schedule - IPP PFAS Interim Report-1","https://mienviro.michigan.gov/ncore/downloadpdf/1324198982679254149","F:\WWTP DOCUMENT DIVE\Cadillac_MiEnviro_2011-2026\documents\2019-02-12__1324198982679254149__RE_ PLEASE look at this - FW_ info on % solids & % moisture - Update.msg.pdf","Downloaded",""
"2018-10-29","FY18 Fecal-Enteric-Etc Results.pdf v1","HML Biosolids 9-11-2017.pdf; Fall 2017 (Sept.);","Applicant Attachments","1281372020643953927","WRD - NPDES","Application/Request","HNH-M790-67ZPK","Schedule - Biosolids Annual Report","https://mienviro.michigan.gov/ncore/downloadpdf/1281372020643953927","F:\WWTP DOCUMENT DIVE\Cadillac_MiEnviro_2011-2026\documents\2018-10-29__1281372020643953927__FY18 Fecal-Enteric-Etc Results.pdf v1.pdf","Downloaded",""
"2017-10-13","DMR Summary - MI0020257 _09_01_2017_to_09_30_2017_V1.docx","DMR Summary Data for period 09/01/2017 - 09/30/2017_V1","Schedule - DMR Documents","1351029181868169986","WRD - NPDES","Permit","MI0020257 v5.1","NPDES Individual Permit","https://mienviro.michigan.gov/ncore/downloadpdf/1351029181868169986","F:\WWTP DOCUMENT DIVE\Cadillac_MiEnviro_2011-2026\documents\2017-10-13__1351029181868169986__DMR Summary - MI0020257 _09_01_2017_to_09_30_2017_V1.docx.pdf","Downloaded",""
"2024-09-17","MI0020257_2024-08-01_to_2024-08-31_DMR.pdf","","Schedule - DMR Documents","1419439410428948197","WRD - NPDES","Permit","MI0020257 v7.0","Schedule - DMR","https://mienviro.michigan.gov/ncore/downloadpdf/1419439410428948197","F:\WWTP DOCUMENT DIVE\Cadillac_MiEnviro_2011-2026\documents\2024-09-17__1419439410428948197__MI0020257_2024-08-01_to_2024-08-31_DMR.pdf.pdf","Downloaded",""
"2014-07-07","RMP Modification Request-July 2014.pdf","to Surface apply","NPDES Biosolids Site Docs","1301191744469019931","n/a","Site","15637","Site","https://mienviro.michigan.gov/ncore/downloadpdf/1301191744469019931","F:\WWTP DOCUMENT DIVE\Cadillac_MiEnviro_2011-2026\documents\2014-07-07__1301191744469019931__RMP Modification Request-July 2014.pdf.pdf","Downloaded",""
"2025-01-14","240716.biosolids.PFAS.Merit.PDF","nForm Document","Form Submission Attachments","1478970889339479833","WRD - NPDES","Application/Request","HQ9-MNFB-AE3ND","Schedule - Biosolids PFAS Monitoring Report","https://mienviro.michigan.gov/ncore/downloadpdf/1478970889339479833","F:\WWTP DOCUMENT DIVE\Cadillac_MiEnviro_2011-2026\documents\2025-01-14__1478970889339479833__240716.biosolids.PFAS.Merit.PDF.pdf","Downloaded",""
"2017-10-13","Class B Site Restrictions Certification.doc v1","Applier Site Restr. Certification","Applicant Attachments","1498609859186270953","WRD - NPDES","Application/Request","HN8-AEB3-S8NKF","Schedule - Biosolids Annual Report","https://mienviro.michigan.gov/ncore/downloadpdf/1498609859186270953","F:\WWTP DOCUMENT DIVE\Cadillac_MiEnviro_2011-2026\documents\2017-10-13__1498609859186270953__Class B Site Restrictions Certification.doc v1.pdf","Downloaded",""
"2021-09-09","21.08.Eff.AddlMonit.ERM.pdf","nForm Document","Form Submission Attachments","1450974773328511929","WRD - NPDES","Application/Request","HPB-KP8T-GKSNS","Schedule - Certification of Completion of Additional Monitoring Requirements","https://mienviro.michigan.gov/ncore/downloadpdf/1450974773328511929","F:\WWTP DOCUMENT DIVE\Cadillac_MiEnviro_2011-2026\documents\2021-09-09__1450974773328511929__21.08.Eff.AddlMonit.ERM.pdf.pdf","Downloaded",""
"2017-10-13","31DG01, 17EK01, 17RW01 - Analytical.pdf v1","FY17 Results - March 2017 - Metals, Nutrients & Volatiles","Applicant Attachments","1336509163278193309","WRD - NPDES","Application/Request","HN8-AEB3-S8NKF","Schedule - Biosolids Annual Report","https://mienviro.michigan.gov/ncore/downloadpdf/1336509163278193309","F:\WWTP DOCUMENT DIVE\Cadillac_MiEnviro_2011-2026\documents\2017-10-13__1336509163278193309__31DG01, 17EK01, 17RW01 - Analytical.pdf v1.pdf","Downloaded",""
"2024-06-20","MI0020257_2024-05-01_to_2024-05-31_DMR.pdf","","Schedule - DMR Documents","1513680993316561227","WRD - NPDES","Permit","MI0020257 v7.0","Schedule - DMR","https://mienviro.michigan.gov/ncore/downloadpdf/1513680993316561227","F:\WWTP DOCUMENT DIVE\Cadillac_MiEnviro_2011-2026\documents\2024-06-20__1513680993316561227__MI0020257_2024-05-01_to_2024-05-31_DMR.pdf.pdf","Downloaded",""
"2025-01-14","240227.biosolids.PFAS.Merit.pdf","nForm Document","Form Submission Attachments","1500028112926484462","WRD - NPDES","Application/Request","HQ9-MNFB-AE3ND","Schedule - Biosolids PFAS Monitoring Report","https://mienviro.michigan.gov/ncore/downloadpdf/1500028112926484462","F:\WWTP DOCUMENT DIVE\Cadillac_MiEnviro_2011-2026\documents\2025-01-14__1500028112926484462__240227.biosolids.PFAS.Merit.pdf.pdf","Downloaded",""
"2016-11-17","DMR Daily - MI0020257 _10_01_2016_to_10_31_2016_V1.docx","DMR Daily Data for period 10/01/2016 - 10/31/2016_V1","Schedule - DMR Documents","1524244019210258858","WRD - NPDES","Permit","MI0020257 v5.0","NPDES Individual Permit","https://mienviro.michigan.gov/ncore/downloadpdf/1524244019210258858","F:\WWTP DOCUMENT DIVE\Cadillac_MiEnviro_2011-2026\documents\2016-11-17__1524244019210258858__DMR Daily - MI0020257 _10_01_2016_to_10_31_2016_V1.docx.pdf","Downloaded",""
"2021-10-28","21N08W30-AB02.pdf","FY21 Land Applic Site ID Packet; site used in the Spring 2021;","Form Submission Attachments","1519080636172375997","WRD - NPDES","Application/Request","HPC-K20Z-68T3J","Schedule - Biosolids Annual Report","https://mienviro.michigan.gov/ncore/downloadpdf/1519080636172375997","F:\WWTP DOCUMENT DIVE\Cadillac_MiEnviro_2011-2026\documents\2021-10-28__1519080636172375997__21N08W30-AB02.pdf.pdf","Downloaded",""
"2024-01-17","City of Cadillac December DMR .msg","Notification of violation on December DMR","NPDES Misc. Site Docs","1575329048286160499","n/a","Site","15637","Site","https://mienviro.michigan.gov/ncore/downloadpdf/1575329048286160499","F:\WWTP DOCUMENT DIVE\Cadillac_MiEnviro_2011-2026\documents\2024-01-17__1575329048286160499__City of Cadillac December DMR .msg.pdf","Downloaded",""
"2018-05-08","IMG_0020-cas.JPG","taken during field inspection","NPDES Biosolids Evaluation","1584946013011353055","WRD - NPDES","Evaluation","E-DHWW-FYB-ZBN","Biosolids Audit (05/11/2018)","https://mienviro.michigan.gov/ncore/downloadpdf/1584946013011353055","F:\WWTP DOCUMENT DIVE\Cadillac_MiEnviro_2011-2026\documents\2018-05-08__1584946013011353055__IMG_0020-cas.JPG.pdf","Downloaded",""
"2020-03-24","POTW_Monitoring_Data_Summary 2019.xlsx","nForm Document","Form Submission Attachments","1611229033523596445","WRD - NPDES","Application/Request","HNY-0A3C-HVRY7","Schedule - Michigan Industrial Pretreatment Program (IPP) Annual Report","https://mienviro.michigan.gov/ncore/downloadpdf/1611229033523596445","F:\WWTP DOCUMENT DIVE\Cadillac_MiEnviro_2011-2026\documents\2020-03-24__1611229033523596445__POTW_Monitoring_Data_Summary 2019.xlsx.pdf","Downloaded",""
"2013-08-16","Public Notice Letter.doc","Public Notice Letter","Conversion - Permit","1627519268423672263","WRD - NPDES","Permit","MI0020257 v5.0","NPDES Individual Permit","https://mienviro.michigan.gov/ncore/downloadpdf/1627519268423672263","F:\WWTP DOCUMENT DIVE\Cadillac_MiEnviro_2011-2026\documents\2013-08-16__1627519268423672263__Public Notice Letter.doc.pdf","Downloaded",""
"2023-02-01","Biosolids CPLR 21N09W27-WR01.xls","","NPDES Submittal Docs","1813286111951275996","WRD - NPDES","Application/Request","HPN-5DCS-H4WTR","Schedule - Biosolids Annual Report","","","No download link",""
"2024-10-30","Biosoilids Lab&Hauling Sheet Spring 2024.pdf","nForm Document","Form Submission Attachments","1594485611588998726","WRD - NPDES","Application/Request","HQ7-KAAW-2S9Y5","Schedule - Biosolids Annual Report","https://mienviro.michigan.gov/ncore/downloadpdf/1594485611588998726","F:\WWTP DOCUMENT DIVE\Cadillac_MiEnviro_2011-2026\documents\2024-10-30__1594485611588998726__Biosoilids Lab&Hauling Sheet Spring 2024.pdf.pdf","Downloaded",""
"2021-01-28","HNT-5SPH-XVKKZ V2.pdf v2","Submission PDF","Misc. Application and Request Docs","1630500943979458367","WRD - NPDES","Application/Request","HNT-5SPH-XVKKZ","Schedule - Biosolids Annual Report","https://mienviro.michigan.gov/ncore/downloadpdf/1630500943979458367","F:\WWTP DOCUMENT DIVE\Cadillac_MiEnviro_2011-2026\documents\2021-01-28__1630500943979458367__HNT-5SPH-XVKKZ V2.pdf v2.pdf","Downloaded",""
"2021-10-28","Cadillac Dry Tons 2021.pdf","FY21 Land Applic Site List Info; haul dates & DTs applied","Form Submission Attachments","1684248672901506223","WRD - NPDES","Application/Request","HPC-K20Z-68T3J","Schedule - Biosolids Annual Report","https://mienviro.michigan.gov/ncore/downloadpdf/1684248672901506223","F:\WWTP DOCUMENT DIVE\Cadillac_MiEnviro_2011-2026\documents\2021-10-28__1684248672901506223__Cadillac Dry Tons 2021.pdf.pdf","Downloaded",""
"2022-11-09","22.10.Eff.PFASedd.Fibertec.xls","nForm Document","Form Submission Attachments","1665759284824618102","WRD - NPDES","Application/Request","HPP-2914-8S45C","Schedule - PFAS POTW Effluent Monitoring Report","https://mienviro.michigan.gov/ncore/downloadpdf/1665759284824618102","F:\WWTP DOCUMENT DIVE\Cadillac_MiEnviro_2011-2026\documents\2022-11-09__1665759284824618102__22.10.Eff.PFASedd.Fibertec.xls.pdf","Downloaded",""
"2018-05-08","IMG_0016-cas.JPG","taken during field inspection","NPDES Biosolids Evaluation","1705061446773818631","WRD - NPDES","Evaluation","E-DHWW-FYB-ZBN","Biosolids Audit (05/11/2018)","https://mienviro.michigan.gov/ncore/downloadpdf/1705061446773818631","F:\WWTP DOCUMENT DIVE\Cadillac_MiEnviro_2011-2026\documents\2018-05-08__1705061446773818631__IMG_0016-cas.JPG.pdf","Downloaded",""
"2019-02-12","FW_ TestAmerica invoice and report files from 190-18507-1 WWTP - Biosolids.msg","IPP PFAS Interim Rpt discussion correspondence","Industrial Pretreatment Program (IPP)","1702873664070787395","WRD - NPDES","Application/Request","HNF-P7H3-DCN87","Schedule - IPP PFAS Interim Report-1","https://mienviro.michigan.gov/ncore/downloadpdf/1702873664070787395","F:\WWTP DOCUMENT DIVE\Cadillac_MiEnviro_2011-2026\documents\2019-02-12__1702873664070787395__FW_ TestAmerica invoice and report files from 190-18507-1 WWTP - Biosolids.msg.pdf","Downloaded",""
"2021-11-29","Cadillac-FY21 DT determination.xlsx","Cindy's notes so far","Misc. Submittal Docs","1777401984217742158","WRD - NPDES","Application/Request","HPC-K20Z-68T3J","Schedule - Biosolids Annual Report","https://mienviro.michigan.gov/ncore/downloadpdf/1777401984217742158","F:\WWTP DOCUMENT DIVE\Cadillac_MiEnviro_2011-2026\documents\2021-11-29__1777401984217742158__Cadillac-FY21 DT determination.xlsx.pdf","Downloaded",""
"2018-10-29","FY18 LA Site Information.pdf v1","Land App Site Descriptions.pdf; 4 sites;","Applicant Attachments","1580110436075585993","WRD - NPDES","Application/Request","HNH-M790-67ZPK","Schedule - Biosolids Annual Report","https://mienviro.michigan.gov/ncore/downloadpdf/1580110436075585993","F:\WWTP DOCUMENT DIVE\Cadillac_MiEnviro_2011-2026\documents\2018-10-29__1580110436075585993__FY18 LA Site Information.pdf v1.pdf","Downloaded",""
"2024-10-30","Biosolids Lab&Hauling Sheet Fall 2023.xlsx","nForm Document","Form Submission Attachments","1817787417347902394","WRD - NPDES","Application/Request","HQ7-KAAW-2S9Y5","Schedule - Biosolids Annual Report","https://mienviro.michigan.gov/ncore/downloadpdf/1817787417347902394","F:\WWTP DOCUMENT DIVE\Cadillac_MiEnviro_2011-2026\documents\2024-10-30__1817787417347902394__Biosolids Lab&Hauling Sheet Fall 2023.xlsx.pdf","Downloaded",""
"2025-10-21","21n09w25-AB01.pdf","nForm Document","Form Submission Attachments","1756584387181983433","WRD - NPDES","Application/Request","HQG-GM42-A2DBC","Schedule - Biosolids Annual Report","https://mienviro.michigan.gov/ncore/downloadpdf/1756584387181983433","F:\WWTP DOCUMENT DIVE\Cadillac_MiEnviro_2011-2026\documents\2025-10-21__1756584387181983433__21n09w25-AB01.pdf.pdf","Downloaded",""
"2017-04-03","SPENCER.docx v1","SPENCER.docx","Applicant Attachments","1829985439158043192","WRD - NPDES","Application/Request","2Q7-HQ21-P66B","Permit Change - National Pollutant Discharge Elimination System (NPDES) Municipal Application Form (Reissuance)","https://mienviro.michigan.gov/ncore/downloadpdf/1829985439158043192","F:\WWTP DOCUMENT DIVE\Cadillac_MiEnviro_2011-2026\documents\2017-04-03__1829985439158043192__SPENCER.docx v1.pdf","Downloaded",""
"2017-04-03","Paragon Wet Test (1).pdf v1","Paragon Wet Test (1).pdf","Applicant Attachments","1852969813164958154","WRD - NPDES","Application/Request","2Q7-HQ21-P66B","Permit Change - National Pollutant Discharge Elimination System (NPDES) Municipal Application Form (Reissuance)","https://mienviro.michigan.gov/ncore/downloadpdf/1852969813164958154","F:\WWTP DOCUMENT DIVE\Cadillac_MiEnviro_2011-2026\documents\2017-04-03__1852969813164958154__Paragon Wet Test (1).pdf v1.pdf","Downloaded",""
"2015-03-31","2015_0331_Cadillac WWTP_2014 MMP Yearly Status Report.pdf","District Scanned","NPDES Misc. Site Docs","1797615431681061467","n/a","Site","15637","Site","https://mienviro.michigan.gov/ncore/downloadpdf/1797615431681061467","F:\WWTP DOCUMENT DIVE\Cadillac_MiEnviro_2011-2026\documents\2015-03-31__1797615431681061467__2015_0331_Cadillac WWTP_2014 MMP Yearly Status Report.pdf.pdf","Downloaded",""
"2017-08-17","DMR Summary - MI0020257 _07_01_2017_to_07_31_2017_V1.docx","DMR Summary Data for period 07/01/2017 - 07/31/2017_V1","Schedule - DMR Documents","1920013186052737041","WRD - NPDES","Permit","MI0020257 v5.1","NPDES Individual Permit","https://mienviro.michigan.gov/ncore/downloadpdf/1920013186052737041","F:\WWTP DOCUMENT DIVE\Cadillac_MiEnviro_2011-2026\documents\2017-08-17__1920013186052737041__DMR Summary - MI0020257 _07_01_2017_to_07_31_2017_V1.docx.pdf","Downloaded",""
"2026-03-30","Cadillac WWTP 0257 DMRQA45.pdf","DMRQA Study 45 - Permit Parameter Results Acceptable- Missing Data Report Form, Lab Checklist, and signed Analyte Checklists.","NPDES Misc. Site Docs","1716654376011487622","n/a","Site","15637","Site","https://mienviro.michigan.gov/ncore/downloadpdf/1716654376011487622","F:\WWTP DOCUMENT DIVE\Cadillac_MiEnviro_2011-2026\documents\2026-03-30__1716654376011487622__Cadillac WWTP 0257 DMRQA45.pdf.pdf","Downloaded",""
"2018-04-18","PFAS.msg","","Industrial Pretreatment Program (IPP)","1922698188754231116","n/a","Site","15637","Site","https://mienviro.michigan.gov/ncore/downloadpdf/1922698188754231116","F:\WWTP DOCUMENT DIVE\Cadillac_MiEnviro_2011-2026\documents\2018-04-18__1922698188754231116__PFAS.msg.pdf","Downloaded",""
"2026-02-12","26.01.PFAS.Pace.pdf","January 2026 WWTP effluent PFAS sample results","Form Submission Attachments","1874461106224616627","WRD - NPDES","Application/Request","HQK-A647-67DN7","Schedule - PFAS POTW Effluent Monitoring Report","https://mienviro.michigan.gov/ncore/downloadpdf/1874461106224616627","F:\WWTP DOCUMENT DIVE\Cadillac_MiEnviro_2011-2026\documents\2026-02-12__1874461106224616627__26.01.PFAS.Pace.pdf.pdf","Downloaded",""
"2024-05-30","RE_ Time delay for IPP information.msg","Extension request and approval for SUO, IPP manual, and revised IU permits.","Industrial Pretreatment Program (IPP)","1975340473533412745","WRD - NPDES","Compliance Action","VN-012230","Violation Notice","https://mienviro.michigan.gov/ncore/downloadpdf/1975340473533412745","F:\WWTP DOCUMENT DIVE\Cadillac_MiEnviro_2011-2026\documents\2024-05-30__1975340473533412745__RE_ Time delay for IPP information.msg.pdf","Downloaded",""
"2013-05-23","Public Notice Document.doc","Public Notice Document","Conversion - Permit","2042187794808505003","WRD - NPDES","Permit","MI0020257 v5.0","NPDES Individual Permit","https://mienviro.michigan.gov/ncore/downloadpdf/2042187794808505003","F:\WWTP DOCUMENT DIVE\Cadillac_MiEnviro_2011-2026\documents\2013-05-23__2042187794808505003__Public Notice Document.doc.pdf","Downloaded",""
"2018-03-01","MI0020257 PFAS-IPP Letter 2-20-2018.pdf","","Industrial Pretreatment Program (IPP)","1950215384933042828","n/a","Site","15637","Site","https://mienviro.michigan.gov/ncore/downloadpdf/1950215384933042828","F:\WWTP DOCUMENT DIVE\Cadillac_MiEnviro_2011-2026\documents\2018-03-01__1950215384933042828__MI0020257 PFAS-IPP Letter 2-20-2018.pdf.pdf","Downloaded",""
"2019-09-13","WET Email_MI0020257_August 2019 WET Report_9-10-2019.msg","","Misc Site Docs","1925324962544154374","n/a","Site","15637","Site","https://mienviro.michigan.gov/ncore/downloadpdf/1925324962544154374","F:\WWTP DOCUMENT DIVE\Cadillac_MiEnviro_2011-2026\documents\2019-09-13__1925324962544154374__WET Email_MI0020257_August 2019 WET Report_9-10-2019.msg.pdf","Downloaded",""
"2026-06-18","MI0020257_2026-05-01_to_2026-05-31_DMR.pdf","","Schedule - DMR Documents","1959483062303199837","WRD - NPDES","Permit","MI0020257 v7.0","Schedule - DMR","https://mienviro.michigan.gov/ncore/downloadpdf/1959483062303199837","F:\WWTP DOCUMENT DIVE\Cadillac_MiEnviro_2011-2026\documents\2026-06-18__1959483062303199837__MI0020257_2026-05-01_to_2026-05-31_DMR.pdf.pdf","Downloaded",""
"2021-10-29","2021 Biosolids PFAS Monitoring Report Review - Cadillac WWTP.msg","Email Response","Misc. Submittal Docs","2032354698997421530","WRD - NPDES","Application/Request","HPC-F6W0-X1G7P","Schedule - Biosolids PFAS Monitoring Report","https://mienviro.michigan.gov/ncore/downloadpdf/2032354698997421530","F:\WWTP DOCUMENT DIVE\Cadillac_MiEnviro_2011-2026\documents\2021-10-29__2032354698997421530__2021 Biosolids PFAS Monitoring Report Review - Cadillac WWTP.msg.pdf","Downloaded",""
"2016-09-16","DMR Daily - MI0020257 _08_01_2016_to_08_31_2016_V1.docx","DMR Daily Data for period 08/01/2016 - 08/31/2016_V1","Schedule - DMR Documents","2071454628388704794","WRD - NPDES","Permit","MI0020257 v5.0","NPDES Individual Permit","https://mienviro.michigan.gov/ncore/downloadpdf/2071454628388704794","F:\WWTP DOCUMENT DIVE\Cadillac_MiEnviro_2011-2026\documents\2016-09-16__2071454628388704794__DMR Daily - MI0020257 _08_01_2016_to_08_31_2016_V1.docx.pdf","Downloaded",""
"2023-10-30","220908.biosolids.HML.pdf","nForm Document","Form Submission Attachments","2043208135530013588","WRD - NPDES","Application/Request","HPY-PZSD-5P4KK","Schedule - Biosolids Annual Report","https://mienviro.michigan.gov/ncore/downloadpdf/2043208135530013588","F:\WWTP DOCUMENT DIVE\Cadillac_MiEnviro_2011-2026\documents\2023-10-30__2043208135530013588__220908.biosolids.HML.pdf.pdf","Downloaded",""
"2023-05-18","MI0020257_2023-04-01_to_2023-04-30_DMR.pdf","","Schedule - DMR Documents","2087007105066150606","WRD - NPDES","Permit","MI0020257 v6.0","Schedule - DMR","https://mienviro.michigan.gov/ncore/downloadpdf/2087007105066150606","F:\WWTP DOCUMENT DIVE\Cadillac_MiEnviro_2011-2026\documents\2023-05-18__2087007105066150606__MI0020257_2023-04-01_to_2023-04-30_DMR.pdf.pdf","Downloaded",""
"2022-10-28","21N08W30-AB03.pdf","nForm Document","Form Submission Attachments","2074112032347207439","WRD - NPDES","Application/Request","HPN-5DCS-H4WTR","Schedule - Biosolids Annual Report","https://mienviro.michigan.gov/ncore/downloadpdf/2074112032347207439","F:\WWTP DOCUMENT DIVE\Cadillac_MiEnviro_2011-2026\documents\2022-10-28__2074112032347207439__21N08W30-AB03.pdf.pdf","Downloaded",""
"2021-05-17","MI0020257_2021-04-01_to_2021-04-30_1_DMR.pdf","","Schedule - DMR Documents","2119075287875955002","WRD - NPDES","Permit","MI0020257 v6.0","Schedule - DMR","https://mienviro.michigan.gov/ncore/downloadpdf/2119075287875955002","F:\WWTP DOCUMENT DIVE\Cadillac_MiEnviro_2011-2026\documents\2021-05-17__2119075287875955002__MI0020257_2021-04-01_to_2021-04-30_1_DMR.pdf.pdf","Downloaded",""
"2023-10-30","Biosoilids Lab&Hauling Data Fall 22.pdf","nForm Document","Form Submission Attachments","2155700982656304587","WRD - NPDES","Application/Request","HPY-PZSD-5P4KK","Schedule - Biosolids Annual Report","https://mienviro.michigan.gov/ncore/downloadpdf/2155700982656304587","F:\WWTP DOCUMENT DIVE\Cadillac_MiEnviro_2011-2026\documents\2023-10-30__2155700982656304587__Biosoilids Lab&Hauling Data Fall 22.pdf.pdf","Downloaded",""
"2019-03-04","Cadillac WWTP PFAS Letter.pdf","Cadillac WWTP PFAS Letter","NPDES Misc. Site Docs","2197571042959551007","n/a","Site","15637","Site","https://mienviro.michigan.gov/ncore/downloadpdf/2197571042959551007","F:\WWTP DOCUMENT DIVE\Cadillac_MiEnviro_2011-2026\documents\2019-03-04__2197571042959551007__Cadillac WWTP PFAS Letter.pdf.pdf","Downloaded",""
"2015-06-15","IU Form 2.pdf","","Conversion - Application / Request","2151347118259606317","WRD - NPDES","Evaluation","E-91D5-97-E7D2","Pretreatment Compliance Inspection (05/14/2015)","https://mienviro.michigan.gov/ncore/downloadpdf/2151347118259606317","F:\WWTP DOCUMENT DIVE\Cadillac_MiEnviro_2011-2026\documents\2015-06-15__2151347118259606317__IU Form 2.pdf.pdf","Downloaded",""
"2018-05-23","Cadillac WWTP_PFAS Extension Approval FINAL.docx","IPP PFAS extension approval letter","Industrial Pretreatment Program (IPP)","2280393261818424283","WRD - NPDES","Application/Request","HND-N47D-M65XQ","Schedule - IPP Modification Request or New Program Approval Request","https://mienviro.michigan.gov/ncore/downloadpdf/2280393261818424283","F:\WWTP DOCUMENT DIVE\Cadillac_MiEnviro_2011-2026\documents\2018-05-23__2280393261818424283__Cadillac WWTP_PFAS Extension Approval FINAL.docx.pdf","Downloaded",""
"2019-05-17","DMR Summary - MI0020257 _04_01_2019_to_04_30_2019_V1.docx","DMR Summary Data for period 04/01/2019 - 04/30/2019_V1","Schedule - DMR Documents","2166487144707416457","WRD - NPDES","Permit","MI0020257 v5.1","NPDES Individual Permit","https://mienviro.michigan.gov/ncore/downloadpdf/2166487144707416457","F:\WWTP DOCUMENT DIVE\Cadillac_MiEnviro_2011-2026\documents\2019-05-17__2166487144707416457__DMR Summary - MI0020257 _04_01_2019_to_04_30_2019_V1.docx.pdf","Downloaded",""
"2018-10-29","FY18 Fecal-Enteric-Etc Results.pdf v1","HML Biosolids 5-9-2018.pdf; Spring 2018 (March);","Applicant Attachments","2125445999343170799","WRD - NPDES","Application/Request","HNH-M790-67ZPK","Schedule - Biosolids Annual Report","https://mienviro.michigan.gov/ncore/downloadpdf/2125445999343170799","F:\WWTP DOCUMENT DIVE\Cadillac_MiEnviro_2011-2026\documents\2018-10-29__2125445999343170799__FY18 Fecal-Enteric-Etc Results.pdf v1.pdf","Downloaded",""
"2021-10-26","Life Smiles Dentistry.pdf","nForm Document","Form Submission Attachments","2212363529115360305","WRD - NPDES","Application/Request","HPC-RJ1M-FCGM7","Schedule - NPDES Unscheduled Permit Required Reports","https://mienviro.michigan.gov/ncore/downloadpdf/2212363529115360305","F:\WWTP DOCUMENT DIVE\Cadillac_MiEnviro_2011-2026\documents\2021-10-26__2212363529115360305__Life Smiles Dentistry.pdf.pdf","Downloaded",""
"2026-03-13","HQM-0Z2W-CZ7GW_v1.pdf","Submission PDF","Form Submission Attachments","2211822359886279510","WRD - NPDES","Application/Request","HQM-0Z2W-CZ7GW","Schedule - Biosolids PFAS Monitoring Report","https://mienviro.michigan.gov/ncore/downloadpdf/2211822359886279510","F:\WWTP DOCUMENT DIVE\Cadillac_MiEnviro_2011-2026\documents\2026-03-13__2211822359886279510__HQM-0Z2W-CZ7GW_v1.pdf.pdf","Downloaded",""
"2015-08-28","DMR Daily - MI0020257 _07_01_2015_to_07_31_2015_V1.docx","DMR Daily Data for period 07/01/2015 - 07/31/2015_V1","Schedule - DMR Documents","2280799879135776031","WRD - NPDES","Permit","MI0020257 v5.0","NPDES Individual Permit","https://mienviro.michigan.gov/ncore/downloadpdf/2280799879135776031","F:\WWTP DOCUMENT DIVE\Cadillac_MiEnviro_2011-2026\documents\2015-08-28__2280799879135776031__DMR Daily - MI0020257 _07_01_2015_to_07_31_2015_V1.docx.pdf","Downloaded",""
"2022-06-23","RE_ Concerning your submission #HPC-K20Z-68T3J_ Annual Report Form For Reporting Biosolids.msg","Email reporting a SRT of 20 days","Misc. Submittal Docs","2287533861268370801","WRD - NPDES","Application/Request","HPC-K20Z-68T3J","Schedule - Biosolids Annual Report","https://mienviro.michigan.gov/ncore/downloadpdf/2287533861268370801","F:\WWTP DOCUMENT DIVE\Cadillac_MiEnviro_2011-2026\documents\2022-06-23__2287533861268370801__RE_ Concerning your submission #HPC-K20Z-68T3J_ Annual Report Form For Reporting Biosolids.msg.pdf","Downloaded",""
"2022-10-28","Cadillac Haul Summary.pdf","nForm Document","Form Submission Attachments","2301115461688554716","WRD - NPDES","Application/Request","HPN-5DCS-H4WTR","Schedule - Biosolids Annual Report","https://mienviro.michigan.gov/ncore/downloadpdf/2301115461688554716","F:\WWTP DOCUMENT DIVE\Cadillac_MiEnviro_2011-2026\documents\2022-10-28__2301115461688554716__Cadillac Haul Summary.pdf.pdf","Downloaded",""
"2023-01-30","Categorical determination - Cadillac casting email chain discussing processes .msg","Email chain w/requested information provided by Cadillac Casting, internal discussion followed regarding information","Industrial Pretreatment Program (IPP)","2291773997099292855","n/a","Site","15637","Site","https://mienviro.michigan.gov/ncore/downloadpdf/2291773997099292855","F:\WWTP DOCUMENT DIVE\Cadillac_MiEnviro_2011-2026\documents\2023-01-30__2291773997099292855__Categorical determination - Cadillac casting email chain discussing processes .msg.pdf","Downloaded",""
"2020-04-03","EM-Documentation to continue the RMP Mod Review - Received.msg","EGLE responds","Misc. Submittal Docs","2380160427227463614","WRD - NPDES","Application/Request","HNX-E8Q7-TQ4BF","Schedule - Biosolids Residuals Management Program (RMP) Submittal or Modification","https://mienviro.michigan.gov/ncore/downloadpdf/2380160427227463614","F:\WWTP DOCUMENT DIVE\Cadillac_MiEnviro_2011-2026\documents\2020-04-03__2380160427227463614__EM-Documentation to continue the RMP Mod Review - Received.msg.pdf","Downloaded",""
"2018-10-29","FY18 Applier-Class B Site Restrictions Cert-Fall 2017.doc v1","Class B Site Restrictions Certification.doc;","Applicant Attachments","2347978798435200639","WRD - NPDES","Application/Request","HNH-M790-67ZPK","Schedule - Biosolids Annual Report","https://mienviro.michigan.gov/ncore/downloadpdf/2347978798435200639","F:\WWTP DOCUMENT DIVE\Cadillac_MiEnviro_2011-2026\documents\2018-10-29__2347978798435200639__FY18 Applier-Class B Site Restrictions Cert-Fall 2017.doc v1.pdf","Downloaded",""
"2023-04-18","Application Compliance Comments Memo - NPDES.docx","","Misc. NPDES Permit Docs","2369463525612990207","WRD - NPDES","Permit","MI0020257 v7.0","NPDES Individual Permit","https://mienviro.michigan.gov/ncore/downloadpdf/2369463525612990207","F:\WWTP DOCUMENT DIVE\Cadillac_MiEnviro_2011-2026\documents\2023-04-18__2369463525612990207__Application Compliance Comments Memo - NPDES.docx.pdf","Downloaded",""
"2018-11-28","FY18 Applier Certification - Revised.pdf","came w/ facility email (not signed)","NPDES Submittal Docs","2316673613866669392","WRD - NPDES","Application/Request","HNH-M790-67ZPK","Schedule - Biosolids Annual Report","https://mienviro.michigan.gov/ncore/downloadpdf/2316673613866669392","F:\WWTP DOCUMENT DIVE\Cadillac_MiEnviro_2011-2026\documents\2018-11-28__2316673613866669392__FY18 Applier Certification - Revised.pdf.pdf","Downloaded",""
"2024-10-30","HQ7-KAAW-2S9Y5 v1.pdf","Submission PDF","Form Submission Attachments","2399809218499427481","WRD - NPDES","Application/Request","HQ7-KAAW-2S9Y5","Schedule - Biosolids Annual Report","https://mienviro.michigan.gov/ncore/downloadpdf/2399809218499427481","F:\WWTP DOCUMENT DIVE\Cadillac_MiEnviro_2011-2026\documents\2024-10-30__2399809218499427481__HQ7-KAAW-2S9Y5 v1.pdf.pdf","Downloaded",""
"2023-10-05","Pre-Public Notice Comments and Response-Third Round_Cadillac WWTP.msg","","Misc. NPDES Permit Docs","2370249937544737160","WRD - NPDES","Permit","MI0020257 v7.0","NPDES Individual Permit","https://mienviro.michigan.gov/ncore/downloadpdf/2370249937544737160","F:\WWTP DOCUMENT DIVE\Cadillac_MiEnviro_2011-2026\documents\2023-10-05__2370249937544737160__Pre-Public Notice Comments and Response-Third Round_Cadillac WWTP.msg.pdf","Downloaded",""
"2024-01-02","2024 PFAS RMP Modification Cadillac WWTP.pdf","2024 RMP modification letter","Misc Site Docs","2384776969229054939","n/a","Site","15637","Site","https://mienviro.michigan.gov/ncore/downloadpdf/2384776969229054939","F:\WWTP DOCUMENT DIVE\Cadillac_MiEnviro_2011-2026\documents\2024-01-02__2384776969229054939__2024 PFAS RMP Modification Cadillac WWTP.pdf.pdf","Downloaded",""
"2015-06-15","IU Form 1.pdf","","Conversion - Application / Request","2395269267701377445","WRD - NPDES","Evaluation","E-91D5-97-E7D2","Pretreatment Compliance Inspection (05/14/2015)","https://mienviro.michigan.gov/ncore/downloadpdf/2395269267701377445","F:\WWTP DOCUMENT DIVE\Cadillac_MiEnviro_2011-2026\documents\2015-06-15__2395269267701377445__IU Form 1.pdf.pdf","Downloaded",""
"2014-08-18","2014_0818_Cadillac WWTP_DMR QA-34.pdf","District Scanned","NPDES Misc. Site Docs","2417529640713035099","n/a","Site","15637","Site","https://mienviro.michigan.gov/ncore/downloadpdf/2417529640713035099","F:\WWTP DOCUMENT DIVE\Cadillac_MiEnviro_2011-2026\documents\2014-08-18__2417529640713035099__2014_0818_Cadillac WWTP_DMR QA-34.pdf.pdf","Downloaded",""
"2017-12-15","DMR Daily - MI0020257 _11_01_2017_to_11_30_2017_V1.docx","DMR Daily Data for period 11/01/2017 - 11/30/2017_V1","Schedule - DMR Documents","2472286616657780651","WRD - NPDES","Permit","MI0020257 v5.1","NPDES Individual Permit","https://mienviro.michigan.gov/ncore/downloadpdf/2472286616657780651","F:\WWTP DOCUMENT DIVE\Cadillac_MiEnviro_2011-2026\documents\2017-12-15__2472286616657780651__DMR Daily - MI0020257 _11_01_2017_to_11_30_2017_V1.docx.pdf","Downloaded",""
"2018-10-23","EM-CCd Correspondence Biosolids Audit Letter FY18.msg","Email to DEQ Staff","NPDES Majors and Minors Evaluation","2463402374930903482","WRD - NPDES","Evaluation","E-DHWW-FYB-ZBN","Biosolids Audit (05/11/2018)","https://mienviro.michigan.gov/ncore/downloadpdf/2463402374930903482","F:\WWTP DOCUMENT DIVE\Cadillac_MiEnviro_2011-2026\documents\2018-10-23__2463402374930903482__EM-CCd Correspondence Biosolids Audit Letter FY18.msg.pdf","Downloaded",""
"2021-09-09","21.08.16.Eff.AddlMonit.Paragon.pdf","nForm Document","Form Submission Attachments","2434142290908894935","WRD - NPDES","Application/Request","HPB-KP8T-GKSNS","Schedule - Certification of Completion of Additional Monitoring Requirements","https://mienviro.michigan.gov/ncore/downloadpdf/2434142290908894935","F:\WWTP DOCUMENT DIVE\Cadillac_MiEnviro_2011-2026\documents\2021-09-09__2434142290908894935__21.08.16.Eff.AddlMonit.Paragon.pdf.pdf","Downloaded",""
"2026-05-01","HQN-7PHN-WHK7P_v1.pdf","Submission PDF","Form Submission Attachments","2546315888356251367","WRD - NPDES","Application/Request","HQN-7PHN-WHK7P","Service Request - CSO/SSO/RTB/Other Discharge Event","https://mienviro.michigan.gov/ncore/downloadpdf/2546315888356251367","F:\WWTP DOCUMENT DIVE\Cadillac_MiEnviro_2011-2026\documents\2026-05-01__2546315888356251367__HQN-7PHN-WHK7P_v1.pdf.pdf","Downloaded",""
"2023-03-02","HPR-V2MX-EVFMF v1.pdf v1","Submission PDF","Misc. Application and Request Docs","2550046888663328517","WRD - NPDES","Application/Request","HPR-V2MX-EVFMF","Schedule - Pollutant Minimization Program (PMP) Annual Report","https://mienviro.michigan.gov/ncore/downloadpdf/2550046888663328517","F:\WWTP DOCUMENT DIVE\Cadillac_MiEnviro_2011-2026\documents\2023-03-02__2550046888663328517__HPR-V2MX-EVFMF v1.pdf v1.pdf","Downloaded",""
"2023-10-05","FW Ammonia Implementation - FY23 Facility Information_Cadillac WWTP.msg","","Misc. NPDES Permit Docs","2497047599243435925","WRD - NPDES","Permit","MI0020257 v7.0","NPDES Individual Permit","https://mienviro.michigan.gov/ncore/downloadpdf/2497047599243435925","F:\WWTP DOCUMENT DIVE\Cadillac_MiEnviro_2011-2026\documents\2023-10-05__2497047599243435925__FW Ammonia Implementation - FY23 Facility Information_Cadillac WWTP.msg.pdf","Downloaded",""
"2022-10-28","220308.biosolids.PACE.pdf","nForm Document","Form Submission Attachments","2472874066259310211","WRD - NPDES","Application/Request","HPN-5DCS-H4WTR","Schedule - Biosolids Annual Report","https://mienviro.michigan.gov/ncore/downloadpdf/2472874066259310211","F:\WWTP DOCUMENT DIVE\Cadillac_MiEnviro_2011-2026\documents\2022-10-28__2472874066259310211__220308.biosolids.PACE.pdf.pdf","Downloaded",""
"2026-03-25","MI0020257_2024-01-01_to_2024-01-31_3_DMR.pdf","","Schedule - DMR Documents","2523134679191929216","WRD - NPDES","Permit","MI0020257 v7.0","Schedule - DMR","https://mienviro.michigan.gov/ncore/downloadpdf/2523134679191929216","F:\WWTP DOCUMENT DIVE\Cadillac_MiEnviro_2011-2026\documents\2026-03-25__2523134679191929216__MI0020257_2024-01-01_to_2024-01-31_3_DMR.pdf.pdf","Downloaded",""
"2024-08-15","MI0020257_2024-07-01_to_2024-07-31_DMR.pdf","","Schedule - DMR Documents","2563736590353480106","WRD - NPDES","Permit","MI0020257 v7.0","Schedule - DMR","https://mienviro.michigan.gov/ncore/downloadpdf/2563736590353480106","F:\WWTP DOCUMENT DIVE\Cadillac_MiEnviro_2011-2026\documents\2024-08-15__2563736590353480106__MI0020257_2024-07-01_to_2024-07-31_DMR.pdf.pdf","Downloaded",""
"2017-07-18","DMR Daily - MI0020257 _06_01_2017_to_06_30_2017_V1.docx","DMR Daily Data for period 06/01/2017 - 06/30/2017_V1","Schedule - DMR Documents","2596891981566435001","WRD - NPDES","Permit","MI0020257 v5.1","NPDES Individual Permit","https://mienviro.michigan.gov/ncore/downloadpdf/2596891981566435001","F:\WWTP DOCUMENT DIVE\Cadillac_MiEnviro_2011-2026\documents\2017-07-18__2596891981566435001__DMR Daily - MI0020257 _06_01_2017_to_06_30_2017_V1.docx.pdf","Downloaded",""
"2012-03-26","Cadillac WWTP SIU Information.pdf","","Conversion - Compliance Action","2606761043345214758","WRD - NPDES","Permit","MI0020257 v5.0","NPDES Individual Permit","https://mienviro.michigan.gov/ncore/downloadpdf/2606761043345214758","F:\WWTP DOCUMENT DIVE\Cadillac_MiEnviro_2011-2026\documents\2012-03-26__2606761043345214758__Cadillac WWTP SIU Information.pdf.pdf","Downloaded",""
"2025-10-21","Biosolids Dry Tons Calc 12.17.24.xls","nForm Document","Form Submission Attachments","2858159439342885409","WRD - NPDES","Application/Request","HQG-GM42-A2DBC","Schedule - Biosolids Annual Report","","","No download link",""
"2015-09-29","Cadillac Mod Public Notice Document.doc","","NPDES Individual Permit","2634479280526975746","WRD - NPDES","Permit","MI0020257 v5.1","NPDES Individual Permit","https://mienviro.michigan.gov/ncore/downloadpdf/2634479280526975746","F:\WWTP DOCUMENT DIVE\Cadillac_MiEnviro_2011-2026\documents\2015-09-29__2634479280526975746__Cadillac Mod Public Notice Document.doc.pdf","Downloaded",""
"2022-10-28","Fall 21 Lab Data.pdf","nForm Document","Form Submission Attachments","2613312278168314069","WRD - NPDES","Application/Request","HPN-5DCS-H4WTR","Schedule - Biosolids Annual Report","https://mienviro.michigan.gov/ncore/downloadpdf/2613312278168314069","F:\WWTP DOCUMENT DIVE\Cadillac_MiEnviro_2011-2026\documents\2022-10-28__2613312278168314069__Fall 21 Lab Data.pdf.pdf","Downloaded",""
"2018-10-29","FY18 As Applied 23N10W29-NS01.xlsx v1","2018 As Applied-29NS01.xlsx; Fall 2018;","Applicant Attachments","2645334160893073868","WRD - NPDES","Application/Request","HNH-M790-67ZPK","Schedule - Biosolids Annual Report","https://mienviro.michigan.gov/ncore/downloadpdf/2645334160893073868","F:\WWTP DOCUMENT DIVE\Cadillac_MiEnviro_2011-2026\documents\2018-10-29__2645334160893073868__FY18 As Applied 23N10W29-NS01.xlsx v1.pdf","Downloaded",""
"2024-04-04","RE_ IPP Revision extension.msg","Extension approval.","Industrial Pretreatment Program (IPP)","2761365522297909421","WRD - NPDES","Compliance Action","VN-012230","Violation Notice","https://mienviro.michigan.gov/ncore/downloadpdf/2761365522297909421","F:\WWTP DOCUMENT DIVE\Cadillac_MiEnviro_2011-2026\documents\2024-04-04__2761365522297909421__RE_ IPP Revision extension.msg.pdf","Downloaded",""
"2019-02-21","RE_ TestAmerica invoice and report files from 190-17646-1 City of Cadillac.msg","IPP PFAS Interim Rpt discussion correspondence","Industrial Pretreatment Program (IPP)","2724813468533962614","WRD - NPDES","Application/Request","HNF-P7H3-DCN87","Schedule - IPP PFAS Interim Report-1","https://mienviro.michigan.gov/ncore/downloadpdf/2724813468533962614","F:\WWTP DOCUMENT DIVE\Cadillac_MiEnviro_2011-2026\documents\2019-02-21__2724813468533962614__RE_ TestAmerica invoice and report files from 190-17646-1 City of Cadillac.msg.pdf","Downloaded",""
"2021-02-19","MI0020257_2021-01-01_to_2021-01-31_1_DMR.pdf","","Schedule - DMR Documents","2774047219998886498","WRD - NPDES","Permit","MI0020257 v6.0","Schedule - DMR","https://mienviro.michigan.gov/ncore/downloadpdf/2774047219998886498","F:\WWTP DOCUMENT DIVE\Cadillac_MiEnviro_2011-2026\documents\2021-02-19__2774047219998886498__MI0020257_2021-01-01_to_2021-01-31_1_DMR.pdf.pdf","Downloaded",""
"2019-06-28","HNQ-VZP8-TWNRX V1.pdf v1","","Misc. Application and Request Docs","2793559677356639638","WRD - NPDES","Application/Request","HNQ-VZP8-TWNRX","Schedule - IPP PFAS Status Report","https://mienviro.michigan.gov/ncore/downloadpdf/2793559677356639638","F:\WWTP DOCUMENT DIVE\Cadillac_MiEnviro_2011-2026\documents\2019-06-28__2793559677356639638__HNQ-VZP8-TWNRX V1.pdf v1.pdf","Downloaded",""
"2025-11-24","FW_ Michigan Department of Environment_ Great Lakes_ and Energy - Lab Report 2510354.msg","","Misc. NPDES Evaluation Docs","2774844551579587410","WRD - NPDES","Evaluation","E-PP960227970222","Sampling Only (Toxics) (10/22/2025)","https://mienviro.michigan.gov/ncore/downloadpdf/2774844551579587410","F:\WWTP DOCUMENT DIVE\Cadillac_MiEnviro_2011-2026\documents\2025-11-24__2774844551579587410__FW_ Michigan Department of Environment_ Great Lakes_ and Energy - Lab Report 2510354.msg.pdf","Downloaded",""
"2023-01-26","2023-01-26FW_ Timeframe.msg","Proposed schedule for requested extension on response to IPP program updates.","Industrial Pretreatment Program (IPP)","2784982293074044526","WRD - NPDES","Application/Request","HPQ-9V73-V8DQD","Schedule - Submit MAHL Report and Proposed Local Limits","https://mienviro.michigan.gov/ncore/downloadpdf/2784982293074044526","F:\WWTP DOCUMENT DIVE\Cadillac_MiEnviro_2011-2026\documents\2023-01-26__2784982293074044526__2023-01-26FW_ Timeframe.msg.pdf","Downloaded",""
"2020-04-07","FY19 Pathogen results-Fall.pdf","EGLE info from Cadillac's past biosolids annual reports to help with RMP mod review","Misc. Submittal Docs","2840525739333211318","WRD - NPDES","Application/Request","HNX-E8Q7-TQ4BF","Schedule - Biosolids Residuals Management Program (RMP) Submittal or Modification","https://mienviro.michigan.gov/ncore/downloadpdf/2840525739333211318","F:\WWTP DOCUMENT DIVE\Cadillac_MiEnviro_2011-2026\documents\2020-04-07__2840525739333211318__FY19 Pathogen results-Fall.pdf.pdf","Downloaded",""
"2023-10-30","wrd-biosolids-land-application-Fall 2022.docx","nForm Document","Form Submission Attachments","2881992229410529896","WRD - NPDES","Application/Request","HPY-PZSD-5P4KK","Schedule - Biosolids Annual Report","https://mienviro.michigan.gov/ncore/downloadpdf/2881992229410529896","F:\WWTP DOCUMENT DIVE\Cadillac_MiEnviro_2011-2026\documents\2023-10-30__2881992229410529896__wrd-biosolids-land-application-Fall 2022.docx.pdf","Downloaded",""
"2023-02-01","Biosolids CPLR 21N08W30-AB04.xls","","NPDES Submittal Docs","3055340525632494385","WRD - NPDES","Application/Request","HPN-5DCS-H4WTR","Schedule - Biosolids Annual Report","","","No download link",""
"2026-06-17","26.05.PFAS.Pace.pdf","May 2026 WWTP effluent PFAS sample results","Form Submission Attachments","2720206187583558296","WRD - NPDES","Application/Request","HQP-CM46-C1C5E","Schedule - PFAS POTW Effluent Monitoring Report","https://mienviro.michigan.gov/ncore/downloadpdf/2720206187583558296","F:\WWTP DOCUMENT DIVE\Cadillac_MiEnviro_2011-2026\documents\2026-06-17__2720206187583558296__26.05.PFAS.Pace.pdf.pdf","Downloaded",""
"2023-10-30","220908.biosolids.PACE(1).pdf","nForm Document","Form Submission Attachments","2889346767375100617","WRD - NPDES","Application/Request","HPY-PZSD-5P4KK","Schedule - Biosolids Annual Report","https://mienviro.michigan.gov/ncore/downloadpdf/2889346767375100617","F:\WWTP DOCUMENT DIVE\Cadillac_MiEnviro_2011-2026\documents\2023-10-30__2889346767375100617__220908.biosolids.PACE(1).pdf.pdf","Downloaded",""
"2012-04-11","Cadillac WWTP NEC.pdf","","Conversion - Compliance Action","2907549657209812738","WRD - NPDES","Permit","MI0020257 v5.0","NPDES Individual Permit","https://mienviro.michigan.gov/ncore/downloadpdf/2907549657209812738","F:\WWTP DOCUMENT DIVE\Cadillac_MiEnviro_2011-2026\documents\2012-04-11__2907549657209812738__Cadillac WWTP NEC.pdf.pdf","Downloaded",""
"2025-03-27","Public Notice of IPP Violation 2024.pdf","nForm Document","Form Submission Attachments","2955929295405056977","WRD - NPDES","Application/Request","HQB-BNKM-1SC3Q","Schedule - Michigan Industrial Pretreatment Program (IPP) Annual Report","https://mienviro.michigan.gov/ncore/downloadpdf/2955929295405056977","F:\WWTP DOCUMENT DIVE\Cadillac_MiEnviro_2011-2026\documents\2025-03-27__2955929295405056977__Public Notice of IPP Violation 2024.pdf.pdf","Downloaded",""
"2017-04-03","WEXFORD LANDFILL.docx v1","WEXFORD LANDFILL.docx","Applicant Attachments","2929107239418671816","WRD - NPDES","Application/Request","2Q7-HQ21-P66B","Permit Change - National Pollutant Discharge Elimination System (NPDES) Municipal Application Form (Reissuance)","https://mienviro.michigan.gov/ncore/downloadpdf/2929107239418671816","F:\WWTP DOCUMENT DIVE\Cadillac_MiEnviro_2011-2026\documents\2017-04-03__2929107239418671816__WEXFORD LANDFILL.docx v1.pdf","Downloaded",""
"2021-10-28","Spring 21 Lab Data.pdf","FY21 Total Solids Results-Spring hauling event; includes DTS per day;","Form Submission Attachments","2908091594482021215","WRD - NPDES","Application/Request","HPC-K20Z-68T3J","Schedule - Biosolids Annual Report","https://mienviro.michigan.gov/ncore/downloadpdf/2908091594482021215","F:\WWTP DOCUMENT DIVE\Cadillac_MiEnviro_2011-2026\documents\2021-10-28__2908091594482021215__Spring 21 Lab Data.pdf.pdf","Downloaded",""
"2022-03-25","SPENCER.docx","nForm Document","Form Submission Attachments","2977203173047862814","WRD - NPDES","Application/Request","HPG-1ZSF-KC99G","Permit Change - National Pollutant Discharge Elimination System (NPDES) Municipal Application Form (Reissuance)","https://mienviro.michigan.gov/ncore/downloadpdf/2977203173047862814","F:\WWTP DOCUMENT DIVE\Cadillac_MiEnviro_2011-2026\documents\2022-03-25__2977203173047862814__SPENCER.docx.pdf","Downloaded",""
"2024-01-22","2024-01-22 Follow-up to VN-012230 IPP Procedures Manual Mod - City of Cadillac.pdf","","Water Quality VNs, SVNs, ENs","2890800664751381439","WRD - NPDES","Compliance Action","VN-012230","Violation Notice","https://mienviro.michigan.gov/ncore/downloadpdf/2890800664751381439","F:\WWTP DOCUMENT DIVE\Cadillac_MiEnviro_2011-2026\documents\2024-01-22__2890800664751381439__2024-01-22 Follow-up to VN-012230 IPP Procedures Manual Mod - City of Cadillac.pdf.pdf","Downloaded",""
"2014-10-17","Basis for Decision Memo-Classification.doc","Basis for Decision Memo-Classification","Conversion - SITE","3031965344754622253","n/a","Site","15637","Site","https://mienviro.michigan.gov/ncore/downloadpdf/3031965344754622253","F:\WWTP DOCUMENT DIVE\Cadillac_MiEnviro_2011-2026\documents\2014-10-17__3031965344754622253__Basis for Decision Memo-Classification.doc.pdf","Downloaded",""
"2018-08-14","DMR Summary - MI0020257 _07_01_2018_to_07_31_2018_V1.docx","DMR Summary Data for period 07/01/2018 - 07/31/2018_V1","Schedule - DMR Documents","3024585747262726508","WRD - NPDES","Permit","MI0020257 v5.1","NPDES Individual Permit","https://mienviro.michigan.gov/ncore/downloadpdf/3024585747262726508","F:\WWTP DOCUMENT DIVE\Cadillac_MiEnviro_2011-2026\documents\2018-08-14__3024585747262726508__DMR Summary - MI0020257 _07_01_2018_to_07_31_2018_V1.docx.pdf","Downloaded",""
"2015-10-30","DMR Summary - MI0020257 _10_01_2014_to_09_30_2015_V1.docx","DMR Summary Data for period 10/01/2014 - 09/30/2015_V1","Schedule - DMR Documents","3033334029711207746","WRD - NPDES","Permit","MI0020257 v5.0","NPDES Individual Permit","https://mienviro.michigan.gov/ncore/downloadpdf/3033334029711207746","F:\WWTP DOCUMENT DIVE\Cadillac_MiEnviro_2011-2026\documents\2015-10-30__3033334029711207746__DMR Summary - MI0020257 _10_01_2014_to_09_30_2015_V1.docx.pdf","Downloaded",""
"2023-10-30","Cadillac 2023 Certification.pdf","nForm Document","Form Submission Attachments","3062463628357687507","WRD - NPDES","Application/Request","HPY-PZSD-5P4KK","Schedule - Biosolids Annual Report","https://mienviro.michigan.gov/ncore/downloadpdf/3062463628357687507","F:\WWTP DOCUMENT DIVE\Cadillac_MiEnviro_2011-2026\documents\2023-10-30__3062463628357687507__Cadillac 2023 Certification.pdf.pdf","Downloaded",""
"2021-01-25","Example-CPLR site - exceeds Copper.pdf","went along with EGLE email to WWTP Oper.","Misc Site Docs","3067968206844043988","n/a","Site","15637","Site","https://mienviro.michigan.gov/ncore/downloadpdf/3067968206844043988","F:\WWTP DOCUMENT DIVE\Cadillac_MiEnviro_2011-2026\documents\2021-01-25__3067968206844043988__Example-CPLR site - exceeds Copper.pdf.pdf","Downloaded",""
"2018-11-29","HNJ-P0ZX-8AVDS V1.pdf v1","","Misc. Application and Request Docs","3092683663291337793","WRD - NPDES","Application/Request","HNJ-P0ZX-8AVDS","Schedule - IPP PFAS Summary Report","https://mienviro.michigan.gov/ncore/downloadpdf/3092683663291337793","F:\WWTP DOCUMENT DIVE\Cadillac_MiEnviro_2011-2026\documents\2018-11-29__3092683663291337793__HNJ-P0ZX-8AVDS V1.pdf v1.pdf","Downloaded",""
"2017-05-12","written rpt BOD exceed 051217 ul MiW.msg","","NPDES Misc. Site Docs","3141508032254302466","n/a","Site","15637","Site","https://mienviro.michigan.gov/ncore/downloadpdf/3141508032254302466","F:\WWTP DOCUMENT DIVE\Cadillac_MiEnviro_2011-2026\documents\2017-05-12__3141508032254302466__written rpt BOD exceed 051217 ul MiW.msg.pdf","Downloaded",""
"2018-11-15","should have picked this one.jpg","attached to DEQ email","NPDES Submittal Docs","3140966257682029726","WRD - NPDES","Application/Request","HNH-M790-67ZPK","Schedule - Biosolids Annual Report","https://mienviro.michigan.gov/ncore/downloadpdf/3140966257682029726","F:\WWTP DOCUMENT DIVE\Cadillac_MiEnviro_2011-2026\documents\2018-11-15__3140966257682029726__should have picked this one.jpg.pdf","Downloaded",""
"2022-01-19","MI0020257_2021-12-01_to_2021-12-31_DMR.pdf","","Schedule - DMR Documents","3119282448110398396","WRD - NPDES","Permit","MI0020257 v6.0","Schedule - DMR","https://mienviro.michigan.gov/ncore/downloadpdf/3119282448110398396","F:\WWTP DOCUMENT DIVE\Cadillac_MiEnviro_2011-2026\documents\2022-01-19__3119282448110398396__MI0020257_2021-12-01_to_2021-12-31_DMR.pdf.pdf","Downloaded",""
"2025-12-16","MI0020257_2025-11-01_to_2025-11-30_DMR.pdf","","Schedule - DMR Documents","3158526991311105464","WRD - NPDES","Permit","MI0020257 v7.0","Schedule - DMR","https://mienviro.michigan.gov/ncore/downloadpdf/3158526991311105464","F:\WWTP DOCUMENT DIVE\Cadillac_MiEnviro_2011-2026\documents\2025-12-16__3158526991311105464__MI0020257_2025-11-01_to_2025-11-30_DMR.pdf.pdf","Downloaded",""
"2021-10-26","HPC-RJ1M-FCGM7 V1.pdf v1","Submission PDF","Misc. Application and Request Docs","3254596432615889974","WRD - NPDES","Application/Request","HPC-RJ1M-FCGM7","Schedule - NPDES Unscheduled Permit Required Reports","https://mienviro.michigan.gov/ncore/downloadpdf/3254596432615889974","F:\WWTP DOCUMENT DIVE\Cadillac_MiEnviro_2011-2026\documents\2021-10-26__3254596432615889974__HPC-RJ1M-FCGM7 V1.pdf v1.pdf","Downloaded",""
"2019-10-28","HNT-5SPH-XVKKZ V1.pdf v1","FY19 Biosolids Annual Report;","Misc. Application and Request Docs","3268162461128179690","WRD - NPDES","Application/Request","HNT-5SPH-XVKKZ","Schedule - Biosolids Annual Report","https://mienviro.michigan.gov/ncore/downloadpdf/3268162461128179690","F:\WWTP DOCUMENT DIVE\Cadillac_MiEnviro_2011-2026\documents\2019-10-28__3268162461128179690__HNT-5SPH-XVKKZ V1.pdf v1.pdf","Downloaded",""
"2021-01-28","Class B Pathogen Reduction and Site Res..pdf","nForm Document","Form Submission Attachments","3155049770956466046","WRD - NPDES","Application/Request","HNT-5SPH-XVKKZ","Schedule - Biosolids Annual Report","https://mienviro.michigan.gov/ncore/downloadpdf/3155049770956466046","F:\WWTP DOCUMENT DIVE\Cadillac_MiEnviro_2011-2026\documents\2021-01-28__3155049770956466046__Class B Pathogen Reduction and Site Res..pdf.pdf","Downloaded",""
"2018-09-19","DMR Summary - MI0020257 _08_01_2018_to_08_31_2018_V1.docx","DMR Summary Data for period 08/01/2018 - 08/31/2018_V1","Schedule - DMR Documents","3274353425299284275","WRD - NPDES","Permit","MI0020257 v5.1","NPDES Individual Permit","https://mienviro.michigan.gov/ncore/downloadpdf/3274353425299284275","F:\WWTP DOCUMENT DIVE\Cadillac_MiEnviro_2011-2026\documents\2018-09-19__3274353425299284275__DMR Summary - MI0020257 _08_01_2018_to_08_31_2018_V1.docx.pdf","Downloaded",""
"2025-03-05","Cadillac MAHL.msg","Comments on revised MAHL and proposed local limits.","Industrial Pretreatment Program (IPP)","3055689922791814885","WRD - NPDES","Application/Request","HPV-DHMB-MCAGV","Schedule - Submit MAHL and proposed local limits","https://mienviro.michigan.gov/ncore/downloadpdf/3055689922791814885","F:\WWTP DOCUMENT DIVE\Cadillac_MiEnviro_2011-2026\documents\2025-03-05__3055689922791814885__Cadillac MAHL.msg.pdf","Downloaded",""
"2023-08-22","2023 Cadillac WWTP CSI Final Sampling Report 082223.pdf","","NPDES Majors and Minors Evaluation","3176009271693558800","WRD - NPDES","Evaluation","E-11682","NPDES CSI-Conventionals Only (07/10/2023)","https://mienviro.michigan.gov/ncore/downloadpdf/3176009271693558800","F:\WWTP DOCUMENT DIVE\Cadillac_MiEnviro_2011-2026\documents\2023-08-22__3176009271693558800__2023 Cadillac WWTP CSI Final Sampling Report 082223.pdf.pdf","Downloaded",""
"2021-03-26","SIU-CIU_List.xlsx","nForm Document","Form Submission Attachments","3302861723882328898","WRD - NPDES","Application/Request","HP6-YDST-46BJ3","Schedule - Michigan Industrial Pretreatment Program (IPP) Annual Report","https://mienviro.michigan.gov/ncore/downloadpdf/3302861723882328898","F:\WWTP DOCUMENT DIVE\Cadillac_MiEnviro_2011-2026\documents\2021-03-26__3302861723882328898__SIU-CIU_List.xlsx.pdf","Downloaded",""
"2025-07-23","Biosolids audit transmittal (word).docx","","NPDES Biosolids Evaluation","3310026868931260439","WRD - NPDES","Evaluation","E-PP027995818650","Biosolids Audit (04/29/2025)","https://mienviro.michigan.gov/ncore/downloadpdf/3310026868931260439","F:\WWTP DOCUMENT DIVE\Cadillac_MiEnviro_2011-2026\documents\2025-07-23__3310026868931260439__Biosolids audit transmittal (word).docx.pdf","Downloaded",""
"2023-10-30","220922.biosolids.wHg.PACE.pdf","nForm Document","Form Submission Attachments","3295667852876068635","WRD - NPDES","Application/Request","HPY-PZSD-5P4KK","Schedule - Biosolids Annual Report","https://mienviro.michigan.gov/ncore/downloadpdf/3295667852876068635","F:\WWTP DOCUMENT DIVE\Cadillac_MiEnviro_2011-2026\documents\2023-10-30__3295667852876068635__220922.biosolids.wHg.PACE.pdf.pdf","Downloaded",""
"2023-04-25","NPDES Permit-FINAL_Cadillac WWTP.docx","","NPDES Individual Permit","3328442549855357227","WRD - NPDES","Permit","MI0020257 v7.0","NPDES Individual Permit","https://mienviro.michigan.gov/ncore/downloadpdf/3328442549855357227","F:\WWTP DOCUMENT DIVE\Cadillac_MiEnviro_2011-2026\documents\2023-04-25__3328442549855357227__NPDES Permit-FINAL_Cadillac WWTP.docx.pdf","Downloaded",""
"2024-01-02","EGLE WRD Notification of 2024 Biosolids Containing PFAS Interim Strategy - Important Update.msg","2024 RMP modification email","Misc Site Docs","3311213816207012155","n/a","Site","15637","Site","https://mienviro.michigan.gov/ncore/downloadpdf/3311213816207012155","F:\WWTP DOCUMENT DIVE\Cadillac_MiEnviro_2011-2026\documents\2024-01-02__3311213816207012155__EGLE WRD Notification of 2024 Biosolids Containing PFAS Interim Strategy - Important Update.msg.pdf","Downloaded",""
"2024-10-30","Mgt Practices Certification.doc","nForm Document","Form Submission Attachments","3365756924658739394","WRD - NPDES","Application/Request","HQ7-KAAW-2S9Y5","Schedule - Biosolids Annual Report","https://mienviro.michigan.gov/ncore/downloadpdf/3365756924658739394","F:\WWTP DOCUMENT DIVE\Cadillac_MiEnviro_2011-2026\documents\2024-10-30__3365756924658739394__Mgt Practices Certification.doc.pdf","Downloaded",""
"2022-11-09","22.10.Eff.PFAS.Fibertec.pdf","nForm Document","Form Submission Attachments","3335842116132403673","WRD - NPDES","Application/Request","HPP-2914-8S45C","Schedule - PFAS POTW Effluent Monitoring Report","https://mienviro.michigan.gov/ncore/downloadpdf/3335842116132403673","F:\WWTP DOCUMENT DIVE\Cadillac_MiEnviro_2011-2026\documents\2022-11-09__3335842116132403673__22.10.Eff.PFAS.Fibertec.pdf.pdf","Downloaded",""
"2018-05-08","IMG_0014-cas.JPG","taken during field inspection","NPDES Biosolids Evaluation","3366351575304018828","WRD - NPDES","Evaluation","E-DHWW-FYB-ZBN","Biosolids Audit (05/11/2018)","https://mienviro.michigan.gov/ncore/downloadpdf/3366351575304018828","F:\WWTP DOCUMENT DIVE\Cadillac_MiEnviro_2011-2026\documents\2018-05-08__3366351575304018828__IMG_0014-cas.JPG.pdf","Downloaded",""
"2023-06-12","2023-6-12 RE_ Cadillac IPP follow up.msg","Email to City of Cadillac and consultant regarding failure to submit expected response/","Water Quality VNs, SVNs, ENs","3372222984602268546","WRD - NPDES","Compliance Action","VN-012230","Violation Notice","https://mienviro.michigan.gov/ncore/downloadpdf/3372222984602268546","F:\WWTP DOCUMENT DIVE\Cadillac_MiEnviro_2011-2026\documents\2023-06-12__3372222984602268546__2023-6-12 RE_ Cadillac IPP follow up.msg.pdf","Downloaded",""
"2013-09-13","Pre-Inspection ReportLS.doc","Pre-Inspection ReportLS","Conversion - Eval","3428788513576669470","WRD - NPDES","Evaluation","E-CF37-78-F1CD","NPDES Compliance Evaluation Inspection (CEI) (09/30/2013)","https://mienviro.michigan.gov/ncore/downloadpdf/3428788513576669470","F:\WWTP DOCUMENT DIVE\Cadillac_MiEnviro_2011-2026\documents\2013-09-13__3428788513576669470__Pre-Inspection ReportLS.doc.pdf","Downloaded",""
"2023-11-15","MI0020257_2023-10-01_to_2023-10-31_DMR.pdf","","Schedule - DMR Documents","3424349290255103354","WRD - NPDES","Permit","MI0020257 v6.0","Schedule - DMR","https://mienviro.michigan.gov/ncore/downloadpdf/3424349290255103354","F:\WWTP DOCUMENT DIVE\Cadillac_MiEnviro_2011-2026\documents\2023-11-15__3424349290255103354__MI0020257_2023-10-01_to_2023-10-31_DMR.pdf.pdf","Downloaded",""
"2021-10-14","HPC-F6W0-X1G7P V1.pdf v1","2021 Biosolids PFAS Monitoring Report;","Misc. Application and Request Docs","3492103724352203543","WRD - NPDES","Application/Request","HPC-F6W0-X1G7P","Schedule - Biosolids PFAS Monitoring Report","https://mienviro.michigan.gov/ncore/downloadpdf/3492103724352203543","F:\WWTP DOCUMENT DIVE\Cadillac_MiEnviro_2011-2026\documents\2021-10-14__3492103724352203543__HPC-F6W0-X1G7P V1.pdf v1.pdf","Downloaded",""
"2018-07-30","Rec Boat PFAS Survey.pdf v1","Rec Boat PFAS Survey.pdf","Applicant Attachments","3440402819179881000","WRD - NPDES","Application/Request","HNF-P7H3-DCN87","Schedule - IPP PFAS Interim Report-1","https://mienviro.michigan.gov/ncore/downloadpdf/3440402819179881000","F:\WWTP DOCUMENT DIVE\Cadillac_MiEnviro_2011-2026\documents\2018-07-30__3440402819179881000__Rec Boat PFAS Survey.pdf v1.pdf","Downloaded",""
"2018-05-08","IMG_0030-cas.JPG","taken during field inspection","NPDES Biosolids Evaluation","3535436455339375991","WRD - NPDES","Evaluation","E-DHWW-FYB-ZBN","Biosolids Audit (05/11/2018)","https://mienviro.michigan.gov/ncore/downloadpdf/3535436455339375991","F:\WWTP DOCUMENT DIVE\Cadillac_MiEnviro_2011-2026\documents\2018-05-08__3535436455339375991__IMG_0030-cas.JPG.pdf","Downloaded",""
"2020-12-15","AAR RT categorical permit (002).docx","Submital Attachments","Form Submission Attachments","3516646527834417673","WRD - NPDES","Application/Request","HP5-16GH-VNKPV","Schedule - Submit revised draft CIU permit","https://mienviro.michigan.gov/ncore/downloadpdf/3516646527834417673","F:\WWTP DOCUMENT DIVE\Cadillac_MiEnviro_2011-2026\documents\2020-12-15__3516646527834417673__AAR RT categorical permit (002).docx.pdf","Downloaded",""
"2022-11-08","MI0020257_2022-05-01_to_2022-05-31_2_DMR.pdf","","Schedule - DMR Documents","3508116555321248913","WRD - NPDES","Permit","MI0020257 v6.0","Schedule - DMR","https://mienviro.michigan.gov/ncore/downloadpdf/3508116555321248913","F:\WWTP DOCUMENT DIVE\Cadillac_MiEnviro_2011-2026\documents\2022-11-08__3508116555321248913__MI0020257_2022-05-01_to_2022-05-31_2_DMR.pdf.pdf","Downloaded",""
"2019-02-22","J17993-1 UDS Level 2 Report Final Report.pdf","IPP PFAS Summ Rpt discussion documents","Industrial Pretreatment Program (IPP)","3500148599291228924","WRD - NPDES","Application/Request","HNJ-P0ZX-8AVDS","Schedule - IPP PFAS Summary Report","https://mienviro.michigan.gov/ncore/downloadpdf/3500148599291228924","F:\WWTP DOCUMENT DIVE\Cadillac_MiEnviro_2011-2026\documents\2019-02-22__3500148599291228924__J17993-1 UDS Level 2 Report Final Report.pdf.pdf","Downloaded",""
"2019-02-15","DMR Daily - MI0020257 _01_01_2019_to_01_31_2019_V1.docx","DMR Daily Data for period 01/01/2019 - 01/31/2019_V1","Schedule - DMR Documents","3607057625038900635","WRD - NPDES","Permit","MI0020257 v5.1","NPDES Individual Permit","https://mienviro.michigan.gov/ncore/downloadpdf/3607057625038900635","F:\WWTP DOCUMENT DIVE\Cadillac_MiEnviro_2011-2026\documents\2019-02-15__3607057625038900635__DMR Daily - MI0020257 _01_01_2019_to_01_31_2019_V1.docx.pdf","Downloaded",""
"2018-06-13","WQBEL Memo - Conventionals (WORD).docx","","Misc. NPDES Permit Docs","3628686366959490149","WRD - NPDES","Permit","MI0020257 v6.0","NPDES Individual Permit","https://mienviro.michigan.gov/ncore/downloadpdf/3628686366959490149","F:\WWTP DOCUMENT DIVE\Cadillac_MiEnviro_2011-2026\documents\2018-06-13__3628686366959490149__WQBEL Memo - Conventionals (WORD).docx.pdf","Downloaded",""
"2022-03-25","REC BOAT TRAILER.docx","nForm Document","Form Submission Attachments","3702501772031474881","WRD - NPDES","Application/Request","HPG-1ZSF-KC99G","Permit Change - National Pollutant Discharge Elimination System (NPDES) Municipal Application Form (Reissuance)","https://mienviro.michigan.gov/ncore/downloadpdf/3702501772031474881","F:\WWTP DOCUMENT DIVE\Cadillac_MiEnviro_2011-2026\documents\2022-03-25__3702501772031474881__REC BOAT TRAILER.docx.pdf","Downloaded",""
"2018-04-19","RE_ PFAS.msg","","Industrial Pretreatment Program (IPP)","3538327832857428719","n/a","Site","15637","Site","https://mienviro.michigan.gov/ncore/downloadpdf/3538327832857428719","F:\WWTP DOCUMENT DIVE\Cadillac_MiEnviro_2011-2026\documents\2018-04-19__3538327832857428719__RE_ PFAS.msg.pdf","Downloaded",""
"2016-08-02","2016_0802_Cadillac WWTP_DMR QA-36.pdf","District Scanned","NPDES Misc. Site Docs","3518176617040371250","n/a","Site","15637","Site","https://mienviro.michigan.gov/ncore/downloadpdf/3518176617040371250","F:\WWTP DOCUMENT DIVE\Cadillac_MiEnviro_2011-2026\documents\2016-08-02__3518176617040371250__2016_0802_Cadillac WWTP_DMR QA-36.pdf.pdf","Downloaded",""
"2022-10-28","210902.biosolids.HML.pdf","nForm Document","Form Submission Attachments","3713988856787110245","WRD - NPDES","Application/Request","HPN-5DCS-H4WTR","Schedule - Biosolids Annual Report","https://mienviro.michigan.gov/ncore/downloadpdf/3713988856787110245","F:\WWTP DOCUMENT DIVE\Cadillac_MiEnviro_2011-2026\documents\2022-10-28__3713988856787110245__210902.biosolids.HML.pdf.pdf","Downloaded",""
"2025-10-24","HQG-GKRH-8B37J_v2.pdf","September 2025 WWTP effluent PFAS sample result","Form Submission Attachments","3720641380305327115","WRD - NPDES","Application/Request","HQG-GKRH-8B37J","Schedule - PFAS POTW Effluent Monitoring Report","https://mienviro.michigan.gov/ncore/downloadpdf/3720641380305327115","F:\WWTP DOCUMENT DIVE\Cadillac_MiEnviro_2011-2026\documents\2025-10-24__3720641380305327115__HQG-GKRH-8B37J_v2.pdf.pdf","Downloaded",""
"2013-08-16","Cadillac WWTP Response to Comments.pdf","","Conversion - Compliance Action","3731373716033583448","WRD - NPDES","Permit","MI0020257 v5.0","NPDES Individual Permit","https://mienviro.michigan.gov/ncore/downloadpdf/3731373716033583448","F:\WWTP DOCUMENT DIVE\Cadillac_MiEnviro_2011-2026\documents\2013-08-16__3731373716033583448__Cadillac WWTP Response to Comments.pdf.pdf","Downloaded",""
"2015-10-30","2A6-E7TC-JQKM1.pdf v1","","Misc. Application and Request Docs","3772272341703184968","WRD - NPDES","Application/Request","2A6-E7TC-JQKM","Schedule - Biosolids Annual Report","https://mienviro.michigan.gov/ncore/downloadpdf/3772272341703184968","F:\WWTP DOCUMENT DIVE\Cadillac_MiEnviro_2011-2026\documents\2015-10-30__3772272341703184968__2A6-E7TC-JQKM1.pdf v1.pdf","Downloaded",""
"2018-07-30","2018 IPP Screening - Monitoring Plan.180627modif.pdf v1","2018 IPP Screening - Monitoring Plan.180627modif.pdf","Applicant Attachments","3843258762491556904","WRD - NPDES","Application/Request","HNF-P7H3-DCN87","Schedule - IPP PFAS Interim Report-1","https://mienviro.michigan.gov/ncore/downloadpdf/3843258762491556904","F:\WWTP DOCUMENT DIVE\Cadillac_MiEnviro_2011-2026\documents\2018-07-30__3843258762491556904__2018 IPP Screening - Monitoring Plan.180627modif.pdf v1.pdf","Downloaded",""
"2025-10-21","Biosolids Lab&Hauling Sheet Fall 2024.xlsx","nForm Document","Form Submission Attachments","3865716950995014409","WRD - NPDES","Application/Request","HQG-GM42-A2DBC","Schedule - Biosolids Annual Report","https://mienviro.michigan.gov/ncore/downloadpdf/3865716950995014409","F:\WWTP DOCUMENT DIVE\Cadillac_MiEnviro_2011-2026\documents\2025-10-21__3865716950995014409__Biosolids Lab&Hauling Sheet Fall 2024.xlsx.pdf","Downloaded",""
"2017-04-03","AVON 2 5th St Manhole.docx v1","AVON 2 5th St Manhole.docx","Applicant Attachments","3858403373487489303","WRD - NPDES","Application/Request","2Q7-HQ21-P66B","Permit Change - National Pollutant Discharge Elimination System (NPDES) Municipal Application Form (Reissuance)","https://mienviro.michigan.gov/ncore/downloadpdf/3858403373487489303","F:\WWTP DOCUMENT DIVE\Cadillac_MiEnviro_2011-2026\documents\2017-04-03__3858403373487489303__AVON 2 5th St Manhole.docx v1.pdf","Downloaded",""
"2024-06-14","HPS-A3KN-2FH30 v3.pdf","Submission PDF","Form Submission Attachments","3873970634705685549","WRD - NPDES","Application/Request","HPS-A3KN-2FH30","Schedule - Michigan Industrial Pretreatment Program (IPP) Annual Report","https://mienviro.michigan.gov/ncore/downloadpdf/3873970634705685549","F:\WWTP DOCUMENT DIVE\Cadillac_MiEnviro_2011-2026\documents\2024-06-14__3873970634705685549__HPS-A3KN-2FH30 v3.pdf.pdf","Downloaded",""
"2021-10-28","Lab Data Fall 2020.pdf","FY21 Total Solids Results-Fall hauling events; includes DTs per day.","Form Submission Attachments","3866537862984620121","WRD - NPDES","Application/Request","HPC-K20Z-68T3J","Schedule - Biosolids Annual Report","https://mienviro.michigan.gov/ncore/downloadpdf/3866537862984620121","F:\WWTP DOCUMENT DIVE\Cadillac_MiEnviro_2011-2026\documents\2021-10-28__3866537862984620121__Lab Data Fall 2020.pdf.pdf","Downloaded",""
"2024-10-30","TVS & 38% Reduction 2024.xlsx","nForm Document","Form Submission Attachments","3912111913383129866","WRD - NPDES","Application/Request","HQ7-KAAW-2S9Y5","Schedule - Biosolids Annual Report","https://mienviro.michigan.gov/ncore/downloadpdf/3912111913383129866","F:\WWTP DOCUMENT DIVE\Cadillac_MiEnviro_2011-2026\documents\2024-10-30__3912111913383129866__TVS & 38% Reduction 2024.xlsx.pdf","Downloaded",""
"2025-01-16","RE_ Cadillac MAHL - December 2024.msg","Response from Cadillac/F&V on comments to the Dec 2024 version of the MAHL.","Industrial Pretreatment Program (IPP)","3889729669385105688","WRD - NPDES","Application/Request","HPV-DHMB-MCAGV","Schedule - Submit MAHL and proposed local limits","https://mienviro.michigan.gov/ncore/downloadpdf/3889729669385105688","F:\WWTP DOCUMENT DIVE\Cadillac_MiEnviro_2011-2026\documents\2025-01-16__3889729669385105688__RE_ Cadillac MAHL - December 2024.msg.pdf","Downloaded",""
"2019-11-19","DMR Summary - MI0020257 _10_01_2019_to_10_31_2019_V1.docx","DMR Summary Data for period 10/01/2019 - 10/31/2019_V1","Schedule - DMR Documents","3937238601608414366","WRD - NPDES","Permit","MI0020257 v6.0","NPDES Individual Permit","https://mienviro.michigan.gov/ncore/downloadpdf/3937238601608414366","F:\WWTP DOCUMENT DIVE\Cadillac_MiEnviro_2011-2026\documents\2019-11-19__3937238601608414366__DMR Summary - MI0020257 _10_01_2019_to_10_31_2019_V1.docx.pdf","Downloaded",""
"2020-10-30","FY20 Lab Log-Solids and DTs-Fall 2019.pdf","Upload Actual Analytical Laboratory Data; Fall 19 Lab Data.pdf;","Form Submission Attachments","3940615118159600923","WRD - NPDES","Application/Request","HP3-HWDR-V8Y73","Schedule - Biosolids Annual Report","https://mienviro.michigan.gov/ncore/downloadpdf/3940615118159600923","F:\WWTP DOCUMENT DIVE\Cadillac_MiEnviro_2011-2026\documents\2020-10-30__3940615118159600923__FY20 Lab Log-Solids and DTs-Fall 2019.pdf.pdf","Downloaded",""
"2025-04-16","854440 Cadillac MAHL Report April 2025 - Final Combined.pdf","","Industrial Pretreatment Program (IPP)","3814413274055356023","WRD - NPDES","Application/Request","HPV-DHMB-MCAGV","Schedule - Submit MAHL and proposed local limits","https://mienviro.michigan.gov/ncore/downloadpdf/3814413274055356023","F:\WWTP DOCUMENT DIVE\Cadillac_MiEnviro_2011-2026\documents\2025-04-16__3814413274055356023__854440 Cadillac MAHL Report April 2025 - Final Combined.pdf.pdf","Downloaded",""
"2011-02-04","Cadillac WWTP BOD.pdf","","Conversion - Application / Request","4014902657079641517","WRD - NPDES","Evaluation","E-3F12-26-C65D","CSI-Conventionals Only (02/03/2011)","https://mienviro.michigan.gov/ncore/downloadpdf/4014902657079641517","F:\WWTP DOCUMENT DIVE\Cadillac_MiEnviro_2011-2026\documents\2011-02-04__4014902657079641517__Cadillac WWTP BOD.pdf.pdf","Downloaded",""
"2013-08-16","Cadillac WWTP PPN Comments.pdf","","Conversion - Compliance Action","4017018463330352813","WRD - NPDES","Permit","MI0020257 v5.0","NPDES Individual Permit","https://mienviro.michigan.gov/ncore/downloadpdf/4017018463330352813","F:\WWTP DOCUMENT DIVE\Cadillac_MiEnviro_2011-2026\documents\2013-08-16__4017018463330352813__Cadillac WWTP PPN Comments.pdf.pdf","Downloaded",""
"2020-10-22","2020-10-22 VN-011108 Cadillac WWTP.pdf","","Industrial Pretreatment Program (IPP)","4001861427588441034","WRD - NPDES","Compliance Action","VN-011108","Violation Notice","https://mienviro.michigan.gov/ncore/downloadpdf/4001861427588441034","F:\WWTP DOCUMENT DIVE\Cadillac_MiEnviro_2011-2026\documents\2020-10-22__4001861427588441034__2020-10-22 VN-011108 Cadillac WWTP.pdf.pdf","Downloaded",""
"2017-04-03","Plant Brochure.pdf v1","Plant Brochure.pdf","Applicant Attachments","3937714205518051674","WRD - NPDES","Application/Request","2Q7-HQ21-P66B","Permit Change - National Pollutant Discharge Elimination System (NPDES) Municipal Application Form (Reissuance)","https://mienviro.michigan.gov/ncore/downloadpdf/3937714205518051674","F:\WWTP DOCUMENT DIVE\Cadillac_MiEnviro_2011-2026\documents\2017-04-03__3937714205518051674__Plant Brochure.pdf v1.pdf","Downloaded",""
"2013-05-23","Issued Letter - Individual Permit.doc","Issued Letter - Individual Permit","Conversion - Permit","4068333476844843234","WRD - NPDES","Permit","MI0020257 v5.0","NPDES Individual Permit","https://mienviro.michigan.gov/ncore/downloadpdf/4068333476844843234","F:\WWTP DOCUMENT DIVE\Cadillac_MiEnviro_2011-2026\documents\2013-05-23__4068333476844843234__Issued Letter - Individual Permit.doc.pdf","Downloaded",""
"2018-10-15","RE_ Cadillac WWTP - IPP PFAS Interim Report Review1.msg","IPP PFAS Interim Rpt discussion correspondence","Industrial Pretreatment Program (IPP)","4248551297065010540","WRD - NPDES","Application/Request","HNF-P7H3-DCN87","Schedule - IPP PFAS Interim Report-1","","","No download link",""
"2018-09-24","Cadillac WWTP Letter to DEQ - Biosolids Incorporation.pdf","came w/ email from facility operator","NPDES Biosolids Site Docs","4078388779723838203","n/a","Site","15637","Site","https://mienviro.michigan.gov/ncore/downloadpdf/4078388779723838203","F:\WWTP DOCUMENT DIVE\Cadillac_MiEnviro_2011-2026\documents\2018-09-24__4078388779723838203__Cadillac WWTP Letter to DEQ - Biosolids Incorporation.pdf.pdf","Downloaded",""
"2017-04-03","AAR Rinse Tank.docx v1","AAR Rinse Tank.docx","Applicant Attachments","4079635351094952055","WRD - NPDES","Application/Request","2Q7-HQ21-P66B","Permit Change - National Pollutant Discharge Elimination System (NPDES) Municipal Application Form (Reissuance)","https://mienviro.michigan.gov/ncore/downloadpdf/4079635351094952055","F:\WWTP DOCUMENT DIVE\Cadillac_MiEnviro_2011-2026\documents\2017-04-03__4079635351094952055__AAR Rinse Tank.docx v1.pdf","Downloaded",""
"2025-08-01","250716.biosolids.PFAS.Merit.PDF","nForm Document","Form Submission Attachments","3982269381461444704","WRD - NPDES","Application/Request","HQE-GX1V-TH10E","Schedule - Biosolids PFAS Monitoring Report","https://mienviro.michigan.gov/ncore/downloadpdf/3982269381461444704","F:\WWTP DOCUMENT DIVE\Cadillac_MiEnviro_2011-2026\documents\2025-08-01__3982269381461444704__250716.biosolids.PFAS.Merit.PDF.pdf","Downloaded",""
"2018-07-30","Spencer Plastic PFAS Survey.pdf v1","Spencer Plastic PFAS Survey.pdf","Applicant Attachments","4128855838564109461","WRD - NPDES","Application/Request","HNF-P7H3-DCN87","Schedule - IPP PFAS Interim Report-1","https://mienviro.michigan.gov/ncore/downloadpdf/4128855838564109461","F:\WWTP DOCUMENT DIVE\Cadillac_MiEnviro_2011-2026\documents\2018-07-30__4128855838564109461__Spencer Plastic PFAS Survey.pdf v1.pdf","Downloaded",""
"2018-05-08","IMG_0015-cas.JPG","taken during field inspection","NPDES Biosolids Evaluation","4102871430425855324","WRD - NPDES","Evaluation","E-DHWW-FYB-ZBN","Biosolids Audit (05/11/2018)","https://mienviro.michigan.gov/ncore/downloadpdf/4102871430425855324","F:\WWTP DOCUMENT DIVE\Cadillac_MiEnviro_2011-2026\documents\2018-05-08__4102871430425855324__IMG_0015-cas.JPG.pdf","Downloaded",""
"2025-10-21","250317.biosolids.chem.PACE.pdf","nForm Document","Form Submission Attachments","4091057910215997032","WRD - NPDES","Application/Request","HQG-GM42-A2DBC","Schedule - Biosolids Annual Report","https://mienviro.michigan.gov/ncore/downloadpdf/4091057910215997032","F:\WWTP DOCUMENT DIVE\Cadillac_MiEnviro_2011-2026\documents\2025-10-21__4091057910215997032__250317.biosolids.chem.PACE.pdf.pdf","Downloaded",""
"2018-10-29","FY18 As Applied 21N09W19-TC01.pdf v1","As Applied 21N9W19TC01.pdf","Applicant Attachments","4146064223203263226","WRD - NPDES","Application/Request","HNH-M790-67ZPK","Schedule - Biosolids Annual Report","https://mienviro.michigan.gov/ncore/downloadpdf/4146064223203263226","F:\WWTP DOCUMENT DIVE\Cadillac_MiEnviro_2011-2026\documents\2018-10-29__4146064223203263226__FY18 As Applied 21N09W19-TC01.pdf v1.pdf","Downloaded",""
"2018-05-08","IMG951506.jpg","came w/ email (loading up)","NPDES Biosolids Evaluation","4140922109563058919","WRD - NPDES","Evaluation","E-DHWW-FYB-ZBN","Biosolids Audit (05/11/2018)","https://mienviro.michigan.gov/ncore/downloadpdf/4140922109563058919","F:\WWTP DOCUMENT DIVE\Cadillac_MiEnviro_2011-2026\documents\2018-05-08__4140922109563058919__IMG951506.jpg.pdf","Downloaded",""
"2025-08-26","Inspection Report.docx","","Inspection Report","4163983663567910122","WRD - NPDES","Evaluation","E-PN533182730332","Biosolids Site Inspection (04/29/2025)","https://mienviro.michigan.gov/ncore/downloadpdf/4163983663567910122","F:\WWTP DOCUMENT DIVE\Cadillac_MiEnviro_2011-2026\documents\2025-08-26__4163983663567910122__Inspection Report.docx.pdf","Downloaded",""
"2019-03-20","POTW_Oversight_Table.xlsx v1","1. Please upload a table with compliance and enforcement information for each SIU/CIU reported. A template for the table is provided above.","Applicant Attachments","4259306752911727975","WRD - NPDES","Application/Request","HNN-0QFE-AG22Q","Schedule - Michigan Industrial Pretreatment Program (IPP) Annual Report","https://mienviro.michigan.gov/ncore/downloadpdf/4259306752911727975","F:\WWTP DOCUMENT DIVE\Cadillac_MiEnviro_2011-2026\documents\2019-03-20__4259306752911727975__POTW_Oversight_Table.xlsx v1.pdf","Downloaded",""
"2025-03-27","POTW Monitoring Data Summary 2024.xlsx","nForm Document","Form Submission Attachments","4202406131478727568","WRD - NPDES","Application/Request","HQB-BNKM-1SC3Q","Schedule - Michigan Industrial Pretreatment Program (IPP) Annual Report","https://mienviro.michigan.gov/ncore/downloadpdf/4202406131478727568","F:\WWTP DOCUMENT DIVE\Cadillac_MiEnviro_2011-2026\documents\2025-03-27__4202406131478727568__POTW Monitoring Data Summary 2024.xlsx.pdf","Downloaded",""
"2025-01-15","HQ7-KAAW-2S9Y5_v2.pdf","Submission PDF","Form Submission Attachments","4156681419211944636","WRD - NPDES","Application/Request","HQ7-KAAW-2S9Y5","Schedule - Biosolids Annual Report","https://mienviro.michigan.gov/ncore/downloadpdf/4156681419211944636","F:\WWTP DOCUMENT DIVE\Cadillac_MiEnviro_2011-2026\documents\2025-01-15__4156681419211944636__HQ7-KAAW-2S9Y5_v2.pdf.pdf","Downloaded",""
"2021-09-16","MI0020257_2021-08-01_to_2021-08-31_DMR.pdf","","Schedule - DMR Documents","4261245958963501496","WRD - NPDES","Permit","MI0020257 v6.0","Schedule - DMR","https://mienviro.michigan.gov/ncore/downloadpdf/4261245958963501496","F:\WWTP DOCUMENT DIVE\Cadillac_MiEnviro_2011-2026\documents\2021-09-16__4261245958963501496__MI0020257_2021-08-01_to_2021-08-31_DMR.pdf.pdf","Downloaded",""
"2022-03-25","PIRANHA.docx","nForm Document","Form Submission Attachments","4297122055300226205","WRD - NPDES","Application/Request","HPG-1ZSF-KC99G","Permit Change - National Pollutant Discharge Elimination System (NPDES) Municipal Application Form (Reissuance)","https://mienviro.michigan.gov/ncore/downloadpdf/4297122055300226205","F:\WWTP DOCUMENT DIVE\Cadillac_MiEnviro_2011-2026\documents\2022-03-25__4297122055300226205__PIRANHA.docx.pdf","Downloaded",""
"2020-04-03","EM-Documentation needed to continue the RMP Mod Review.msg","EGLE to WWTP","Misc. Submittal Docs","4306864775266012666","WRD - NPDES","Application/Request","HNX-E8Q7-TQ4BF","Schedule - Biosolids Residuals Management Program (RMP) Submittal or Modification","https://mienviro.michigan.gov/ncore/downloadpdf/4306864775266012666","F:\WWTP DOCUMENT DIVE\Cadillac_MiEnviro_2011-2026\documents\2020-04-03__4306864775266012666__EM-Documentation needed to continue the RMP Mod Review.msg.pdf","Downloaded",""
"2025-03-19","HQB-6T2F-9M76H_v1.pdf","Submission PDF","Form Submission Attachments","4282924020073135452","WRD - NPDES","Application/Request","HQB-6T2F-9M76H","Schedule - Biosolids PFAS Monitoring Report","https://mienviro.michigan.gov/ncore/downloadpdf/4282924020073135452","F:\WWTP DOCUMENT DIVE\Cadillac_MiEnviro_2011-2026\documents\2025-03-19__4282924020073135452__HQB-6T2F-9M76H_v1.pdf.pdf","Downloaded",""
"2018-05-08","Pace Biosolids 3-28-2018 Sampling results.pdf","came w/ email (VOCs, metals, nutrients, etc.)","NPDES Biosolids Evaluation","4273878836246250660","WRD - NPDES","Evaluation","E-DHWW-FYB-ZBN","Biosolids Audit (05/11/2018)","https://mienviro.michigan.gov/ncore/downloadpdf/4273878836246250660","F:\WWTP DOCUMENT DIVE\Cadillac_MiEnviro_2011-2026\documents\2018-05-08__4273878836246250660__Pace Biosolids 3-28-2018 Sampling results.pdf.pdf","Downloaded",""
"2025-10-21","MI0020257_2024-10-01_to_2025-09-30_DMR.pdf","","Schedule - DMR Documents","4308176365419696393","WRD - NPDES","Permit","MI0020257 v7.0","Schedule - DMR","https://mienviro.michigan.gov/ncore/downloadpdf/4308176365419696393","F:\WWTP DOCUMENT DIVE\Cadillac_MiEnviro_2011-2026\documents\2025-10-21__4308176365419696393__MI0020257_2024-10-01_to_2025-09-30_DMR.pdf.pdf","Downloaded",""
"2018-01-30","WQBELBiologistFactSheet_MI0020257_1-30-2018.pdf","WQBEL Biologist Recommendations Fact/Decision Sheet","Misc. Application and Request Docs","4396568221413786777","WRD - NPDES","Application/Request","2Q7-HQ21-P66B","Permit Change - National Pollutant Discharge Elimination System (NPDES) Municipal Application Form (Reissuance)","https://mienviro.michigan.gov/ncore/downloadpdf/4396568221413786777","F:\WWTP DOCUMENT DIVE\Cadillac_MiEnviro_2011-2026\documents\2018-01-30__4396568221413786777__WQBELBiologistFactSheet_MI0020257_1-30-2018.pdf.pdf","Downloaded",""
"2020-03-24","POTW_Oversight_Table 2019.xlsx","nForm Document","Form Submission Attachments","4473589058410684374","WRD - NPDES","Application/Request","HNY-0A3C-HVRY7","Schedule - Michigan Industrial Pretreatment Program (IPP) Annual Report","https://mienviro.michigan.gov/ncore/downloadpdf/4473589058410684374","F:\WWTP DOCUMENT DIVE\Cadillac_MiEnviro_2011-2026\documents\2020-03-24__4473589058410684374__POTW_Oversight_Table 2019.xlsx.pdf","Downloaded",""
"2023-06-12","2023-06-12 RE_ Cadillac IPP follow up.msg","POTW response - late submittal.","Industrial Pretreatment Program (IPP)","4352999731468470130","WRD - NPDES","Compliance Action","VN-012230","Violation Notice","https://mienviro.michigan.gov/ncore/downloadpdf/4352999731468470130","F:\WWTP DOCUMENT DIVE\Cadillac_MiEnviro_2011-2026\documents\2023-06-12__4352999731468470130__2023-06-12 RE_ Cadillac IPP follow up.msg.pdf","Downloaded",""
"2022-04-14","2022-04-14 MAHL Plan Review - Cadillac WWTP.pdf","","Industrial Pretreatment Program (IPP)","4323816041620336930","WRD - NPDES","Compliance Action","VN-012230","Violation Notice","https://mienviro.michigan.gov/ncore/downloadpdf/4323816041620336930","F:\WWTP DOCUMENT DIVE\Cadillac_MiEnviro_2011-2026\documents\2022-04-14__4323816041620336930__2022-04-14 MAHL Plan Review - Cadillac WWTP.pdf.pdf","Downloaded",""
"2022-09-30","Cadillac WWTP MI0020257 2022 CEI Transmittal and CC004335 093022.msg","","NPDES Majors and Minors Evaluation","4402276834753335923","WRD - NPDES","Evaluation","E-NCAY-4M8R-FG93","NPDES Compliance Evaluation Inspection (CEI) (09/27/2022)","https://mienviro.michigan.gov/ncore/downloadpdf/4402276834753335923","F:\WWTP DOCUMENT DIVE\Cadillac_MiEnviro_2011-2026\documents\2022-09-30__4402276834753335923__Cadillac WWTP MI0020257 2022 CEI Transmittal and CC004335 093022.msg.pdf","Downloaded",""
"2020-10-30","FY20 Applier Certification-Class B Pathogen Reduction and Site Restrictions.pdf","Pathogen reduction documentation; Class B Pathogen Reduction and Site Res..pdf;","Form Submission Attachments","4435118231646965674","WRD - NPDES","Application/Request","HP3-HWDR-V8Y73","Schedule - Biosolids Annual Report","https://mienviro.michigan.gov/ncore/downloadpdf/4435118231646965674","F:\WWTP DOCUMENT DIVE\Cadillac_MiEnviro_2011-2026\documents\2020-10-30__4435118231646965674__FY20 Applier Certification-Class B Pathogen Reduction and Site Restrictions.pdf.pdf","Downloaded",""
"2019-05-17","DMR Daily - MI0020257 _04_01_2019_to_04_30_2019_V1.docx","DMR Daily Data for period 04/01/2019 - 04/30/2019_V1","Schedule - DMR Documents","4475763418117927021","WRD - NPDES","Permit","MI0020257 v5.1","NPDES Individual Permit","https://mienviro.michigan.gov/ncore/downloadpdf/4475763418117927021","F:\WWTP DOCUMENT DIVE\Cadillac_MiEnviro_2011-2026\documents\2019-05-17__4475763418117927021__DMR Daily - MI0020257 _04_01_2019_to_04_30_2019_V1.docx.pdf","Downloaded",""
"2018-11-13","DMR Daily - MI0020257 _10_01_2018_to_10_31_2018_V1.docx","DMR Daily Data for period 10/01/2018 - 10/31/2018_V1","Schedule - DMR Documents","4483220564335637102","WRD - NPDES","Permit","MI0020257 v5.1","NPDES Individual Permit","https://mienviro.michigan.gov/ncore/downloadpdf/4483220564335637102","F:\WWTP DOCUMENT DIVE\Cadillac_MiEnviro_2011-2026\documents\2018-11-13__4483220564335637102__DMR Daily - MI0020257 _10_01_2018_to_10_31_2018_V1.docx.pdf","Downloaded",""
"2025-09-04","City of Cadillac CEI Response.pdf","","Water Quality Compliance Communication Docs","4478858756949736661","WRD - NPDES","Compliance Action","CC-006510","Compliance Communication","https://mienviro.michigan.gov/ncore/downloadpdf/4478858756949736661","F:\WWTP DOCUMENT DIVE\Cadillac_MiEnviro_2011-2026\documents\2025-09-04__4478858756949736661__City of Cadillac CEI Response.pdf.pdf","Downloaded",""
"2019-09-11","DMR Summary - MI0020257 _08_01_2019_to_08_31_2019_V1.docx","DMR Summary Data for period 08/01/2019 - 08/31/2019_V1","Schedule - DMR Documents","4485625990892266465","WRD - NPDES","Permit","MI0020257 v5.1","NPDES Individual Permit","https://mienviro.michigan.gov/ncore/downloadpdf/4485625990892266465","F:\WWTP DOCUMENT DIVE\Cadillac_MiEnviro_2011-2026\documents\2019-09-11__4485625990892266465__DMR Summary - MI0020257 _08_01_2019_to_08_31_2019_V1.docx.pdf","Downloaded",""
"2023-03-02","220308.biosolids.PACE.pdf","nForm Document","Form Submission Attachments","4481898124785245370","WRD - NPDES","Application/Request","HPR-V2MX-EVFMF","Schedule - Pollutant Minimization Program (PMP) Annual Report","https://mienviro.michigan.gov/ncore/downloadpdf/4481898124785245370","F:\WWTP DOCUMENT DIVE\Cadillac_MiEnviro_2011-2026\documents\2023-03-02__4481898124785245370__220308.biosolids.PACE.pdf.pdf","Downloaded",""
"2022-10-28","TVS & 38% Reduction 2022.xlsx","nForm Document","Form Submission Attachments","4512040073876093266","WRD - NPDES","Application/Request","HPN-5DCS-H4WTR","Schedule - Biosolids Annual Report","https://mienviro.michigan.gov/ncore/downloadpdf/4512040073876093266","F:\WWTP DOCUMENT DIVE\Cadillac_MiEnviro_2011-2026\documents\2022-10-28__4512040073876093266__TVS & 38% Reduction 2022.xlsx.pdf","Downloaded",""
"2018-03-28","SIU-CIU_List.xlsx v1","SIU-CIU_List.xlsx","Applicant Attachments","4593201925321274393","WRD - NPDES","Application/Request","HNB-J69X-W1FHA","Schedule - Michigan Industrial Pretreatment Program Annual Report","https://mienviro.michigan.gov/ncore/downloadpdf/4593201925321274393","F:\WWTP DOCUMENT DIVE\Cadillac_MiEnviro_2011-2026\documents\2018-03-28__4593201925321274393__SIU-CIU_List.xlsx v1.pdf","Downloaded",""
"2019-10-16","DMR Summary - MI0020257 _09_01_2019_to_09_30_2019_V1.docx","DMR Summary Data for period 09/01/2019 - 09/30/2019_V1","Schedule - DMR Documents","4629793855295452425","WRD - NPDES","Permit","MI0020257 v6.0","NPDES Individual Permit","https://mienviro.michigan.gov/ncore/downloadpdf/4629793855295452425","F:\WWTP DOCUMENT DIVE\Cadillac_MiEnviro_2011-2026\documents\2019-10-16__4629793855295452425__DMR Summary - MI0020257 _09_01_2019_to_09_30_2019_V1.docx.pdf","Downloaded",""
"2026-05-04","2026 Cadillac WWTP Biosolids PFAS Letter.msg","","Misc. Submittal Docs","4573335286633922747","WRD - NPDES","Application/Request","HQM-0Z2W-CZ7GW","Schedule - Biosolids PFAS Monitoring Report","https://mienviro.michigan.gov/ncore/downloadpdf/4573335286633922747","F:\WWTP DOCUMENT DIVE\Cadillac_MiEnviro_2011-2026\documents\2026-05-04__4573335286633922747__2026 Cadillac WWTP Biosolids PFAS Letter.msg.pdf","Downloaded",""
"2017-04-03","NPDES.pdf v1","NPDES.pdf","Applicant Attachments","4641308164668318184","WRD - NPDES","Application/Request","2Q7-HQ21-P66B","Permit Change - National Pollutant Discharge Elimination System (NPDES) Municipal Application Form (Reissuance)","https://mienviro.michigan.gov/ncore/downloadpdf/4641308164668318184","F:\WWTP DOCUMENT DIVE\Cadillac_MiEnviro_2011-2026\documents\2017-04-03__4641308164668318184__NPDES.pdf v1.pdf","Downloaded",""
"2024-07-02","HQ4-SQ4J-259F6 v2.pdf","Submission PDF","Form Submission Attachments","4670973250636877518","WRD - NPDES","Application/Request","HQ4-SQ4J-259F6","Schedule - PFAS POTW Effluent Monitoring Report","https://mienviro.michigan.gov/ncore/downloadpdf/4670973250636877518","F:\WWTP DOCUMENT DIVE\Cadillac_MiEnviro_2011-2026\documents\2024-07-02__4670973250636877518__HQ4-SQ4J-259F6 v2.pdf.pdf","Downloaded",""
"2023-03-02","List of Potential Mercury Sources 2022.doc","nForm Document","Form Submission Attachments","4645671508185599697","WRD - NPDES","Application/Request","HPR-V2MX-EVFMF","Schedule - Pollutant Minimization Program (PMP) Annual Report","https://mienviro.michigan.gov/ncore/downloadpdf/4645671508185599697","F:\WWTP DOCUMENT DIVE\Cadillac_MiEnviro_2011-2026\documents\2023-03-02__4645671508185599697__List of Potential Mercury Sources 2022.doc.pdf","Downloaded",""
"2016-12-06","DMRQA 36.Cadillac WWTP.pdf","","NPDES Misc. Site Docs","4594408055865795856","n/a","Site","15637","Site","https://mienviro.michigan.gov/ncore/downloadpdf/4594408055865795856","F:\WWTP DOCUMENT DIVE\Cadillac_MiEnviro_2011-2026\documents\2016-12-06__4594408055865795856__DMRQA 36.Cadillac WWTP.pdf.pdf","Downloaded",""
"2013-08-14","2013_0814_Cadillac WWTP_DMR QA-33.pdf","District Scanned","NPDES Misc. Site Docs","4611196213415728235","n/a","Site","15637","Site","https://mienviro.michigan.gov/ncore/downloadpdf/4611196213415728235","F:\WWTP DOCUMENT DIVE\Cadillac_MiEnviro_2011-2026\documents\2013-08-14__4611196213415728235__2013_0814_Cadillac WWTP_DMR QA-33.pdf.pdf","Downloaded",""
"2023-10-30","230413.biosolids.pathogens.HML.pdf","nForm Document","Form Submission Attachments","4645414317850651588","WRD - NPDES","Application/Request","HPY-PZSD-5P4KK","Schedule - Biosolids Annual Report","https://mienviro.michigan.gov/ncore/downloadpdf/4645414317850651588","F:\WWTP DOCUMENT DIVE\Cadillac_MiEnviro_2011-2026\documents\2023-10-30__4645414317850651588__230413.biosolids.pathogens.HML.pdf.pdf","Downloaded",""
"2019-10-28","DMR Summary - MI0020257 _10_01_2018_to_09_30_2019_V1.docx","DMR Summary Data for period 10/01/2018 - 09/30/2019_V1","Schedule - DMR Documents","4671505331506101645","WRD - NPDES","Permit","MI0020257 v6.0","NPDES Individual Permit","https://mienviro.michigan.gov/ncore/downloadpdf/4671505331506101645","F:\WWTP DOCUMENT DIVE\Cadillac_MiEnviro_2011-2026\documents\2019-10-28__4671505331506101645__DMR Summary - MI0020257 _10_01_2018_to_09_30_2019_V1.docx.pdf","Downloaded",""
"2019-04-12","FW Paragon WO 207982 Final Report Result Inquiry.msg","Bis(2-ethylhexyl)phthalate Lab Report","NPDES Application Docs","4675487346975424931","WRD - NPDES","Application/Request","2Q7-HQ21-P66B","Permit Change - National Pollutant Discharge Elimination System (NPDES) Municipal Application Form (Reissuance)","https://mienviro.michigan.gov/ncore/downloadpdf/4675487346975424931","F:\WWTP DOCUMENT DIVE\Cadillac_MiEnviro_2011-2026\documents\2019-04-12__4675487346975424931__FW Paragon WO 207982 Final Report Result Inquiry.msg.pdf","Downloaded",""
"2026-06-17","26.05.PFAS.EDD.Pace.xlsx","May 2026 WWTP effluent PFAS sample results","Form Submission Attachments","4681107026027633042","WRD - NPDES","Application/Request","HQP-CM46-C1C5E","Schedule - PFAS POTW Effluent Monitoring Report","https://mienviro.michigan.gov/ncore/downloadpdf/4681107026027633042","F:\WWTP DOCUMENT DIVE\Cadillac_MiEnviro_2011-2026\documents\2026-06-17__4681107026027633042__26.05.PFAS.EDD.Pace.xlsx.pdf","Downloaded",""
"2025-11-24","2510354 FINAL EGLE Excel 24 Nov 25 1129.xls","","Misc. NPDES Evaluation Docs","4688361025082182327","WRD - NPDES","Evaluation","E-PP960227970222","Sampling Only (Toxics) (10/22/2025)","https://mienviro.michigan.gov/ncore/downloadpdf/4688361025082182327","F:\WWTP DOCUMENT DIVE\Cadillac_MiEnviro_2011-2026\documents\2025-11-24__4688361025082182327__2510354 FINAL EGLE Excel 24 Nov 25 1129.xls.pdf","Downloaded",""
"2019-12-06","Cadillac WWTP MI0020257 IPP PFAS Dec 2019 Status.pdf","","Industrial Pretreatment Program (IPP)","4764663275834837536","n/a","Site","15637","Site","https://mienviro.michigan.gov/ncore/downloadpdf/4764663275834837536","F:\WWTP DOCUMENT DIVE\Cadillac_MiEnviro_2011-2026\documents\2019-12-06__4764663275834837536__Cadillac WWTP MI0020257 IPP PFAS Dec 2019 Status.pdf.pdf","Downloaded",""
"2018-09-20","Additional Email Correspondence_Chlorine and UV Inquiry.msg","","Misc. NPDES Permit Docs","4781418742612633433","WRD - NPDES","Permit","MI0020257 v6.0","NPDES Individual Permit","https://mienviro.michigan.gov/ncore/downloadpdf/4781418742612633433","F:\WWTP DOCUMENT DIVE\Cadillac_MiEnviro_2011-2026\documents\2018-09-20__4781418742612633433__Additional Email Correspondence_Chlorine and UV Inquiry.msg.pdf","Downloaded",""
"2021-09-22","Inspection Report.docx","","Inspection Report","4774476861127196487","WRD - NPDES","Evaluation","E-3H7H-JCYN-ZXB","Pretreatment Compliance Inspection (08/18/2021)","https://mienviro.michigan.gov/ncore/downloadpdf/4774476861127196487","F:\WWTP DOCUMENT DIVE\Cadillac_MiEnviro_2011-2026\documents\2021-09-22__4774476861127196487__Inspection Report.docx.pdf","Downloaded",""
"2018-04-17","Cadillac WWTP Fecal Method email 041718.msg","","NPDES Misc. Site Docs","4841671392581047597","n/a","Site","15637","Site","https://mienviro.michigan.gov/ncore/downloadpdf/4841671392581047597","F:\WWTP DOCUMENT DIVE\Cadillac_MiEnviro_2011-2026\documents\2018-04-17__4841671392581047597__Cadillac WWTP Fecal Method email 041718.msg.pdf","Downloaded",""
"2014-10-21","56545 Pre-Inspection Report.pdf","","Conversion - Application / Request","4833597761643264099","WRD - NPDES","Evaluation","E-832F-E9-D657","NPDES CSI-Toxics (10/14/2014)","https://mienviro.michigan.gov/ncore/downloadpdf/4833597761643264099","F:\WWTP DOCUMENT DIVE\Cadillac_MiEnviro_2011-2026\documents\2014-10-21__4833597761643264099__56545 Pre-Inspection Report.pdf.pdf","Downloaded",""
"2012-03-26","Cadillac WWTP Test Results.pdf","","Conversion - Compliance Action","4716295422139915510","WRD - NPDES","Permit","MI0020257 v5.0","NPDES Individual Permit","https://mienviro.michigan.gov/ncore/downloadpdf/4716295422139915510","F:\WWTP DOCUMENT DIVE\Cadillac_MiEnviro_2011-2026\documents\2012-03-26__4716295422139915510__Cadillac WWTP Test Results.pdf.pdf","Downloaded",""
"2017-01-19","DMR Daily - MI0020257 _12_01_2016_to_12_31_2016_V1.docx","DMR Daily Data for period 12/01/2016 - 12/31/2016_V1","Schedule - DMR Documents","4872492887140551247","WRD - NPDES","Permit","MI0020257 v5.1","NPDES Individual Permit","https://mienviro.michigan.gov/ncore/downloadpdf/4872492887140551247","F:\WWTP DOCUMENT DIVE\Cadillac_MiEnviro_2011-2026\documents\2017-01-19__4872492887140551247__DMR Daily - MI0020257 _12_01_2016_to_12_31_2016_V1.docx.pdf","Downloaded",""
"2024-11-19","MI0020257_2024-10-01_to_2024-10-31_DMR.pdf","","Schedule - DMR Documents","4861022496716362318","WRD - NPDES","Permit","MI0020257 v7.0","Schedule - DMR","https://mienviro.michigan.gov/ncore/downloadpdf/4861022496716362318","F:\WWTP DOCUMENT DIVE\Cadillac_MiEnviro_2011-2026\documents\2024-11-19__4861022496716362318__MI0020257_2024-10-01_to_2024-10-31_DMR.pdf.pdf","Downloaded",""
"2022-07-20","MI0020257_2022-06-01_to_2022-06-30_DMR.pdf","","Schedule - DMR Documents","4870446819837315901","WRD - NPDES","Permit","MI0020257 v6.0","Schedule - DMR","https://mienviro.michigan.gov/ncore/downloadpdf/4870446819837315901","F:\WWTP DOCUMENT DIVE\Cadillac_MiEnviro_2011-2026\documents\2022-07-20__4870446819837315901__MI0020257_2022-06-01_to_2022-06-30_DMR.pdf.pdf","Downloaded",""
"2023-12-27","23.10.Eff.PFAS.PACE.pdf","nForm Document","Form Submission Attachments","4818593718558488586","WRD - NPDES","Application/Request","HQ0-715X-88YTN","Schedule - PFAS POTW Effluent Monitoring Report","https://mienviro.michigan.gov/ncore/downloadpdf/4818593718558488586","F:\WWTP DOCUMENT DIVE\Cadillac_MiEnviro_2011-2026\documents\2023-12-27__4818593718558488586__23.10.Eff.PFAS.PACE.pdf.pdf","Downloaded",""
"2021-01-25","EM-CPLR Notification examples.msg","EGLE to WWTP Oper.","Misc. Submittal Docs","4873548006900359851","WRD - NPDES","Application/Request","HNT-5SPH-XVKKZ","Schedule - Biosolids Annual Report","https://mienviro.michigan.gov/ncore/downloadpdf/4873548006900359851","F:\WWTP DOCUMENT DIVE\Cadillac_MiEnviro_2011-2026\documents\2021-01-25__4873548006900359851__EM-CPLR Notification examples.msg.pdf","Downloaded",""
"2025-10-30","Cadillac WWTP MAHL Sampling Plan Additional Parameters Rev.pdf","Revised sampling plan.","Industrial Pretreatment Program (IPP)","4876017487440937730","WRD - NPDES","Application/Request","HQG-QQ9K-KSZ7V","Schedule - IPP Unscheduled Submissions for Approval","https://mienviro.michigan.gov/ncore/downloadpdf/4876017487440937730","F:\WWTP DOCUMENT DIVE\Cadillac_MiEnviro_2011-2026\documents\2025-10-30__4876017487440937730__Cadillac WWTP MAHL Sampling Plan Additional Parameters Rev.pdf.pdf","Downloaded",""
"2019-11-19","DMR Daily - MI0020257 _10_01_2019_to_10_31_2019_V1.docx","DMR Daily Data for period 10/01/2019 - 10/31/2019_V1","Schedule - DMR Documents","4882829427941262775","WRD - NPDES","Permit","MI0020257 v6.0","NPDES Individual Permit","https://mienviro.michigan.gov/ncore/downloadpdf/4882829427941262775","F:\WWTP DOCUMENT DIVE\Cadillac_MiEnviro_2011-2026\documents\2019-11-19__4882829427941262775__DMR Daily - MI0020257 _10_01_2019_to_10_31_2019_V1.docx.pdf","Downloaded",""
"2023-01-17","Cadillac WWTP Pretreatment MAHL.msg","Correspondence with Jeff Dietlin, City of Cadillac DPW Director, regarding extension of response date for MAHL and IPP Program updates.","Industrial Pretreatment Program (IPP)","4932616064872093542","WRD - NPDES","Application/Request","HPQ-9V73-V8DQD","Schedule - Submit MAHL Report and Proposed Local Limits","https://mienviro.michigan.gov/ncore/downloadpdf/4932616064872093542","F:\WWTP DOCUMENT DIVE\Cadillac_MiEnviro_2011-2026\documents\2023-01-17__4932616064872093542__Cadillac WWTP Pretreatment MAHL.msg.pdf","Downloaded",""
"2022-06-23","21.04.Eff.PFAS.Eurofins.pdf","nForm Document","Form Submission Attachments","4882332167979671814","WRD - NPDES","Application/Request","HPJ-N5BJ-2CYH5","Schedule - PFAS POTW Effluent Monitoring Report","https://mienviro.michigan.gov/ncore/downloadpdf/4882332167979671814","F:\WWTP DOCUMENT DIVE\Cadillac_MiEnviro_2011-2026\documents\2022-06-23__4882332167979671814__21.04.Eff.PFAS.Eurofins.pdf.pdf","Downloaded",""
"2018-07-30","AAR PFAS Survey.pdf v1","AAR PFAS Survey.pdf","Applicant Attachments","4911742624297732370","WRD - NPDES","Application/Request","HNF-P7H3-DCN87","Schedule - IPP PFAS Interim Report-1","https://mienviro.michigan.gov/ncore/downloadpdf/4911742624297732370","F:\WWTP DOCUMENT DIVE\Cadillac_MiEnviro_2011-2026\documents\2018-07-30__4911742624297732370__AAR PFAS Survey.pdf v1.pdf","Downloaded",""
"2023-02-24","Categorical determination - Cadillac casting flow diagram.msg","Flow diagram plus email chain between EGLE and Cadillac Casting","Industrial Pretreatment Program (IPP)","4930666656990348064","n/a","Site","15637","Site","https://mienviro.michigan.gov/ncore/downloadpdf/4930666656990348064","F:\WWTP DOCUMENT DIVE\Cadillac_MiEnviro_2011-2026\documents\2023-02-24__4930666656990348064__Categorical determination - Cadillac casting flow diagram.msg.pdf","Downloaded",""
"2025-09-30","IPP Local Limits PEL_MI0020257_9-30-2025.xls","","Misc. Application and Request Docs","4944106276029373114","WRD - NPDES","Application/Request","HQF-TQCJ-GZWEB","Application - IPP Local Limits WQBEL Request Form","https://mienviro.michigan.gov/ncore/downloadpdf/4944106276029373114","F:\WWTP DOCUMENT DIVE\Cadillac_MiEnviro_2011-2026\documents\2025-09-30__4944106276029373114__IPP Local Limits PEL_MI0020257_9-30-2025.xls.pdf","Downloaded",""
"2019-06-04","Public Notice Ltr_Cadillac WWTP.msg","","Misc. NPDES Permit Docs","4912358191559826487","WRD - NPDES","Permit","MI0020257 v6.0","NPDES Individual Permit","https://mienviro.michigan.gov/ncore/downloadpdf/4912358191559826487","F:\WWTP DOCUMENT DIVE\Cadillac_MiEnviro_2011-2026\documents\2019-06-04__4912358191559826487__Public Notice Ltr_Cadillac WWTP.msg.pdf","Downloaded",""
"2018-09-20","RE_ Cadillac WWTP - IPP PFAS Interim Report Review.msg","","Industrial Pretreatment Program (IPP)","4951764546287509111","n/a","Site","15637","Site","https://mienviro.michigan.gov/ncore/downloadpdf/4951764546287509111","F:\WWTP DOCUMENT DIVE\Cadillac_MiEnviro_2011-2026\documents\2018-09-20__4951764546287509111__RE_ Cadillac WWTP - IPP PFAS Interim Report Review.msg.pdf","Downloaded",""
"2025-11-26","October 2025 PFAS sample results.msg","","Misc. NPDES Evaluation Docs","4931570776904702952","WRD - NPDES","Evaluation","E-PP960227970222","Sampling Only (Toxics) (10/22/2025)","https://mienviro.michigan.gov/ncore/downloadpdf/4931570776904702952","F:\WWTP DOCUMENT DIVE\Cadillac_MiEnviro_2011-2026\documents\2025-11-26__4931570776904702952__October 2025 PFAS sample results.msg.pdf","Downloaded",""
"2020-11-25","2020-11-25 RE_ EGLE WRD VN-011108 Cadillac WWTP.msg","Request for extension on response due date.","Industrial Pretreatment Program (IPP)","4946311325009739480","WRD - NPDES","Compliance Action","VN-011108","Violation Notice","https://mienviro.michigan.gov/ncore/downloadpdf/4946311325009739480","F:\WWTP DOCUMENT DIVE\Cadillac_MiEnviro_2011-2026\documents\2020-11-25__4946311325009739480__2020-11-25 RE_ EGLE WRD VN-011108 Cadillac WWTP.msg.pdf","Downloaded",""
"2022-03-24","POTW_Oversight_Table.xlsx","nForm Document","Form Submission Attachments","4974659969152722161","WRD - NPDES","Application/Request","HPG-1ZNB-Y56ZQ","Schedule - Michigan Industrial Pretreatment Program (IPP) Annual Report","https://mienviro.michigan.gov/ncore/downloadpdf/4974659969152722161","F:\WWTP DOCUMENT DIVE\Cadillac_MiEnviro_2011-2026\documents\2022-03-24__4974659969152722161__POTW_Oversight_Table.xlsx.pdf","Downloaded",""
"2020-02-18","DMR Daily - MI0020257 _01_01_2020_to_01_31_2020_V1.docx","DMR Daily Data for period 01/01/2020 - 01/31/2020_V1","Schedule - DMR Documents","4971276605776623665","WRD - NPDES","Permit","MI0020257 v6.0","NPDES Individual Permit","https://mienviro.michigan.gov/ncore/downloadpdf/4971276605776623665","F:\WWTP DOCUMENT DIVE\Cadillac_MiEnviro_2011-2026\documents\2020-02-18__4971276605776623665__DMR Daily - MI0020257 _01_01_2020_to_01_31_2020_V1.docx.pdf","Downloaded",""
"2022-03-25","FIAMM.docx","nForm Document","Form Submission Attachments","5020368200015356472","WRD - NPDES","Application/Request","HPG-1ZSF-KC99G","Permit Change - National Pollutant Discharge Elimination System (NPDES) Municipal Application Form (Reissuance)","https://mienviro.michigan.gov/ncore/downloadpdf/5020368200015356472","F:\WWTP DOCUMENT DIVE\Cadillac_MiEnviro_2011-2026\documents\2022-03-25__5020368200015356472__FIAMM.docx.pdf","Downloaded",""
"2025-10-21","Biosolids Dry Tons Calc 12.16.24a.xls","nForm Document","Form Submission Attachments","5265329890212666739","WRD - NPDES","Application/Request","HQG-GM42-A2DBC","Schedule - Biosolids Annual Report","","","No download link",""
"2025-06-11","25.05.22.AMR.Trace.pdf","nForm Document","Form Submission Attachments","4977073668872332252","WRD - NPDES","Application/Request","HQD-8ZEE-2KJD5","Schedule - Certification of Completion of Additional Monitoring Requirements","https://mienviro.michigan.gov/ncore/downloadpdf/4977073668872332252","F:\WWTP DOCUMENT DIVE\Cadillac_MiEnviro_2011-2026\documents\2025-06-11__4977073668872332252__25.05.22.AMR.Trace.pdf.pdf","Downloaded",""
"2020-10-30","DMR Summary - MI0020257 _10_01_2019_to_09_30_2020_V1.docx","DMR Summary Data for period 10/01/2019 - 09/30/2020_V1","Schedule - DMR Documents","5077630968363806354","WRD - NPDES","Permit","MI0020257 v6.0","NPDES Individual Permit","https://mienviro.michigan.gov/ncore/downloadpdf/5077630968363806354","F:\WWTP DOCUMENT DIVE\Cadillac_MiEnviro_2011-2026\documents\2020-10-30__5077630968363806354__DMR Summary - MI0020257 _10_01_2019_to_09_30_2020_V1.docx.pdf","Downloaded",""
"2015-09-18","DMR Daily - MI0020257 _08_01_2015_to_08_31_2015_V1.docx","DMR Daily Data for period 08/01/2015 - 08/31/2015_V1","Schedule - DMR Documents","5114320877368267073","WRD - NPDES","Permit","MI0020257 v5.0","NPDES Individual Permit","https://mienviro.michigan.gov/ncore/downloadpdf/5114320877368267073","F:\WWTP DOCUMENT DIVE\Cadillac_MiEnviro_2011-2026\documents\2015-09-18__5114320877368267073__DMR Daily - MI0020257 _08_01_2015_to_08_31_2015_V1.docx.pdf","Downloaded",""
"2025-10-21","241003.biosolids.pathogens.HML.pdf","nForm Document","Form Submission Attachments","5036048420451447716","WRD - NPDES","Application/Request","HQG-GM42-A2DBC","Schedule - Biosolids Annual Report","https://mienviro.michigan.gov/ncore/downloadpdf/5036048420451447716","F:\WWTP DOCUMENT DIVE\Cadillac_MiEnviro_2011-2026\documents\2025-10-21__5036048420451447716__241003.biosolids.pathogens.HML.pdf.pdf","Downloaded",""
"2019-03-05","Cadillac WWTP PFAS Letter.msg","IPP PFAS Int and Summ Rpt Approval email","Industrial Pretreatment Program (IPP)","5112104207502533600","WRD - NPDES","Application/Request","HNJ-P0ZX-8AVDS","Schedule - IPP PFAS Summary Report","https://mienviro.michigan.gov/ncore/downloadpdf/5112104207502533600","F:\WWTP DOCUMENT DIVE\Cadillac_MiEnviro_2011-2026\documents\2019-03-05__5112104207502533600__Cadillac WWTP PFAS Letter.msg.pdf","Downloaded",""
"2018-06-14","NPDES Permit-FINAL_Cadillac WWTP.docx","","NPDES Individual Permit","5107184373189296510","WRD - NPDES","Permit","MI0020257 v6.0","NPDES Individual Permit","https://mienviro.michigan.gov/ncore/downloadpdf/5107184373189296510","F:\WWTP DOCUMENT DIVE\Cadillac_MiEnviro_2011-2026\documents\2018-06-14__5107184373189296510__NPDES Permit-FINAL_Cadillac WWTP.docx.pdf","Downloaded",""
"2023-03-02","220922.biosolids.wHg.PACE.pdf","nForm Document","Form Submission Attachments","5005199782516719822","WRD - NPDES","Application/Request","HPR-V2MX-EVFMF","Schedule - Pollutant Minimization Program (PMP) Annual Report","https://mienviro.michigan.gov/ncore/downloadpdf/5005199782516719822","F:\WWTP DOCUMENT DIVE\Cadillac_MiEnviro_2011-2026\documents\2023-03-02__5005199782516719822__220922.biosolids.wHg.PACE.pdf.pdf","Downloaded",""
"2026-03-25","MI0020257_2024-07-01_to_2024-07-31_2_DMR.pdf","","Schedule - DMR Documents","5037402671701845309","WRD - NPDES","Permit","MI0020257 v7.0","Schedule - DMR","https://mienviro.michigan.gov/ncore/downloadpdf/5037402671701845309","F:\WWTP DOCUMENT DIVE\Cadillac_MiEnviro_2011-2026\documents\2026-03-25__5037402671701845309__MI0020257_2024-07-01_to_2024-07-31_2_DMR.pdf.pdf","Downloaded",""
"2019-02-12","RE_ IPP PFAS Initiative Sampling Guidance_ Suggested Analytes.msg","IPP PFAS Interim Rpt discussion correspondence","Industrial Pretreatment Program (IPP)","5162860766879708910","WRD - NPDES","Application/Request","HNF-P7H3-DCN87","Schedule - IPP PFAS Interim Report-1","https://mienviro.michigan.gov/ncore/downloadpdf/5162860766879708910","F:\WWTP DOCUMENT DIVE\Cadillac_MiEnviro_2011-2026\documents\2019-02-12__5162860766879708910__RE_ IPP PFAS Initiative Sampling Guidance_ Suggested Analytes.msg.pdf","Downloaded",""
"2014-10-21","56545 Self Monitoring Records.pdf","","Conversion - Application / Request","5192314478678825187","WRD - NPDES","Evaluation","E-832F-E9-D657","NPDES CSI-Toxics (10/14/2014)","https://mienviro.michigan.gov/ncore/downloadpdf/5192314478678825187","F:\WWTP DOCUMENT DIVE\Cadillac_MiEnviro_2011-2026\documents\2014-10-21__5192314478678825187__56545 Self Monitoring Records.pdf.pdf","Downloaded",""
"2019-10-28","FY19 Metals and Nutrient Results.pdf v1","Pace Lab Biosolids 9-4-2018.pdf; Sept. 18' by PACE;","Applicant Attachments","5122422670812837402","WRD - NPDES","Application/Request","HNT-5SPH-XVKKZ","Schedule - Biosolids Annual Report","https://mienviro.michigan.gov/ncore/downloadpdf/5122422670812837402","F:\WWTP DOCUMENT DIVE\Cadillac_MiEnviro_2011-2026\documents\2019-10-28__5122422670812837402__FY19 Metals and Nutrient Results.pdf v1.pdf","Downloaded",""
"2022-10-17","WQBELBiologistFactSheet_MI0020257_10-17-2022.pdf","WQBEL Biologist Recommendations Fact/Decision & PEL Sheets","Misc. Permit Docs","5271549274279379575","WRD - NPDES","Permit","MI0020257 v7.0","NPDES Individual Permit","https://mienviro.michigan.gov/ncore/downloadpdf/5271549274279379575","F:\WWTP DOCUMENT DIVE\Cadillac_MiEnviro_2011-2026\documents\2022-10-17__5271549274279379575__WQBELBiologistFactSheet_MI0020257_10-17-2022.pdf.pdf","Downloaded",""
"2024-10-09","RE_ Cadillac MAHL revisions.msg","IU Permit review comments/meeting notes - sent to Elaine Venema.","Industrial Pretreatment Program (IPP)","5278388822824581116","WRD - NPDES","Application/Request","HPV-DHMY-FDEJP","Schedule - Submit draft IU permits","https://mienviro.michigan.gov/ncore/downloadpdf/5278388822824581116","F:\WWTP DOCUMENT DIVE\Cadillac_MiEnviro_2011-2026\documents\2024-10-09__5278388822824581116__RE_ Cadillac MAHL revisions.msg.pdf","Downloaded",""
"2019-08-19","DMR Daily - MI0020257 _07_01_2019_to_07_31_2019_V1.docx","DMR Daily Data for period 07/01/2019 - 07/31/2019_V1","Schedule - DMR Documents","5280760149616784281","WRD - NPDES","Permit","MI0020257 v5.1","NPDES Individual Permit","https://mienviro.michigan.gov/ncore/downloadpdf/5280760149616784281","F:\WWTP DOCUMENT DIVE\Cadillac_MiEnviro_2011-2026\documents\2019-08-19__5280760149616784281__DMR Daily - MI0020257 _07_01_2019_to_07_31_2019_V1.docx.pdf","Downloaded",""
"2023-02-01","Biosolids CPLR 21N09W27-JR01.xls","","NPDES Submittal Docs","5416116335617701541","WRD - NPDES","Application/Request","HPN-5DCS-H4WTR","Schedule - Biosolids Annual Report","","","No download link",""
"2022-04-19","CadillacWWTP_LocalLimitsReview_Convs.docx","Local Limits Review - CBOD5, NH3-N, DO, TSS","Misc. Application and Request Docs","5336563291699515996","WRD - NPDES","Application/Request","HPG-XCC7-NCG09","Application - IPP Local Limits WQBEL Request Form","https://mienviro.michigan.gov/ncore/downloadpdf/5336563291699515996","F:\WWTP DOCUMENT DIVE\Cadillac_MiEnviro_2011-2026\documents\2022-04-19__5336563291699515996__CadillacWWTP_LocalLimitsReview_Convs.docx.pdf","Downloaded",""
"2021-12-02","RE_ December 2021 PFAS POTW Effluent Monitoring Report.msg","Email to Cadillac WWTP to revise submission of December 2021 PFAS POTW Effluent Monitoring Report","Industrial Pretreatment Program (IPP)","5310011562451925486","WRD - NPDES","Application/Request","HPD-MWSX-Y48BC","Schedule - PFAS POTW Effluent Monitoring Report","https://mienviro.michigan.gov/ncore/downloadpdf/5310011562451925486","F:\WWTP DOCUMENT DIVE\Cadillac_MiEnviro_2011-2026\documents\2021-12-02__5310011562451925486__RE_ December 2021 PFAS POTW Effluent Monitoring Report.msg.pdf","Downloaded",""
"2020-12-15","HP5-16GH-VNKPV V1.pdf v1","Submission PDF","Misc. Application and Request Docs","5299583232266631464","WRD - NPDES","Application/Request","HP5-16GH-VNKPV","Schedule - Submit revised draft CIU permit","https://mienviro.michigan.gov/ncore/downloadpdf/5299583232266631464","F:\WWTP DOCUMENT DIVE\Cadillac_MiEnviro_2011-2026\documents\2020-12-15__5299583232266631464__HP5-16GH-VNKPV V1.pdf v1.pdf","Downloaded",""
"2025-10-21","HQG-GN3K-JNK5K_v2.pdf","Submission PDF","Form Submission Attachments","5282319378754063253","WRD - NPDES","Application/Request","HQG-GN3K-JNK5K","Schedule - Biosolids PFAS Monitoring Report","https://mienviro.michigan.gov/ncore/downloadpdf/5282319378754063253","F:\WWTP DOCUMENT DIVE\Cadillac_MiEnviro_2011-2026\documents\2025-10-21__5282319378754063253__HQG-GN3K-JNK5K_v2.pdf.pdf","Downloaded",""
"2018-01-18","DMR Summary - MI0020257 _12_01_2017_to_12_31_2017_V1.docx","DMR Summary Data for period 12/01/2017 - 12/31/2017_V1","Schedule - DMR Documents","5351587946243598793","WRD - NPDES","Permit","MI0020257 v5.1","NPDES Individual Permit","https://mienviro.michigan.gov/ncore/downloadpdf/5351587946243598793","F:\WWTP DOCUMENT DIVE\Cadillac_MiEnviro_2011-2026\documents\2018-01-18__5351587946243598793__DMR Summary - MI0020257 _12_01_2017_to_12_31_2017_V1.docx.pdf","Downloaded",""
"2022-10-28","220308.PFAS.biosolids.Eurofins.pdf","nForm Document","Form Submission Attachments","5340983926300339030","WRD - NPDES","Application/Request","HPN-5DCS-H4WTR","Schedule - Biosolids Annual Report","https://mienviro.michigan.gov/ncore/downloadpdf/5340983926300339030","F:\WWTP DOCUMENT DIVE\Cadillac_MiEnviro_2011-2026\documents\2022-10-28__5340983926300339030__220308.PFAS.biosolids.Eurofins.pdf.pdf","Downloaded",""
"2022-03-25","Borg Warner.docx","nForm Document","Form Submission Attachments","5352980977156860563","WRD - NPDES","Application/Request","HPG-1ZSF-KC99G","Permit Change - National Pollutant Discharge Elimination System (NPDES) Municipal Application Form (Reissuance)","https://mienviro.michigan.gov/ncore/downloadpdf/5352980977156860563","F:\WWTP DOCUMENT DIVE\Cadillac_MiEnviro_2011-2026\documents\2022-03-25__5352980977156860563__Borg Warner.docx.pdf","Downloaded",""
"2020-05-14","DMR Daily - MI0020257 _04_01_2020_to_04_30_2020_V1.docx","DMR Daily Data for period 04/01/2020 - 04/30/2020_V1","Schedule - DMR Documents","5359287556564624361","WRD - NPDES","Permit","MI0020257 v6.0","NPDES Individual Permit","https://mienviro.michigan.gov/ncore/downloadpdf/5359287556564624361","F:\WWTP DOCUMENT DIVE\Cadillac_MiEnviro_2011-2026\documents\2020-05-14__5359287556564624361__DMR Daily - MI0020257 _04_01_2020_to_04_30_2020_V1.docx.pdf","Downloaded",""
"2017-04-19","DMR Daily - MI0020257 _03_01_2017_to_03_31_2017_V1.docx","DMR Daily Data for period 03/01/2017 - 03/31/2017_V1","Schedule - DMR Documents","5374658919181652521","WRD - NPDES","Permit","MI0020257 v5.1","NPDES Individual Permit","https://mienviro.michigan.gov/ncore/downloadpdf/5374658919181652521","F:\WWTP DOCUMENT DIVE\Cadillac_MiEnviro_2011-2026\documents\2017-04-19__5374658919181652521__DMR Daily - MI0020257 _03_01_2017_to_03_31_2017_V1.docx.pdf","Downloaded",""
"2025-10-24","50412958.xlsx","September 2025 WWTP effluent PFAS sample result","Form Submission Attachments","5490706325301464099","WRD - NPDES","Application/Request","HQG-GKRH-8B37J","Schedule - PFAS POTW Effluent Monitoring Report","https://mienviro.michigan.gov/ncore/downloadpdf/5490706325301464099","F:\WWTP DOCUMENT DIVE\Cadillac_MiEnviro_2011-2026\documents\2025-10-24__5490706325301464099__50412958.xlsx.pdf","Downloaded",""
"2019-06-06","Public Notice Verification_Cadillac WWTP.msg","","NPDES Individual Permit","5411273080965715241","WRD - NPDES","Permit","MI0020257 v6.0","NPDES Individual Permit","https://mienviro.michigan.gov/ncore/downloadpdf/5411273080965715241","F:\WWTP DOCUMENT DIVE\Cadillac_MiEnviro_2011-2026\documents\2019-06-06__5411273080965715241__Public Notice Verification_Cadillac WWTP.msg.pdf","Downloaded",""
"2019-06-06","Public Notice Notification_Cadillac WWTP.msg","","NPDES Individual Permit","5504019015290538937","WRD - NPDES","Permit","MI0020257 v6.0","NPDES Individual Permit","https://mienviro.michigan.gov/ncore/downloadpdf/5504019015290538937","F:\WWTP DOCUMENT DIVE\Cadillac_MiEnviro_2011-2026\documents\2019-06-06__5504019015290538937__Public Notice Notification_Cadillac WWTP.msg.pdf","Downloaded",""
"2021-10-28","Fall 20 biosolids.HML.pdf","FY21 Fecal Coliform and Salmonella Results-Aug. 25, 2020;","Form Submission Attachments","5406302315541864880","WRD - NPDES","Application/Request","HPC-K20Z-68T3J","Schedule - Biosolids Annual Report","https://mienviro.michigan.gov/ncore/downloadpdf/5406302315541864880","F:\WWTP DOCUMENT DIVE\Cadillac_MiEnviro_2011-2026\documents\2021-10-28__5406302315541864880__Fall 20 biosolids.HML.pdf.pdf","Downloaded",""
"2026-05-22","MI0020257_2026-04-01_to_2026-04-30_2_DMR.pdf","","Schedule - DMR Documents","5461108364321894572","WRD - NPDES","Permit","MI0020257 v7.0","Schedule - DMR","https://mienviro.michigan.gov/ncore/downloadpdf/5461108364321894572","F:\WWTP DOCUMENT DIVE\Cadillac_MiEnviro_2011-2026\documents\2026-05-22__5461108364321894572__MI0020257_2026-04-01_to_2026-04-30_2_DMR.pdf.pdf","Downloaded",""
"2025-10-21","Biosolids Dry Tons Calc 12.16.24b.xls","nForm Document","Form Submission Attachments","5540935925562313424","WRD - NPDES","Application/Request","HQG-GM42-A2DBC","Schedule - Biosolids Annual Report","https://mienviro.michigan.gov/ncore/downloadpdf/5540935925562313424","F:\WWTP DOCUMENT DIVE\Cadillac_MiEnviro_2011-2026\documents\2025-10-21__5540935925562313424__Biosolids Dry Tons Calc 12.16.24b.xls.pdf","Downloaded",""
"2023-10-30","Biosolids Land-App Ammounts Spring 2023.docx","nForm Document","Form Submission Attachments","5524288719980718474","WRD - NPDES","Application/Request","HPY-PZSD-5P4KK","Schedule - Biosolids Annual Report","https://mienviro.michigan.gov/ncore/downloadpdf/5524288719980718474","F:\WWTP DOCUMENT DIVE\Cadillac_MiEnviro_2011-2026\documents\2023-10-30__5524288719980718474__Biosolids Land-App Ammounts Spring 2023.docx.pdf","Downloaded",""
"2024-07-01","HQ4-SQ4J-259F6 v1.pdf","Submission PDF","Form Submission Attachments","5544170528469842000","WRD - NPDES","Application/Request","HQ4-SQ4J-259F6","Schedule - PFAS POTW Effluent Monitoring Report","https://mienviro.michigan.gov/ncore/downloadpdf/5544170528469842000","F:\WWTP DOCUMENT DIVE\Cadillac_MiEnviro_2011-2026\documents\2024-07-01__5544170528469842000__HQ4-SQ4J-259F6 v1.pdf.pdf","Downloaded",""
"2022-05-23","2022-05-23 Follow-up to VN-012230 and VN-011108 - Cadillac WWTP.pdf","","Industrial Pretreatment Program (IPP)","5574496772239378194","WRD - NPDES","Compliance Action","VN-012230","Violation Notice","https://mienviro.michigan.gov/ncore/downloadpdf/5574496772239378194","F:\WWTP DOCUMENT DIVE\Cadillac_MiEnviro_2011-2026\documents\2022-05-23__5574496772239378194__2022-05-23 Follow-up to VN-012230 and VN-011108 - Cadillac WWTP.pdf.pdf","Downloaded",""
"2024-10-30","230928.biosolids.pathogens.HML.pdf","nForm Document","Form Submission Attachments","5612513914398156745","WRD - NPDES","Application/Request","HQ7-KAAW-2S9Y5","Schedule - Biosolids Annual Report","https://mienviro.michigan.gov/ncore/downloadpdf/5612513914398156745","F:\WWTP DOCUMENT DIVE\Cadillac_MiEnviro_2011-2026\documents\2024-10-30__5612513914398156745__230928.biosolids.pathogens.HML.pdf.pdf","Downloaded",""
"2021-10-14","2021 Biosolids PFAS Results and QC Report.pdf","210720.PFAS.biosolids.TA.pdf; collected on 7/20/2021;","Form Submission Attachments","5592435760858523770","WRD - NPDES","Application/Request","HPC-F6W0-X1G7P","Schedule - Biosolids PFAS Monitoring Report","https://mienviro.michigan.gov/ncore/downloadpdf/5592435760858523770","F:\WWTP DOCUMENT DIVE\Cadillac_MiEnviro_2011-2026\documents\2021-10-14__5592435760858523770__2021 Biosolids PFAS Results and QC Report.pdf.pdf","Downloaded",""
"2025-10-21","241008.biosolids.PFAS.Merit.PDF","nForm Document","Form Submission Attachments","5632388820838511085","WRD - NPDES","Application/Request","HQG-GM42-A2DBC","Schedule - Biosolids Annual Report","https://mienviro.michigan.gov/ncore/downloadpdf/5632388820838511085","F:\WWTP DOCUMENT DIVE\Cadillac_MiEnviro_2011-2026\documents\2025-10-21__5632388820838511085__241008.biosolids.PFAS.Merit.PDF.pdf","Downloaded",""
"2015-10-20","DMR Summary - MI0020257 _09_01_2015_to_09_30_2015_V1.docx","DMR Summary Data for period 09/01/2015 - 09/30/2015_V1","Schedule - DMR Documents","5720021817529393512","WRD - NPDES","Permit","MI0020257 v5.0","NPDES Individual Permit","https://mienviro.michigan.gov/ncore/downloadpdf/5720021817529393512","F:\WWTP DOCUMENT DIVE\Cadillac_MiEnviro_2011-2026\documents\2015-10-20__5720021817529393512__DMR Summary - MI0020257 _09_01_2015_to_09_30_2015_V1.docx.pdf","Downloaded",""
"2025-10-21","HQG-GM42-A2DBC_v1.pdf","Submission PDF","Form Submission Attachments","5695653979430565068","WRD - NPDES","Application/Request","HQG-GM42-A2DBC","Schedule - Biosolids Annual Report","https://mienviro.michigan.gov/ncore/downloadpdf/5695653979430565068","F:\WWTP DOCUMENT DIVE\Cadillac_MiEnviro_2011-2026\documents\2025-10-21__5695653979430565068__HQG-GM42-A2DBC_v1.pdf.pdf","Downloaded",""
"2025-01-31","25.01.PFOS.EDD.Pace.xlsx","EDD file: 1/24/2025 WWTP PFAS effluent sample results","Form Submission Attachments","5742473880199862701","WRD - NPDES","Application/Request","HQA-1Y8Z-BBRZS","Schedule - PFAS POTW Effluent Monitoring Report","https://mienviro.michigan.gov/ncore/downloadpdf/5742473880199862701","F:\WWTP DOCUMENT DIVE\Cadillac_MiEnviro_2011-2026\documents\2025-01-31__5742473880199862701__25.01.PFOS.EDD.Pace.xlsx.pdf","Downloaded",""
"2023-03-21","2023-03-21 RE_ Cadillac IPP follow up.msg","Extension request for IPP revisions.","Industrial Pretreatment Program (IPP)","5689250136172512254","WRD - NPDES","Compliance Action","VN-012230","Violation Notice","https://mienviro.michigan.gov/ncore/downloadpdf/5689250136172512254","F:\WWTP DOCUMENT DIVE\Cadillac_MiEnviro_2011-2026\documents\2023-03-21__5689250136172512254__2023-03-21 RE_ Cadillac IPP follow up.msg.pdf","Downloaded",""
"2026-05-04","Cadillac WWTP Class A EQ Letter_Interim_Strategy_2026.pdf","","Misc. Submittal Docs","5725793592317696694","WRD - NPDES","Application/Request","HQM-0Z2W-CZ7GW","Schedule - Biosolids PFAS Monitoring Report","https://mienviro.michigan.gov/ncore/downloadpdf/5725793592317696694","F:\WWTP DOCUMENT DIVE\Cadillac_MiEnviro_2011-2026\documents\2026-05-04__5725793592317696694__Cadillac WWTP Class A EQ Letter_Interim_Strategy_2026.pdf.pdf","Downloaded",""
"2025-03-19","250227.biosolids.PFAS.Merit.PDF","nForm Document","Form Submission Attachments","5759077546895716633","WRD - NPDES","Application/Request","HQB-6T2F-9M76H","Schedule - Biosolids PFAS Monitoring Report","https://mienviro.michigan.gov/ncore/downloadpdf/5759077546895716633","F:\WWTP DOCUMENT DIVE\Cadillac_MiEnviro_2011-2026\documents\2025-03-19__5759077546895716633__250227.biosolids.PFAS.Merit.PDF.pdf","Downloaded",""
"2025-01-14","241008.biosolids.PFAS.Merit.PDF","nForm Document","Form Submission Attachments","5747460297891963847","WRD - NPDES","Application/Request","HQ9-MNFB-AE3ND","Schedule - Biosolids PFAS Monitoring Report","https://mienviro.michigan.gov/ncore/downloadpdf/5747460297891963847","F:\WWTP DOCUMENT DIVE\Cadillac_MiEnviro_2011-2026\documents\2025-01-14__5747460297891963847__241008.biosolids.PFAS.Merit.PDF.pdf","Downloaded",""
"2017-04-03","FIAMM.docx v1","FIAMM.docx","Applicant Attachments","5769919426026990647","WRD - NPDES","Application/Request","2Q7-HQ21-P66B","Permit Change - National Pollutant Discharge Elimination System (NPDES) Municipal Application Form (Reissuance)","https://mienviro.michigan.gov/ncore/downloadpdf/5769919426026990647","F:\WWTP DOCUMENT DIVE\Cadillac_MiEnviro_2011-2026\documents\2017-04-03__5769919426026990647__FIAMM.docx v1.pdf","Downloaded",""
"2023-01-26","Copy of SIU-CIU_List comments Revised.xlsx","nForm Document","Form Submission Attachments","5778351404021667404","WRD - NPDES","Application/Request","HPG-1ZNB-Y56ZQ","Schedule - Michigan Industrial Pretreatment Program (IPP) Annual Report","https://mienviro.michigan.gov/ncore/downloadpdf/5778351404021667404","F:\WWTP DOCUMENT DIVE\Cadillac_MiEnviro_2011-2026\documents\2023-01-26__5778351404021667404__Copy of SIU-CIU_List comments Revised.xlsx.pdf","Downloaded",""
"2018-10-01","Additional Email Correspondence_Asset Management Conversation.msg","-Asking about Cadillac Asset Management and updated maps","NPDES Application Docs","5826779191242185880","WRD - NPDES","Application/Request","2Q7-HQ21-P66B","Permit Change - National Pollutant Discharge Elimination System (NPDES) Municipal Application Form (Reissuance)","https://mienviro.michigan.gov/ncore/downloadpdf/5826779191242185880","F:\WWTP DOCUMENT DIVE\Cadillac_MiEnviro_2011-2026\documents\2018-10-01__5826779191242185880__Additional Email Correspondence_Asset Management Conversation.msg.pdf","Downloaded",""
"2021-01-25","Example-CPLR Site Notification Ltr - RH01.pdf","went w/ email from EGLE to WWTP Oper.","Misc. Submittal Docs","5764293174176539684","WRD - NPDES","Application/Request","HNT-5SPH-XVKKZ","Schedule - Biosolids Annual Report","https://mienviro.michigan.gov/ncore/downloadpdf/5764293174176539684","F:\WWTP DOCUMENT DIVE\Cadillac_MiEnviro_2011-2026\documents\2021-01-25__5764293174176539684__Example-CPLR Site Notification Ltr - RH01.pdf.pdf","Downloaded",""
"2021-12-01","21.04.Eff.PFAS.Eurofins.pdf","nForm Document","Form Submission Attachments","5807004865029102699","WRD - NPDES","Application/Request","HPD-MWSX-Y48BC","Schedule - PFAS POTW Effluent Monitoring Report","https://mienviro.michigan.gov/ncore/downloadpdf/5807004865029102699","F:\WWTP DOCUMENT DIVE\Cadillac_MiEnviro_2011-2026\documents\2021-12-01__5807004865029102699__21.04.Eff.PFAS.Eurofins.pdf.pdf","Downloaded",""
"2023-04-20","SIU-CIU_List 2022.xlsx","nForm Document","Form Submission Attachments","5869492236756434666","WRD - NPDES","Application/Request","HPG-1ZNB-Y56ZQ","Schedule - Michigan Industrial Pretreatment Program (IPP) Annual Report","https://mienviro.michigan.gov/ncore/downloadpdf/5869492236756434666","F:\WWTP DOCUMENT DIVE\Cadillac_MiEnviro_2011-2026\documents\2023-04-20__5869492236756434666__SIU-CIU_List 2022.xlsx.pdf","Downloaded",""
"2025-10-21","Biosolids Dry Tons Calc 12.19.24.xls","nForm Document","Form Submission Attachments","6030908294075137430","WRD - NPDES","Application/Request","HQG-GM42-A2DBC","Schedule - Biosolids Annual Report","","","No download link",""
"2023-03-17","Cadillac IPP follow up.msg","Request for further extension on IPP submissions.","Industrial Pretreatment Program (IPP)","5848440851923005277","WRD - NPDES","Compliance Action","VN-012230","Violation Notice","https://mienviro.michigan.gov/ncore/downloadpdf/5848440851923005277","F:\WWTP DOCUMENT DIVE\Cadillac_MiEnviro_2011-2026\documents\2023-03-17__5848440851923005277__Cadillac IPP follow up.msg.pdf","Downloaded",""
"2018-10-11","Cadillac Asset Mngmnt Email 101118.msg","","NPDES Misc. Site Docs","5868232613343772688","n/a","Site","15637","Site","https://mienviro.michigan.gov/ncore/downloadpdf/5868232613343772688","F:\WWTP DOCUMENT DIVE\Cadillac_MiEnviro_2011-2026\documents\2018-10-11__5868232613343772688__Cadillac Asset Mngmnt Email 101118.msg.pdf","Downloaded",""
"2017-06-15","written report BOD exceedance 061517.msg","","NPDES Misc. Site Docs","5876564337621442480","n/a","Site","15637","Site","https://mienviro.michigan.gov/ncore/downloadpdf/5876564337621442480","F:\WWTP DOCUMENT DIVE\Cadillac_MiEnviro_2011-2026\documents\2017-06-15__5876564337621442480__written report BOD exceedance 061517.msg.pdf","Downloaded",""
"2014-10-22","2014_1022_Cadillac WWTP_Classification Letter.pdf","District Scanned","NPDES Misc. Site Docs","5870795035956810268","n/a","Site","15637","Site","https://mienviro.michigan.gov/ncore/downloadpdf/5870795035956810268","F:\WWTP DOCUMENT DIVE\Cadillac_MiEnviro_2011-2026\documents\2014-10-22__5870795035956810268__2014_1022_Cadillac WWTP_Classification Letter.pdf.pdf","Downloaded",""
"2016-11-17","DMR Summary - MI0020257 _10_01_2016_to_10_31_2016_V1.docx","DMR Summary Data for period 10/01/2016 - 10/31/2016_V1","Schedule - DMR Documents","5880887913847657693","WRD - NPDES","Permit","MI0020257 v5.0","NPDES Individual Permit","https://mienviro.michigan.gov/ncore/downloadpdf/5880887913847657693","F:\WWTP DOCUMENT DIVE\Cadillac_MiEnviro_2011-2026\documents\2016-11-17__5880887913847657693__DMR Summary - MI0020257 _10_01_2016_to_10_31_2016_V1.docx.pdf","Downloaded",""
"2023-03-03","2023-03-03-Cadillac Casting Categorical determination.docx","","Industrial Pretreatment Program (IPP)","5945261452330875896","n/a","Site","15637","Site","https://mienviro.michigan.gov/ncore/downloadpdf/5945261452330875896","F:\WWTP DOCUMENT DIVE\Cadillac_MiEnviro_2011-2026\documents\2023-03-03__5945261452330875896__2023-03-03-Cadillac Casting Categorical determination.docx.pdf","Downloaded",""
"2026-03-24","Affidavit of Publication.pdf","nForm Document","Form Submission Attachments","5857446858094699876","WRD - NPDES","Application/Request","HQM-9QCZ-PE5QR","Schedule - Michigan Industrial Pretreatment Program (IPP) Annual Report","https://mienviro.michigan.gov/ncore/downloadpdf/5857446858094699876","F:\WWTP DOCUMENT DIVE\Cadillac_MiEnviro_2011-2026\documents\2026-03-24__5857446858094699876__Affidavit of Publication.pdf.pdf","Downloaded",""
"2018-07-30","American Waste PFAS Survey.pdf v1","American Waste PFAS Survey.pdf","Applicant Attachments","5907977853460013045","WRD - NPDES","Application/Request","HNF-P7H3-DCN87","Schedule - IPP PFAS Interim Report-1","https://mienviro.michigan.gov/ncore/downloadpdf/5907977853460013045","F:\WWTP DOCUMENT DIVE\Cadillac_MiEnviro_2011-2026\documents\2018-07-30__5907977853460013045__American Waste PFAS Survey.pdf v1.pdf","Downloaded",""
"2011-02-04","Cadillac WWTP BOD (1).xls","","Conversion - Application / Request","5999969830429433107","WRD - NPDES","Evaluation","E-3F12-26-C65D","CSI-Conventionals Only (02/03/2011)","https://mienviro.michigan.gov/ncore/downloadpdf/5999969830429433107","F:\WWTP DOCUMENT DIVE\Cadillac_MiEnviro_2011-2026\documents\2011-02-04__5999969830429433107__Cadillac WWTP BOD (1).xls.pdf","Downloaded",""
"2023-10-05","NPDES Permit-DRAFT for Public Notice_Cadillac WWTP.pdf","","Misc. NPDES Permit Docs","5993948840787884044","WRD - NPDES","Permit","MI0020257 v7.0","NPDES Individual Permit","https://mienviro.michigan.gov/ncore/downloadpdf/5993948840787884044","F:\WWTP DOCUMENT DIVE\Cadillac_MiEnviro_2011-2026\documents\2023-10-05__5993948840787884044__NPDES Permit-DRAFT for Public Notice_Cadillac WWTP.pdf.pdf","Downloaded",""
"2019-06-04","Basis for Decision Memo-DRAFT for Public Notice_Cadillac WWTP.pdf","","Misc. NPDES Permit Docs","6030670746472801357","WRD - NPDES","Permit","MI0020257 v6.0","NPDES Individual Permit","https://mienviro.michigan.gov/ncore/downloadpdf/6030670746472801357","F:\WWTP DOCUMENT DIVE\Cadillac_MiEnviro_2011-2026\documents\2019-06-04__6030670746472801357__Basis for Decision Memo-DRAFT for Public Notice_Cadillac WWTP.pdf.pdf","Downloaded",""
"2021-08-18","IPP Profile (word).docx","","Industrial Pretreatment Program (IPP) Evaluations","6056844495337694689","WRD - NPDES","Evaluation","E-3H7H-JCYN-ZXB","Pretreatment Compliance Inspection (08/18/2021)","https://mienviro.michigan.gov/ncore/downloadpdf/6056844495337694689","F:\WWTP DOCUMENT DIVE\Cadillac_MiEnviro_2011-2026\documents\2021-08-18__6056844495337694689__IPP Profile (word).docx.pdf","Downloaded",""
"2014-10-09","Pre-Inspection Report.doc","Pre-Inspection Report","Conversion - Eval","6087030119021648324","WRD - NPDES","Evaluation","E-832F-E9-D657","NPDES CSI-Toxics (10/14/2014)","https://mienviro.michigan.gov/ncore/downloadpdf/6087030119021648324","F:\WWTP DOCUMENT DIVE\Cadillac_MiEnviro_2011-2026\documents\2014-10-09__6087030119021648324__Pre-Inspection Report.doc.pdf","Downloaded",""
"2014-10-21","56545 Sampling Procedures.pdf","","Conversion - Application / Request","6099492185350595096","WRD - NPDES","Evaluation","E-832F-E9-D657","NPDES CSI-Toxics (10/14/2014)","https://mienviro.michigan.gov/ncore/downloadpdf/6099492185350595096","F:\WWTP DOCUMENT DIVE\Cadillac_MiEnviro_2011-2026\documents\2014-10-21__6099492185350595096__56545 Sampling Procedures.pdf.pdf","Downloaded",""
"2020-10-16","DMR Daily - MI0020257 _09_01_2020_to_09_30_2020_V1.docx","DMR Daily Data for period 09/01/2020 - 09/30/2020_V1","Schedule - DMR Documents","6120318385795256851","WRD - NPDES","Permit","MI0020257 v6.0","NPDES Individual Permit","https://mienviro.michigan.gov/ncore/downloadpdf/6120318385795256851","F:\WWTP DOCUMENT DIVE\Cadillac_MiEnviro_2011-2026\documents\2020-10-16__6120318385795256851__DMR Daily - MI0020257 _09_01_2020_to_09_30_2020_V1.docx.pdf","Downloaded",""
"2021-12-01","HPD-MWSX-Y48BC V1.pdf v1","Submission PDF","Misc. Application and Request Docs","6140963438152350458","WRD - NPDES","Application/Request","HPD-MWSX-Y48BC","Schedule - PFAS POTW Effluent Monitoring Report","https://mienviro.michigan.gov/ncore/downloadpdf/6140963438152350458","F:\WWTP DOCUMENT DIVE\Cadillac_MiEnviro_2011-2026\documents\2021-12-01__6140963438152350458__HPD-MWSX-Y48BC V1.pdf v1.pdf","Downloaded",""
"2011-04-29","CA Cadillac WWTP IPP Annual Report 2010.pdf","","Conversion - Permit","6066649281144654349","WRD - NPDES","Application/Request","ce_soc_detail-25457","Schedule - Michigan Industrial Pretreatment Program Annual Report","https://mienviro.michigan.gov/ncore/downloadpdf/6066649281144654349","F:\WWTP DOCUMENT DIVE\Cadillac_MiEnviro_2011-2026\documents\2011-04-29__6066649281144654349__CA Cadillac WWTP IPP Annual Report 2010.pdf.pdf","Downloaded",""
"2021-10-28","Site Info.pdf","FY21 Land Applic Site List-Info; 5 sites listed;","Form Submission Attachments","6124237801834637487","WRD - NPDES","Application/Request","HPC-K20Z-68T3J","Schedule - Biosolids Annual Report","https://mienviro.michigan.gov/ncore/downloadpdf/6124237801834637487","F:\WWTP DOCUMENT DIVE\Cadillac_MiEnviro_2011-2026\documents\2021-10-28__6124237801834637487__Site Info.pdf.pdf","Downloaded",""
"2022-10-28","2021 Fall Biosolids Pace.pdf","nForm Document","Form Submission Attachments","6160475526321207014","WRD - NPDES","Application/Request","HPN-5DCS-H4WTR","Schedule - Biosolids Annual Report","https://mienviro.michigan.gov/ncore/downloadpdf/6160475526321207014","F:\WWTP DOCUMENT DIVE\Cadillac_MiEnviro_2011-2026\documents\2022-10-28__6160475526321207014__2021 Fall Biosolids Pace.pdf.pdf","Downloaded",""
"2025-03-11","MI0020257_2025-02-01_to_2025-02-28_DMR.pdf","","Schedule - DMR Documents","6167934285264609791","WRD - NPDES","Permit","MI0020257 v7.0","Schedule - DMR","https://mienviro.michigan.gov/ncore/downloadpdf/6167934285264609791","F:\WWTP DOCUMENT DIVE\Cadillac_MiEnviro_2011-2026\documents\2025-03-11__6167934285264609791__MI0020257_2025-02-01_to_2025-02-28_DMR.pdf.pdf","Downloaded",""
"2014-09-03","Cadillac surface application 2014-2.jpg","","Conversion - Application / Request","6169276037386673226","WRD - NPDES","Evaluation","E-8B5C-16-97FE","Biosolids Site Inspection (08/14/2014)","https://mienviro.michigan.gov/ncore/downloadpdf/6169276037386673226","F:\WWTP DOCUMENT DIVE\Cadillac_MiEnviro_2011-2026\documents\2014-09-03__6169276037386673226__Cadillac surface application 2014-2.jpg.pdf","Downloaded",""
"2022-10-28","21N08W30-AB01.pdf","nForm Document","Form Submission Attachments","6156821384679455800","WRD - NPDES","Application/Request","HPN-5DCS-H4WTR","Schedule - Biosolids Annual Report","https://mienviro.michigan.gov/ncore/downloadpdf/6156821384679455800","F:\WWTP DOCUMENT DIVE\Cadillac_MiEnviro_2011-2026\documents\2022-10-28__6156821384679455800__21N08W30-AB01.pdf.pdf","Downloaded",""
"2016-06-15","DMR Daily - MI0020257 _05_01_2016_to_05_31_2016_V1.docx","DMR Daily Data for period 05/01/2016 - 05/31/2016_V1","Schedule - DMR Documents","6177350560736608063","WRD - NPDES","Permit","MI0020257 v5.0","NPDES Individual Permit","https://mienviro.michigan.gov/ncore/downloadpdf/6177350560736608063","F:\WWTP DOCUMENT DIVE\Cadillac_MiEnviro_2011-2026\documents\2016-06-15__6177350560736608063__DMR Daily - MI0020257 _05_01_2016_to_05_31_2016_V1.docx.pdf","Downloaded",""
"2017-10-13","DMR Summary - MI0020257 _10_01_2016_to_09_30_2017_V1.docx","DMR Summary Data for period 10/01/2016 - 09/30/2017_V1","Schedule - DMR Documents","6182107663604652349","WRD - NPDES","Permit","MI0020257 v5.1","NPDES Individual Permit","https://mienviro.michigan.gov/ncore/downloadpdf/6182107663604652349","F:\WWTP DOCUMENT DIVE\Cadillac_MiEnviro_2011-2026\documents\2017-10-13__6182107663604652349__DMR Summary - MI0020257 _10_01_2016_to_09_30_2017_V1.docx.pdf","Downloaded",""
"2021-01-14","EM-FY19 Biosolids LA info - problems.msg","EGLE to WWTP Oper.","Misc. Submittal Docs","6237514284723177011","WRD - NPDES","Application/Request","HNT-5SPH-XVKKZ","Schedule - Biosolids Annual Report","https://mienviro.michigan.gov/ncore/downloadpdf/6237514284723177011","F:\WWTP DOCUMENT DIVE\Cadillac_MiEnviro_2011-2026\documents\2021-01-14__6237514284723177011__EM-FY19 Biosolids LA info - problems.msg.pdf","Downloaded",""
"2025-07-16","MI0020257_2025-06-01_to_2025-06-30_DMR.pdf","","Schedule - DMR Documents","6200779458073406984","WRD - NPDES","Permit","MI0020257 v7.0","Schedule - DMR","https://mienviro.michigan.gov/ncore/downloadpdf/6200779458073406984","F:\WWTP DOCUMENT DIVE\Cadillac_MiEnviro_2011-2026\documents\2025-07-16__6200779458073406984__MI0020257_2025-06-01_to_2025-06-30_DMR.pdf.pdf","Downloaded",""
"2026-03-24","HQM-9QCZ-PE5QR_v1.pdf","Submission PDF","Form Submission Attachments","6247456133542199927","WRD - NPDES","Application/Request","HQM-9QCZ-PE5QR","Schedule - Michigan Industrial Pretreatment Program (IPP) Annual Report","https://mienviro.michigan.gov/ncore/downloadpdf/6247456133542199927","F:\WWTP DOCUMENT DIVE\Cadillac_MiEnviro_2011-2026\documents\2026-03-24__6247456133542199927__HQM-9QCZ-PE5QR_v1.pdf.pdf","Downloaded",""
"2020-10-30","FY20 Pathogen Results-Sept 2019.pdf","Upload Actual Analytical Laboratory Data; HML Fall 2019 Biosolids.pdf; collected Sept. 2019;","Form Submission Attachments","6182514467428443791","WRD - NPDES","Application/Request","HP3-HWDR-V8Y73","Schedule - Biosolids Annual Report","https://mienviro.michigan.gov/ncore/downloadpdf/6182514467428443791","F:\WWTP DOCUMENT DIVE\Cadillac_MiEnviro_2011-2026\documents\2020-10-30__6182514467428443791__FY20 Pathogen Results-Sept 2019.pdf.pdf","Downloaded",""
"2025-05-08","Cadillac POTW Oversight 2024 (Revised).xlsx","nForm Document","Form Submission Attachments","6247695824161056764","WRD - NPDES","Application/Request","HQB-BNKM-1SC3Q","Schedule - Michigan Industrial Pretreatment Program (IPP) Annual Report","https://mienviro.michigan.gov/ncore/downloadpdf/6247695824161056764","F:\WWTP DOCUMENT DIVE\Cadillac_MiEnviro_2011-2026\documents\2025-05-08__6247695824161056764__Cadillac POTW Oversight 2024 (Revised).xlsx.pdf","Downloaded",""
"2022-03-25","AVON Protection.docx","nForm Document","Form Submission Attachments","6253923130134244300","WRD - NPDES","Application/Request","HPG-1ZSF-KC99G","Permit Change - National Pollutant Discharge Elimination System (NPDES) Municipal Application Form (Reissuance)","https://mienviro.michigan.gov/ncore/downloadpdf/6253923130134244300","F:\WWTP DOCUMENT DIVE\Cadillac_MiEnviro_2011-2026\documents\2022-03-25__6253923130134244300__AVON Protection.docx.pdf","Downloaded",""
"2020-02-11","EM-RMP Mod Applic submitted.msg","WWTP to EGLE","Misc. Submittal Docs","6260115591376493978","WRD - NPDES","Application/Request","HNX-E8Q7-TQ4BF","Schedule - Biosolids Residuals Management Program (RMP) Submittal or Modification","https://mienviro.michigan.gov/ncore/downloadpdf/6260115591376493978","F:\WWTP DOCUMENT DIVE\Cadillac_MiEnviro_2011-2026\documents\2020-02-11__6260115591376493978__EM-RMP Mod Applic submitted.msg.pdf","Downloaded",""
"2020-04-02","TVS Sludge-Temp data Mar-Apr-June 2019.xlsx","came w/ em from WWTP","Misc. Submittal Docs","6333816970892467646","WRD - NPDES","Application/Request","HNX-E8Q7-TQ4BF","Schedule - Biosolids Residuals Management Program (RMP) Submittal or Modification","https://mienviro.michigan.gov/ncore/downloadpdf/6333816970892467646","F:\WWTP DOCUMENT DIVE\Cadillac_MiEnviro_2011-2026\documents\2020-04-02__6333816970892467646__TVS Sludge-Temp data Mar-Apr-June 2019.xlsx.pdf","Downloaded",""
"2015-12-19","DMR Summary - MI0020257 _11_01_2015_to_11_30_2015_V1.docx","DMR Summary Data for period 11/01/2015 - 11/30/2015_V1","Schedule - DMR Documents","6280680775372517980","WRD - NPDES","Permit","MI0020257 v5.0","NPDES Individual Permit","https://mienviro.michigan.gov/ncore/downloadpdf/6280680775372517980","F:\WWTP DOCUMENT DIVE\Cadillac_MiEnviro_2011-2026\documents\2015-12-19__6280680775372517980__DMR Summary - MI0020257 _11_01_2015_to_11_30_2015_V1.docx.pdf","Downloaded",""
"2023-10-05","FW Preliminary City of Cadillac Comments on New Draft NPDES permit - Additional Monitoring.msg","","Misc. NPDES Permit Docs","6252796811904198433","WRD - NPDES","Permit","MI0020257 v7.0","NPDES Individual Permit","https://mienviro.michigan.gov/ncore/downloadpdf/6252796811904198433","F:\WWTP DOCUMENT DIVE\Cadillac_MiEnviro_2011-2026\documents\2023-10-05__6252796811904198433__FW Preliminary City of Cadillac Comments on New Draft NPDES permit - Additional Monitoring.msg.pdf","Downloaded",""
"2017-03-16","DMR Summary - MI0020257 _02_01_2017_to_02_28_2017_V1.docx","DMR Summary Data for period 02/01/2017 - 02/28/2017_V1","Schedule - DMR Documents","6361322379720926853","WRD - NPDES","Permit","MI0020257 v5.1","NPDES Individual Permit","https://mienviro.michigan.gov/ncore/downloadpdf/6361322379720926853","F:\WWTP DOCUMENT DIVE\Cadillac_MiEnviro_2011-2026\documents\2017-03-16__6361322379720926853__DMR Summary - MI0020257 _02_01_2017_to_02_28_2017_V1.docx.pdf","Downloaded",""
"2019-06-28","J17646-1 UDS Level 2 Report Final Report (Leachate).pdf v1","1. Provide a summary of all IU sampling to date under the IPP PFAS Initiative; We have determined Wexford county landfill is our source. They have gone to deep well injection and have told us they will not be bringing it to us anymore.","Applicant Attachments","6286447248229530622","WRD - NPDES","Application/Request","HNQ-VZP8-TWNRX","Schedule - IPP PFAS Status Report","https://mienviro.michigan.gov/ncore/downloadpdf/6286447248229530622","F:\WWTP DOCUMENT DIVE\Cadillac_MiEnviro_2011-2026\documents\2019-06-28__6286447248229530622__J17646-1 UDS Level 2 Report Final Report (Leachate).pdf v1.pdf","Downloaded",""
"2024-10-30","Biosolids Land-App Ammounts 1.docx","nForm Document","Form Submission Attachments","6377962537871703258","WRD - NPDES","Application/Request","HQ7-KAAW-2S9Y5","Schedule - Biosolids Annual Report","https://mienviro.michigan.gov/ncore/downloadpdf/6377962537871703258","F:\WWTP DOCUMENT DIVE\Cadillac_MiEnviro_2011-2026\documents\2024-10-30__6377962537871703258__Biosolids Land-App Ammounts 1.docx.pdf","Downloaded",""
"2018-09-19","RE_ Cadillac WWTP - IPP PFAS Interim Report Review.msg","IPP PFAS Summ Rpt discussion documents","Industrial Pretreatment Program (IPP)","6449269443969004594","WRD - NPDES","Application/Request","HNJ-P0ZX-8AVDS","Schedule - IPP PFAS Summary Report","","","No download link",""
"2013-08-20","Cadillac WWTP PN Notification Email.pdf","","Conversion - Compliance Action","6362211730533153224","WRD - NPDES","Permit","MI0020257 v5.0","NPDES Individual Permit","https://mienviro.michigan.gov/ncore/downloadpdf/6362211730533153224","F:\WWTP DOCUMENT DIVE\Cadillac_MiEnviro_2011-2026\documents\2013-08-20__6362211730533153224__Cadillac WWTP PN Notification Email.pdf.pdf","Downloaded",""
"2011-02-04","Cadillac WWTP BOD (2).pdf","","Conversion - Application / Request","6336071071605205117","WRD - NPDES","Evaluation","E-3F12-26-C65D","CSI-Conventionals Only (02/03/2011)","https://mienviro.michigan.gov/ncore/downloadpdf/6336071071605205117","F:\WWTP DOCUMENT DIVE\Cadillac_MiEnviro_2011-2026\documents\2011-02-04__6336071071605205117__Cadillac WWTP BOD (2).pdf.pdf","Downloaded",""
"2018-01-18","DMR Daily - MI0020257 _12_01_2017_to_12_31_2017_V1.docx","DMR Daily Data for period 12/01/2017 - 12/31/2017_V1","Schedule - DMR Documents","6383006232820553511","WRD - NPDES","Permit","MI0020257 v5.1","NPDES Individual Permit","https://mienviro.michigan.gov/ncore/downloadpdf/6383006232820553511","F:\WWTP DOCUMENT DIVE\Cadillac_MiEnviro_2011-2026\documents\2018-01-18__6383006232820553511__DMR Daily - MI0020257 _12_01_2017_to_12_31_2017_V1.docx.pdf","Downloaded",""
"2018-06-27","AAR Mobility Maps and Flow.pdf","IPP PFAS Interim Rpt discussion correspondence","Industrial Pretreatment Program (IPP)","6364498015414189768","WRD - NPDES","Application/Request","HNF-P7H3-DCN87","Schedule - IPP PFAS Interim Report-1","https://mienviro.michigan.gov/ncore/downloadpdf/6364498015414189768","F:\WWTP DOCUMENT DIVE\Cadillac_MiEnviro_2011-2026\documents\2018-06-27__6364498015414189768__AAR Mobility Maps and Flow.pdf.pdf","Downloaded",""
"2013-05-22","Basis for Decision Memo.doc","Basis for Decision Memo","Conversion - Permit","6383819432886238526","WRD - NPDES","Permit","MI0020257 v5.0","NPDES Individual Permit","https://mienviro.michigan.gov/ncore/downloadpdf/6383819432886238526","F:\WWTP DOCUMENT DIVE\Cadillac_MiEnviro_2011-2026\documents\2013-05-22__6383819432886238526__Basis for Decision Memo.doc.pdf","Downloaded",""
"2013-07-17","Cadillac WWTP Draft Permit.pdf","PPN Permit","Conversion - Compliance Action","6433966495781532147","WRD - NPDES","Permit","MI0020257 v5.0","NPDES Individual Permit","https://mienviro.michigan.gov/ncore/downloadpdf/6433966495781532147","F:\WWTP DOCUMENT DIVE\Cadillac_MiEnviro_2011-2026\documents\2013-07-17__6433966495781532147__Cadillac WWTP Draft Permit.pdf.pdf","Downloaded",""
"2018-10-29","FY18 As Applied 20N07W07-RJ02.pdf v1","As Applied 20N7W7RJ02.pdf","Applicant Attachments","6403317132604385721","WRD - NPDES","Application/Request","HNH-M790-67ZPK","Schedule - Biosolids Annual Report","https://mienviro.michigan.gov/ncore/downloadpdf/6403317132604385721","F:\WWTP DOCUMENT DIVE\Cadillac_MiEnviro_2011-2026\documents\2018-10-29__6403317132604385721__FY18 As Applied 20N07W07-RJ02.pdf v1.pdf","Downloaded",""
"2020-10-30","FY20 Metals Worksheets.pdf","Upload Actual Analytical Laboratory Data; Metals Worksheets.pdf; Calculations for Ag Rates;","Form Submission Attachments","6438358885807165188","WRD - NPDES","Application/Request","HP3-HWDR-V8Y73","Schedule - Biosolids Annual Report","https://mienviro.michigan.gov/ncore/downloadpdf/6438358885807165188","F:\WWTP DOCUMENT DIVE\Cadillac_MiEnviro_2011-2026\documents\2020-10-30__6438358885807165188__FY20 Metals Worksheets.pdf.pdf","Downloaded",""
"2014-10-09","DEQ Test Data Evaluation Form.doc","DEQ Test Data Evaluation Form","Conversion - Eval","6466431524347949415","WRD - NPDES","Evaluation","E-832F-E9-D657","NPDES CSI-Toxics (10/14/2014)","https://mienviro.michigan.gov/ncore/downloadpdf/6466431524347949415","F:\WWTP DOCUMENT DIVE\Cadillac_MiEnviro_2011-2026\documents\2014-10-09__6466431524347949415__DEQ Test Data Evaluation Form.doc.pdf","Downloaded",""
"2025-07-30","Compliance Communication.docx","","Water Quality Compliance Communication Docs","6467174389828823059","WRD - NPDES","Compliance Action","CC-006510","Compliance Communication","https://mienviro.michigan.gov/ncore/downloadpdf/6467174389828823059","F:\WWTP DOCUMENT DIVE\Cadillac_MiEnviro_2011-2026\documents\2025-07-30__6467174389828823059__Compliance Communication.docx.pdf","Downloaded",""
"2018-05-08","IMG_0023-cas.JPG","taken during field inspection","NPDES Biosolids Evaluation","6450893892153400972","WRD - NPDES","Evaluation","E-DHWW-FYB-ZBN","Biosolids Audit (05/11/2018)","https://mienviro.michigan.gov/ncore/downloadpdf/6450893892153400972","F:\WWTP DOCUMENT DIVE\Cadillac_MiEnviro_2011-2026\documents\2018-05-08__6450893892153400972__IMG_0023-cas.JPG.pdf","Downloaded",""
"2022-06-23","19.10.Eff.PFAS.TestAm.pdf","nForm Document","Form Submission Attachments","6445624706899949300","WRD - NPDES","Application/Request","HPJ-N5BJ-2CYH5","Schedule - PFAS POTW Effluent Monitoring Report","https://mienviro.michigan.gov/ncore/downloadpdf/6445624706899949300","F:\WWTP DOCUMENT DIVE\Cadillac_MiEnviro_2011-2026\documents\2022-06-23__6445624706899949300__19.10.Eff.PFAS.TestAm.pdf.pdf","Downloaded",""
"2021-12-02","HPC-RJ1M-FCGM7 V2.pdf v2","Submission PDF","Misc. Application and Request Docs","6509552559668982680","WRD - NPDES","Application/Request","HPC-RJ1M-FCGM7","Schedule - NPDES Unscheduled Permit Required Reports","https://mienviro.michigan.gov/ncore/downloadpdf/6509552559668982680","F:\WWTP DOCUMENT DIVE\Cadillac_MiEnviro_2011-2026\documents\2021-12-02__6509552559668982680__HPC-RJ1M-FCGM7 V2.pdf v2.pdf","Downloaded",""
"2021-10-28","210303.biosolids.PACE.pdf","FY21 Metals-Nutrient Results-Mar. 3, 2021;","Form Submission Attachments","6298732138091894525","WRD - NPDES","Application/Request","HPC-K20Z-68T3J","Schedule - Biosolids Annual Report","https://mienviro.michigan.gov/ncore/downloadpdf/6298732138091894525","F:\WWTP DOCUMENT DIVE\Cadillac_MiEnviro_2011-2026\documents\2021-10-28__6298732138091894525__210303.biosolids.PACE.pdf.pdf","Downloaded",""
"2021-10-25","RE_ City of Cadillac .msg","Initial response to VN-012230.","Industrial Pretreatment Program (IPP)","6499276414308014200","WRD - NPDES","Compliance Action","VN-012230","Violation Notice","https://mienviro.michigan.gov/ncore/downloadpdf/6499276414308014200","F:\WWTP DOCUMENT DIVE\Cadillac_MiEnviro_2011-2026\documents\2021-10-25__6499276414308014200__RE_ City of Cadillac .msg.pdf","Downloaded",""
"2023-07-27","Pre-Public Notice Letter_Cadillac WWTP.msg","","Misc. NPDES Permit Docs","6467084543884516640","WRD - NPDES","Permit","MI0020257 v7.0","NPDES Individual Permit","https://mienviro.michigan.gov/ncore/downloadpdf/6467084543884516640","F:\WWTP DOCUMENT DIVE\Cadillac_MiEnviro_2011-2026\documents\2023-07-27__6467084543884516640__Pre-Public Notice Letter_Cadillac WWTP.msg.pdf","Downloaded",""
"2024-10-30","230928.biosolids.pathogens.HML.pdf","nForm Document","Form Submission Attachments","6519947209063911443","WRD - NPDES","Application/Request","HQ7-KAAW-2S9Y5","Schedule - Biosolids Annual Report","https://mienviro.michigan.gov/ncore/downloadpdf/6519947209063911443","F:\WWTP DOCUMENT DIVE\Cadillac_MiEnviro_2011-2026\documents\2024-10-30__6519947209063911443__230928.biosolids.pathogens.HML.pdf.pdf","Downloaded",""
"2026-01-15","MI0020257_2025-12-01_to_2025-12-31_DMR.pdf","","Schedule - DMR Documents","6508160864504021266","WRD - NPDES","Permit","MI0020257 v7.0","Schedule - DMR","https://mienviro.michigan.gov/ncore/downloadpdf/6508160864504021266","F:\WWTP DOCUMENT DIVE\Cadillac_MiEnviro_2011-2026\documents\2026-01-15__6508160864504021266__MI0020257_2025-12-01_to_2025-12-31_DMR.pdf.pdf","Downloaded",""
"2016-02-20","DMR Daily - MI0020257 _01_01_2016_to_01_31_2016_V1.docx","DMR Daily Data for period 01/01/2016 - 01/31/2016_V1","Schedule - DMR Documents","6525466383076021292","WRD - NPDES","Permit","MI0020257 v5.0","NPDES Individual Permit","https://mienviro.michigan.gov/ncore/downloadpdf/6525466383076021292","F:\WWTP DOCUMENT DIVE\Cadillac_MiEnviro_2011-2026\documents\2016-02-20__6525466383076021292__DMR Daily - MI0020257 _01_01_2016_to_01_31_2016_V1.docx.pdf","Downloaded",""
"2021-09-09","21.08.Eff.AddlMonit.Fibertec.pdf","nForm Document","Form Submission Attachments","6574033254126510035","WRD - NPDES","Application/Request","HPB-KP8T-GKSNS","Schedule - Certification of Completion of Additional Monitoring Requirements","https://mienviro.michigan.gov/ncore/downloadpdf/6574033254126510035","F:\WWTP DOCUMENT DIVE\Cadillac_MiEnviro_2011-2026\documents\2021-09-09__6574033254126510035__21.08.Eff.AddlMonit.Fibertec.pdf.pdf","Downloaded",""
"2018-12-10","EM-FY18 Biosolids DT numbers - plus info.msg","DEQ responds","NPDES Submittal Docs","6582700003823858583","WRD - NPDES","Application/Request","HNH-M790-67ZPK","Schedule - Biosolids Annual Report","https://mienviro.michigan.gov/ncore/downloadpdf/6582700003823858583","F:\WWTP DOCUMENT DIVE\Cadillac_MiEnviro_2011-2026\documents\2018-12-10__6582700003823858583__EM-FY18 Biosolids DT numbers - plus info.msg.pdf","Downloaded",""
"2017-04-03","CCI.docx v1","CCI.docx","Applicant Attachments","6710410934790894908","WRD - NPDES","Application/Request","2Q7-HQ21-P66B","Permit Change - National Pollutant Discharge Elimination System (NPDES) Municipal Application Form (Reissuance)","https://mienviro.michigan.gov/ncore/downloadpdf/6710410934790894908","F:\WWTP DOCUMENT DIVE\Cadillac_MiEnviro_2011-2026\documents\2017-04-03__6710410934790894908__CCI.docx v1.pdf","Downloaded",""
"2023-03-21","2023-03-21 RE_ Cadillac IPP follow up.msg","Extension request approved.","Industrial Pretreatment Program (IPP)","6580583183333019148","WRD - NPDES","Compliance Action","VN-012230","Violation Notice","https://mienviro.michigan.gov/ncore/downloadpdf/6580583183333019148","F:\WWTP DOCUMENT DIVE\Cadillac_MiEnviro_2011-2026\documents\2023-03-21__6580583183333019148__2023-03-21 RE_ Cadillac IPP follow up.msg.pdf","Downloaded",""
"2022-10-28","HPN-5DCS-H4WTR V1.pdf v1","Submission PDF","Misc. Application and Request Docs","6698643745379527068","WRD - NPDES","Application/Request","HPN-5DCS-H4WTR","Schedule - Biosolids Annual Report","https://mienviro.michigan.gov/ncore/downloadpdf/6698643745379527068","F:\WWTP DOCUMENT DIVE\Cadillac_MiEnviro_2011-2026\documents\2022-10-28__6698643745379527068__HPN-5DCS-H4WTR V1.pdf v1.pdf","Downloaded",""
"2024-10-09","IU Permit notes_COPY.msg","Comments on IU permits version 2.","Industrial Pretreatment Program (IPP)","6645952068854823121","WRD - NPDES","Compliance Action","SVN-01952","Second Violation Notice","https://mienviro.michigan.gov/ncore/downloadpdf/6645952068854823121","F:\WWTP DOCUMENT DIVE\Cadillac_MiEnviro_2011-2026\documents\2024-10-09__6645952068854823121__IU Permit notes_COPY.msg.pdf","Downloaded",""
"2019-03-11","DMR Daily - MI0020257 _02_01_2019_to_02_28_2019_V1.docx","DMR Daily Data for period 02/01/2019 - 02/28/2019_V1","Schedule - DMR Documents","6719313888538820316","WRD - NPDES","Permit","MI0020257 v5.1","NPDES Individual Permit","https://mienviro.michigan.gov/ncore/downloadpdf/6719313888538820316","F:\WWTP DOCUMENT DIVE\Cadillac_MiEnviro_2011-2026\documents\2019-03-11__6719313888538820316__DMR Daily - MI0020257 _02_01_2019_to_02_28_2019_V1.docx.pdf","Downloaded",""
"2018-10-29","FY18 Temp Logs.pdf v1","5-18 Temp Logs.pdf; Spring 2018;","Applicant Attachments","6596682446003695951","WRD - NPDES","Application/Request","HNH-M790-67ZPK","Schedule - Biosolids Annual Report","https://mienviro.michigan.gov/ncore/downloadpdf/6596682446003695951","F:\WWTP DOCUMENT DIVE\Cadillac_MiEnviro_2011-2026\documents\2018-10-29__6596682446003695951__FY18 Temp Logs.pdf v1.pdf","Downloaded",""
"2024-04-24","2024 Recon Report.docx","","Inspection Report","6728668410666358695","WRD - NPDES","Evaluation","E-PN651347951074","NPDES Recon (04/10/2024)","https://mienviro.michigan.gov/ncore/downloadpdf/6728668410666358695","F:\WWTP DOCUMENT DIVE\Cadillac_MiEnviro_2011-2026\documents\2024-04-24__6728668410666358695__2024 Recon Report.docx.pdf","Downloaded",""
"2018-05-08","IMG_0028-cas.JPG","taken during field inspection","NPDES Biosolids Evaluation","6747494849719470224","WRD - NPDES","Evaluation","E-DHWW-FYB-ZBN","Biosolids Audit (05/11/2018)","https://mienviro.michigan.gov/ncore/downloadpdf/6747494849719470224","F:\WWTP DOCUMENT DIVE\Cadillac_MiEnviro_2011-2026\documents\2018-05-08__6747494849719470224__IMG_0028-cas.JPG.pdf","Downloaded",""
"2023-03-07","2023-03-07 Categorical IU Assessment Request - Cadillac WWTP.pdf","","Industrial Pretreatment Program (IPP)","6784107865186182958","n/a","Site","15637","Site","https://mienviro.michigan.gov/ncore/downloadpdf/6784107865186182958","F:\WWTP DOCUMENT DIVE\Cadillac_MiEnviro_2011-2026\documents\2023-03-07__6784107865186182958__2023-03-07 Categorical IU Assessment Request - Cadillac WWTP.pdf.pdf","Downloaded",""
"2022-11-09","HPP-2914-8S45C V1.pdf v1","Submission PDF","Misc. Application and Request Docs","6871345741167251834","WRD - NPDES","Application/Request","HPP-2914-8S45C","Schedule - PFAS POTW Effluent Monitoring Report","https://mienviro.michigan.gov/ncore/downloadpdf/6871345741167251834","F:\WWTP DOCUMENT DIVE\Cadillac_MiEnviro_2011-2026\documents\2022-11-09__6871345741167251834__HPP-2914-8S45C V1.pdf v1.pdf","Downloaded",""
"2022-10-28","Cadillac preops_11-21-21.pdf","nForm Document","Form Submission Attachments","6744959516118720964","WRD - NPDES","Application/Request","HPN-5DCS-H4WTR","Schedule - Biosolids Annual Report","https://mienviro.michigan.gov/ncore/downloadpdf/6744959516118720964","F:\WWTP DOCUMENT DIVE\Cadillac_MiEnviro_2011-2026\documents\2022-10-28__6744959516118720964__Cadillac preops_11-21-21.pdf.pdf","Downloaded",""
"2020-01-16","DMR Daily - MI0020257 _12_01_2019_to_12_31_2019_V1.docx","DMR Daily Data for period 12/01/2019 - 12/31/2019_V1","Schedule - DMR Documents","6901296223852828324","WRD - NPDES","Permit","MI0020257 v6.0","NPDES Individual Permit","https://mienviro.michigan.gov/ncore/downloadpdf/6901296223852828324","F:\WWTP DOCUMENT DIVE\Cadillac_MiEnviro_2011-2026\documents\2020-01-16__6901296223852828324__DMR Daily - MI0020257 _12_01_2019_to_12_31_2019_V1.docx.pdf","Downloaded",""
"2020-04-07","FY19 Biosolids Lab Data sheet-Oct.pdf","EGLE info from Cadillac's past biosolids annual reports to help with RMP mod review","Misc. Submittal Docs","6934318977461350840","WRD - NPDES","Application/Request","HNX-E8Q7-TQ4BF","Schedule - Biosolids Residuals Management Program (RMP) Submittal or Modification","https://mienviro.michigan.gov/ncore/downloadpdf/6934318977461350840","F:\WWTP DOCUMENT DIVE\Cadillac_MiEnviro_2011-2026\documents\2020-04-07__6934318977461350840__FY19 Biosolids Lab Data sheet-Oct.pdf.pdf","Downloaded",""
"2022-10-28","20N09W06-DI01.pdf","nForm Document","Form Submission Attachments","6872046597324017931","WRD - NPDES","Application/Request","HPN-5DCS-H4WTR","Schedule - Biosolids Annual Report","https://mienviro.michigan.gov/ncore/downloadpdf/6872046597324017931","F:\WWTP DOCUMENT DIVE\Cadillac_MiEnviro_2011-2026\documents\2022-10-28__6872046597324017931__20N09W06-DI01.pdf.pdf","Downloaded",""
"2019-03-04","Cadillac WWTP PFAS Letter.msg","IPP PFAS Int Summ Rpt App Email","Industrial Pretreatment Program (IPP)","6876433978433285649","WRD - NPDES","Application/Request","HNF-P7H3-DCN87","Schedule - IPP PFAS Interim Report-1","https://mienviro.michigan.gov/ncore/downloadpdf/6876433978433285649","F:\WWTP DOCUMENT DIVE\Cadillac_MiEnviro_2011-2026\documents\2019-03-04__6876433978433285649__Cadillac WWTP PFAS Letter.msg.pdf","Downloaded",""
"2023-10-05","Basis for Decision Memo-DRAFT for Public Notice_Cadillac WWTP.pdf","","Misc. NPDES Permit Docs","6907198657668915430","WRD - NPDES","Permit","MI0020257 v7.0","NPDES Individual Permit","https://mienviro.michigan.gov/ncore/downloadpdf/6907198657668915430","F:\WWTP DOCUMENT DIVE\Cadillac_MiEnviro_2011-2026\documents\2023-10-05__6907198657668915430__Basis for Decision Memo-DRAFT for Public Notice_Cadillac WWTP.pdf.pdf","Downloaded",""
"2017-04-03","Paragon Wet Test.pdf v1","Paragon Wet Test.pdf","Applicant Attachments","6932780206728288696","WRD - NPDES","Application/Request","2Q7-HQ21-P66B","Permit Change - National Pollutant Discharge Elimination System (NPDES) Municipal Application Form (Reissuance)","https://mienviro.michigan.gov/ncore/downloadpdf/6932780206728288696","F:\WWTP DOCUMENT DIVE\Cadillac_MiEnviro_2011-2026\documents\2017-04-03__6932780206728288696__Paragon Wet Test.pdf v1.pdf","Downloaded",""
"2024-07-10","24.05.PFOS.EDD.Pace.xlsx","nForm Document","Form Submission Attachments","6990146337876146453","WRD - NPDES","Application/Request","HQ4-SQ4J-259F6","Schedule - PFAS POTW Effluent Monitoring Report","https://mienviro.michigan.gov/ncore/downloadpdf/6990146337876146453","F:\WWTP DOCUMENT DIVE\Cadillac_MiEnviro_2011-2026\documents\2024-07-10__6990146337876146453__24.05.PFOS.EDD.Pace.xlsx.pdf","Downloaded",""
"2022-06-23","20.10.Eff.PFAS.TestAm.pdf","nForm Document","Form Submission Attachments","6925668021878723106","WRD - NPDES","Application/Request","HPJ-N5BJ-2CYH5","Schedule - PFAS POTW Effluent Monitoring Report","https://mienviro.michigan.gov/ncore/downloadpdf/6925668021878723106","F:\WWTP DOCUMENT DIVE\Cadillac_MiEnviro_2011-2026\documents\2022-06-23__6925668021878723106__20.10.Eff.PFAS.TestAm.pdf.pdf","Downloaded",""
"2022-10-28","21N09W25-AB01.pdf","nForm Document","Form Submission Attachments","6981536826753546736","WRD - NPDES","Application/Request","HPN-5DCS-H4WTR","Schedule - Biosolids Annual Report","https://mienviro.michigan.gov/ncore/downloadpdf/6981536826753546736","F:\WWTP DOCUMENT DIVE\Cadillac_MiEnviro_2011-2026\documents\2022-10-28__6981536826753546736__21N09W25-AB01.pdf.pdf","Downloaded",""
"2022-05-02","FW_ City of Cadillac.msg","","Industrial Pretreatment Program (IPP)","7003016327677449564","WRD - NPDES","Application/Request","HPH-8HXC-J75GZ","Schedule - Submit Corrective Action Plan","https://mienviro.michigan.gov/ncore/downloadpdf/7003016327677449564","F:\WWTP DOCUMENT DIVE\Cadillac_MiEnviro_2011-2026\documents\2022-05-02__7003016327677449564__FW_ City of Cadillac.msg.pdf","Downloaded",""
"2017-09-15","DMR Daily - MI0020257 _08_01_2017_to_08_31_2017_V1.docx","DMR Daily Data for period 08/01/2017 - 08/31/2017_V1","Schedule - DMR Documents","7005832042046937184","WRD - NPDES","Permit","MI0020257 v5.1","NPDES Individual Permit","https://mienviro.michigan.gov/ncore/downloadpdf/7005832042046937184","F:\WWTP DOCUMENT DIVE\Cadillac_MiEnviro_2011-2026\documents\2017-09-15__7005832042046937184__DMR Daily - MI0020257 _08_01_2017_to_08_31_2017_V1.docx.pdf","Downloaded",""
"2018-09-19","DMR Daily - MI0020257 _08_01_2018_to_08_31_2018_V1.docx","DMR Daily Data for period 08/01/2018 - 08/31/2018_V1","Schedule - DMR Documents","7058332325169357574","WRD - NPDES","Permit","MI0020257 v5.1","NPDES Individual Permit","https://mienviro.michigan.gov/ncore/downloadpdf/7058332325169357574","F:\WWTP DOCUMENT DIVE\Cadillac_MiEnviro_2011-2026\documents\2018-09-19__7058332325169357574__DMR Daily - MI0020257 _08_01_2018_to_08_31_2018_V1.docx.pdf","Downloaded",""
"2025-06-11","25.05.PFAS.EDD.Pace.xlsx","May 2025 WWTP effluent PFAS sample results","Form Submission Attachments","7099943325746607091","WRD - NPDES","Application/Request","HQD-91C4-TNX99","Schedule - PFAS POTW Effluent Monitoring Report","https://mienviro.michigan.gov/ncore/downloadpdf/7099943325746607091","F:\WWTP DOCUMENT DIVE\Cadillac_MiEnviro_2011-2026\documents\2025-06-11__7099943325746607091__25.05.PFAS.EDD.Pace.xlsx.pdf","Downloaded",""
"2018-05-08","IMG_0026-cas.JPG","taken during field inspection","NPDES Biosolids Evaluation","7088981037234495432","WRD - NPDES","Evaluation","E-DHWW-FYB-ZBN","Biosolids Audit (05/11/2018)","https://mienviro.michigan.gov/ncore/downloadpdf/7088981037234495432","F:\WWTP DOCUMENT DIVE\Cadillac_MiEnviro_2011-2026\documents\2018-05-08__7088981037234495432__IMG_0026-cas.JPG.pdf","Downloaded",""
"2026-08-05","260722.biosolids.PFAS.Merit.PDF","nForm Document","Form Submission Attachments","7082440348336298437","WRD - NPDES","Application/Request","HQQ-JWPA-R1S8B","Schedule - Biosolids PFAS Monitoring Report","https://mienviro.michigan.gov/ncore/downloadpdf/7082440348336298437","F:\WWTP DOCUMENT DIVE\Cadillac_MiEnviro_2011-2026\documents\2026-08-05__7082440348336298437__260722.biosolids.PFAS.Merit.PDF.pdf","Downloaded",""
"2018-06-12","DMR Daily - MI0020257 _05_01_2018_to_05_31_2018_V1.docx","DMR Daily Data for period 05/01/2018 - 05/31/2018_V1","Schedule - DMR Documents","7087999755524318816","WRD - NPDES","Permit","MI0020257 v5.1","NPDES Individual Permit","https://mienviro.michigan.gov/ncore/downloadpdf/7087999755524318816","F:\WWTP DOCUMENT DIVE\Cadillac_MiEnviro_2011-2026\documents\2018-06-12__7087999755524318816__DMR Daily - MI0020257 _05_01_2018_to_05_31_2018_V1.docx.pdf","Downloaded",""
"2018-12-05","EM-FY18 LA docs and DTs submitted for Biosolids AR-revsd cert-needs applier signature....msg","DEQ responds","NPDES Submittal Docs","7128560501718319606","WRD - NPDES","Application/Request","HNH-M790-67ZPK","Schedule - Biosolids Annual Report","https://mienviro.michigan.gov/ncore/downloadpdf/7128560501718319606","F:\WWTP DOCUMENT DIVE\Cadillac_MiEnviro_2011-2026\documents\2018-12-05__7128560501718319606__EM-FY18 LA docs and DTs submitted for Biosolids AR-revsd cert-needs applier signature....msg.pdf","Downloaded",""
"2013-08-16","MDEQ Draft NPDES Response from Cadillac.pdf","","Conversion - Compliance Action","7119989374435100322","WRD - NPDES","Permit","MI0020257 v5.0","NPDES Individual Permit","https://mienviro.michigan.gov/ncore/downloadpdf/7119989374435100322","F:\WWTP DOCUMENT DIVE\Cadillac_MiEnviro_2011-2026\documents\2013-08-16__7119989374435100322__MDEQ Draft NPDES Response from Cadillac.pdf.pdf","Downloaded",""
"2025-10-21","Biosolids Dry Tons Calc 12.13.24.xls","nForm Document","Form Submission Attachments","7158166854189804635","WRD - NPDES","Application/Request","HQG-GM42-A2DBC","Schedule - Biosolids Annual Report","https://mienviro.michigan.gov/ncore/downloadpdf/7158166854189804635","F:\WWTP DOCUMENT DIVE\Cadillac_MiEnviro_2011-2026\documents\2025-10-21__7158166854189804635__Biosolids Dry Tons Calc 12.13.24.xls.pdf","Downloaded",""
"2024-07-11","MI0020257_2024-05-01_to_2024-05-31_2_DMR.pdf","","Schedule - DMR Documents","7130246730144492849","WRD - NPDES","Permit","MI0020257 v7.0","Schedule - DMR","https://mienviro.michigan.gov/ncore/downloadpdf/7130246730144492849","F:\WWTP DOCUMENT DIVE\Cadillac_MiEnviro_2011-2026\documents\2024-07-11__7130246730144492849__MI0020257_2024-05-01_to_2024-05-31_2_DMR.pdf.pdf","Downloaded",""
"2020-04-02","TVS Sludge data with June 2019 - CS.xlsx","EGLE staff determining averages","Misc. Submittal Docs","7167064064318080607","WRD - NPDES","Application/Request","HNX-E8Q7-TQ4BF","Schedule - Biosolids Residuals Management Program (RMP) Submittal or Modification","https://mienviro.michigan.gov/ncore/downloadpdf/7167064064318080607","F:\WWTP DOCUMENT DIVE\Cadillac_MiEnviro_2011-2026\documents\2020-04-02__7167064064318080607__TVS Sludge data with June 2019 - CS.xlsx.pdf","Downloaded",""
"2025-10-21","HQG-GKRH-8B37J_v1.pdf","September 2025 WWTP effluent PFAS sample results","Form Submission Attachments","7159881994930730916","WRD - NPDES","Application/Request","HQG-GKRH-8B37J","Schedule - PFAS POTW Effluent Monitoring Report","https://mienviro.michigan.gov/ncore/downloadpdf/7159881994930730916","F:\WWTP DOCUMENT DIVE\Cadillac_MiEnviro_2011-2026\documents\2025-10-21__7159881994930730916__HQG-GKRH-8B37J_v1.pdf.pdf","Downloaded",""
"2026-03-25","26.03.04.Benzidine.CN.addlAMR.Trace.pdf","nForm Document","Form Submission Attachments","7169233141793584971","WRD - NPDES","Application/Request","HQM-5QVG-V9A98","Schedule - Certification of Completion of Additional Monitoring Requirements","https://mienviro.michigan.gov/ncore/downloadpdf/7169233141793584971","F:\WWTP DOCUMENT DIVE\Cadillac_MiEnviro_2011-2026\documents\2026-03-25__7169233141793584971__26.03.04.Benzidine.CN.addlAMR.Trace.pdf.pdf","Downloaded",""
"2019-03-20","Proof Of Publication.pdf v1","3 a. If you indicated ""YES"", please upload proof of publication.","Applicant Attachments","7180582098187699991","WRD - NPDES","Application/Request","HNN-0QFE-AG22Q","Schedule - Michigan Industrial Pretreatment Program (IPP) Annual Report","https://mienviro.michigan.gov/ncore/downloadpdf/7180582098187699991","F:\WWTP DOCUMENT DIVE\Cadillac_MiEnviro_2011-2026\documents\2019-03-20__7180582098187699991__Proof Of Publication.pdf v1.pdf","Downloaded",""
"2026-04-10","MI0020257_2026-03-01_to_2026-03-31_DMR.pdf","","Schedule - DMR Documents","7207999630428628908","WRD - NPDES","Permit","MI0020257 v7.0","Schedule - DMR","https://mienviro.michigan.gov/ncore/downloadpdf/7207999630428628908","F:\WWTP DOCUMENT DIVE\Cadillac_MiEnviro_2011-2026\documents\2026-04-10__7207999630428628908__MI0020257_2026-03-01_to_2026-03-31_DMR.pdf.pdf","Downloaded",""
"2018-10-29","Additional Email Correspondence_Storm Water Coverage.msg","","NPDES Application Docs","7290824506602760518","WRD - NPDES","Application/Request","2Q7-HQ21-P66B","Permit Change - National Pollutant Discharge Elimination System (NPDES) Municipal Application Form (Reissuance)","https://mienviro.michigan.gov/ncore/downloadpdf/7290824506602760518","F:\WWTP DOCUMENT DIVE\Cadillac_MiEnviro_2011-2026\documents\2018-10-29__7290824506602760518__Additional Email Correspondence_Storm Water Coverage.msg.pdf","Downloaded",""
"2025-01-10","Cadillac MAHL - December 2024.msg","Comments on MAHL study revision submitted December 2024.","Industrial Pretreatment Program (IPP)","7292030081914521790","WRD - NPDES","Application/Request","HPV-DHMB-MCAGV","Schedule - Submit MAHL and proposed local limits","https://mienviro.michigan.gov/ncore/downloadpdf/7292030081914521790","F:\WWTP DOCUMENT DIVE\Cadillac_MiEnviro_2011-2026\documents\2025-01-10__7292030081914521790__Cadillac MAHL - December 2024.msg.pdf","Downloaded",""
"2025-11-24","2510354_1 ENVReport 11 24 2025 1129.pdf","","Misc. NPDES Evaluation Docs","7256004877716821693","WRD - NPDES","Evaluation","E-PP960227970222","Sampling Only (Toxics) (10/22/2025)","https://mienviro.michigan.gov/ncore/downloadpdf/7256004877716821693","F:\WWTP DOCUMENT DIVE\Cadillac_MiEnviro_2011-2026\documents\2025-11-24__7256004877716821693__2510354_1 ENVReport 11 24 2025 1129.pdf.pdf","Downloaded",""
"2019-10-24","Phone Log 10-24-2019.pdf","EGLE & WWTP discussion","Misc. Submittal Docs","7284317847182220886","WRD - NPDES","Application/Request","HNX-E8Q7-TQ4BF","Schedule - Biosolids Residuals Management Program (RMP) Submittal or Modification","https://mienviro.michigan.gov/ncore/downloadpdf/7284317847182220886","F:\WWTP DOCUMENT DIVE\Cadillac_MiEnviro_2011-2026\documents\2019-10-24__7284317847182220886__Phone Log 10-24-2019.pdf.pdf","Downloaded",""
"2013-08-16","Cadillac WWTP Public Notice Email.pdf","","Conversion - Compliance Action","7362722464259672092","WRD - NPDES","Permit","MI0020257 v5.0","NPDES Individual Permit","https://mienviro.michigan.gov/ncore/downloadpdf/7362722464259672092","F:\WWTP DOCUMENT DIVE\Cadillac_MiEnviro_2011-2026\documents\2013-08-16__7362722464259672092__Cadillac WWTP Public Notice Email.pdf.pdf","Downloaded",""
"2020-09-11","DMR Daily - MI0020257 _08_01_2020_to_08_31_2020_V1.docx","DMR Daily Data for period 08/01/2020 - 08/31/2020_V1","Schedule - DMR Documents","7319678251053000664","WRD - NPDES","Permit","MI0020257 v6.0","NPDES Individual Permit","https://mienviro.michigan.gov/ncore/downloadpdf/7319678251053000664","F:\WWTP DOCUMENT DIVE\Cadillac_MiEnviro_2011-2026\documents\2020-09-11__7319678251053000664__DMR Daily - MI0020257 _08_01_2020_to_08_31_2020_V1.docx.pdf","Downloaded",""
"2020-10-30","FY20 TVS Reduction Log-Nov 2019 and May 2020.xlsx","TVS & 38% Reduction.xlsx; Data for Fall 2019 (Nov.) and Spring 2020 (May) hauling months;","Form Submission Attachments","7364327176372798168","WRD - NPDES","Application/Request","HP3-HWDR-V8Y73","Schedule - Biosolids Annual Report","https://mienviro.michigan.gov/ncore/downloadpdf/7364327176372798168","F:\WWTP DOCUMENT DIVE\Cadillac_MiEnviro_2011-2026\documents\2020-10-30__7364327176372798168__FY20 TVS Reduction Log-Nov 2019 and May 2020.xlsx.pdf","Downloaded",""
"2023-01-27","Categorical determination - Cadillac casting.msg","Categorical Determination info request from EGLE to Cadillac Casting","Industrial Pretreatment Program (IPP)","7397616175680015486","n/a","Site","15637","Site","https://mienviro.michigan.gov/ncore/downloadpdf/7397616175680015486","F:\WWTP DOCUMENT DIVE\Cadillac_MiEnviro_2011-2026\documents\2023-01-27__7397616175680015486__Categorical determination - Cadillac casting.msg.pdf","Downloaded",""
"2020-03-24","SIU-CIU_List.xlsx","nForm Document","Form Submission Attachments","7404543692145492921","WRD - NPDES","Application/Request","HNY-0A3C-HVRY7","Schedule - Michigan Industrial Pretreatment Program (IPP) Annual Report","https://mienviro.michigan.gov/ncore/downloadpdf/7404543692145492921","F:\WWTP DOCUMENT DIVE\Cadillac_MiEnviro_2011-2026\documents\2020-03-24__7404543692145492921__SIU-CIU_List.xlsx.pdf","Downloaded",""
"2017-05-17","DMR Summary - MI0020257 _04_01_2017_to_04_30_2017_V1.docx","DMR Summary Data for period 04/01/2017 - 04/30/2017_V1","Schedule - DMR Documents","7441804851118153573","WRD - NPDES","Permit","MI0020257 v5.1","NPDES Individual Permit","https://mienviro.michigan.gov/ncore/downloadpdf/7441804851118153573","F:\WWTP DOCUMENT DIVE\Cadillac_MiEnviro_2011-2026\documents\2017-05-17__7441804851118153573__DMR Summary - MI0020257 _04_01_2017_to_04_30_2017_V1.docx.pdf","Downloaded",""
"2020-04-03","FY20 Pathogen results-Fall.pdf","came w/ em from WWTP","NPDES Submittal Docs","7466681245637844361","WRD - NPDES","Application/Request","HNX-E8Q7-TQ4BF","Schedule - Biosolids Residuals Management Program (RMP) Submittal or Modification","https://mienviro.michigan.gov/ncore/downloadpdf/7466681245637844361","F:\WWTP DOCUMENT DIVE\Cadillac_MiEnviro_2011-2026\documents\2020-04-03__7466681245637844361__FY20 Pathogen results-Fall.pdf.pdf","Downloaded",""
"2022-03-25","AAR Facility.docx","nForm Document","Form Submission Attachments","7575683056928006754","WRD - NPDES","Application/Request","HPG-1ZSF-KC99G","Permit Change - National Pollutant Discharge Elimination System (NPDES) Municipal Application Form (Reissuance)","https://mienviro.michigan.gov/ncore/downloadpdf/7575683056928006754","F:\WWTP DOCUMENT DIVE\Cadillac_MiEnviro_2011-2026\documents\2022-03-25__7575683056928006754__AAR Facility.docx.pdf","Downloaded",""
"2018-11-29","2018 IPP Screening - Monitoring Plan.Update181130.pdf v1","2018 IPP Screening - Monitoring Plan.Update181130.pdf","Applicant Attachments","7542728895285267816","WRD - NPDES","Application/Request","HNJ-P0ZX-8AVDS","Schedule - IPP PFAS Summary Report","https://mienviro.michigan.gov/ncore/downloadpdf/7542728895285267816","F:\WWTP DOCUMENT DIVE\Cadillac_MiEnviro_2011-2026\documents\2018-11-29__7542728895285267816__2018 IPP Screening - Monitoring Plan.Update181130.pdf v1.pdf","Downloaded",""
"2022-12-14","MI0020257_2022-11-01_to_2022-11-30_DMR.pdf","","Schedule - DMR Documents","7493418984917684481","WRD - NPDES","Permit","MI0020257 v6.0","Schedule - DMR","https://mienviro.michigan.gov/ncore/downloadpdf/7493418984917684481","F:\WWTP DOCUMENT DIVE\Cadillac_MiEnviro_2011-2026\documents\2022-12-14__7493418984917684481__MI0020257_2022-11-01_to_2022-11-30_DMR.pdf.pdf","Downloaded",""
"2019-10-28","FY19 Land Applic Site List Info.pdf v1","Site Information.pdf; 8 sites used for LA;","Applicant Attachments","7537303492911861212","WRD - NPDES","Application/Request","HNT-5SPH-XVKKZ","Schedule - Biosolids Annual Report","https://mienviro.michigan.gov/ncore/downloadpdf/7537303492911861212","F:\WWTP DOCUMENT DIVE\Cadillac_MiEnviro_2011-2026\documents\2019-10-28__7537303492911861212__FY19 Land Applic Site List Info.pdf v1.pdf","Downloaded",""
"2021-11-04","Read Receipt for VN-012230.pdf","","Water Quality VNs, SVNs, ENs","7533708642884943679","WRD - NPDES","Compliance Action","VN-012230","Violation Notice","https://mienviro.michigan.gov/ncore/downloadpdf/7533708642884943679","F:\WWTP DOCUMENT DIVE\Cadillac_MiEnviro_2011-2026\documents\2021-11-04__7533708642884943679__Read Receipt for VN-012230.pdf.pdf","Downloaded",""
"2022-04-19","MI0020257_2022-03-01_to_2022-03-31_DMR.pdf","","Schedule - DMR Documents","7584257851526266595","WRD - NPDES","Permit","MI0020257 v6.0","Schedule - DMR","https://mienviro.michigan.gov/ncore/downloadpdf/7584257851526266595","F:\WWTP DOCUMENT DIVE\Cadillac_MiEnviro_2011-2026\documents\2022-04-19__7584257851526266595__MI0020257_2022-03-01_to_2022-03-31_DMR.pdf.pdf","Downloaded",""
"2018-10-29","FY18 As Applied 21N09W20-TC01.pdf v1","As Applied 21N9W20TC01.pdf","Applicant Attachments","7576125700585566965","WRD - NPDES","Application/Request","HNH-M790-67ZPK","Schedule - Biosolids Annual Report","https://mienviro.michigan.gov/ncore/downloadpdf/7576125700585566965","F:\WWTP DOCUMENT DIVE\Cadillac_MiEnviro_2011-2026\documents\2018-10-29__7576125700585566965__FY18 As Applied 21N09W20-TC01.pdf v1.pdf","Downloaded",""
"2018-10-29","FY18 Temp Logs.pdf v1","11-17 Temp Logs.pdf; Fall 2017","Applicant Attachments","7591858704755305697","WRD - NPDES","Application/Request","HNH-M790-67ZPK","Schedule - Biosolids Annual Report","https://mienviro.michigan.gov/ncore/downloadpdf/7591858704755305697","F:\WWTP DOCUMENT DIVE\Cadillac_MiEnviro_2011-2026\documents\2018-10-29__7591858704755305697__FY18 Temp Logs.pdf v1.pdf","Downloaded",""
"2020-07-31","HP1-NF8B-MDEG6 V1.pdf v1","Submission PDF","Misc. Application and Request Docs","7621784426946083240","WRD - NPDES","Application/Request","HP1-NF8B-MDEG6","Schedule - Asset Management Annual Report","https://mienviro.michigan.gov/ncore/downloadpdf/7621784426946083240","F:\WWTP DOCUMENT DIVE\Cadillac_MiEnviro_2011-2026\documents\2020-07-31__7621784426946083240__HP1-NF8B-MDEG6 V1.pdf v1.pdf","Downloaded",""
"2023-10-05","RE Cadillac WWTP - Asset Management.msg","","Misc. NPDES Permit Docs","7705666445379538630","WRD - NPDES","Permit","MI0020257 v7.0","NPDES Individual Permit","https://mienviro.michigan.gov/ncore/downloadpdf/7705666445379538630","F:\WWTP DOCUMENT DIVE\Cadillac_MiEnviro_2011-2026\documents\2023-10-05__7705666445379538630__RE Cadillac WWTP - Asset Management.msg.pdf","Downloaded",""
"2015-09-30","Cadillac Mod Basis for Decision Memo.doc","","NPDES Individual Permit","7718544574668863958","WRD - NPDES","Permit","MI0020257 v5.1","NPDES Individual Permit","https://mienviro.michigan.gov/ncore/downloadpdf/7718544574668863958","F:\WWTP DOCUMENT DIVE\Cadillac_MiEnviro_2011-2026\documents\2015-09-30__7718544574668863958__Cadillac Mod Basis for Decision Memo.doc.pdf","Downloaded",""
"2021-01-25","EM-CPLR Notification examples.msg","EGLE email to WWTP Oper.","Misc Site Docs","7655166816613235567","n/a","Site","15637","Site","https://mienviro.michigan.gov/ncore/downloadpdf/7655166816613235567","F:\WWTP DOCUMENT DIVE\Cadillac_MiEnviro_2011-2026\documents\2021-01-25__7655166816613235567__EM-CPLR Notification examples.msg.pdf","Downloaded",""
"2017-05-09","emails regd verbal notify BOD exceed 050917 ul MiW.msg","","NPDES Misc. Site Docs","7735398460674456608","n/a","Site","15637","Site","https://mienviro.michigan.gov/ncore/downloadpdf/7735398460674456608","F:\WWTP DOCUMENT DIVE\Cadillac_MiEnviro_2011-2026\documents\2017-05-09__7735398460674456608__emails regd verbal notify BOD exceed 050917 ul MiW.msg.pdf","Downloaded",""
"2023-04-20","MI0020257_2023-03-01_to_2023-03-31_DMR.pdf","","Schedule - DMR Documents","7751947053449677155","WRD - NPDES","Permit","MI0020257 v6.0","Schedule - DMR","https://mienviro.michigan.gov/ncore/downloadpdf/7751947053449677155","F:\WWTP DOCUMENT DIVE\Cadillac_MiEnviro_2011-2026\documents\2023-04-20__7751947053449677155__MI0020257_2023-03-01_to_2023-03-31_DMR.pdf.pdf","Downloaded",""
"2025-10-21","250317.biosolids.pathogens.HML.pdf","nForm Document","Form Submission Attachments","7710627415890729851","WRD - NPDES","Application/Request","HQG-GM42-A2DBC","Schedule - Biosolids Annual Report","https://mienviro.michigan.gov/ncore/downloadpdf/7710627415890729851","F:\WWTP DOCUMENT DIVE\Cadillac_MiEnviro_2011-2026\documents\2025-10-21__7710627415890729851__250317.biosolids.pathogens.HML.pdf.pdf","Downloaded",""
"2013-06-07","Cadillac WWTP IPP 2011.pdf","","Conversion - Permit","7597357992452969174","WRD - NPDES","Application/Request","ce_soc_detail-25458","Schedule - Michigan Industrial Pretreatment Program Annual Report","https://mienviro.michigan.gov/ncore/downloadpdf/7597357992452969174","F:\WWTP DOCUMENT DIVE\Cadillac_MiEnviro_2011-2026\documents\2013-06-07__7597357992452969174__Cadillac WWTP IPP 2011.pdf.pdf","Downloaded",""
"2019-06-18","DMR Summary - MI0020257 _07_01_2017_to_07_31_2017_V2.docx","DMR Summary Data for period 07/01/2017 - 07/31/2017_V2","Schedule - DMR Documents","7770092575462630038","WRD - NPDES","Permit","MI0020257 v5.1","NPDES Individual Permit","https://mienviro.michigan.gov/ncore/downloadpdf/7770092575462630038","F:\WWTP DOCUMENT DIVE\Cadillac_MiEnviro_2011-2026\documents\2019-06-18__7770092575462630038__DMR Summary - MI0020257 _07_01_2017_to_07_31_2017_V2.docx.pdf","Downloaded",""
"2023-02-01","Biosolids CPLR 20N09W06-DI01.xls","","NPDES Submittal Docs","7934928867011931261","WRD - NPDES","Application/Request","HPN-5DCS-H4WTR","Schedule - Biosolids Annual Report","","","No download link",""
"2022-03-25","Hutchinson.docx","nForm Document","Form Submission Attachments","7798043710107434054","WRD - NPDES","Application/Request","HPG-1ZSF-KC99G","Permit Change - National Pollutant Discharge Elimination System (NPDES) Municipal Application Form (Reissuance)","https://mienviro.michigan.gov/ncore/downloadpdf/7798043710107434054","F:\WWTP DOCUMENT DIVE\Cadillac_MiEnviro_2011-2026\documents\2022-03-25__7798043710107434054__Hutchinson.docx.pdf","Downloaded",""
"2018-10-29","FW_ TestAmerica invoice and report files from 190-17646-1 City of Cadillac.msg","","Industrial Pretreatment Program (IPP)","7777500079687113609","n/a","Site","15637","Site","https://mienviro.michigan.gov/ncore/downloadpdf/7777500079687113609","F:\WWTP DOCUMENT DIVE\Cadillac_MiEnviro_2011-2026\documents\2018-10-29__7777500079687113609__FW_ TestAmerica invoice and report files from 190-17646-1 City of Cadillac.msg.pdf","Downloaded",""
"2020-02-18","DMR Summary - MI0020257 _01_01_2020_to_01_31_2020_V1.docx","DMR Summary Data for period 01/01/2020 - 01/31/2020_V1","Schedule - DMR Documents","7829297075121030860","WRD - NPDES","Permit","MI0020257 v6.0","NPDES Individual Permit","https://mienviro.michigan.gov/ncore/downloadpdf/7829297075121030860","F:\WWTP DOCUMENT DIVE\Cadillac_MiEnviro_2011-2026\documents\2020-02-18__7829297075121030860__DMR Summary - MI0020257 _01_01_2020_to_01_31_2020_V1.docx.pdf","Downloaded",""
"2018-05-15","IMG_0032-cas.JPG","Biosolids hauling lab data - Oct. 2017","NPDES Biosolids Evaluation","7845561818448436059","WRD - NPDES","Evaluation","E-DHWW-FYB-ZBN","Biosolids Audit (05/11/2018)","https://mienviro.michigan.gov/ncore/downloadpdf/7845561818448436059","F:\WWTP DOCUMENT DIVE\Cadillac_MiEnviro_2011-2026\documents\2018-05-15__7845561818448436059__IMG_0032-cas.JPG.pdf","Downloaded",""
"2020-04-03","EM-Documentation to continue the RMP Mod Review.msg","from WWTP","NPDES Submittal Docs","7830709612651859340","WRD - NPDES","Application/Request","HNX-E8Q7-TQ4BF","Schedule - Biosolids Residuals Management Program (RMP) Submittal or Modification","https://mienviro.michigan.gov/ncore/downloadpdf/7830709612651859340","F:\WWTP DOCUMENT DIVE\Cadillac_MiEnviro_2011-2026\documents\2020-04-03__7830709612651859340__EM-Documentation to continue the RMP Mod Review.msg.pdf","Downloaded",""
"2018-07-26","Compliance Correspondence_Cadillac WWTP - Updated Narrative and Flow Diagram.msg","-Facility providing disinfection update in narrative description to mention UV","NPDES Application Docs","7890631484964037993","WRD - NPDES","Application/Request","2Q7-HQ21-P66B","Permit Change - National Pollutant Discharge Elimination System (NPDES) Municipal Application Form (Reissuance)","https://mienviro.michigan.gov/ncore/downloadpdf/7890631484964037993","F:\WWTP DOCUMENT DIVE\Cadillac_MiEnviro_2011-2026\documents\2018-07-26__7890631484964037993__Compliance Correspondence_Cadillac WWTP - Updated Narrative and Flow Diagram.msg.pdf","Downloaded",""
"2024-12-19","MI0020257_2024-11-01_to_2024-11-30_DMR.pdf","","Schedule - DMR Documents","7862861734108588722","WRD - NPDES","Permit","MI0020257 v7.0","Schedule - DMR","https://mienviro.michigan.gov/ncore/downloadpdf/7862861734108588722","F:\WWTP DOCUMENT DIVE\Cadillac_MiEnviro_2011-2026\documents\2024-12-19__7862861734108588722__MI0020257_2024-11-01_to_2024-11-30_DMR.pdf.pdf","Downloaded",""
"2024-10-17","MI0020257_2024-09-01_to_2024-09-30_DMR.pdf","","Schedule - DMR Documents","7899524153410466852","WRD - NPDES","Permit","MI0020257 v7.0","Schedule - DMR","https://mienviro.michigan.gov/ncore/downloadpdf/7899524153410466852","F:\WWTP DOCUMENT DIVE\Cadillac_MiEnviro_2011-2026\documents\2024-10-17__7899524153410466852__MI0020257_2024-09-01_to_2024-09-30_DMR.pdf.pdf","Downloaded",""
"2017-10-13","2017 As Applied - 17EK01.xlsx v1","Land App Site - April 2017","Applicant Attachments","7951970310208812203","WRD - NPDES","Application/Request","HN8-AEB3-S8NKF","Schedule - Biosolids Annual Report","https://mienviro.michigan.gov/ncore/downloadpdf/7951970310208812203","F:\WWTP DOCUMENT DIVE\Cadillac_MiEnviro_2011-2026\documents\2017-10-13__7951970310208812203__2017 As Applied - 17EK01.xlsx v1.pdf","Downloaded",""
"2021-12-02","HPD-MWSX-Y48BC V2.pdf v2","Submission PDF","Misc. Application and Request Docs","7929871620943933588","WRD - NPDES","Application/Request","HPD-MWSX-Y48BC","Schedule - PFAS POTW Effluent Monitoring Report","https://mienviro.michigan.gov/ncore/downloadpdf/7929871620943933588","F:\WWTP DOCUMENT DIVE\Cadillac_MiEnviro_2011-2026\documents\2021-12-02__7929871620943933588__HPD-MWSX-Y48BC V2.pdf v2.pdf","Downloaded",""
"2025-02-10","MI0020257_2025-01-01_to_2025-01-31_DMR.pdf","","Schedule - DMR Documents","7853322543497302151","WRD - NPDES","Permit","MI0020257 v7.0","Schedule - DMR","https://mienviro.michigan.gov/ncore/downloadpdf/7853322543497302151","F:\WWTP DOCUMENT DIVE\Cadillac_MiEnviro_2011-2026\documents\2025-02-10__7853322543497302151__MI0020257_2025-01-01_to_2025-01-31_DMR.pdf.pdf","Downloaded",""
"2025-04-30","Cadillac WWTP 2025 PFAS Biosolids Letter.msg","","Misc. Submittal Docs","7982831860443566308","WRD - NPDES","Application/Request","HQB-6T2F-9M76H","Schedule - Biosolids PFAS Monitoring Report","https://mienviro.michigan.gov/ncore/downloadpdf/7982831860443566308","F:\WWTP DOCUMENT DIVE\Cadillac_MiEnviro_2011-2026\documents\2025-04-30__7982831860443566308__Cadillac WWTP 2025 PFAS Biosolids Letter.msg.pdf","Downloaded",""
"2020-02-11","FY20 RMP Mod Request Letter.doc","2020 RMP Amend.doc; nForm Document;","Form Submission Attachments","8000300937872960374","WRD - NPDES","Application/Request","HNX-E8Q7-TQ4BF","Schedule - Biosolids Residuals Management Program (RMP) Submittal or Modification","https://mienviro.michigan.gov/ncore/downloadpdf/8000300937872960374","F:\WWTP DOCUMENT DIVE\Cadillac_MiEnviro_2011-2026\documents\2020-02-11__8000300937872960374__FY20 RMP Mod Request Letter.doc.pdf","Downloaded",""
"2018-05-08","IMG_0017-cas.JPG","taken during field inspection","NPDES Biosolids Evaluation","8003210494888166808","WRD - NPDES","Evaluation","E-DHWW-FYB-ZBN","Biosolids Audit (05/11/2018)","https://mienviro.michigan.gov/ncore/downloadpdf/8003210494888166808","F:\WWTP DOCUMENT DIVE\Cadillac_MiEnviro_2011-2026\documents\2018-05-08__8003210494888166808__IMG_0017-cas.JPG.pdf","Downloaded",""
"2018-11-28","EM-FY18 LA docs and DTs submitted for Biosolids AR - revised certification.msg","from facility","NPDES Submittal Docs","7983495502099291771","WRD - NPDES","Application/Request","HNH-M790-67ZPK","Schedule - Biosolids Annual Report","https://mienviro.michigan.gov/ncore/downloadpdf/7983495502099291771","F:\WWTP DOCUMENT DIVE\Cadillac_MiEnviro_2011-2026\documents\2018-11-28__7983495502099291771__EM-FY18 LA docs and DTs submitted for Biosolids AR - revised certification.msg.pdf","Downloaded",""
"2013-09-25","QA QC Report - Individual Permit.doc","QA QC Report - Individual Permit","Conversion - Permit","8003362588879650113","WRD - NPDES","Permit","MI0020257 v5.0","NPDES Individual Permit","https://mienviro.michigan.gov/ncore/downloadpdf/8003362588879650113","F:\WWTP DOCUMENT DIVE\Cadillac_MiEnviro_2011-2026\documents\2013-09-25__8003362588879650113__QA QC Report - Individual Permit.doc.pdf","Downloaded",""
"2019-03-04","Cadillac WWTP PFAS Interim and Summary Rpt Approval Letter.pdf","IPP PFAS Interim and Summary Report Approval Letter BIN 2","Industrial Pretreatment Program (IPP)","8004028571974457714","WRD - NPDES","Application/Request","HNF-P7H3-DCN87","Schedule - IPP PFAS Interim Report-1","https://mienviro.michigan.gov/ncore/downloadpdf/8004028571974457714","F:\WWTP DOCUMENT DIVE\Cadillac_MiEnviro_2011-2026\documents\2019-03-04__8004028571974457714__Cadillac WWTP PFAS Interim and Summary Rpt Approval Letter.pdf.pdf","Downloaded",""
"2019-10-28","FY19 Fecal Only result-retest.pdf v1","HML Fecals 4-18-2019.pdf; April 19' - Fecal still didn't meet;","Applicant Attachments","8017569878524048059","WRD - NPDES","Application/Request","HNT-5SPH-XVKKZ","Schedule - Biosolids Annual Report","https://mienviro.michigan.gov/ncore/downloadpdf/8017569878524048059","F:\WWTP DOCUMENT DIVE\Cadillac_MiEnviro_2011-2026\documents\2019-10-28__8017569878524048059__FY19 Fecal Only result-retest.pdf v1.pdf","Downloaded",""
"2021-09-09","HPB-KP8T-GKSNS V1.pdf v1","Submission PDF","Misc. Application and Request Docs","8103832926959524260","WRD - NPDES","Application/Request","HPB-KP8T-GKSNS","Schedule - Certification of Completion of Additional Monitoring Requirements","https://mienviro.michigan.gov/ncore/downloadpdf/8103832926959524260","F:\WWTP DOCUMENT DIVE\Cadillac_MiEnviro_2011-2026\documents\2021-09-09__8103832926959524260__HPB-KP8T-GKSNS V1.pdf v1.pdf","Downloaded",""
"2024-07-19","MI0020257_2024-06-01_to_2024-06-30_DMR.pdf","","Schedule - DMR Documents","8052270716262584561","WRD - NPDES","Permit","MI0020257 v7.0","Schedule - DMR","https://mienviro.michigan.gov/ncore/downloadpdf/8052270716262584561","F:\WWTP DOCUMENT DIVE\Cadillac_MiEnviro_2011-2026\documents\2024-07-19__8052270716262584561__MI0020257_2024-06-01_to_2024-06-30_DMR.pdf.pdf","Downloaded",""
"2026-03-11","MI0020257_2026-02-01_to_2026-02-28_DMR.pdf","","Schedule - DMR Documents","8102816380018443357","WRD - NPDES","Permit","MI0020257 v7.0","Schedule - DMR","https://mienviro.michigan.gov/ncore/downloadpdf/8102816380018443357","F:\WWTP DOCUMENT DIVE\Cadillac_MiEnviro_2011-2026\documents\2026-03-11__8102816380018443357__MI0020257_2026-02-01_to_2026-02-28_DMR.pdf.pdf","Downloaded",""
"2014-08-04","Sampling Field Sheet.doc","Sampling Field Sheet","Conversion - Eval","8152724494912613868","WRD - NPDES","Evaluation","E-832F-E9-D657","NPDES CSI-Toxics (10/14/2014)","https://mienviro.michigan.gov/ncore/downloadpdf/8152724494912613868","F:\WWTP DOCUMENT DIVE\Cadillac_MiEnviro_2011-2026\documents\2014-08-04__8152724494912613868__Sampling Field Sheet.doc.pdf","Downloaded",""
"2025-06-18","MI0020257_2025-05-01_to_2025-05-31_DMR.pdf","","Schedule - DMR Documents","8173427442946719350","WRD - NPDES","Permit","MI0020257 v7.0","Schedule - DMR","https://mienviro.michigan.gov/ncore/downloadpdf/8173427442946719350","F:\WWTP DOCUMENT DIVE\Cadillac_MiEnviro_2011-2026\documents\2025-06-18__8173427442946719350__MI0020257_2025-05-01_to_2025-05-31_DMR.pdf.pdf","Downloaded",""
"2013-11-19","Compliance Communication.doc","Compliance Communication","Conversion - Eval","8202189061190805836","WRD - NPDES","Evaluation","E-CF37-78-F1CD","NPDES Compliance Evaluation Inspection (CEI) (09/30/2013)","https://mienviro.michigan.gov/ncore/downloadpdf/8202189061190805836","F:\WWTP DOCUMENT DIVE\Cadillac_MiEnviro_2011-2026\documents\2013-11-19__8202189061190805836__Compliance Communication.doc.pdf","Downloaded",""
"2025-04-16","IPP Annual Report.msg","","Industrial Pretreatment Program (IPP)","8215308103086839996","WRD - NPDES","Application/Request","HQB-BNKM-1SC3Q","Schedule - Michigan Industrial Pretreatment Program (IPP) Annual Report","https://mienviro.michigan.gov/ncore/downloadpdf/8215308103086839996","F:\WWTP DOCUMENT DIVE\Cadillac_MiEnviro_2011-2026\documents\2025-04-16__8215308103086839996__IPP Annual Report.msg.pdf","Downloaded",""
"2018-05-15","Docs from WWTP.pdf","rec'd from operator during audit","NPDES Biosolids Evaluation","8194633805971928943","WRD - NPDES","Evaluation","E-DHWW-FYB-ZBN","Biosolids Audit (05/11/2018)","https://mienviro.michigan.gov/ncore/downloadpdf/8194633805971928943","F:\WWTP DOCUMENT DIVE\Cadillac_MiEnviro_2011-2026\documents\2018-05-15__8194633805971928943__Docs from WWTP.pdf.pdf","Downloaded",""
"2019-06-04","NPDES Permit-DRAFT for Public Notice_Cadillac WWTP.pdf","","Misc. NPDES Permit Docs","8202905883452332436","WRD - NPDES","Permit","MI0020257 v6.0","NPDES Individual Permit","https://mienviro.michigan.gov/ncore/downloadpdf/8202905883452332436","F:\WWTP DOCUMENT DIVE\Cadillac_MiEnviro_2011-2026\documents\2019-06-04__8202905883452332436__NPDES Permit-DRAFT for Public Notice_Cadillac WWTP.pdf.pdf","Downloaded",""
"2011-03-09","Cadillac WWTP 0111.xls","","Conversion - Application / Request","8226216266026071417","WRD - NPDES","Evaluation","E-3F12-26-C65D","CSI-Conventionals Only (02/03/2011)","https://mienviro.michigan.gov/ncore/downloadpdf/8226216266026071417","F:\WWTP DOCUMENT DIVE\Cadillac_MiEnviro_2011-2026\documents\2011-03-09__8226216266026071417__Cadillac WWTP 0111.xls.pdf","Downloaded",""
"2018-11-05","HNH-YJTD-MY6A8 V1.pdf v1","","Misc. Application and Request Docs","8236365490693403605","WRD - NPDES","Application/Request","HNH-YJTD-MY6A8","Application - No Exposure Certification (NEC) for Exclusion of Coverage under the NPDES Stormwater Discharges Associated with Industrial Activity","https://mienviro.michigan.gov/ncore/downloadpdf/8236365490693403605","F:\WWTP DOCUMENT DIVE\Cadillac_MiEnviro_2011-2026\documents\2018-11-05__8236365490693403605__HNH-YJTD-MY6A8 V1.pdf v1.pdf","Downloaded",""
"2020-12-09","DMR Summary - MI0020257 _11_01_2020_to_11_30_2020_V1.docx","DMR Summary Data for period 11/01/2020 - 11/30/2020_V1","Schedule - DMR Documents","8229030749320318482","WRD - NPDES","Permit","MI0020257 v6.0","NPDES Individual Permit","https://mienviro.michigan.gov/ncore/downloadpdf/8229030749320318482","F:\WWTP DOCUMENT DIVE\Cadillac_MiEnviro_2011-2026\documents\2020-12-09__8229030749320318482__DMR Summary - MI0020257 _11_01_2020_to_11_30_2020_V1.docx.pdf","Downloaded",""
"2018-07-31","Application Incomplete Ltr-Compliance_Cadillac WWTP_Final Narrative and Flow Diagram.msg","-Narrative and Flow Diagram updated to include UV","NPDES Application Docs","8260746469098060718","WRD - NPDES","Application/Request","2Q7-HQ21-P66B","Permit Change - National Pollutant Discharge Elimination System (NPDES) Municipal Application Form (Reissuance)","https://mienviro.michigan.gov/ncore/downloadpdf/8260746469098060718","F:\WWTP DOCUMENT DIVE\Cadillac_MiEnviro_2011-2026\documents\2018-07-31__8260746469098060718__Application Incomplete Ltr-Compliance_Cadillac WWTP_Final Narrative and Flow Diagram.msg.pdf","Downloaded",""
"2013-05-20","Permit Template - Municipal.doc","Permit Template - Municipal","Conversion - Permit","8273775742265584790","WRD - NPDES","Permit","MI0020257 v5.0","NPDES Individual Permit","https://mienviro.michigan.gov/ncore/downloadpdf/8273775742265584790","F:\WWTP DOCUMENT DIVE\Cadillac_MiEnviro_2011-2026\documents\2013-05-20__8273775742265584790__Permit Template - Municipal.doc.pdf","Downloaded",""
"2025-03-20","DMRQA Study 44-Cadillac WWTP.pdf","Results Acceptable - No Data Report form, list of labs or signed checklists received as required. Only graded test results received.","NPDES Misc. Site Docs","7045747428092139791","n/a","Site","15637","Site","https://mienviro.michigan.gov/ncore/downloadpdf/7045747428092139791","F:\WWTP DOCUMENT DIVE\Cadillac_MiEnviro_2011-2026\documents\2025-03-20__7045747428092139791__DMRQA Study 44-Cadillac WWTP.pdf.pdf","Downloaded",""
"2017-04-03","0P1-03 Process Flow.pdf v1","0P1-03 Process Flow.pdf","Applicant Attachments","8306099835625514154","WRD - NPDES","Application/Request","2Q7-HQ21-P66B","Permit Change - National Pollutant Discharge Elimination System (NPDES) Municipal Application Form (Reissuance)","https://mienviro.michigan.gov/ncore/downloadpdf/8306099835625514154","F:\WWTP DOCUMENT DIVE\Cadillac_MiEnviro_2011-2026\documents\2017-04-03__8306099835625514154__0P1-03 Process Flow.pdf v1.pdf","Downloaded",""
"2014-03-31","Cadillac PMP.pdf","","Conversion - Permit","8183547368058181207","WRD - NPDES","Application/Request","ce_soc_detail-47836","Schedule - Pollutant Minimization Program (PMP) Annual Report","https://mienviro.michigan.gov/ncore/downloadpdf/8183547368058181207","F:\WWTP DOCUMENT DIVE\Cadillac_MiEnviro_2011-2026\documents\2014-03-31__8183547368058181207__Cadillac PMP.pdf.pdf","Downloaded",""
"2019-11-07","EM-Reviewing biosolids annual report and documents.msg","EGLE to WWTP Oper.","NPDES Submittal Docs","8332496224645746748","WRD - NPDES","Application/Request","HNT-5SPH-XVKKZ","Schedule - Biosolids Annual Report","https://mienviro.michigan.gov/ncore/downloadpdf/8332496224645746748","F:\WWTP DOCUMENT DIVE\Cadillac_MiEnviro_2011-2026\documents\2019-11-07__8332496224645746748__EM-Reviewing biosolids annual report and documents.msg.pdf","Downloaded",""
"2017-10-13","HN8-AEB3-S8NKF V1.pdf v1","FY17 Biosolids Annual Report.","Misc. Application and Request Docs","8416368693200764668","WRD - NPDES","Application/Request","HN8-AEB3-S8NKF","Schedule - Biosolids Annual Report","https://mienviro.michigan.gov/ncore/downloadpdf/8416368693200764668","F:\WWTP DOCUMENT DIVE\Cadillac_MiEnviro_2011-2026\documents\2017-10-13__8416368693200764668__HN8-AEB3-S8NKF V1.pdf v1.pdf","Downloaded",""
"2023-10-10","Public Notice Verification_Cadillac WWTP.msg","","Misc. NPDES Permit Docs","8376801999318758889","WRD - NPDES","Permit","MI0020257 v7.0","NPDES Individual Permit","https://mienviro.michigan.gov/ncore/downloadpdf/8376801999318758889","F:\WWTP DOCUMENT DIVE\Cadillac_MiEnviro_2011-2026\documents\2023-10-10__8376801999318758889__Public Notice Verification_Cadillac WWTP.msg.pdf","Downloaded",""
"2013-05-02","CadillacWWTP_FS.pdf","WQBEL Toxics Recommendations Fact Sheet","Conversion - Compliance Action","8407029926974047625","WRD - NPDES","Permit","MI0020257 v5.0","NPDES Individual Permit","https://mienviro.michigan.gov/ncore/downloadpdf/8407029926974047625","F:\WWTP DOCUMENT DIVE\Cadillac_MiEnviro_2011-2026\documents\2013-05-02__8407029926974047625__CadillacWWTP_FS.pdf.pdf","Downloaded",""
"2017-09-15","DMR Summary - MI0020257 _08_01_2017_to_08_31_2017_V1.docx","DMR Summary Data for period 08/01/2017 - 08/31/2017_V1","Schedule - DMR Documents","8461445828922893016","WRD - NPDES","Permit","MI0020257 v5.1","NPDES Individual Permit","https://mienviro.michigan.gov/ncore/downloadpdf/8461445828922893016","F:\WWTP DOCUMENT DIVE\Cadillac_MiEnviro_2011-2026\documents\2017-09-15__8461445828922893016__DMR Summary - MI0020257 _08_01_2017_to_08_31_2017_V1.docx.pdf","Downloaded",""
"2025-05-08","HQB-BNKM-1SC3Q_v2.pdf","Submission PDF","Form Submission Attachments","8455081372316052116","WRD - NPDES","Application/Request","HQB-BNKM-1SC3Q","Schedule - Michigan Industrial Pretreatment Program (IPP) Annual Report","https://mienviro.michigan.gov/ncore/downloadpdf/8455081372316052116","F:\WWTP DOCUMENT DIVE\Cadillac_MiEnviro_2011-2026\documents\2025-05-08__8455081372316052116__HQB-BNKM-1SC3Q_v2.pdf.pdf","Downloaded",""
"2025-03-19","HQB-6T2F-9M76H_v1.pdf","Submission PDF","Form Submission Attachments","8469828454197728223","WRD - NPDES","Application/Request","HQB-6T2F-9M76H","Schedule - Biosolids PFAS Monitoring Report","https://mienviro.michigan.gov/ncore/downloadpdf/8469828454197728223","F:\WWTP DOCUMENT DIVE\Cadillac_MiEnviro_2011-2026\documents\2025-03-19__8469828454197728223__HQB-6T2F-9M76H_v1.pdf.pdf","Downloaded",""
"2026-03-25","HQD-8ZEE-2KJD5_v2.pdf","Submission PDF","Form Submission Attachments","8471620628372917757","WRD - NPDES","Application/Request","HQD-8ZEE-2KJD5","Schedule - Certification of Completion of Additional Monitoring Requirements","https://mienviro.michigan.gov/ncore/downloadpdf/8471620628372917757","F:\WWTP DOCUMENT DIVE\Cadillac_MiEnviro_2011-2026\documents\2026-03-25__8471620628372917757__HQD-8ZEE-2KJD5_v2.pdf.pdf","Downloaded",""
"2020-07-15","DMR Summary - MI0020257 _06_01_2020_to_06_30_2020_V1.docx","DMR Summary Data for period 06/01/2020 - 06/30/2020_V1","Schedule - DMR Documents","8474571005477585786","WRD - NPDES","Permit","MI0020257 v6.0","NPDES Individual Permit","https://mienviro.michigan.gov/ncore/downloadpdf/8474571005477585786","F:\WWTP DOCUMENT DIVE\Cadillac_MiEnviro_2011-2026\documents\2020-07-15__8474571005477585786__DMR Summary - MI0020257 _06_01_2020_to_06_30_2020_V1.docx.pdf","Downloaded",""
"2023-07-18","MI0020257_2023-06-01_to_2023-06-30_DMR.pdf","","Schedule - DMR Documents","8493033564372153818","WRD - NPDES","Permit","MI0020257 v6.0","Schedule - DMR","https://mienviro.michigan.gov/ncore/downloadpdf/8493033564372153818","F:\WWTP DOCUMENT DIVE\Cadillac_MiEnviro_2011-2026\documents\2023-07-18__8493033564372153818__MI0020257_2023-06-01_to_2023-06-30_DMR.pdf.pdf","Downloaded",""
"2023-01-26","2022 Spring Lab Data.pdf","nForm Document","Form Submission Attachments","8551113993498243935","WRD - NPDES","Application/Request","HPN-5DCS-H4WTR","Schedule - Biosolids Annual Report","https://mienviro.michigan.gov/ncore/downloadpdf/8551113993498243935","F:\WWTP DOCUMENT DIVE\Cadillac_MiEnviro_2011-2026\documents\2023-01-26__8551113993498243935__2022 Spring Lab Data.pdf.pdf","Downloaded",""
"2022-03-23","220308.PFAS.biosolids.Eurofins.pdf","nForm Document","Form Submission Attachments","8580242349684844090","WRD - NPDES","Application/Request","HPG-CXVZ-DDE1A","Schedule - Biosolids PFAS Monitoring Report","https://mienviro.michigan.gov/ncore/downloadpdf/8580242349684844090","F:\WWTP DOCUMENT DIVE\Cadillac_MiEnviro_2011-2026\documents\2022-03-23__8580242349684844090__220308.PFAS.biosolids.Eurofins.pdf.pdf","Downloaded",""
"2022-03-24","SIU-CIU_List.xlsx","nForm Document","Form Submission Attachments","8653222852169871792","WRD - NPDES","Application/Request","HPG-1ZNB-Y56ZQ","Schedule - Michigan Industrial Pretreatment Program (IPP) Annual Report","https://mienviro.michigan.gov/ncore/downloadpdf/8653222852169871792","F:\WWTP DOCUMENT DIVE\Cadillac_MiEnviro_2011-2026\documents\2022-03-24__8653222852169871792__SIU-CIU_List.xlsx.pdf","Downloaded",""
"2021-10-28","Cadillac 2021 Land Ap Certification.pdf","FY21 Applier Certifications; LA applier - MAS;","Form Submission Attachments","8661271844273540574","WRD - NPDES","Application/Request","HPC-K20Z-68T3J","Schedule - Biosolids Annual Report","https://mienviro.michigan.gov/ncore/downloadpdf/8661271844273540574","F:\WWTP DOCUMENT DIVE\Cadillac_MiEnviro_2011-2026\documents\2021-10-28__8661271844273540574__Cadillac 2021 Land Ap Certification.pdf.pdf","Downloaded",""
"2017-10-13","Mgt Practices Certification.doc v1","Applier Cert. - Mgt Practices","Applicant Attachments","8684882921218429674","WRD - NPDES","Application/Request","HN8-AEB3-S8NKF","Schedule - Biosolids Annual Report","https://mienviro.michigan.gov/ncore/downloadpdf/8684882921218429674","F:\WWTP DOCUMENT DIVE\Cadillac_MiEnviro_2011-2026\documents\2017-10-13__8684882921218429674__Mgt Practices Certification.doc v1.pdf","Downloaded",""
"2024-04-17","MI0020257_2024-03-01_to_2024-03-31_DMR.pdf","","Schedule - DMR Documents","8653999699327277742","WRD - NPDES","Permit","MI0020257 v7.0","Schedule - DMR","https://mienviro.michigan.gov/ncore/downloadpdf/8653999699327277742","F:\WWTP DOCUMENT DIVE\Cadillac_MiEnviro_2011-2026\documents\2024-04-17__8653999699327277742__MI0020257_2024-03-01_to_2024-03-31_DMR.pdf.pdf","Downloaded",""
"2018-03-19","DMR Daily - MI0020257 _02_01_2018_to_02_28_2018_V1.docx","DMR Daily Data for period 02/01/2018 - 02/28/2018_V1","Schedule - DMR Documents","8672164108555213315","WRD - NPDES","Permit","MI0020257 v5.1","NPDES Individual Permit","https://mienviro.michigan.gov/ncore/downloadpdf/8672164108555213315","F:\WWTP DOCUMENT DIVE\Cadillac_MiEnviro_2011-2026\documents\2018-03-19__8672164108555213315__DMR Daily - MI0020257 _02_01_2018_to_02_28_2018_V1.docx.pdf","Downloaded",""
"2025-07-30","Cadillac WWTP CEI Photos.pdf","","Misc. NPDES Evaluation Docs","8598444985671510356","WRD - NPDES","Evaluation","E-PP139012015623","NPDES Compliance Evaluation Inspection (CEI) (06/10/2025)","https://mienviro.michigan.gov/ncore/downloadpdf/8598444985671510356","F:\WWTP DOCUMENT DIVE\Cadillac_MiEnviro_2011-2026\documents\2025-07-30__8598444985671510356__Cadillac WWTP CEI Photos.pdf.pdf","Downloaded",""
"2018-05-08","IMG_0019-cas.JPG","taken during field inspection","NPDES Biosolids Evaluation","8660571482855999230","WRD - NPDES","Evaluation","E-DHWW-FYB-ZBN","Biosolids Audit (05/11/2018)","https://mienviro.michigan.gov/ncore/downloadpdf/8660571482855999230","F:\WWTP DOCUMENT DIVE\Cadillac_MiEnviro_2011-2026\documents\2018-05-08__8660571482855999230__IMG_0019-cas.JPG.pdf","Downloaded",""
"2020-01-16","DMR Summary - MI0020257 _12_01_2019_to_12_31_2019_V1.docx","DMR Summary Data for period 12/01/2019 - 12/31/2019_V1","Schedule - DMR Documents","8695668662734402304","WRD - NPDES","Permit","MI0020257 v6.0","NPDES Individual Permit","https://mienviro.michigan.gov/ncore/downloadpdf/8695668662734402304","F:\WWTP DOCUMENT DIVE\Cadillac_MiEnviro_2011-2026\documents\2020-01-16__8695668662734402304__DMR Summary - MI0020257 _12_01_2019_to_12_31_2019_V1.docx.pdf","Downloaded",""
"2021-10-28","HPC-K20Z-68T3J V1.pdf v1","FY21 Biosolids Annual Report","Misc. Application and Request Docs","8741003816631086568","WRD - NPDES","Application/Request","HPC-K20Z-68T3J","Schedule - Biosolids Annual Report","https://mienviro.michigan.gov/ncore/downloadpdf/8741003816631086568","F:\WWTP DOCUMENT DIVE\Cadillac_MiEnviro_2011-2026\documents\2021-10-28__8741003816631086568__HPC-K20Z-68T3J V1.pdf v1.pdf","Downloaded",""
"2025-11-17","MI0020257_2025-10-01_to_2025-10-31_DMR.pdf","","Schedule - DMR Documents","8699862027015199493","WRD - NPDES","Permit","MI0020257 v7.0","Schedule - DMR","https://mienviro.michigan.gov/ncore/downloadpdf/8699862027015199493","F:\WWTP DOCUMENT DIVE\Cadillac_MiEnviro_2011-2026\documents\2025-11-17__8699862027015199493__MI0020257_2025-10-01_to_2025-10-31_DMR.pdf.pdf","Downloaded",""
"2022-03-25","AAR Rinse Tank.docx","nForm Document","Form Submission Attachments","8761093821144015731","WRD - NPDES","Application/Request","HPG-1ZSF-KC99G","Permit Change - National Pollutant Discharge Elimination System (NPDES) Municipal Application Form (Reissuance)","https://mienviro.michigan.gov/ncore/downloadpdf/8761093821144015731","F:\WWTP DOCUMENT DIVE\Cadillac_MiEnviro_2011-2026\documents\2022-03-25__8761093821144015731__AAR Rinse Tank.docx.pdf","Downloaded",""
"2026-03-25","HQ6-MRKV-Q3MJJ_v2.pdf","Submission PDF","Form Submission Attachments","8769358100661492726","WRD - NPDES","Application/Request","HQ6-MRKV-Q3MJJ","Schedule - Certification of Completion of Additional Monitoring Requirements","https://mienviro.michigan.gov/ncore/downloadpdf/8769358100661492726","F:\WWTP DOCUMENT DIVE\Cadillac_MiEnviro_2011-2026\documents\2026-03-25__8769358100661492726__HQ6-MRKV-Q3MJJ_v2.pdf.pdf","Downloaded",""
"2022-11-30","2022-11-30RE_ Categorical determination _ CCI plant map with sewer drain lines.msg","Request for further information to Cadillac Casting regarding flow diagram.","Industrial Pretreatment Program (IPP)","8779469031468916456","WRD - NPDES","Application/Request","HPP-2KMC-JBEZV","Schedule - Submit information as requested","https://mienviro.michigan.gov/ncore/downloadpdf/8779469031468916456","F:\WWTP DOCUMENT DIVE\Cadillac_MiEnviro_2011-2026\documents\2022-11-30__8779469031468916456__2022-11-30RE_ Categorical determination _ CCI plant map with sewer drain lines.msg.pdf","Downloaded",""
"2022-03-25","ARVCO.docx","nForm Document","Form Submission Attachments","8815045039278668901","WRD - NPDES","Application/Request","HPG-1ZSF-KC99G","Permit Change - National Pollutant Discharge Elimination System (NPDES) Municipal Application Form (Reissuance)","https://mienviro.michigan.gov/ncore/downloadpdf/8815045039278668901","F:\WWTP DOCUMENT DIVE\Cadillac_MiEnviro_2011-2026\documents\2022-03-25__8815045039278668901__ARVCO.docx.pdf","Downloaded",""
"2022-10-28","220308.biosolids.HML.pdf","nForm Document","Form Submission Attachments","8790880448839423536","WRD - NPDES","Application/Request","HPN-5DCS-H4WTR","Schedule - Biosolids Annual Report","https://mienviro.michigan.gov/ncore/downloadpdf/8790880448839423536","F:\WWTP DOCUMENT DIVE\Cadillac_MiEnviro_2011-2026\documents\2022-10-28__8790880448839423536__220308.biosolids.HML.pdf.pdf","Downloaded",""
"2021-12-17","MI0020257_2021-11-01_to_2021-11-30_DMR.pdf","","Schedule - DMR Documents","8877420906946055825","WRD - NPDES","Permit","MI0020257 v6.0","Schedule - DMR","https://mienviro.michigan.gov/ncore/downloadpdf/8877420906946055825","F:\WWTP DOCUMENT DIVE\Cadillac_MiEnviro_2011-2026\documents\2021-12-17__8877420906946055825__MI0020257_2021-11-01_to_2021-11-30_DMR.pdf.pdf","Downloaded",""
"2018-11-13","DMR Summary - MI0020257 _10_01_2018_to_10_31_2018_V1.docx","DMR Summary Data for period 10/01/2018 - 10/31/2018_V1","Schedule - DMR Documents","8871183022449392714","WRD - NPDES","Permit","MI0020257 v5.1","NPDES Individual Permit","https://mienviro.michigan.gov/ncore/downloadpdf/8871183022449392714","F:\WWTP DOCUMENT DIVE\Cadillac_MiEnviro_2011-2026\documents\2018-11-13__8871183022449392714__DMR Summary - MI0020257 _10_01_2018_to_10_31_2018_V1.docx.pdf","Downloaded",""
"2018-12-19","RE_ IPP PFAS Initiative Sampling Guidance_ Suggested Analytes.msg","IPP PFAS Summ Rpt discussion documents","Industrial Pretreatment Program (IPP)","8864365913634161414","WRD - NPDES","Application/Request","HNJ-P0ZX-8AVDS","Schedule - IPP PFAS Summary Report","https://mienviro.michigan.gov/ncore/downloadpdf/8864365913634161414","F:\WWTP DOCUMENT DIVE\Cadillac_MiEnviro_2011-2026\documents\2018-12-19__8864365913634161414__RE_ IPP PFAS Initiative Sampling Guidance_ Suggested Analytes.msg.pdf","Downloaded",""
"2021-01-28","Cadillac WWTP-FY19 CPLR Arsenic Exceeded Notification.pdf","came w/ email from WWTP Oper.","NPDES Biosolids Site Docs","8791805065657436320","n/a","Site","15637","Site","https://mienviro.michigan.gov/ncore/downloadpdf/8791805065657436320","F:\WWTP DOCUMENT DIVE\Cadillac_MiEnviro_2011-2026\documents\2021-01-28__8791805065657436320__Cadillac WWTP-FY19 CPLR Arsenic Exceeded Notification.pdf.pdf","Downloaded",""
"2018-10-10","FY18 Biosolids Audit Transmittal.docx","Audit Letter - Inspection from May 2018","NPDES Biosolids Evaluation","8887558777852619651","WRD - NPDES","Evaluation","E-DHWW-FYB-ZBN","Biosolids Audit (05/11/2018)","https://mienviro.michigan.gov/ncore/downloadpdf/8887558777852619651","F:\WWTP DOCUMENT DIVE\Cadillac_MiEnviro_2011-2026\documents\2018-10-10__8887558777852619651__FY18 Biosolids Audit Transmittal.docx.pdf","Downloaded",""
"2025-08-19","EGLE FILE CC No_ Cadillac Wastewater Treatment Plant (WWTP) CC-006510.msg","","Water Quality Compliance Communication Docs","8885463623950106776","WRD - NPDES","Compliance Action","CC-006510","Compliance Communication","https://mienviro.michigan.gov/ncore/downloadpdf/8885463623950106776","F:\WWTP DOCUMENT DIVE\Cadillac_MiEnviro_2011-2026\documents\2025-08-19__8885463623950106776__EGLE FILE CC No_ Cadillac Wastewater Treatment Plant (WWTP) CC-006510.msg.pdf","Downloaded",""
"2019-03-11","DMR Summary - MI0020257 _02_01_2019_to_02_28_2019_V1.docx","DMR Summary Data for period 02/01/2019 - 02/28/2019_V1","Schedule - DMR Documents","8903973979545814533","WRD - NPDES","Permit","MI0020257 v5.1","NPDES Individual Permit","https://mienviro.michigan.gov/ncore/downloadpdf/8903973979545814533","F:\WWTP DOCUMENT DIVE\Cadillac_MiEnviro_2011-2026\documents\2019-03-11__8903973979545814533__DMR Summary - MI0020257 _02_01_2019_to_02_28_2019_V1.docx.pdf","Downloaded",""
"2019-10-28","FY19 Applier-Management Pract Cert.pdf v1","Management Practices.pdf;","Applicant Attachments","8793107100625002523","WRD - NPDES","Application/Request","HNT-5SPH-XVKKZ","Schedule - Biosolids Annual Report","https://mienviro.michigan.gov/ncore/downloadpdf/8793107100625002523","F:\WWTP DOCUMENT DIVE\Cadillac_MiEnviro_2011-2026\documents\2019-10-28__8793107100625002523__FY19 Applier-Management Pract Cert.pdf v1.pdf","Downloaded",""
"2022-03-25","AKWEL 5th St Manhole.docx","nForm Document","Form Submission Attachments","8907371498125764811","WRD - NPDES","Application/Request","HPG-1ZSF-KC99G","Permit Change - National Pollutant Discharge Elimination System (NPDES) Municipal Application Form (Reissuance)","https://mienviro.michigan.gov/ncore/downloadpdf/8907371498125764811","F:\WWTP DOCUMENT DIVE\Cadillac_MiEnviro_2011-2026\documents\2022-03-25__8907371498125764811__AKWEL 5th St Manhole.docx.pdf","Downloaded",""
"2019-10-16","2019-10-16 CC-002274 Cadillac WWTP.pdf","","Industrial Pretreatment Program (IPP)","8924430461830557524","WRD - NPDES","Compliance Action","CC-002274","Compliance Communication","https://mienviro.michigan.gov/ncore/downloadpdf/8924430461830557524","F:\WWTP DOCUMENT DIVE\Cadillac_MiEnviro_2011-2026\documents\2019-10-16__8924430461830557524__2019-10-16 CC-002274 Cadillac WWTP.pdf.pdf","Downloaded",""
"2020-04-07","FY18 Pathogen Results-Spring.pdf","EGLE info from Cadillac's past biosolids annual reports to help with RMP mod review","Misc. Submittal Docs","8916420307035958490","WRD - NPDES","Application/Request","HNX-E8Q7-TQ4BF","Schedule - Biosolids Residuals Management Program (RMP) Submittal or Modification","https://mienviro.michigan.gov/ncore/downloadpdf/8916420307035958490","F:\WWTP DOCUMENT DIVE\Cadillac_MiEnviro_2011-2026\documents\2020-04-07__8916420307035958490__FY18 Pathogen Results-Spring.pdf.pdf","Downloaded",""
"2016-12-16","DMR Summary - MI0020257 _11_01_2016_to_11_30_2016_V1.docx","DMR Summary Data for period 11/01/2016 - 11/30/2016_V1","Schedule - DMR Documents","8936787219842147076","WRD - NPDES","Permit","MI0020257 v5.0","NPDES Individual Permit","https://mienviro.michigan.gov/ncore/downloadpdf/8936787219842147076","F:\WWTP DOCUMENT DIVE\Cadillac_MiEnviro_2011-2026\documents\2016-12-16__8936787219842147076__DMR Summary - MI0020257 _11_01_2016_to_11_30_2016_V1.docx.pdf","Downloaded",""
"2018-07-20","DMR Daily - MI0020257 _06_01_2018_to_06_30_2018_V1.docx","DMR Daily Data for period 06/01/2018 - 06/30/2018_V1","Schedule - DMR Documents","8924536267863581754","WRD - NPDES","Permit","MI0020257 v5.1","NPDES Individual Permit","https://mienviro.michigan.gov/ncore/downloadpdf/8924536267863581754","F:\WWTP DOCUMENT DIVE\Cadillac_MiEnviro_2011-2026\documents\2018-07-20__8924536267863581754__DMR Daily - MI0020257 _06_01_2018_to_06_30_2018_V1.docx.pdf","Downloaded",""
"2018-12-17","DMR Daily - MI0020257 _11_01_2018_to_11_30_2018_V1.docx","DMR Daily Data for period 11/01/2018 - 11/30/2018_V1","Schedule - DMR Documents","9001640786026547344","WRD - NPDES","Permit","MI0020257 v5.1","NPDES Individual Permit","https://mienviro.michigan.gov/ncore/downloadpdf/9001640786026547344","F:\WWTP DOCUMENT DIVE\Cadillac_MiEnviro_2011-2026\documents\2018-12-17__9001640786026547344__DMR Daily - MI0020257 _11_01_2018_to_11_30_2018_V1.docx.pdf","Downloaded",""
"2023-10-05","RE Cadillac WWTP - Facility Upgrade History.msg","","Misc. Application and Request Docs","9048110131299513037","WRD - NPDES","Application/Request","HPG-1ZSF-KC99G","Permit Change - National Pollutant Discharge Elimination System (NPDES) Municipal Application Form (Reissuance)","https://mienviro.michigan.gov/ncore/downloadpdf/9048110131299513037","F:\WWTP DOCUMENT DIVE\Cadillac_MiEnviro_2011-2026\documents\2023-10-05__9048110131299513037__RE Cadillac WWTP - Facility Upgrade History.msg.pdf","Downloaded",""
"2018-05-08","Cadillac WWTP May CBOD Exceed 050818.msg","","NPDES Misc. Site Docs","9085707484366763135","n/a","Site","15637","Site","https://mienviro.michigan.gov/ncore/downloadpdf/9085707484366763135","F:\WWTP DOCUMENT DIVE\Cadillac_MiEnviro_2011-2026\documents\2018-05-08__9085707484366763135__Cadillac WWTP May CBOD Exceed 050818.msg.pdf","Downloaded",""
"2011-08-05","2011_0805_Cadillac WWTP_DMR QA-31.pdf","District Scanned","NPDES Misc. Site Docs","9070706673294423682","n/a","Site","15637","Site","https://mienviro.michigan.gov/ncore/downloadpdf/9070706673294423682","F:\WWTP DOCUMENT DIVE\Cadillac_MiEnviro_2011-2026\documents\2011-08-05__9070706673294423682__2011_0805_Cadillac WWTP_DMR QA-31.pdf.pdf","Downloaded",""
"2018-12-18","FY18 Applier Certification-Revised 2-signed.pdf","came w/ facility email","NPDES Submittal Docs","9075597598235972281","WRD - NPDES","Application/Request","HNH-M790-67ZPK","Schedule - Biosolids Annual Report","https://mienviro.michigan.gov/ncore/downloadpdf/9075597598235972281","F:\WWTP DOCUMENT DIVE\Cadillac_MiEnviro_2011-2026\documents\2018-12-18__9075597598235972281__FY18 Applier Certification-Revised 2-signed.pdf.pdf","Downloaded",""
"2018-07-30","Arvco PFAS Survey.pdf v1","Arvco PFAS Survey.pdf","Applicant Attachments","9098738459686432357","WRD - NPDES","Application/Request","HNF-P7H3-DCN87","Schedule - IPP PFAS Interim Report-1","https://mienviro.michigan.gov/ncore/downloadpdf/9098738459686432357","F:\WWTP DOCUMENT DIVE\Cadillac_MiEnviro_2011-2026\documents\2018-07-30__9098738459686432357__Arvco PFAS Survey.pdf v1.pdf","Downloaded",""
"2022-09-29","Cadillac WWTP MI 0020257 CEI Report 092722.docx","","Inspection Report","9109382976863389692","WRD - NPDES","Evaluation","E-NCAY-4M8R-FG93","NPDES Compliance Evaluation Inspection (CEI) (09/27/2022)","https://mienviro.michigan.gov/ncore/downloadpdf/9109382976863389692","F:\WWTP DOCUMENT DIVE\Cadillac_MiEnviro_2011-2026\documents\2022-09-29__9109382976863389692__Cadillac WWTP MI 0020257 CEI Report 092722.docx.pdf","Downloaded",""
"2022-11-09","MI0020257_2022-10-01_to_2022-10-31_DMR.pdf","","Schedule - DMR Documents","9118183799075284971","WRD - NPDES","Permit","MI0020257 v6.0","Schedule - DMR","https://mienviro.michigan.gov/ncore/downloadpdf/9118183799075284971","F:\WWTP DOCUMENT DIVE\Cadillac_MiEnviro_2011-2026\documents\2022-11-09__9118183799075284971__MI0020257_2022-10-01_to_2022-10-31_DMR.pdf.pdf","Downloaded",""
"2018-02-19","DMR Summary - MI0020257 _01_01_2018_to_01_31_2018_V1.docx","DMR Summary Data for period 01/01/2018 - 01/31/2018_V1","Schedule - DMR Documents","9121072629286172709","WRD - NPDES","Permit","MI0020257 v5.1","NPDES Individual Permit","https://mienviro.michigan.gov/ncore/downloadpdf/9121072629286172709","F:\WWTP DOCUMENT DIVE\Cadillac_MiEnviro_2011-2026\documents\2018-02-19__9121072629286172709__DMR Summary - MI0020257 _01_01_2018_to_01_31_2018_V1.docx.pdf","Downloaded",""
"2020-04-03","TVS 38 percent Reduction Formula-Example.xls","came w/ em from WWTP","NPDES Submittal Docs","9121627631978315512","WRD - NPDES","Application/Request","HNX-E8Q7-TQ4BF","Schedule - Biosolids Residuals Management Program (RMP) Submittal or Modification","https://mienviro.michigan.gov/ncore/downloadpdf/9121627631978315512","F:\WWTP DOCUMENT DIVE\Cadillac_MiEnviro_2011-2026\documents\2020-04-03__9121627631978315512__TVS 38 percent Reduction Formula-Example.xls.pdf","Downloaded",""
"2018-09-12","Additional Email Correspondence_Asset Management Conversation.msg","-Asking about Cadillac Asset Management and updated maps","Misc. NPDES Permit Docs","9171882716938331285","WRD - NPDES","Permit","MI0020257 v6.0","NPDES Individual Permit","https://mienviro.michigan.gov/ncore/downloadpdf/9171882716938331285","F:\WWTP DOCUMENT DIVE\Cadillac_MiEnviro_2011-2026\documents\2018-09-12__9171882716938331285__Additional Email Correspondence_Asset Management Conversation.msg.pdf","Downloaded",""
"2025-10-21","Mgt Practices Certification.doc","nForm Document","Form Submission Attachments","9174144093660902326","WRD - NPDES","Application/Request","HQG-GM42-A2DBC","Schedule - Biosolids Annual Report","https://mienviro.michigan.gov/ncore/downloadpdf/9174144093660902326","F:\WWTP DOCUMENT DIVE\Cadillac_MiEnviro_2011-2026\documents\2025-10-21__9174144093660902326__Mgt Practices Certification.doc.pdf","Downloaded",""
"2018-01-30","WQBELBiologistReview_MI0020257_1-30-2018.doc","WQBEL Biologist Recommendations Memo","Misc. Application and Request Docs","9173363052273315993","WRD - NPDES","Application/Request","2Q7-HQ21-P66B","Permit Change - National Pollutant Discharge Elimination System (NPDES) Municipal Application Form (Reissuance)","https://mienviro.michigan.gov/ncore/downloadpdf/9173363052273315993","F:\WWTP DOCUMENT DIVE\Cadillac_MiEnviro_2011-2026\documents\2018-01-30__9173363052273315993__WQBELBiologistReview_MI0020257_1-30-2018.doc.pdf","Downloaded",""
"2022-03-29","2022 Biosolids PFAS Monitoring Report Review - Cadillac WWTP.msg","2022 Email Response","Misc. Submittal Docs","9165338536597504504","WRD - NPDES","Application/Request","HPG-CXVZ-DDE1A","Schedule - Biosolids PFAS Monitoring Report","https://mienviro.michigan.gov/ncore/downloadpdf/9165338536597504504","F:\WWTP DOCUMENT DIVE\Cadillac_MiEnviro_2011-2026\documents\2022-03-29__9165338536597504504__2022 Biosolids PFAS Monitoring Report Review - Cadillac WWTP.msg.pdf","Downloaded",""
"2021-09-09","21.08.16.Eff.AddlMonit.ParagonRepeat.pdf","nForm Document","Form Submission Attachments","9125400453898556841","WRD - NPDES","Application/Request","HPB-KP8T-GKSNS","Schedule - Certification of Completion of Additional Monitoring Requirements","https://mienviro.michigan.gov/ncore/downloadpdf/9125400453898556841","F:\WWTP DOCUMENT DIVE\Cadillac_MiEnviro_2011-2026\documents\2021-09-09__9125400453898556841__21.08.16.Eff.AddlMonit.ParagonRepeat.pdf.pdf","Downloaded",""
"2020-12-15","HP5-16EW-CW2T4 V1.pdf v1","Submission PDF","Misc. Application and Request Docs","9199088666007251058","WRD - NPDES","Application/Request","HP5-16EW-CW2T4","Schedule - Submit response to required actions","https://mienviro.michigan.gov/ncore/downloadpdf/9199088666007251058","F:\WWTP DOCUMENT DIVE\Cadillac_MiEnviro_2011-2026\documents\2020-12-15__9199088666007251058__HP5-16EW-CW2T4 V1.pdf v1.pdf","Downloaded",""
"2021-01-25","Example-CPLR site - exceeds Copper.pdf","went w/ email from EGLE to WWTP Oper.","Misc. Submittal Docs","9176220962172897471","WRD - NPDES","Application/Request","HNT-5SPH-XVKKZ","Schedule - Biosolids Annual Report","https://mienviro.michigan.gov/ncore/downloadpdf/9176220962172897471","F:\WWTP DOCUMENT DIVE\Cadillac_MiEnviro_2011-2026\documents\2021-01-25__9176220962172897471__Example-CPLR site - exceeds Copper.pdf.pdf","Downloaded",""
"2019-10-28","FY19 Lab Sheet-Total Solids and DTs-June.pdf v1","Lab Data Spring Hauling 2019.pdf; June 19' lab info;","Applicant Attachments","9209529777481977364","WRD - NPDES","Application/Request","HNT-5SPH-XVKKZ","Schedule - Biosolids Annual Report","https://mienviro.michigan.gov/ncore/downloadpdf/9209529777481977364","F:\WWTP DOCUMENT DIVE\Cadillac_MiEnviro_2011-2026\documents\2019-10-28__9209529777481977364__FY19 Lab Sheet-Total Solids and DTs-June.pdf v1.pdf","Downloaded",""
